molecule_id,canonical_smiles,source_group,source_dataset,absorption_max_nm,log_extinction,photochem_efficiency,log_kp,skin_sensitization,skin_irritation
MOL_B_000001,Br,group_B,U07_ICE_Irritation,,,,,,1.0
MOL_B_000002,BrC=Cc1ccccc1,group_B,U07_ICE_Sensitization;U09_HPPT,,,,,0.0,
MOL_B_000003,BrCCCCCCBr,group_B,U07_ICE_Irritation,,,,,,1.0
MOL_B_000004,BrCCc1ccccc1,group_B,U07_ICE_Irritation,,,,,,0.0
MOL_B_000005,BrCc1ccccc1,group_B,U07_ICE_Sensitization;U12_SkinPiX,,,,-5.335000000000001,1.0,
MOL_B_000006,BrP(Br)Br,group_B,U07_ICE_Irritation,,,,,,1.0
MOL_B_000007,Br[C@@H]1CC[C@@H](Br)[C@@H](Br)CC[C@@H](Br)[C@@H](Br)CC[C@H]1Br,group_B,U12_SkinPiX,,,,-7.389,,
MOL_B_000008,Br[C@@H]1CC[C@@H](Br)[C@@H](Br)CC[C@H](Br)[C@H](Br)CC[C@H]1Br,group_B,U12_SkinPiX,,,,-7.42,,
MOL_B_000009,Br[C@@H]1CC[C@H](Br)[C@H](Br)CC[C@@H](Br)[C@@H](Br)CC[C@H]1Br,group_B,U12_SkinPiX,,,,-7.222,,
MOL_B_000010,C#CC#CCOC(=O)c1cc(O)cc(O)c1,group_B,U21_EPA_CPDat_Uv_Absorber,,,,,,
MOL_B_000011,C#CC(=O)c1cc(C(C)(C)C)c(O)c(C(C)(C)C)c1,group_B,U21_EPA_CPDat_Uv_Absorber,,,,,,
MOL_B_000012,C#CC(C)(CC)OC(=O)c1cc(O)c(O)c(O)c1,group_B,U21_EPA_CPDat_Uv_Absorber,,,,,,
MOL_B_000013,C#CC(C)(O)CCC=C(C)C,group_B,U07_ICE_Sensitization;U09_HPPT,,,,,0.0,
MOL_B_000014,C#CC1(OC(C)=O)CCCCC1,group_B,U07_ICE_Sensitization;U09_HPPT,,,,,0.0,
MOL_B_000015,C#CC1(OC(C)=O)CCCCC1C(C)CC,group_B,U07_ICE_Sensitization;U09_HPPT,,,,,0.0,
MOL_B_000016,C#CCC(c1cc(C)cc(C(C)(C)C)c1O)c1cc(C)cc(C(C)(C)C)c1O,group_B,U21_EPA_CPDat_Uv_Absorber,,,,,,
MOL_B_000017,C#CCCCCCCCCC(=O)c1cc(C(C)(C)C)c(O)c(C(C)(C)C)c1,group_B,U21_EPA_CPDat_Uv_Absorber,,,,,,
MOL_B_000018,C#CCOC(=O)C(=Cc1ccc(O)cc1)C(=O)OCC#C,group_B,U21_EPA_CPDat_Uv_Absorber,,,,,,
MOL_B_000019,C#CCOC(=O)C=Cc1ccccc1,group_B,U21_EPA_CPDat_Uv_Absorber,,,,,,
MOL_B_000020,C#CCOC(=O)C=Cc1ccccc1OC,group_B,U21_EPA_CPDat_Uv_Absorber,,,,,,
MOL_B_000021,C#CCOc1cc(O)cc(C(=O)OC)c1,group_B,U21_EPA_CPDat_Uv_Absorber,,,,,,
MOL_B_000022,C#CCOc1ccc(C(=O)OC)c(O)c1,group_B,U21_EPA_CPDat_Uv_Absorber,,,,,,
MOL_B_000023,C#CCOc1ccc(C)cc1C(=O)c1ccccc1,group_B,U21_EPA_CPDat_Uv_Absorber,,,,,,
MOL_B_000024,C#Cc1cc(C(C)(C)C)c(O)c(C(C)(C)C)c1,group_B,U21_EPA_CPDat_Uv_Absorber,,,,,,
MOL_B_000025,C#Cc1cc(C)cc(C(C)(C)C)c1O,group_B,U21_EPA_CPDat_Uv_Absorber,,,,,,
MOL_B_000026,C#Cc1ccc(C(=O)c2ccccc2)cc1,group_B,U21_EPA_CPDat_Uv_Absorber,,,,,,
MOL_B_000027,C#Cc1ccc(C=CC(=O)OC)cc1,group_B,U21_EPA_CPDat_Uv_Absorber,,,,,,
MOL_B_000028,C#Cc1ccc(O)c(C(C)(C)C)c1,group_B,U21_EPA_CPDat_Uv_Absorber,,,,,,
MOL_B_000029,C#Cc1sc(Br)cc1-c1cc(C(C)(C)C)c(O)c(C(C)(C)C)c1,group_B,U21_EPA_CPDat_Uv_Absorber,,,,,,
MOL_B_000030,C(=C(CN1CCCCC1)C1CCCCC1)c1ccccc1,group_B,U21_EPA_CPDat_Uv_Absorber,,,,,,
MOL_B_000031,C(CN1CCCCC1)=C(c1ccccc1)c1ccccc1,group_B,U21_EPA_CPDat_Uv_Absorber,,,,,,
MOL_B_000032,C/C(=C\CO)CCC[C@H](C)CCC[C@H](C)CCCC(C)C,group_B,U07_ICE_Sensitization,,,,,1.0,
MOL_B_000033,C/C(=N\C(c1ccccc1)c1ccccc1)C(=O)c1ccccc1,group_B,U21_EPA_CPDat_Uv_Absorber,,,,,,
MOL_B_000034,C/C1=C\CCC2(C)OC2CC/C(C)=C/CC1,group_B,U07_ICE_Sensitization,,,,,0.0,
MOL_B_000035,C/C=C(/C)C(=O)OCCC(C)CC,group_B,U07_ICE_Sensitization,,,,,0.0,
MOL_B_000036,C/C=C(\C)C(=O)O,group_B,U07_ICE_Sensitization,,,,,0.0,
MOL_B_000037,C/C=C(\C)C(=O)OC,group_B,U07_ICE_Sensitization,,,,,0.0,
MOL_B_000038,C/C=C(\C)C(=O)OC(C)C,group_B,U07_ICE_Sensitization,,,,,0.0,
MOL_B_000039,C/C=C(\C)C(=O)OC/C=C(\C)CCC=C(C)C,group_B,U07_ICE_Sensitization,,,,,0.0,
MOL_B_000040,C/C=C(\C)C(=O)OCC,group_B,U07_ICE_Sensitization,,,,,0.0,
MOL_B_000041,C/C=C(\C)C(=O)OCC/C=C\CC,group_B,U07_ICE_Sensitization,,,,,0.0,
MOL_B_000042,C/C=C(\C)C(=O)OCC=Cc1ccccc1,group_B,U07_ICE_Sensitization;U21_EPA_CPDat_Uv_Absorber,,,,,0.0,
MOL_B_000043,C/C=C(\C)C(=O)OCCC(C)CCC=C(C)C,group_B,U07_ICE_Sensitization,,,,,0.0,
MOL_B_000044,C/C=C(\C)C(=O)OCCCCCC,group_B,U07_ICE_Sensitization,,,,,0.0,
MOL_B_000045,C/C=C(\C)C(=O)OCCc1ccccc1,group_B,U07_ICE_Sensitization,,,,,0.0,
MOL_B_000046,C/C=C(\C)C(=O)OCc1ccccc1,group_B,U07_ICE_Sensitization,,,,,0.0,
MOL_B_000047,C/C=C/C(=O)C1=C(C)CCCC1(C)C,group_B,U07_ICE_Sensitization,,,,,1.0,
MOL_B_000048,C/C=C/C(=O)C1CCC(C)(C)C=C1C,group_B,U07_ICE_Sensitization,,,,,0.0,
MOL_B_000049,C/C=C/C(=O)OC,group_B,U07_ICE_Sensitization,,,,,1.0,
MOL_B_000050,C/C=C/C(=O)OCC,group_B,U07_ICE_Sensitization,,,,,0.0,
MOL_B_000051,C/C=C/C=C/C(=O)O,group_B,U07_ICE_Sensitization,,,,,0.0,
MOL_B_000052,C/C=C/C=C/C=C/C(C)=O,group_B,U07_ICE_Sensitization,,,,,0.0,
MOL_B_000053,C/C=C/C=C/C=O,group_B,U07_ICE_Sensitization,,,,,0.0,
MOL_B_000054,C/C=C/c1ccc(O)c(OC)c1,group_B,U12_SkinPiX,,,,-5.117,,
MOL_B_000055,C/C=C/c1ccc(OC(C)=O)c(OC)c1,group_B,U07_ICE_Sensitization,,,,,0.0,
MOL_B_000056,C/C=C/c1ccc(OC)c(OC)c1,group_B,U07_ICE_Sensitization,,,,,0.0,
MOL_B_000057,C/[O+]=C(\c1ccccc1)c1ccc([N+](=O)[O-])cc1,group_B,U21_EPA_CPDat_Uv_Absorber,,,,,,
MOL_B_000058,C/[O+]=C(\c1ccccc1)c1cccc([N+](=O)[O-])c1,group_B,U21_EPA_CPDat_Uv_Absorber,,,,,,
MOL_B_000059,C1=C\CCCCCC/1,group_B,U07_ICE_Irritation,,,,,,0.0
MOL_B_000060,C1CCC(NC2CCCCC2)CC1,group_B,U07_ICE_Irritation,,,,,,1.0
MOL_B_000061,C1CCNC1,group_B,U07_ICE_Irritation,,,,,,1.0
MOL_B_000062,C1CCOCC1,group_B,U07_ICE_Irritation,,,,,,0.0
MOL_B_000063,C=C(/C=C/C=C(C)C)C(C)O,group_B,U07_ICE_Sensitization,,,,,0.0,
MOL_B_000064,C=C(Br)c1cccc(C(=O)c2ccccc2)c1,group_B,U21_EPA_CPDat_Uv_Absorber,,,,,,
MOL_B_000065,C=C(C(=O)OC1CC2CCC(C1)N2C)c1ccccc1,group_B,U21_EPA_CPDat_Uv_Absorber,,,,,,
MOL_B_000066,C=C(C(=O)OCC)c1ccccc1,group_B,U21_EPA_CPDat_Uv_Absorber,,,,,,
MOL_B_000067,C=C(C(=O)c1c(O)cc(OC)cc1OC)c1ccccc1,group_B,U21_EPA_CPDat_Uv_Absorber,,,,,,
MOL_B_000068,C=C(C(=O)c1c(OC)cc(OC)c(C)c1O)c1ccccc1,group_B,U21_EPA_CPDat_Uv_Absorber,,,,,,
MOL_B_000069,C=C(C)C(=CC(=O)OC)c1ccccc1,group_B,U21_EPA_CPDat_Uv_Absorber,,,,,,
MOL_B_000070,C=C(C)C(=O)NC1CC(C)(C)NC(C)(C)C1,group_B,U21_EPA_CPDat_Uv_Absorber,,,,,,
MOL_B_000071,C=C(C)C(=O)NCc1cc(C(C)(C)C)c(O)c(C(C)(C)C)c1,group_B,U21_EPA_CPDat_Uv_Absorber,,,,,,
MOL_B_000072,C=C(C)C(=O)NCc1cc(C(C)(C)CC(C)(C)C)cc(-n2nc3ccccc3n2)c1O,group_B,U21_EPA_CPDat_Uv_Absorber,,,,,,
MOL_B_000073,C=C(C)C(=O)Nc1ccccc1C(=O)c1ccccc1,group_B,U21_EPA_CPDat_Uv_Absorber,,,,,,
MOL_B_000074,C=C(C)C(=O)OC,group_B,U07_ICE_Sensitization;U09_HPPT,,,,,1.0,
MOL_B_000075,C=C(C)C(=O)OC(COc1ccc(C(=O)c2ccccc2)c(O)c1)COc1ccc(C(=O)c2ccccc2)c(O)c1,group_B,U21_EPA_CPDat_Uv_Absorber,,,,,,
MOL_B_000076,C=C(C)C(=O)OC=Cc1ccccc1,group_B,U21_EPA_CPDat_Uv_Absorber,,,,,,
MOL_B_000077,C=C(C)C(=O)OCC(C)O,group_B,U07_ICE_Sensitization,,,,,1.0,
MOL_B_000078,C=C(C)C(=O)OCC(O)COc1ccc(C(=O)c2ccccc2)c(O)c1,group_B,U21_EPA_CPDat_Uv_Absorber,,,,,,
MOL_B_000079,C=C(C)C(=O)OCC(O)COc1ccc(C(C)(C)c2ccc(OCC(O)COC(=O)C(=C)C)cc2)cc1,group_B,U07_ICE_Sensitization,,,,,1.0,
MOL_B_000080,C=C(C)C(=O)OCCCC,group_B,U07_ICE_Irritation,,,,,,1.0
MOL_B_000081,C=C(C)C(=O)OCCCCCCC,group_B,U07_ICE_Sensitization;U09_HPPT,,,,,0.0,
MOL_B_000082,C=C(C)C(=O)OCCCc1cc(-n2nc3ccc(Cl)cc3n2)c(O)c(C(C)(C)C)c1,group_B,U21_EPA_CPDat_Uv_Absorber,,,,,,
MOL_B_000083,C=C(C)C(=O)OCCOC(=O)C(=C)C,group_B,U07_ICE_Sensitization,,,,,1.0,
MOL_B_000084,C=C(C)C(=O)OCCOCC,group_B,U07_ICE_Irritation,,,,,,0.0
MOL_B_000085,C=C(C)C(=O)OCCOCCOCCOCC,group_B,U07_ICE_Irritation,,,,,,0.0
MOL_B_000086,C=C(C)C(=O)OCCOc1ccc(C(=O)c2ccccc2)c(O)c1,group_B,U21_EPA_CPDat_Uv_Absorber,,,,,,
MOL_B_000087,C=C(C)C(=O)OCCOc1ccc(C(=O)c2ccccc2)cc1,group_B,U21_EPA_CPDat_Uv_Absorber,,,,,,
MOL_B_000088,C=C(C)C(=O)OCCc1ccc(O)c(-n2nc3ccccc3n2)c1,group_B,U21_EPA_CPDat_Uv_Absorber,,,,,,
MOL_B_000089,C=C(C)C(=O)OCCc1ccccc1,group_B,U07_ICE_Sensitization;U09_HPPT,,,,,0.0,
MOL_B_000090,C=C(C)C(=O)OCc1cc(C(C)(C)C)c(O)c(C(C)(C)C)c1,group_B,U21_EPA_CPDat_Uv_Absorber,,,,,,
MOL_B_000091,C=C(C)C(=O)Oc1c(Cc2cc(C)cc(C(C)(C)C)c2O)cc(C)cc1C(C)(C)C,group_B,U21_EPA_CPDat_Uv_Absorber,,,,,,
MOL_B_000092,C=C(C)C(=O)Oc1ccc(C(=O)c2ccccc2)c(O)c1,group_B,U21_EPA_CPDat_Uv_Absorber,,,,,,
MOL_B_000093,C=C(C)C(CC=C(C)C)COC(C)=O,group_B,U07_ICE_Sensitization;U09_HPPT,,,,,0.0,
MOL_B_000094,C=C(C)C(CO)CC=C(C)C,group_B,U09_HPPT,,,,,0.0,
MOL_B_000095,C=C(C)C1CC(=O)C2(C)OC2C1,group_B,U07_ICE_Sensitization;U09_HPPT,,,,,0.0,
MOL_B_000096,C=C(C)C1CC=C(C)C(=O)C1,group_B,U09_HPPT,,,,,0.0,
MOL_B_000097,C=C(C)C1CC=C(C)C(O)C1,group_B,U07_ICE_Sensitization;U09_HPPT,,,,,0.0,
MOL_B_000098,C=C(C)C1CC=C(C)C(OC(=O)CC)C1,group_B,U07_ICE_Sensitization;U09_HPPT,,,,,0.0,
MOL_B_000099,C=C(C)C1CC=C(C)C(OC(C)=O)C1,group_B,U09_HPPT,,,,,0.0,
MOL_B_000100,C=C(C)C1CC=C(C)CC1,group_B,U09_HPPT,,,,,0.0,
MOL_B_000101,C=C(C)C1CC=C(C=O)CC1,group_B,U07_ICE_Sensitization;U09_HPPT,,,,,1.0,
MOL_B_000102,C=C(C)C1CC=C(CO)CC1,group_B,U07_ICE_Sensitization;U09_HPPT,,,,,0.0,
MOL_B_000103,C=C(C)C1CCC(C)(OC(C)=O)CC1,group_B,U07_ICE_Sensitization,,,,,0.0,
MOL_B_000104,C=C(C)C1CCC(C)=C1CC(C)(C)COC(=O)CC,group_B,U07_ICE_Sensitization;U09_HPPT,,,,,0.0,
MOL_B_000105,C=C(C)C1CCC(C)C(=O)C1,group_B,U07_ICE_Sensitization;U09_HPPT,,,,,0.0,
MOL_B_000106,C=C(C)C1CCC(C)C(O)C1,group_B,U07_ICE_Sensitization;U09_HPPT,,,,,0.0,
MOL_B_000107,C=C(C)C1CCC(C)CC1O,group_B,U09_HPPT,,,,,0.0,
MOL_B_000108,C=C(C)C1CCC(C)CC1OC(C)=O,group_B,U09_HPPT,,,,,0.0,
MOL_B_000109,C=C(C)C1CCC2=CC(=O)CC(C)C2(C)C1,group_B,U09_HPPT,,,,,1.0,
MOL_B_000110,C=C(C)C1CCC2=CCCC(C)C2(C)C1,group_B,U09_HPPT,,,,,0.0,
MOL_B_000111,C=C(C)C=O,group_B,U07_ICE_Irritation,,,,,,0.0
MOL_B_000112,C=C(C)CC(=Cc1ccccc1)C(=O)OC,group_B,U21_EPA_CPDat_Uv_Absorber,,,,,,
MOL_B_000113,C=C(C)CC(C)OC(=O)C(C)C,group_B,U07_ICE_Sensitization;U09_HPPT,,,,,0.0,
MOL_B_000114,C=C(C)CC(C)OC(=O)c1ccccc1O,group_B,U07_ICE_Sensitization;U09_HPPT;U21_EPA_CPDat_Uv_Absorber,,,,,0.0,
MOL_B_000115,C=C(C)CCCC(C)CCO,group_B,U09_HPPT,,,,,0.0,
MOL_B_000116,C=C(C)CCCC(C)CCOC(=O)C(C)C,group_B,U07_ICE_Sensitization;U09_HPPT,,,,,0.0,
MOL_B_000117,C=C(C)CCCC(C)CCOC(=O)CC,group_B,U09_HPPT,,,,,0.0,
MOL_B_000118,C=C(C)CCCC(C)CCOC(=O)CCC,group_B,U07_ICE_Sensitization;U09_HPPT,,,,,0.0,
MOL_B_000119,C=C(C)CCCC(C)CCOC(=O)Cc1ccccc1,group_B,U09_HPPT,,,,,0.0,
MOL_B_000120,C=C(C)CCCC(C)CCOC(C)=O,group_B,U07_ICE_Sensitization;U09_HPPT,,,,,0.0,
MOL_B_000121,C=C(C)CCCC(C)CCOC=O,group_B,U07_ICE_Sensitization;U09_HPPT,,,,,0.0,
MOL_B_000122,C=C(C)CCCC(C)O,group_B,U07_ICE_Sensitization;U09_HPPT,,,,,0.0,
MOL_B_000123,C=C(C)CCCC(C)OC(C)=O,group_B,U07_ICE_Sensitization;U09_HPPT,,,,,0.0,
MOL_B_000124,C=C(C)CCC[C@H](C)CCO,group_B,U07_ICE_Sensitization,,,,,0.0,
MOL_B_000125,C=C(C)CCC[C@H](C)CCOC(=O)C=Cc1ccccc1,group_B,U21_EPA_CPDat_Uv_Absorber,,,,,,
MOL_B_000126,C=C(C)CCC[C@H](C)CCOC(=O)CC,group_B,U07_ICE_Sensitization,,,,,0.0,
MOL_B_000127,C=C(C)CCC[C@H](C)CCOC(=O)Cc1ccccc1,group_B,U07_ICE_Sensitization,,,,,0.0,
MOL_B_000128,C=C(C)CCOC(=O)C=Cc1cc(OC)c(OC)c(OC)c1,group_B,U21_EPA_CPDat_Uv_Absorber,,,,,,
MOL_B_000129,C=C(C)CCOC(=O)C=Cc1ccc(O)c(O)c1,group_B,U21_EPA_CPDat_Uv_Absorber,,,,,,
MOL_B_000130,C=C(C)COC(=O)C(C)=Cc1ccccc1,group_B,U21_EPA_CPDat_Uv_Absorber,,,,,,
MOL_B_000131,C=C(C)COC(=O)C=C(C)c1ccccc1,group_B,U21_EPA_CPDat_Uv_Absorber,,,,,,
MOL_B_000132,C=C(C)[C@@H]1CC=C(C)C(=O)C1,group_B,U07_ICE_Sensitization,,,,,1.0,
MOL_B_000133,C=C(C)[C@@H]1CC=C(C)CC1,group_B,U07_ICE_Sensitization,,,,,0.0,
MOL_B_000134,C=C(C)[C@@H]1CC=C(C)[C@H](OC(C)=O)C1,group_B,U07_ICE_Sensitization,,,,,0.0,
MOL_B_000135,C=C(C)[C@@H]1CCC2=CC(=O)C[C@@H](C)[C@]2(C)C1,group_B,U07_ICE_Sensitization,,,,,1.0,
MOL_B_000136,C=C(C)[C@@H]1CCC2=CCC[C@@H](C)[C@]2(C)C1,group_B,U07_ICE_Sensitization,,,,,0.0,
MOL_B_000137,C=C(C)[C@@H]1CC[C@@H](C)C[C@H]1O,group_B,U07_ICE_Sensitization,,,,,0.0,
MOL_B_000138,C=C(C)[C@@H]1CC[C@@H](C)C[C@H]1OC(C)=O,group_B,U07_ICE_Sensitization,,,,,0.0,
MOL_B_000139,C=C(C)[C@@H]1CC[C@@H](C)[C@H](OC(C)=O)C1,group_B,U07_ICE_Sensitization,,,,,0.0,
MOL_B_000140,C=C(C)[C@H](CO)CC=C(C)C,group_B,U07_ICE_Sensitization,,,,,0.0,
MOL_B_000141,C=C(C)[C@H]1CC=C(C)C(=O)C1,group_B,U07_ICE_Sensitization,,,,,0.0,
MOL_B_000142,C=C(C)[C@H]1CC=C(C)C(O)C1,group_B,U07_ICE_Sensitization,,,,,0.0,
MOL_B_000143,C=C(C)[C@H]1CC=C(C)CC1,group_B,U07_ICE_Irritation;U07_ICE_Sensitization,,,,,1.0,1.0
MOL_B_000144,C=C(C)c1cc(C(C)(C)C)c(O)c(C(C)(C)C)c1,group_B,U21_EPA_CPDat_Uv_Absorber,,,,,,
MOL_B_000145,C=C(C)c1cc(C(C)(C)c2ccc(O)c(C(=C)C)c2)ccc1O,group_B,U21_EPA_CPDat_Uv_Absorber,,,,,,
MOL_B_000146,C=C(C)c1ccc(C(=O)c2ccccc2)cc1,group_B,U21_EPA_CPDat_Uv_Absorber,,,,,,
MOL_B_000147,C=C(CCN1CCCCC1)c1ccccc1,group_B,U21_EPA_CPDat_Uv_Absorber,,,,,,
MOL_B_000148,C=C(CCOC(C)=O)c1ccccc1,group_B,U07_ICE_Sensitization,,,,,0.0,
MOL_B_000149,C=C(COC(C)=O)c1ccccc1,group_B,U09_HPPT,,,,,0.0,
MOL_B_000150,C=C(Cl)Cl,group_B,U07_ICE_Sensitization,,,,,0.0,
MOL_B_000151,C=C(OCC)C1C(C)(C)CC(=O)CC1(C)C,group_B,U07_ICE_Sensitization;U09_HPPT,,,,,0.0,
MOL_B_000152,C=C(c1ccc(O)cc1)C(C)(C)C,group_B,U21_EPA_CPDat_Uv_Absorber,,,,,,
MOL_B_000153,C=C(c1ccccc1)C(C)(C)C=CC(=O)OCC,group_B,U21_EPA_CPDat_Uv_Absorber,,,,,,
MOL_B_000154,C=C(c1ccccc1)c1cc(C)cc(C(C)(C)C)c1O,group_B,U21_EPA_CPDat_Uv_Absorber,,,,,,
MOL_B_000155,C=C(c1ccccc1)c1ccc(C(C)=O)cc1,group_B,U21_EPA_CPDat_Uv_Absorber,,,,,,
MOL_B_000156,C=C(c1ccccc1)c1cccc(C(C)(C)C)c1O,group_B,U21_EPA_CPDat_Uv_Absorber,,,,,,
MOL_B_000157,C=C1C(O)CC2CC1C2(C)C,group_B,U07_ICE_Sensitization;U09_HPPT,,,,,0.0,
MOL_B_000158,C=C1C2CC(C1OC(C)=O)C1CC=C(C)C21,group_B,U09_HPPT,,,,,0.0,
MOL_B_000159,C=C1C2CC3CC1C(O)C(C2)C3C,group_B,U07_ICE_Irritation,,,,,,1.0
MOL_B_000160,C=C1C2CC3CC1C(OC(C)=O)C(C2)C3C,group_B,U07_ICE_Irritation;U07_ICE_Sensitization;U09_HPPT,,,,,0.0,1.0
MOL_B_000161,C=C1C2CCC(C2)C1(C)C,group_B,U07_ICE_Sensitization;U09_HPPT,,,,,0.0,
MOL_B_000162,C=C1C2CCC3C2C(C)(C)CCCC13C,group_B,U09_HPPT,,,,,0.0,
MOL_B_000163,C=C1CC/C=C(\C)CC[C@@H]2[C@@H]1CC2(C)C,group_B,U07_ICE_Sensitization,,,,,0.0,
MOL_B_000164,C=C1CC=CC(C)(C)CC=C(C)CCC1C(C)=O,group_B,U07_ICE_Sensitization;U09_HPPT,,,,,0.0,
MOL_B_000165,C=C1CCC(OC(C)=O)/C(C)=C\CC2C1CC2(C)C,group_B,U07_ICE_Sensitization,,,,,0.0,
MOL_B_000166,C=C1CCC(OC(C)=O)C(C)=CCC2C1CC2(C)C,group_B,U09_HPPT,,,,,0.0,
MOL_B_000167,C=C1CCC23CC1C(C)(C)C2C(O)CC3C,group_B,U09_HPPT,,,,,0.0,
MOL_B_000168,C=C1CCC2CC1C2(C)C,group_B,U07_ICE_Sensitization;U09_HPPT,,,,,0.0,
MOL_B_000169,C=C1CCC2OC2(C)CCC2C1CC2(C)C,group_B,U09_HPPT,,,,,0.0,
MOL_B_000170,C=C1CCC=C(C)CCC2C1CC2(C)C,group_B,U09_HPPT,,,,,0.0,
MOL_B_000171,C=C1CCNC(C(=O)OC)C1,group_B,U21_EPA_CPDat_Uv_Absorber,,,,,,
MOL_B_000172,C=C1CC[C@@]23C[C@@H]1C(C)(C)[C@@H]2C(O)C[C@H]3C,group_B,U07_ICE_Sensitization,,,,,0.0,
MOL_B_000173,C=C1CC[C@H]2O[C@]2(C)CC[C@@H]2[C@@H]1CC2(C)C,group_B,U07_ICE_Sensitization,,,,,0.0,
MOL_B_000174,C=C1[C@H]2CC[C@@H]3[C@H]2C(C)(C)CCC[C@]13C,group_B,U07_ICE_Sensitization,,,,,0.0,
MOL_B_000175,C=C1[C@H]2C[C@H]([C@H]3CC=C(C)[C@H]32)[C@H]1OC(C)=O,group_B,U07_ICE_Sensitization,,,,,0.0,
MOL_B_000176,C=CC#CC1(OC(=O)CC)CCN(C)CC1,group_B,U21_EPA_CPDat_Uv_Absorber,,,,,,
MOL_B_000177,C=CC(=C)CCC=C(C)C,group_B,U07_ICE_Sensitization;U09_HPPT,,,,,0.0,
MOL_B_000178,C=CC(=C)CCCC(C)(C)O,group_B,U07_ICE_Sensitization;U09_HPPT,,,,,0.0,
MOL_B_000179,C=CC(=C)CCCC(C)(C)OC(C)=O,group_B,U07_ICE_Sensitization;U09_HPPT,,,,,0.0,
MOL_B_000180,C=CC(=O)N1C(C)(C)CC(OC(=O)C(Cc2cc(C(C)(C)C)c(O)c(C(C)(C)C)c2)(Cc2cc(C(C)(C)C)c(O)c(C(C)(C)C)c2)C(=O)OC2CC(C)(C)N(C(=O)C=C)C(C)(C)C2)CC1(C)C,group_B,U21_EPA_CPDat_Uv_Absorber,,,,,,
MOL_B_000181,C=CC(=O)NCCSSCCNC(=O)C=C,group_B,U07_ICE_Irritation,,,,,,1.0
MOL_B_000182,C=CC(=O)NCc1cc(C(=O)c2ccccc2)ccc1O,group_B,U21_EPA_CPDat_Uv_Absorber,,,,,,
MOL_B_000183,C=CC(=O)NS(=O)(=O)CC12CCC(C(=Cc3ccccc3)C1=O)C2(C)C,group_B,U01_EU_CosIng_Annex_VI,,,,,0.0,0.0
MOL_B_000184,C=CC(=O)O,group_B,U07_ICE_Irritation,,,,,,1.0
MOL_B_000185,C=CC(=O)OC,group_B,U07_ICE_Sensitization,,,,,1.0,
MOL_B_000186,C=CC(=O)OC(COc1ccc(C(=O)c2ccccc2)c(O)c1)COc1ccc(C(=O)c2ccccc2)c(O)c1,group_B,U21_EPA_CPDat_Uv_Absorber,,,,,,
MOL_B_000187,C=CC(=O)OCC,group_B,U07_ICE_Sensitization;U09_HPPT,,,,,1.0,
MOL_B_000188,C=CC(=O)OCC(CC)CCCC,group_B,U07_ICE_Sensitization;U12_SkinPiX,,,,-5.2265,1.0,
MOL_B_000189,C=CC(=O)OCC(CCC)CCCCC,group_B,U07_ICE_Sensitization,,,,,1.0,
MOL_B_000190,C=CC(=O)OCC(CO)(COC(=O)C=C)COC(=O)C=C,group_B,U07_ICE_Sensitization;U09_HPPT,,,,,1.0,
MOL_B_000191,C=CC(=O)OCCCC,group_B,U07_ICE_Sensitization,,,,,1.0,
MOL_B_000192,C=CC(=O)OCCCCCCCCC,group_B,U07_ICE_Irritation,,,,,,0.0
MOL_B_000193,C=CC(=O)OCCCCOc1ccc(C(=O)c2ccccc2)cc1,group_B,U21_EPA_CPDat_Uv_Absorber,,,,,,
MOL_B_000194,C=CC(=O)OCCO,group_B,U07_ICE_Sensitization,,,,,1.0,
MOL_B_000195,C=CC(=O)OCCOC(=O)C=Cc1ccccc1,group_B,U21_EPA_CPDat_Uv_Absorber,,,,,,
MOL_B_000196,C=CC(=O)OCCOC(=O)c1ccccc1O,group_B,U21_EPA_CPDat_Uv_Absorber,,,,,,
MOL_B_000197,C=CC(=O)OCCOc1ccc(C(=O)c2ccccc2)c(O)c1,group_B,U21_EPA_CPDat_Uv_Absorber,,,,,,
MOL_B_000198,C=CC(=O)OCCOc1ccc(C(=O)c2ccccc2)cc1,group_B,U21_EPA_CPDat_Uv_Absorber,,,,,,
MOL_B_000199,C=CC(=O)OCCOc1ccc(C=Cc2ccc([N+](=O)[O-])cc2)cc1,group_B,U21_EPA_CPDat_Uv_Absorber,,,,,,
MOL_B_000200,C=CC(=O)OCCOc1ccccc1C=C,group_B,U21_EPA_CPDat_Uv_Absorber,,,,,,
MOL_B_000201,C=CC(=O)Oc1c(Cc2cc(C)cc(C(C)(C)C)c2O)cc(C)cc1C(C)(C)C,group_B,U21_EPA_CPDat_Uv_Absorber,,,,,,
MOL_B_000202,C=CC(=O)Oc1cc(C(C)(C)C)c(O)c(C(C)(C)C)c1,group_B,U21_EPA_CPDat_Uv_Absorber,,,,,,
MOL_B_000203,C=CC(=O)Oc1ccc(C(=C(CC)c2ccccc2)c2ccc(OC(=O)C=C)cc2)cc1,group_B,U21_EPA_CPDat_Uv_Absorber,,,,,,
MOL_B_000204,C=CC(=O)Oc1ccc(C(=O)c2ccccc2)c(O)c1,group_B,U21_EPA_CPDat_Uv_Absorber,,,,,,
MOL_B_000205,C=CC(=O)Oc1ccc(C(=O)c2ccccc2)cc1,group_B,U21_EPA_CPDat_Uv_Absorber,,,,,,
MOL_B_000206,C=CC(C)(CCC=C(C)C)OC,group_B,U07_ICE_Sensitization;U09_HPPT,,,,,0.0,
MOL_B_000207,C=CC(C)(CCC=C(C)C)OC(=O)C(C)C,group_B,U07_ICE_Sensitization;U09_HPPT,,,,,0.0,
MOL_B_000208,C=CC(C)(CCC=C(C)C)OC(=O)C=Cc1ccccc1,group_B,U07_ICE_Sensitization;U09_HPPT,,,,,0.0,
MOL_B_000209,C=CC(C)(CCC=C(C)C)OC(=O)CC,group_B,U07_ICE_Sensitization;U09_HPPT,,,,,0.0,
MOL_B_000210,C=CC(C)(CCC=C(C)C)OC(=O)CCC,group_B,U07_ICE_Sensitization;U09_HPPT,,,,,0.0,
MOL_B_000211,C=CC(C)(CCC=C(C)C)OC(=O)Cc1ccccc1,group_B,U07_ICE_Sensitization;U09_HPPT,,,,,0.0,
MOL_B_000212,C=CC(C)(CCC=C(C)C)OC(=O)c1ccccc1,group_B,U07_ICE_Sensitization;U09_HPPT,,,,,0.0,
MOL_B_000213,C=CC(C)(CCC=C(C)C)OC(=O)c1ccccc1N,group_B,U07_ICE_Sensitization;U09_HPPT,,,,,0.0,
MOL_B_000214,C=CC(C)(CCC=C(C)C)OC(C)=O,group_B,U07_ICE_Irritation;U07_ICE_Sensitization;U09_HPPT,,,,,0.0,0.0
MOL_B_000215,C=CC(C)(CCC=C(C)C)OC(C)OCC,group_B,U07_ICE_Sensitization;U09_HPPT,,,,,0.0,
MOL_B_000216,C=CC(C)(CCC=C(C)C)OC=O,group_B,U07_ICE_Sensitization;U09_HPPT,,,,,0.0,
MOL_B_000217,C=CC(C)(CCC=C(C)CC)OC(C)=O,group_B,U07_ICE_Sensitization;U09_HPPT,,,,,0.0,
MOL_B_000218,C=CC(C)(CCC=C(C)CCC=C(C)C)OC(C)=O,group_B,U09_HPPT,,,,,0.0,
MOL_B_000219,C=CC(C)(O)/C=C/C=C(\C)CCC=C(C)C,group_B,U07_ICE_Irritation,,,,,,1.0
MOL_B_000220,C=CC(C)(O)CC/C=C(\C)CC,group_B,U07_ICE_Sensitization,,,,,0.0,
MOL_B_000221,C=CC(C)(O)CC/C=C(\C)CC/C=C(\C)CCC=C(C)C,group_B,U07_ICE_Sensitization,,,,,0.0,
MOL_B_000222,C=CC(C)(O)CCC1C(C)(O)CCC2C(C)(C)CCCC21C,group_B,U09_HPPT,,,,,0.0,
MOL_B_000223,C=CC(C)(O)CCC=C(C)C,group_B,U07_ICE_Irritation;U07_ICE_Sensitization;U09_HPPT,,,,,0.0,0.0
MOL_B_000224,C=CC(C)(O)CCC=C(C)CC,group_B,U09_HPPT,,,,,0.0,
MOL_B_000225,C=CC(C)(O)CCC=C(C)CC(C)C,group_B,U07_ICE_Sensitization;U09_HPPT,,,,,0.0,
MOL_B_000226,C=CC(C)(O)CCC=C(C)CCC=C(C)C,group_B,U09_HPPT,,,,,0.0,
MOL_B_000227,C=CC(C)(O)CCC=C(C)CCC=C(C)CCC=C(C)C,group_B,U09_HPPT,,,,,0.0,
MOL_B_000228,C=CC(C)(O)CCCC(C)CCCC(C)CCCC(C)C,group_B,U07_ICE_Sensitization;U09_HPPT,,,,,0.0,
MOL_B_000229,C=CC(C)(O)CCCCC,group_B,U07_ICE_Sensitization;U09_HPPT,,,,,0.0,
MOL_B_000230,C=CC(C)=CCC(C)(C)C(=O)C(C)C,group_B,U07_ICE_Sensitization;U09_HPPT,,,,,0.0,
MOL_B_000231,C=CC(C)=CCC1OC1(C)C,group_B,U07_ICE_Sensitization;U09_HPPT,,,,,0.0,
MOL_B_000232,C=CC(C)=CCCC(C)(C)O,group_B,U07_ICE_Sensitization;U09_HPPT,,,,,0.0,
MOL_B_000233,C=CC(C)=CCCC(C)(C)OC(C)=O,group_B,U07_ICE_Sensitization;U09_HPPT,,,,,0.0,
MOL_B_000234,C=CC(C)CCC=C(C)C,group_B,U07_ICE_Sensitization;U09_HPPT,,,,,0.0,
MOL_B_000235,C=CC(C)CCC=C(C)CCC=O,group_B,U07_ICE_Sensitization;U09_HPPT,,,,,0.0,
MOL_B_000236,C=CC(C)CCCC(C)(C)O,group_B,U07_ICE_Sensitization;U09_HPPT,,,,,0.0,
MOL_B_000237,C=CC(C)CCCC(C)(C)OC(C)=O,group_B,U07_ICE_Sensitization;U09_HPPT,,,,,0.0,
MOL_B_000238,C=CC(C=CC(=O)OC)=C(c1ccccc1)c1ccccc1,group_B,U21_EPA_CPDat_Uv_Absorber,,,,,,
MOL_B_000239,C=CC(CCCCC)OC(C)=O,group_B,U07_ICE_Sensitization;U09_HPPT,,,,,0.0,
MOL_B_000240,C=CC(O)CCCCC,group_B,U07_ICE_Sensitization;U09_HPPT,,,,,0.0,
MOL_B_000241,C=CC=CC=CCCCCC,group_B,U07_ICE_Sensitization;U09_HPPT,,,,,0.0,
MOL_B_000242,C=CCBr,group_B,U07_ICE_Irritation,,,,,,1.0
MOL_B_000243,C=CCCC(=O)C(=C)C1CCCCC1,group_B,U07_ICE_Sensitization;U09_HPPT,,,,,0.0,
MOL_B_000244,C=CCCC(=O)C1=CCCC(C)(C)C1,group_B,U07_ICE_Sensitization;U09_HPPT,,,,,0.0,
MOL_B_000245,C=CCCC(=O)C1=CCCC2(CCCC2)C1,group_B,U07_ICE_Sensitization;U09_HPPT,,,,,0.0,
MOL_B_000246,C=CCCC(=O)C1CCCC(C)(C)C1,group_B,U07_ICE_Sensitization;U09_HPPT,,,,,0.0,
MOL_B_000247,C=CCCC(=O)C=CC1C(C)=CCCC1(C)C,group_B,U07_ICE_Sensitization;U09_HPPT,,,,,0.0,
MOL_B_000248,C=CCCCC(C=C)Oc1ccc(C(=O)c2ccccc2)c(O)c1,group_B,U21_EPA_CPDat_Uv_Absorber,,,,,,
MOL_B_000249,C=CCCCC(C=C)Oc1ccc(C(=O)c2ccccc2)c(OC(C=C)CCCC=C)c1,group_B,U21_EPA_CPDat_Uv_Absorber,,,,,,
MOL_B_000250,C=CCCCCCCC=C,group_B,U07_ICE_Irritation,,,,,,0.0
MOL_B_000251,C=CCCCCCCCC=CCC#N,group_B,U07_ICE_Sensitization;U09_HPPT,,,,,0.0,
MOL_B_000252,C=CCCCCCCCCC(=O)O,group_B,U07_ICE_Irritation;U07_ICE_Sensitization;U09_HPPT,,,,,1.0,1.0
MOL_B_000253,C=CCCCCCCCCC(=O)OCC,group_B,U07_ICE_Sensitization;U09_HPPT,,,,,0.0,
MOL_B_000254,C=CCCCCCCCCC(=O)OCCCC,group_B,U07_ICE_Sensitization;U09_HPPT,,,,,0.0,
MOL_B_000255,C=CCCCCCCCCC(=O)OCCCN1CCCCC1,group_B,U21_EPA_CPDat_Uv_Absorber,,,,,,
MOL_B_000256,C=CCCCCCCCCC(=O)[O-],group_B,U07_ICE_Irritation,,,,,,1.0
MOL_B_000257,C=CCCCCCCCCC(OCC=C(C)CCC=C(C)C)OCC=C(C)CCC=C(C)C,group_B,U07_ICE_Sensitization;U09_HPPT,,,,,0.0,
MOL_B_000258,C=CCCCCCCCCC=C1CC(C)(C)NC(C)(C)C1,group_B,U21_EPA_CPDat_Uv_Absorber,,,,,,
MOL_B_000259,C=CCCCCCCCCC=O,group_B,U07_ICE_Sensitization;U09_HPPT,,,,,0.0,
MOL_B_000260,C=CCCCCCCCCCO,group_B,U07_ICE_Sensitization;U09_HPPT,,,,,0.0,
MOL_B_000261,C=CCCCCCCCCCOC(C)=O,group_B,U07_ICE_Sensitization;U09_HPPT,,,,,0.0,
MOL_B_000262,C=CCCCCCCCCO,group_B,U07_ICE_Sensitization;U09_HPPT,,,,,0.0,
MOL_B_000263,C=CCCCCCCCCOC(C)=O,group_B,U07_ICE_Sensitization;U09_HPPT,,,,,0.0,
MOL_B_000264,C=CCCOc1cc(C(C)(C)C)c(O)c(C(C)(C)C)c1,group_B,U21_EPA_CPDat_Uv_Absorber,,,,,,
MOL_B_000265,C=CCN(C)CCCCCCOC1CCNCC1,group_B,U21_EPA_CPDat_Uv_Absorber,,,,,,
MOL_B_000266,C=CCNC(=O)C1CCNCC1,group_B,U21_EPA_CPDat_Uv_Absorber,,,,,,
MOL_B_000267,C=CCNc1nc(NCC=C)nc(N(CCCCCCN(c2nc(NCC=C)nc(NCC=C)n2)C2CC(C)(C)NC(C)(C)C2)C2CC(C)(C)NC(C)(C)C2)n1,group_B,U21_EPA_CPDat_Uv_Absorber,,,,,,
MOL_B_000268,C=CCOC(=O)C#CCCCCC,group_B,U07_ICE_Sensitization;U09_HPPT,,,,,1.0,
MOL_B_000269,C=CCOC(=O)C=Cc1ccc(OC)cc1,group_B,U21_EPA_CPDat_Uv_Absorber,,,,,,
MOL_B_000270,C=CCOC(=O)C=Cc1ccccc1,group_B,U07_ICE_Sensitization;U09_HPPT,,,,,0.0,
MOL_B_000271,C=CCOC(=O)CC(C)C,group_B,U07_ICE_Sensitization;U09_HPPT,,,,,0.0,
MOL_B_000272,C=CCOC(=O)CC1CCCCC1,group_B,U07_ICE_Sensitization;U09_HPPT,,,,,0.0,
MOL_B_000273,C=CCOC(=O)CCC,group_B,U07_ICE_Sensitization;U09_HPPT,,,,,0.0,
MOL_B_000274,C=CCOC(=O)CCC1CCCCC1,group_B,U07_ICE_Sensitization;U09_HPPT,,,,,0.0,
MOL_B_000275,C=CCOC(=O)CCCC(C)(C)CC,group_B,U07_ICE_Sensitization;U09_HPPT,,,,,0.0,
MOL_B_000276,C=CCOC(=O)CCCCC,group_B,U07_ICE_Sensitization;U09_HPPT,,,,,0.0,
MOL_B_000277,C=CCOC(=O)CCCCCC,group_B,U07_ICE_Irritation;U07_ICE_Sensitization;U09_HPPT,,,,,0.0,0.0
MOL_B_000278,C=CCOC(=O)CCCCCCC,group_B,U07_ICE_Sensitization;U09_HPPT,,,,,0.0,
MOL_B_000279,C=CCOC(=O)COc1ccccc1,group_B,U07_ICE_Irritation;U07_ICE_Sensitization;U09_HPPT,,,,,0.0,0.0
MOL_B_000280,C=CCOC(=O)Cc1ccccc1,group_B,U07_ICE_Sensitization;U09_HPPT,,,,,1.0,
MOL_B_000281,C=CCOC(=O)NC1CCCNC1,group_B,U21_EPA_CPDat_Uv_Absorber,,,,,,
MOL_B_000282,C=CCOC(=O)NC1CCNCC1,group_B,U21_EPA_CPDat_Uv_Absorber,,,,,,
MOL_B_000283,C=CCOC(=O)c1cc(OCC=C)ccc1O,group_B,U21_EPA_CPDat_Uv_Absorber,,,,,,
MOL_B_000284,C=CCOC(=O)c1ccc(O)cc1,group_B,U21_EPA_CPDat_Uv_Absorber,,,,,,
MOL_B_000285,C=CCOC(=O)c1ccccc1C(=O)c1ccccc1,group_B,U21_EPA_CPDat_Uv_Absorber,,,,,,
MOL_B_000286,C=CCOC(=O)c1ccccc1O,group_B,U21_EPA_CPDat_Uv_Absorber,,,,,,
MOL_B_000287,C=CCOCCOC(=O)C=Cc1ccccc1,group_B,U21_EPA_CPDat_Uv_Absorber,,,,,,
MOL_B_000288,C=CCOc1cc(C(C)(C)C)c(O)c(C(C)(C)C)c1,group_B,U21_EPA_CPDat_Uv_Absorber,,,,,,
MOL_B_000289,C=CCOc1cc(OC)ccc1C(=O)c1ccccc1,group_B,U21_EPA_CPDat_Uv_Absorber,,,,,,
MOL_B_000290,C=CCOc1ccc(C(=O)OC)c(O)c1,group_B,U21_EPA_CPDat_Uv_Absorber,,,,,,
MOL_B_000291,C=CCOc1ccc(C(=O)Oc2ccc(O)cc2)cc1,group_B,U21_EPA_CPDat_Uv_Absorber,,,,,,
MOL_B_000292,C=CCOc1ccc(C(=O)c2ccccc2)c(O)c1,group_B,U21_EPA_CPDat_Uv_Absorber,,,,,,
MOL_B_000293,C=CCSCC=C,group_B,U07_ICE_Sensitization;U09_HPPT,,,,,0.0,
MOL_B_000294,C=CCSSCC=C,group_B,U07_ICE_Sensitization;U09_HPPT,,,,,0.0,
MOL_B_000295,C=CCc1c(O)c(C(=O)c2ccccc2)cc(C(=O)c2ccccc2)c1O,group_B,U21_EPA_CPDat_Uv_Absorber,,,,,,
MOL_B_000296,C=CCc1cc(C)cc(-n2nc3ccccc3n2)c1O,group_B,U21_EPA_CPDat_Uv_Absorber,,,,,,
MOL_B_000297,C=CCc1ccc(C(C)C)cc1,group_B,U07_ICE_Sensitization;U09_HPPT,,,,,0.0,
MOL_B_000298,C=CCc1ccc(O)c(OC)c1,group_B,U07_ICE_Irritation;U07_ICE_Sensitization;U09_HPPT;U12_SkinPiX,,,,-5.147,1.0,0.0
MOL_B_000299,C=CCc1ccc(OC(=O)Cc2ccccc2)c(OC)c1,group_B,U07_ICE_Sensitization;U09_HPPT,,,,,0.0,
MOL_B_000300,C=CCc1ccc(OC(C)=O)c(OC)c1,group_B,U07_ICE_Sensitization;U09_HPPT,,,,,0.0,
MOL_B_000301,C=CCc1ccc(OC)c(OC)c1,group_B,U07_ICE_Sensitization;U09_HPPT,,,,,0.0,
MOL_B_000302,C=CCc1ccc(OC)cc1,group_B,U07_ICE_Sensitization;U09_HPPT,,,,,1.0,
MOL_B_000303,C=CCc1ccc(OC=O)c(OC)c1,group_B,U07_ICE_Sensitization;U09_HPPT,,,,,0.0,
MOL_B_000304,C=CCc1ccc2c(c1)OCO2,group_B,U07_ICE_Sensitization;U09_HPPT,,,,,0.0,
MOL_B_000305,C=CCc1cccc(C(=O)c2ccccc2)c1O,group_B,U21_EPA_CPDat_Uv_Absorber,,,,,,
MOL_B_000306,C=COC(=O)c1ccc(O)cc1,group_B,U21_EPA_CPDat_Uv_Absorber,,,,,,
MOL_B_000307,C=COCCCCCCCCCC,group_B,U07_ICE_Sensitization;U09_HPPT,,,,,0.0,
MOL_B_000308,C=COCCOC(=O)C(C)=Cc1ccccc1,group_B,U21_EPA_CPDat_Uv_Absorber,,,,,,
MOL_B_000309,C=COCCOC(=O)C=Cc1ccccc1,group_B,U21_EPA_CPDat_Uv_Absorber,,,,,,
MOL_B_000310,C=COc1cc(C(C)(C)C)cc(C(C)(C)C)c1O,group_B,U21_EPA_CPDat_Uv_Absorber,,,,,,
MOL_B_000311,C=COc1ccc(C(=O)c2ccccc2)c(O)c1,group_B,U21_EPA_CPDat_Uv_Absorber,,,,,,
MOL_B_000312,C=COc1ccc(C(=O)c2ccccc2)cc1,group_B,U21_EPA_CPDat_Uv_Absorber,,,,,,
MOL_B_000313,C=C[C@@](C)(O)CC/C=C(/C)CCC=C(C)C,group_B,U07_ICE_Sensitization,,,,,0.0,
MOL_B_000314,C=C[C@](C)(CC/C=C(/C)CCC=C(C)C)OC(C)=O,group_B,U07_ICE_Sensitization,,,,,0.0,
MOL_B_000315,C=C[C@](C)(O)CC[C@@H]1[C@@]2(C)CCCC(C)(C)[C@@H]2CC[C@@]1(C)O,group_B,U07_ICE_Sensitization,,,,,0.0,
MOL_B_000316,C=Cc1cc(-n2nc3ccc(Cl)cc3n2)c(O)c(C(C)(C)C)c1,group_B,U21_EPA_CPDat_Uv_Absorber,,,,,,
MOL_B_000317,C=Cc1ccc(C(=O)OCCOC(=O)C(=C)C)cc1,group_B,U21_EPA_CPDat_Uv_Absorber,,,,,,
MOL_B_000318,C=Cc1ccc(C(=O)c2ccc(O)cc2)cc1,group_B,U21_EPA_CPDat_Uv_Absorber,,,,,,
MOL_B_000319,C=Cc1ccc(C(=O)c2ccccc2)cc1,group_B,U21_EPA_CPDat_Uv_Absorber,,,,,,
MOL_B_000320,C=Cc1ccc(C=C(C(=O)OCC)C(=O)OCC)cc1,group_B,U21_EPA_CPDat_Uv_Absorber,,,,,,
MOL_B_000321,C=Cc1cccc(C(=O)c2ccccc2)c1,group_B,U21_EPA_CPDat_Uv_Absorber,,,,,,
MOL_B_000322,C=Cc1ccccc1-c1ccccc1C(=O)c1ccccc1,group_B,U21_EPA_CPDat_Uv_Absorber,,,,,,
MOL_B_000323,C=Cc1ccccc1C(=O)c1ccccc1,group_B,U21_EPA_CPDat_Uv_Absorber,,,,,,
MOL_B_000324,C=Cc1ccccc1OCCOC(=O)C(=C)C,group_B,U21_EPA_CPDat_Uv_Absorber,,,,,,
MOL_B_000325,C=O,group_B,U07_ICE_Irritation;U07_ICE_Sensitization;U09_HPPT,,,,,1.0,0.0
MOL_B_000326,CC#Cc1cccc(C(=O)c2ccccc2)c1,group_B,U21_EPA_CPDat_Uv_Absorber,,,,,,
MOL_B_000327,CC(=C=C(c1ccccc1)c1ccccc1)C(=O)Oc1ccccc1,group_B,U21_EPA_CPDat_Uv_Absorber,,,,,,
MOL_B_000328,CC(=CC1C(C)=CCCC1(C)C)C(C)O,group_B,U07_ICE_Sensitization;U09_HPPT,,,,,0.0,
MOL_B_000329,CC(=CCO)CCCC(C)C,group_B,U07_ICE_Sensitization;U09_HPPT,,,,,1.0,
MOL_B_000330,CC(=CCO)CCCC(C)CCCC(C)CCCC(C)C,group_B,U09_HPPT,,,,,1.0,
MOL_B_000331,CC(=CN1CCCCC1)c1ccccc1,group_B,U21_EPA_CPDat_Uv_Absorber,,,,,,
MOL_B_000332,CC(=CN1CCCCC1C)c1ccccc1,group_B,U21_EPA_CPDat_Uv_Absorber,,,,,,
MOL_B_000333,CC(=CN1CCCCC1CC1CCCCC1)c1ccccc1,group_B,U21_EPA_CPDat_Uv_Absorber,,,,,,
MOL_B_000334,CC(=Cc1c(O)cc(O)cc1O)C(=O)O,group_B,U21_EPA_CPDat_Uv_Absorber,,,,,,
MOL_B_000335,CC(=Cc1cc(O)c(O)c(O)c1)C(=O)O,group_B,U21_EPA_CPDat_Uv_Absorber,,,,,,
MOL_B_000336,CC(=Cc1ccc(O)c(O)c1O)C(=O)O,group_B,U21_EPA_CPDat_Uv_Absorber,,,,,,
MOL_B_000337,CC(=Cc1ccccc1)C(=O)OC(C)(C)C,group_B,U21_EPA_CPDat_Uv_Absorber,,,,,,
MOL_B_000338,CC(=Cc1ccccc1)CO,group_B,U07_ICE_Sensitization;U09_HPPT,,,,,0.0,
MOL_B_000339,CC(=Cc1ccccc1O)C(=O)O,group_B,U21_EPA_CPDat_Uv_Absorber,,,,,,
MOL_B_000340,CC(=O)/C=C/c1ccccc1,group_B,U12_SkinPiX,,,,-4.7845,,
MOL_B_000341,CC(=O)C(=O)CC(C)C,group_B,U07_ICE_Sensitization;U09_HPPT,,,,,1.0,
MOL_B_000342,CC(=O)C(C(C)=O)c1cc(C(C)(C)C)c(O)c(C(C)(C)C)c1,group_B,U21_EPA_CPDat_Uv_Absorber,,,,,,
MOL_B_000343,CC(=O)C(C(C)=O)c1cccc(C(=O)c2ccccc2)c1,group_B,U21_EPA_CPDat_Uv_Absorber,,,,,,
MOL_B_000344,CC(=O)C(C)=CC1C(C)=CCCC1(C)C,group_B,U07_ICE_Sensitization;U09_HPPT,,,,,0.0,
MOL_B_000345,CC(=O)C(C)=CC=C(C)CCC=C(C)C,group_B,U07_ICE_Sensitization;U09_HPPT,,,,,0.0,
MOL_B_000346,CC(=O)C(C)=CCC1CC=C(C)C1(C)C,group_B,U07_ICE_Sensitization;U09_HPPT,,,,,0.0,
MOL_B_000347,CC(=O)C(C)=O,group_B,U07_ICE_Sensitization;U09_HPPT,,,,,1.0,
MOL_B_000348,CC(=O)C(C)C,group_B,U07_ICE_Sensitization;U09_HPPT,,,,,0.0,
MOL_B_000349,CC(=O)C(C)O,group_B,U07_ICE_Sensitization;U09_HPPT,,,,,0.0,
MOL_B_000350,CC(=O)C1(C)CC2=C(CCCC2(C)C)CC1C,group_B,U07_ICE_Sensitization;U09_HPPT,,,,,0.0,
MOL_B_000351,CC(=O)C1(C)CCC2=C(C1C)C(C)(C)CCC2,group_B,U09_HPPT,,,,,0.0,
MOL_B_000352,CC(=O)C1=C(C)C2CC3(C1)C(C)CCC3C2(C)C,group_B,U09_HPPT,,,,,0.0,
MOL_B_000353,CC(=O)C1=C(C)CC(C)(C)C1(C)C,group_B,U07_ICE_Sensitization;U09_HPPT,,,,,0.0,
MOL_B_000354,CC(=O)C1=C(C)[C@@H]2C[C@@]3(C1)[C@H](C)CC[C@H]3C2(C)C,group_B,U07_ICE_Sensitization,,,,,0.0,
MOL_B_000355,CC(=O)C1=CC(C)(C)CCC1,group_B,U07_ICE_Sensitization;U09_HPPT,,,,,0.0,
MOL_B_000356,CC(=O)C1C2CCC(C2)C1(C)C,group_B,U07_ICE_Sensitization;U09_HPPT,,,,,0.0,
MOL_B_000357,CC(=O)C1CC(C)=CC(C)C1C,group_B,U07_ICE_Sensitization;U09_HPPT,,,,,0.0,
MOL_B_000358,CC(=O)C1CC2C(C=C1C)C2(C)C,group_B,U07_ICE_Sensitization;U09_HPPT,,,,,0.0,
MOL_B_000359,CC(=O)C1CCC(C)(C)CCC1C,group_B,U07_ICE_Sensitization;U09_HPPT,,,,,0.0,
MOL_B_000360,CC(=O)C1CCCC(C)(C)C1,group_B,U07_ICE_Sensitization;U09_HPPT,,,,,0.0,
MOL_B_000361,CC(=O)C1CCCCC1=O,group_B,U07_ICE_Sensitization,,,,,1.0,
MOL_B_000362,CC(=O)C=CC1C(C)=CCC(C)C1(C)C,group_B,U07_ICE_Sensitization;U09_HPPT,,,,,0.0,
MOL_B_000363,CC(=O)C=CC1C(C)=CCCC1(C)C,group_B,U07_ICE_Sensitization;U09_HPPT,,,,,0.0,
MOL_B_000364,CC(=O)C=CC1C(C)C=C(C)CC1C,group_B,U07_ICE_Sensitization;U09_HPPT,,,,,0.0,
MOL_B_000365,CC(=O)C=CC=C(C)C,group_B,U07_ICE_Sensitization;U09_HPPT,,,,,1.0,
MOL_B_000366,CC(=O)C=CC=C(C)CCC=C(C)C,group_B,U07_ICE_Sensitization;U09_HPPT,,,,,1.0,
MOL_B_000367,CC(=O)C=Cc1ccccc1,group_B,U07_ICE_Sensitization;U09_HPPT,,,,,1.0,
MOL_B_000368,CC(=O)CC(=O)OC/C=C(\C)CCC=C(C)C,group_B,U07_ICE_Sensitization,,,,,0.0,
MOL_B_000369,CC(=O)CC(=O)OCC=C(C)CCC=C(C)C,group_B,U09_HPPT,,,,,0.0,
MOL_B_000370,CC(=O)CC(=O)c1ccccc1,group_B,U07_ICE_Sensitization,,,,,1.0,
MOL_B_000371,CC(=O)CC(C)(C)C1CCCCC1,group_B,U07_ICE_Sensitization;U09_HPPT,,,,,0.0,
MOL_B_000372,CC(=O)CCC(=O)O,group_B,U07_ICE_Sensitization;U09_HPPT,,,,,0.0,
MOL_B_000373,CC(=O)CCC1C(C)=CCCC1(C)C,group_B,U07_ICE_Sensitization;U09_HPPT,,,,,0.0,
MOL_B_000374,CC(=O)CCC=C(C)CCC=C(C)C,group_B,U07_ICE_Sensitization;U09_HPPT,,,,,0.0,
MOL_B_000375,CC(=O)CCCC(C)CCC=C(C)C,group_B,U07_ICE_Sensitization;U09_HPPT,,,,,0.0,
MOL_B_000376,CC(=O)CCc1ccc(O)cc1,group_B,U07_ICE_Sensitization;U09_HPPT,,,,,0.0,
MOL_B_000377,CC(=O)CCc1ccc2c(c1)OCO2,group_B,U07_ICE_Sensitization;U09_HPPT,,,,,0.0,
MOL_B_000378,CC(=O)CCc1ccccc1,group_B,U07_ICE_Irritation;U07_ICE_Sensitization;U09_HPPT,,,,,0.0,0.0
MOL_B_000379,CC(=O)N(C)C,group_B,Flynn_PottsGuy_Benchmark,,,,-5.92,,
MOL_B_000380,CC(=O)N(C)C1(c2ccccc2)CCNCC1,group_B,U21_EPA_CPDat_Uv_Absorber,,,,,,
MOL_B_000381,CC(=O)N(C)C1CCCNC1,group_B,U21_EPA_CPDat_Uv_Absorber,,,,,,
MOL_B_000382,CC(=O)N(C)C1CCNCC1,group_B,U21_EPA_CPDat_Uv_Absorber,,,,,,
MOL_B_000383,CC(=O)N(C)CC1CCCNC1,group_B,U21_EPA_CPDat_Uv_Absorber,,,,,,
MOL_B_000384,CC(=O)N(C)CC1CCNCC1,group_B,U21_EPA_CPDat_Uv_Absorber,,,,,,
MOL_B_000385,CC(=O)N(C)CCCC1CCCNC1,group_B,U21_EPA_CPDat_Uv_Absorber,,,,,,
MOL_B_000386,CC(=O)N(c1ccccc1)C1CCNCC1,group_B,U21_EPA_CPDat_Uv_Absorber,,,,,,
MOL_B_000387,CC(=O)N1CC2(CCCCC2)OC12CCN(C1CCCCC1)CC2,group_B,U21_EPA_CPDat_Uv_Absorber,,,,,,
MOL_B_000388,CC(=O)N1CCC(NC2CC2)CC1,group_B,U21_EPA_CPDat_Uv_Absorber,,,,,,
MOL_B_000389,CC(=O)N1CCC(NC2CCC(C)CC2)CC1,group_B,U21_EPA_CPDat_Uv_Absorber,,,,,,
MOL_B_000390,CC(=O)N1CCC(NC2CCCCC2)CC1,group_B,U21_EPA_CPDat_Uv_Absorber,,,,,,
MOL_B_000391,CC(=O)N1CCC2(CC1)NCC(C)(C)N2,group_B,U21_EPA_CPDat_Uv_Absorber,,,,,,
MOL_B_000392,CC(=O)N1CCCC2=C1C[C@H]1C[C@@H](C)C[C@@]23NCCC[C@H]13,group_B,U21_EPA_CPDat_Uv_Absorber,,,,,,
MOL_B_000393,CC(=O)NC1(c2cccc(F)c2)CCNCC1,group_B,U21_EPA_CPDat_Uv_Absorber,,,,,,
MOL_B_000394,CC(=O)NC1(c2ccccc2)CCNCC1,group_B,U21_EPA_CPDat_Uv_Absorber,,,,,,
MOL_B_000395,CC(=O)NC1(c2ccccc2Cl)CCNCC1,group_B,U21_EPA_CPDat_Uv_Absorber,,,,,,
MOL_B_000396,CC(=O)NC1CC(C)(C)NC(C)(C)C1,group_B,U21_EPA_CPDat_Uv_Absorber,,,,,,
MOL_B_000397,CC(=O)NC1CC2CCC(C1)N2,group_B,U21_EPA_CPDat_Uv_Absorber,,,,,,
MOL_B_000398,CC(=O)NC1CCCNC1,group_B,U21_EPA_CPDat_Uv_Absorber,,,,,,
MOL_B_000399,CC(=O)NC1CCNCC1,group_B,U21_EPA_CPDat_Uv_Absorber,,,,,,
MOL_B_000400,CC(=O)NCC1(c2ccccc2Cl)CCNCC1,group_B,U21_EPA_CPDat_Uv_Absorber,,,,,,
MOL_B_000401,CC(=O)NCC1CCCCN1,group_B,U21_EPA_CPDat_Uv_Absorber,,,,,,
MOL_B_000402,CC(=O)NCC1CCCNC1,group_B,U21_EPA_CPDat_Uv_Absorber,,,,,,
MOL_B_000403,CC(=O)NCC1CCNCC1,group_B,U21_EPA_CPDat_Uv_Absorber,,,,,,
MOL_B_000404,CC(=O)NCCC1CCCCN1,group_B,U21_EPA_CPDat_Uv_Absorber,,,,,,
MOL_B_000405,CC(=O)NCCCCNCCCN1CCCCC1CCCCCCCCCCC(=O)O,group_B,U21_EPA_CPDat_Uv_Absorber,,,,,,
MOL_B_000406,CC(=O)NCCCNCCCCN1CCCCC1CCCCCCCCCCC(=O)O,group_B,U21_EPA_CPDat_Uv_Absorber,,,,,,
MOL_B_000407,CC(=O)NCCCNc1nc(Nc2ccc(C=Cc3ccc(Nc4nc(NCCCNC(C)=O)nc(Nc5cc(S(=O)(=O)[O-])ccc5S(=O)(=O)[O-])n4)cc3S(=O)(=O)[O-])c(S(=O)(=O)[O-])c2)nc(Nc2cc(S(=O)(=O)[O-])ccc2S(=O)(=O)[O-])n1,group_B,U21_EPA_CPDat_Uv_Absorber,,,,,,
MOL_B_000408,CC(=O)NCCS,group_B,U07_ICE_Sensitization;U09_HPPT,,,,,1.0,
MOL_B_000409,CC(=O)NCc1cc(C(C)(C)C)ccc1O,group_B,U21_EPA_CPDat_Uv_Absorber,,,,,,
MOL_B_000410,CC(=O)NNC(=O)C1CCCCN1,group_B,U21_EPA_CPDat_Uv_Absorber,,,,,,
MOL_B_000411,CC(=O)NO,group_B,Flynn_PottsGuy_Benchmark,,,,-6.4,,
MOL_B_000412,CC(=O)N[C@@H](C)c1cc(Cl)ccc1C1CCNCC1,group_B,U21_EPA_CPDat_Uv_Absorber,,,,,,
MOL_B_000413,CC(=O)Nc1cc(C(C)(C)C)c(O)c(C(C)(C)C)c1,group_B,U21_EPA_CPDat_Uv_Absorber,,,,,,
MOL_B_000414,CC(=O)Nc1cc(C(C)(C)C)cc(C(C)(C)C)c1O,group_B,U21_EPA_CPDat_Uv_Absorber,,,,,,
MOL_B_000415,CC(=O)Nc1cc(C(C)(C)C)ccc1O,group_B,U21_EPA_CPDat_Uv_Absorber,,,,,,
MOL_B_000416,CC(=O)Nc1ccc(C(=O)C2CCNCC2)cc1,group_B,U21_EPA_CPDat_Uv_Absorber,,,,,,
MOL_B_000417,CC(=O)Nc1ccc(C(=O)c2ccccc2)c2ccccc12,group_B,U21_EPA_CPDat_Uv_Absorber,,,,,,
MOL_B_000418,CC(=O)Nc1ccc(O)c(C(=O)c2ccccc2OC(C)=O)c1,group_B,U21_EPA_CPDat_Uv_Absorber,,,,,,
MOL_B_000419,CC(=O)Nc1ccc(O)c(C(C)(C)C)c1,group_B,U21_EPA_CPDat_Uv_Absorber,,,,,,
MOL_B_000420,CC(=O)Nc1ccc(OC(=O)c2cc([N+](=O)[O-])cc([N+](=O)[O-])c2O)cc1,group_B,U21_EPA_CPDat_Uv_Absorber,,,,,,
MOL_B_000421,CC(=O)Nc1ccc(OC(=O)c2ccccc2O)cc1,group_B,U21_EPA_CPDat_Uv_Absorber,,,,,,
MOL_B_000422,CC(=O)Nc1ccc(OC(C)=O)c(C(=O)c2ccccc2O)c1,group_B,U21_EPA_CPDat_Uv_Absorber,,,,,,
MOL_B_000423,CC(=O)Nc1ccc(S(=O)(=O)Nc2ccccc2C(=O)c2ccc(O)cc2)cc1,group_B,U21_EPA_CPDat_Uv_Absorber,,,,,,
MOL_B_000424,CC(=O)Nc1ccc2c(c1)Cc1ccccc1-2,group_B,U12_SkinPiX,,,,-4.695,,
MOL_B_000425,CC(=O)Nc1cccc(C(=O)c2ccccc2)c1,group_B,U21_EPA_CPDat_Uv_Absorber,,,,,,
MOL_B_000426,CC(=O)Nc1ccccc1C(=O)c1ccccc1O,group_B,U21_EPA_CPDat_Uv_Absorber,,,,,,
MOL_B_000427,CC(=O)OC(C)(C)C1CC=C(C)CC1,group_B,U07_ICE_Irritation;U07_ICE_Sensitization;U09_HPPT,,,,,0.0,0.0
MOL_B_000428,CC(=O)OC(C)(C)C1CCC(C)CC1,group_B,U09_HPPT,,,,,0.0,
MOL_B_000429,CC(=O)OC(C)(C)CCc1ccccc1,group_B,U07_ICE_Sensitization;U09_HPPT,,,,,0.0,
MOL_B_000430,CC(=O)OC(C)(C)Cc1ccccc1,group_B,U07_ICE_Sensitization;U09_HPPT,,,,,0.0,
MOL_B_000431,CC(=O)OC(C)(C)[C@H]1CC[C@@H](C)CC1,group_B,U07_ICE_Sensitization,,,,,0.0,
MOL_B_000432,CC(=O)OC(C)=O,group_B,U07_ICE_Irritation,,,,,,1.0
MOL_B_000433,CC(=O)OC(C)C,group_B,Flynn_PottsGuy_Benchmark,,,,-4.42,,
MOL_B_000434,CC(=O)OC(C)C1CCCC(C)(C)C1,group_B,U07_ICE_Sensitization;U09_HPPT,,,,,0.0,
MOL_B_000435,CC(=O)OC(C)C1CCCCC1,group_B,U07_ICE_Sensitization;U09_HPPT,,,,,0.0,
MOL_B_000436,CC(=O)OC(C)C=CC1C(C)=CCCC1(C)C,group_B,U07_ICE_Sensitization;U09_HPPT,,,,,0.0,
MOL_B_000437,CC(=O)OC(C)CC(C)(C)c1ccccc1,group_B,U07_ICE_Sensitization,,,,,0.0,
MOL_B_000438,CC(=O)OC(C)CCC=C(C)CCC=C(C)C,group_B,U07_ICE_Sensitization;U09_HPPT,,,,,0.0,
MOL_B_000439,CC(=O)OC(C)Cc1ccccc1,group_B,U07_ICE_Sensitization;U09_HPPT,,,,,0.0,
MOL_B_000440,CC(=O)OC(C)c1ccccc1,group_B,U07_ICE_Sensitization;U09_HPPT,,,,,0.0,
MOL_B_000441,CC(=O)OC(CC(C)C)CC(C)C,group_B,U07_ICE_Sensitization;U09_HPPT,,,,,0.0,
MOL_B_000442,CC(=O)OC(c1ccccc1)C(Cl)(Cl)Cl,group_B,U07_ICE_Sensitization;U09_HPPT,,,,,0.0,
MOL_B_000443,CC(=O)OC/C=C(/C)CCC=C(C)C,group_B,U07_ICE_Sensitization,,,,,0.0,
MOL_B_000444,CC(=O)OC/C=C(\C)CCC=C(C)C,group_B,U07_ICE_Sensitization,,,,,0.0,
MOL_B_000445,CC(=O)OC/C=C1\C2CCC(C2)C1(C)C,group_B,U07_ICE_Sensitization,,,,,0.0,
MOL_B_000446,CC(=O)OC1(C)CCC(=C(C)C)CC1,group_B,U07_ICE_Sensitization,,,,,0.0,
MOL_B_000447,CC(=O)OC1(C)CCC(C(C)C)CC1,group_B,U07_ICE_Sensitization;U09_HPPT,,,,,0.0,
MOL_B_000448,CC(=O)OC1=C(C)OC(C)C1=O,group_B,U07_ICE_Irritation,,,,,,0.0
MOL_B_000449,CC(=O)OC1C2(C)CCC(C2)C1(C)C,group_B,U07_ICE_Sensitization;U09_HPPT,,,,,0.0,
MOL_B_000450,CC(=O)OC1C=C(C)C2CC(=C(C)C)CC2C(C)C1,group_B,U07_ICE_Sensitization;U09_HPPT,,,,,1.0,
MOL_B_000451,CC(=O)OC1CC(C)CCC1C(C)C,group_B,U07_ICE_Sensitization;U09_HPPT,,,,,0.0,
MOL_B_000452,CC(=O)OC1CC2CC1C1CC=CC21,group_B,U07_ICE_Sensitization;U09_HPPT,,,,,0.0,
MOL_B_000453,CC(=O)OC1CC2CC1C1CCCC21,group_B,U07_ICE_Sensitization;U09_HPPT,,,,,0.0,
MOL_B_000454,CC(=O)OC1CC2CCC1(C)C2(C)C,group_B,U09_HPPT,,,,,0.0,
MOL_B_000455,CC(=O)OC1CCC(C(C)(C)C)CC1,group_B,U07_ICE_Sensitization;U09_HPPT,,,,,0.0,
MOL_B_000456,CC(=O)OC1CCC2C(C)(C)CCCC2(C)C1,group_B,U07_ICE_Sensitization;U09_HPPT,,,,,0.0,
MOL_B_000457,CC(=O)OC1CCC2CCCCC2C1,group_B,U07_ICE_Sensitization;U09_HPPT,,,,,0.0,
MOL_B_000458,CC(=O)OC1CCCC(C(C)(C)C)C1,group_B,U07_ICE_Sensitization;U09_HPPT,,,,,0.0,
MOL_B_000459,CC(=O)OC1CCCCC1,group_B,U07_ICE_Sensitization;U09_HPPT,,,,,0.0,
MOL_B_000460,CC(=O)OC1CCCCC1C(C)(C)C,group_B,U07_ICE_Sensitization;U09_HPPT,,,,,0.0,
MOL_B_000461,CC(=O)OC1CCCCCCCCCCC1,group_B,U07_ICE_Sensitization;U09_HPPT,,,,,0.0,
MOL_B_000462,CC(=O)OC1CCNCC1,group_B,U21_EPA_CPDat_Uv_Absorber,,,,,,
MOL_B_000463,CC(=O)OCC(C)C,group_B,U07_ICE_Sensitization;U09_HPPT,,,,,0.0,
MOL_B_000464,CC(=O)OCC(C)c1ccccc1,group_B,U07_ICE_Sensitization;U09_HPPT,,,,,0.0,
MOL_B_000465,CC(=O)OCC(COC(C)=O)OC(C)=O,group_B,U07_ICE_Sensitization;U09_HPPT,,,,,0.0,
MOL_B_000466,CC(=O)OCC1=CCC23CC1C(C)(C)C2CCC3C,group_B,U09_HPPT,,,,,0.0,
MOL_B_000467,CC(=O)OCC1=CCC2CC1C2(C)C,group_B,U09_HPPT,,,,,0.0,
MOL_B_000468,CC(=O)OCC1=CC[C@@H]2C[C@H]1C2(C)C,group_B,U07_ICE_Sensitization,,,,,0.0,
MOL_B_000469,CC(=O)OCC1=CC[C@@]23C[C@@H]1C(C)(C)[C@@H]2CC[C@H]3C,group_B,U07_ICE_Sensitization,,,,,0.0,
MOL_B_000470,CC(=O)OCC1CCC=C(CCC=C(C)C)C1,group_B,U07_ICE_Sensitization;U09_HPPT,,,,,0.0,
MOL_B_000471,CC(=O)OCC1OC(OC2(COC(C)=O)OC(COC(C)=O)C(OC(C)=O)C2OC(C)=O)C(OC(C)=O)C(OC(C)=O)C1OC(C)=O,group_B,U09_HPPT,,,,,0.0,
MOL_B_000472,CC(=O)OCC=C(C)C,group_B,U07_ICE_Sensitization;U09_HPPT,,,,,0.0,
MOL_B_000473,CC(=O)OCC=C(C)CCC=C(C)C,group_B,U09_HPPT,,,,,0.0,
MOL_B_000474,CC(=O)OCC=C(C)CCC=C(C)CCC=C(C)C,group_B,U07_ICE_Sensitization;U09_HPPT,,,,,0.0,
MOL_B_000475,CC(=O)OCC=C(C)c1ccccc1,group_B,U07_ICE_Sensitization;U09_HPPT,,,,,0.0,
MOL_B_000476,CC(=O)OCC=Cc1ccccc1,group_B,U07_ICE_Sensitization;U09_HPPT,,,,,0.0,
MOL_B_000477,CC(=O)OCCC(C)C,group_B,U07_ICE_Sensitization;U09_HPPT,,,,,0.0,
MOL_B_000478,CC(=O)OCCC(C)CC(C)(C)C,group_B,U07_ICE_Sensitization;U09_HPPT,,,,,0.0,
MOL_B_000479,CC(=O)OCCC(C)CCC=C(C)C,group_B,U07_ICE_Sensitization;U09_HPPT,,,,,0.0,
MOL_B_000480,CC(=O)OCCC(C)CCCC(C)C,group_B,U07_ICE_Sensitization;U09_HPPT,,,,,0.0,
MOL_B_000481,CC(=O)OCCC1=CC2CC(C1)C2(C)C,group_B,U07_ICE_Sensitization;U09_HPPT,,,,,0.0,
MOL_B_000482,CC(=O)OCCC1CCCCC1,group_B,U07_ICE_Sensitization;U09_HPPT,,,,,0.0,
MOL_B_000483,CC(=O)OCCCc1ccccc1,group_B,U07_ICE_Sensitization;U09_HPPT,,,,,0.0,
MOL_B_000484,CC(=O)OC[C@H]1O[C@@](COC(C)=O)(O[C@H]2O[C@H](COC(C)=O)[C@@H](OC(C)=O)[C@H](OC(C)=O)[C@H]2OC(C)=O)[C@@H](OC(C)=O)[C@@H]1OC(C)=O,group_B,U07_ICE_Sensitization,,,,,0.0,
MOL_B_000485,CC(=O)OC[C@]12C[C@H](OC(=O)CC(C)C)C(C)=C[C@H]1O[C@@H]1[C@H](O)[C@@H](OC(C)=O)[C@@]2(C)[C@]12CO2,group_B,U12_SkinPiX,,,,-7.772,,
MOL_B_000486,CC(=O)OCc1ccc(C(C)C)cc1,group_B,U07_ICE_Sensitization;U09_HPPT,,,,,0.0,
MOL_B_000487,CC(=O)OCc1ccc(C)cc1,group_B,U07_ICE_Sensitization;U09_HPPT,,,,,0.0,
MOL_B_000488,CC(=O)OCc1ccc(C)cc1C,group_B,U07_ICE_Sensitization;U09_HPPT,,,,,0.0,
MOL_B_000489,CC(=O)OCc1ccc2c(c1)OCO2,group_B,U07_ICE_Sensitization;U09_HPPT,,,,,0.0,
MOL_B_000490,CC(=O)OCc1ccccc1,group_B,U07_ICE_Irritation;U07_ICE_Sensitization;U09_HPPT,,,,,0.0,0.0
MOL_B_000491,CC(=O)O[B-](F)(F)OC(C)=O,group_B,U07_ICE_Irritation,,,,,,1.0
MOL_B_000492,CC(=O)O[C@@H]1C[C@@H]2CC[C@@]1(C)C2(C)C,group_B,U07_ICE_Sensitization,,,,,0.0,
MOL_B_000493,CC(=O)O[C@@H]1C[C@H](C)CC[C@H]1C(C)C,group_B,U07_ICE_Sensitization,,,,,0.0,
MOL_B_000494,CC(=O)O[C@H]1C[C@@H]2CC[C@@]1(C)C2(C)C,group_B,U07_ICE_Sensitization,,,,,0.0,
MOL_B_000495,CC(=O)Oc1c(Cc2cc(C)cc(C(C)(C)C)c2O)cc(C)cc1C(C)(C)C,group_B,U21_EPA_CPDat_Uv_Absorber,,,,,,
MOL_B_000496,CC(=O)Oc1ccc(C(=O)O)cc1,group_B,U07_ICE_Sensitization,,,,,0.0,
MOL_B_000497,CC(=O)Oc1ccc(C)cc1,group_B,U07_ICE_Sensitization;U09_HPPT,,,,,0.0,
MOL_B_000498,CC(=O)Oc1ccc([C@@H](c2ccc(O)cc2)C(C)(C)C)cc1,group_B,U21_EPA_CPDat_Uv_Absorber,,,,,,
MOL_B_000499,CC(=O)SCCCOc1ccc(C(=O)c2ccccc2)cc1,group_B,U21_EPA_CPDat_Uv_Absorber,,,,,,
MOL_B_000500,CC(=O)Sc1cc(C(C)(C)C)ccc1O,group_B,U21_EPA_CPDat_Uv_Absorber,,,,,,
MOL_B_000501,CC(=O)[C@@]1(C)CCC2=C([C@H]1C)C(C)(C)CCC2,group_B,U07_ICE_Sensitization,,,,,0.0,
MOL_B_000502,CC(=O)[C@H]1CC[C@H]2[C@@H]3CCC4=CC(=O)CC[C@]4(C)[C@H]3CC[C@]12C,group_B,U12_SkinPiX,,,,-7.741,,
MOL_B_000503,CC(=O)[O][Hg][c]1ccccc1,group_B,U07_ICE_Sensitization;U09_HPPT,,,,,1.0,
MOL_B_000504,CC(=O)c1c(C)c([N+](=O)[O-])c(C(C)(C)C)c([N+](=O)[O-])c1C,group_B,U07_ICE_Sensitization;U09_HPPT,,,,,0.0,
MOL_B_000505,CC(=O)c1c(C)cc(Cc2ccccc2)c(-c2ccccc2)c1O,group_B,U21_EPA_CPDat_Uv_Absorber,,,,,,
MOL_B_000506,CC(=O)c1c(O)cc(OC(=O)c2ccccc2)cc1O,group_B,U21_EPA_CPDat_Uv_Absorber,,,,,,
MOL_B_000507,CC(=O)c1c(O)ccc(C(C)(C)C)c1[Si](C)C,group_B,U21_EPA_CPDat_Uv_Absorber,,,,,,
MOL_B_000508,CC(=O)c1c(O)cccc1OCCCCCCCCCOc1ccccc1,group_B,U21_EPA_CPDat_Uv_Absorber,,,,,,
MOL_B_000509,CC(=O)c1c(O)cccc1OCCCCCCCOc1ccccc1,group_B,U21_EPA_CPDat_Uv_Absorber,,,,,,
MOL_B_000510,CC(=O)c1c(O)cccc1OCCCCCOc1ccccc1,group_B,U21_EPA_CPDat_Uv_Absorber,,,,,,
MOL_B_000511,CC(=O)c1c(O)cccc1OCCOc1ccccc1,group_B,U21_EPA_CPDat_Uv_Absorber,,,,,,
MOL_B_000512,CC(=O)c1c(Oc2ccccc2)ccc(C(C)(C)C)c1O,group_B,U21_EPA_CPDat_Uv_Absorber,,,,,,
MOL_B_000513,CC(=O)c1cc(C(C)(C)C)c(O)c(C(C)(C)C)c1,group_B,U21_EPA_CPDat_Uv_Absorber,,,,,,
MOL_B_000514,CC(=O)c1cc(C(C)(C)C)c(O)cc1O,group_B,U21_EPA_CPDat_Uv_Absorber,,,,,,
MOL_B_000515,CC(=O)c1cc(C(C)(C)C)cc(C(C)(C)C)c1O,group_B,U21_EPA_CPDat_Uv_Absorber,,,,,,
MOL_B_000516,CC(=O)c1cc(C(C)(C)C)cc2c1CCC2(C)C,group_B,U07_ICE_Sensitization;U09_HPPT,,,,,0.0,
MOL_B_000517,CC(=O)c1cc(C(C)=O)c(O)c(C(C)=O)c1O,group_B,U21_EPA_CPDat_Uv_Absorber,,,,,,
MOL_B_000518,CC(=O)c1cc(C(C)=O)c(O)cc1O,group_B,U21_EPA_CPDat_Uv_Absorber,,,,,,
MOL_B_000519,CC(=O)c1cc(C(C)C)c(O)cc1O,group_B,U21_EPA_CPDat_Uv_Absorber,,,,,,
MOL_B_000520,CC(=O)c1cc(C(C)C)cc(C(C)C)c1O,group_B,U21_EPA_CPDat_Uv_Absorber,,,,,,
MOL_B_000521,CC(=O)c1cc(C(C)C)ccc1O,group_B,U21_EPA_CPDat_Uv_Absorber,,,,,,
MOL_B_000522,CC(=O)c1cc(C)cc(C(=O)c2ccccc2)c1O,group_B,U21_EPA_CPDat_Uv_Absorber,,,,,,
MOL_B_000523,CC(=O)c1cc(Cc2ccc(O)c(C(C)=O)c2)ccc1O,group_B,U21_EPA_CPDat_Uv_Absorber,,,,,,
MOL_B_000524,CC(=O)c1cc(Cc2cccc(-c3c(O)nc4cc(Cl)ccc4c3O)c2)ccc1O,group_B,U21_EPA_CPDat_Uv_Absorber,,,,,,
MOL_B_000525,CC(=O)c1cc(Cc2ccccc2)ccc1O,group_B,U21_EPA_CPDat_Uv_Absorber,,,,,,
MOL_B_000526,CC(=O)c1cc(Cl)c(O)c(C(C)(C)C)c1,group_B,U21_EPA_CPDat_Uv_Absorber,,,,,,
MOL_B_000527,CC(=O)c1cc(N=O)ccc1O,group_B,U21_EPA_CPDat_Uv_Absorber,,,,,,
MOL_B_000528,CC(=O)c1cc(O)c(O)c(O)c1,group_B,U21_EPA_CPDat_Uv_Absorber,,,,,,
MOL_B_000529,CC(=O)c1cc(O)c(O)cc1O,group_B,U21_EPA_CPDat_Uv_Absorber,,,,,,
MOL_B_000530,CC(=O)c1cc(O)c(OC(C)C)c(O)c1,group_B,U21_EPA_CPDat_Uv_Absorber,,,,,,
MOL_B_000531,CC(=O)c1cc(O)cc(C(C)=O)c1,group_B,U21_EPA_CPDat_Uv_Absorber,,,,,,
MOL_B_000532,CC(=O)c1cc(O)cc(O)c1,group_B,U21_EPA_CPDat_Uv_Absorber,,,,,,
MOL_B_000533,CC(=O)c1cc(O)ccc1C(c1ccc(N(c2ccccc2)c2ccccc2)cc1)c1ccc(N(c2ccccc2)c2ccccc2)cc1,group_B,U21_EPA_CPDat_Uv_Absorber,,,,,,
MOL_B_000534,CC(=O)c1cc(O)ccc1O,group_B,U21_EPA_CPDat_Uv_Absorber,,,,,,
MOL_B_000535,CC(=O)c1cc(O)ccc1OC(=O)c1ccccc1,group_B,U21_EPA_CPDat_Uv_Absorber,,,,,,
MOL_B_000536,CC(=O)c1cc(O)ccc1OCc1ccccc1,group_B,U21_EPA_CPDat_Uv_Absorber,,,,,,
MOL_B_000537,CC(=O)c1cc(OCc2ccccc2)ccc1O,group_B,U21_EPA_CPDat_Uv_Absorber,,,,,,
MOL_B_000538,CC(=O)c1cc2c(cc1C)C(C)(C)C(C)C2(C)C,group_B,U07_ICE_Sensitization;U09_HPPT,,,,,0.0,
MOL_B_000539,CC(=O)c1cc2c(cc1C)C(C)(C)C(C)C2C(C)C,group_B,U07_ICE_Sensitization;U09_HPPT,,,,,0.0,
MOL_B_000540,CC(=O)c1cc2c(cc1C)C(C)(C)C(C)CC2(C)C,group_B,U07_ICE_Sensitization;U09_HPPT,,,,,0.0,
MOL_B_000541,CC(=O)c1ccc(C(=O)c2ccccc2)cc1,group_B,U21_EPA_CPDat_Uv_Absorber,,,,,,
MOL_B_000542,CC(=O)c1ccc(C(C)(C)C)cc1O,group_B,U21_EPA_CPDat_Uv_Absorber,,,,,,
MOL_B_000543,CC(=O)c1ccc(C(C)=O)c(O)c1,group_B,U21_EPA_CPDat_Uv_Absorber,,,,,,
MOL_B_000544,CC(=O)c1ccc(C(C)c2ccccc2)cc1,group_B,U21_EPA_CPDat_Uv_Absorber,,,,,,
MOL_B_000545,CC(=O)c1ccc(C(c2ccccc2)(c2ccccc2)c2ccc(C(C)=O)cc2)cc1,group_B,U21_EPA_CPDat_Uv_Absorber,,,,,,
MOL_B_000546,CC(=O)c1ccc(C)cc1,group_B,U07_ICE_Sensitization;U09_HPPT,,,,,0.0,
MOL_B_000547,CC(=O)c1ccc(O)c(-c2ccccc2)c1O,group_B,U21_EPA_CPDat_Uv_Absorber,,,,,,
MOL_B_000548,CC(=O)c1ccc(O)c(-n2nc3ccccc3n2)c1,group_B,U21_EPA_CPDat_Uv_Absorber,,,,,,
MOL_B_000549,CC(=O)c1ccc(O)c(C(=O)c2c(O)ccc(O)c2C)c1O,group_B,U21_EPA_CPDat_Uv_Absorber,,,,,,
MOL_B_000550,CC(=O)c1ccc(O)c(C(C)(C)C)c1,group_B,U21_EPA_CPDat_Uv_Absorber,,,,,,
MOL_B_000551,CC(=O)c1ccc(O)c(C(C)=O)c1,group_B,U21_EPA_CPDat_Uv_Absorber,,,,,,
MOL_B_000552,CC(=O)c1ccc(O)c(C(C)=O)c1O,group_B,U21_EPA_CPDat_Uv_Absorber,,,,,,
MOL_B_000553,CC(=O)c1ccc(O)c(Cc2ccccc2)c1O,group_B,U21_EPA_CPDat_Uv_Absorber,,,,,,
MOL_B_000554,CC(=O)c1ccc(O)c(O)c1O,group_B,U21_EPA_CPDat_Uv_Absorber,,,,,,
MOL_B_000555,CC(=O)c1ccc(O)cc1,group_B,U21_EPA_CPDat_Uv_Absorber,,,,,,
MOL_B_000556,CC(=O)c1ccc(O)cc1C(C)=O,group_B,U21_EPA_CPDat_Uv_Absorber,,,,,,
MOL_B_000557,CC(=O)c1ccc(O)cc1O,group_B,U21_EPA_CPDat_Uv_Absorber,,,,,,
MOL_B_000558,CC(=O)c1ccc(OC(C)C)cc1O,group_B,U21_EPA_CPDat_Uv_Absorber,,,,,,
MOL_B_000559,CC(=O)c1ccc(OCCCCCSc2ccccc2)cc1O,group_B,U21_EPA_CPDat_Uv_Absorber,,,,,,
MOL_B_000560,CC(=O)c1ccc(OCc2ccccc2)c(C)c1O,group_B,U21_EPA_CPDat_Uv_Absorber,,,,,,
MOL_B_000561,CC(=O)c1ccc(OCc2ccccc2)c(O)c1,group_B,U21_EPA_CPDat_Uv_Absorber,,,,,,
MOL_B_000562,CC(=O)c1ccc(OCc2ccccc2)c(O)c1O,group_B,U21_EPA_CPDat_Uv_Absorber,,,,,,
MOL_B_000563,CC(=O)c1ccc(OCc2ccccc2)c(OCc2ccccc2)c1O,group_B,U21_EPA_CPDat_Uv_Absorber,,,,,,
MOL_B_000564,CC(=O)c1ccc(SCCCCCOc2ccccc2)cc1O,group_B,U21_EPA_CPDat_Uv_Absorber,,,,,,
MOL_B_000565,CC(=O)c1ccc2ccccc2c1,group_B,U07_ICE_Sensitization;U09_HPPT,,,,,0.0,
MOL_B_000566,CC(=O)c1cccc(-c2ccccc2)c1O,group_B,U21_EPA_CPDat_Uv_Absorber,,,,,,
MOL_B_000567,CC(=O)c1cccc(O)c1,group_B,U21_EPA_CPDat_Uv_Absorber,,,,,,
MOL_B_000568,CC(=O)c1cccc(O)c1O,group_B,U21_EPA_CPDat_Uv_Absorber,,,,,,
MOL_B_000569,CC(=O)c1cccc2ccccc12,group_B,U07_ICE_Sensitization;U09_HPPT,,,,,0.0,
MOL_B_000570,CC(=O)c1ccccc1C(=O)c1ccccc1,group_B,U21_EPA_CPDat_Uv_Absorber,,,,,,
MOL_B_000571,CC(=O)c1ccccc1C(C)c1ccc2ccccc2c1O,group_B,U21_EPA_CPDat_Uv_Absorber,,,,,,
MOL_B_000572,CC(=O)c1ccccc1O,group_B,U21_EPA_CPDat_Uv_Absorber,,,,,,
MOL_B_000573,CC(=O)n1cc(C(=O)c2ccccc2O)cn1,group_B,U21_EPA_CPDat_Uv_Absorber,,,,,,
MOL_B_000574,CC(C(=O)O)(c1ccc(O)cc1)c1ccc(O)cc1,group_B,U21_EPA_CPDat_Uv_Absorber,,,,,,
MOL_B_000575,CC(C(=O)O)c1ccc2c(c1)Cc1cccnc1O2,group_B,U12_SkinPiX,,,,-6.973,,
MOL_B_000576,CC(C(=O)c1ccc(O)cc1)c1ccccc1,group_B,U21_EPA_CPDat_Uv_Absorber,,,,,,
MOL_B_000577,CC(C(=O)c1ccc(O)cc1O)c1ccc(O)cc1,group_B,U21_EPA_CPDat_Uv_Absorber,,,,,,
MOL_B_000578,CC(C)(C(=O)c1ccc2ccccc2c1O)c1ccccc1,group_B,U21_EPA_CPDat_Uv_Absorber,,,,,,
MOL_B_000579,CC(C)(C(=O)c1ccccc1)c1ccccc1C(=O)c1ccccc1,group_B,U21_EPA_CPDat_Uv_Absorber,,,,,,
MOL_B_000580,CC(C)(C)C#Cc1cc(C(C)(C)C)c(O)c(C(C)(C)C)c1,group_B,U21_EPA_CPDat_Uv_Absorber,,,,,,
MOL_B_000581,CC(C)(C)C(=O)CC(=O)C(C)(C)C,group_B,U07_ICE_Sensitization,,,,,0.0,
MOL_B_000582,CC(C)(C)C(=O)CC(C)(c1ccccc1O)C(C)(C)C,group_B,U21_EPA_CPDat_Uv_Absorber,,,,,,
MOL_B_000583,CC(C)(C)C(=O)CC(c1ccccc1O)C(C)(C)C,group_B,U21_EPA_CPDat_Uv_Absorber,,,,,,
MOL_B_000584,CC(C)(C)C(=O)NC1CCNCC1,group_B,U21_EPA_CPDat_Uv_Absorber,,,,,,
MOL_B_000585,CC(C)(C)C(=O)Nc1ccc(C(=O)c2ccccc2)cc1,group_B,U21_EPA_CPDat_Uv_Absorber,,,,,,
MOL_B_000586,CC(C)(C)C(=O)Nc1ccc(F)cc1C1CCNCC1,group_B,U21_EPA_CPDat_Uv_Absorber,,,,,,
MOL_B_000587,CC(C)(C)C(=O)OCCc1ccccc1,group_B,U07_ICE_Sensitization;U09_HPPT,,,,,0.0,
MOL_B_000588,CC(C)(C)C(=O)OCOC(=O)c1ccccc1O,group_B,U21_EPA_CPDat_Uv_Absorber,,,,,,
MOL_B_000589,CC(C)(C)C(=O)Oc1ccc(C(=O)c2ccc(O)cc2)cc1,group_B,U21_EPA_CPDat_Uv_Absorber,,,,,,
MOL_B_000590,CC(C)(C)C(=O)c1cccc(O)c1,group_B,U21_EPA_CPDat_Uv_Absorber,,,,,,
MOL_B_000591,CC(C)(C)C(C(=O)c1ccccc1)(c1ccccc1)c1ccccc1,group_B,U21_EPA_CPDat_Uv_Absorber,,,,,,
MOL_B_000592,CC(C)(C)C(c1ccc(O)cc1)c1ccc(O)cc1,group_B,U21_EPA_CPDat_Uv_Absorber,,,,,,
MOL_B_000593,CC(C)(C)C1CCC(=O)CC1,group_B,U07_ICE_Sensitization;U09_HPPT,,,,,0.0,
MOL_B_000594,CC(C)(C)C1CCC(O)CC1,group_B,U07_ICE_Sensitization;U09_HPPT,,,,,0.0,
MOL_B_000595,CC(C)(C)C=Cc1cc(C(C)(C)C)c(O)c(C(C)(C)C)c1,group_B,U21_EPA_CPDat_Uv_Absorber,,,,,,
MOL_B_000596,CC(C)(C)CC(=O)c1cc(Cl)ccc1O,group_B,U21_EPA_CPDat_Uv_Absorber,,,,,,
MOL_B_000597,CC(C)(C)CC(C)(C)Nc1nc2nc(n1)N(C1CC(C)(C)NC(C)(C)C1)CCCCCCN2C1CC(C)(C)NC(C)(C)C1,group_B,U21_EPA_CPDat_Uv_Absorber,,,,,,
MOL_B_000598,CC(C)(C)CC(C)(C)Nc1ncnc(N(CCCCCCNC2CC(C)(C)NC(C)(C)C2)C2CC(C)(C)NC(C)(C)C2)n1,group_B,U21_EPA_CPDat_Uv_Absorber,,,,,,
MOL_B_000599,CC(C)(C)CC(C)(C)[13c]1[13cH][13cH][13c](O)[13cH][13cH]1,group_B,U21_EPA_CPDat_Uv_Absorber,,,,,,
MOL_B_000600,CC(C)(C)CC(C)(C)c1cc(-n2nc3ccc(C(F)(F)F)cc3n2)c(O)c(C(C)(C)c2ccccc2)c1,group_B,U21_EPA_CPDat_Uv_Absorber,,,,,,
MOL_B_000601,CC(C)(C)CC(C)(C)c1cc(-n2nc3ccccc3n2)c(O)c(C(C)(C)CC(C)(C)C)c1,group_B,U21_EPA_CPDat_Uv_Absorber,,,,,,
MOL_B_000602,CC(C)(C)CC(C)(C)c1cc(-n2nc3ccccc3n2)c(O)c(C(C)(C)c2ccccc2)c1,group_B,U21_EPA_CPDat_Uv_Absorber,,,,,,
MOL_B_000603,CC(C)(C)CC(C)(C)c1cc(C(=O)c2ccccc2)c(O)cc1O,group_B,U21_EPA_CPDat_Uv_Absorber,,,,,,
MOL_B_000604,CC(C)(C)CC(C)(C)c1cc(C(C)(C)C)c(O)c(C(C)(C)C)c1,group_B,U21_EPA_CPDat_Uv_Absorber,,,,,,
MOL_B_000605,CC(C)(C)CC(C)(C)c1cc(C(C)(C)C)c(O)c(C(C)(C)CC(C)(C)C)c1,group_B,U21_EPA_CPDat_Uv_Absorber,,,,,,
MOL_B_000606,CC(C)(C)CC(C)(C)c1cc(C(C)(C)c2cc(C(C)(C)CC(C)(C)C)c(O)c(C(C)(C)CC(C)(C)C)c2)cc(C(C)(C)CC(C)(C)C)c1O,group_B,U21_EPA_CPDat_Uv_Absorber,,,,,,
MOL_B_000607,CC(C)(C)CC(C)(C)c1cc(Cc2cc(C(C)(C)CC(C)(C)C)cc(-n3nc4ccccc4n3)c2O)c(O)c(-n2nc3ccccc3n2)c1,group_B,U01_EU_CosIng_Annex_VI;U21_EPA_CPDat_Uv_Absorber,,,,,0.0,0.0
MOL_B_000608,CC(C)(C)CC(C)(C)c1cc(Cl)c(O)c(Cc2cc(C(C)(C)CC(C)(C)C)cc(Cl)c2O)c1,group_B,U21_EPA_CPDat_Uv_Absorber,,,,,,
MOL_B_000609,CC(C)(C)CC(C)(C)c1cc(N=Nc2ccccc2[N+](=O)[O-])c(O)c(C(C)(C)c2ccccc2)c1,group_B,U21_EPA_CPDat_Uv_Absorber,,,,,,
MOL_B_000610,CC(C)(C)CC(C)(C)c1cc(O)c(C(C)(C)C)cc1O,group_B,U21_EPA_CPDat_Uv_Absorber,,,,,,
MOL_B_000611,CC(C)(C)CC(C)(C)c1cc(O)c(C(C)(C)CC(C)(C)C)cc1O,group_B,U21_EPA_CPDat_Uv_Absorber,,,,,,
MOL_B_000612,CC(C)(C)CC(C)(C)c1cc(O)ccc1O,group_B,U21_EPA_CPDat_Uv_Absorber,,,,,,
MOL_B_000613,CC(C)(C)CC(C)(C)c1ccc(C(=O)c2ccccc2)c(O)c1,group_B,U21_EPA_CPDat_Uv_Absorber,,,,,,
MOL_B_000614,CC(C)(C)CC(C)(C)c1ccc(O)c(-n2nc3ccc4ccccc4c3n2)c1,group_B,U21_EPA_CPDat_Uv_Absorber,,,,,,
MOL_B_000615,CC(C)(C)CC(C)(C)c1ccc(O)c(-n2nc3ccccc3n2)c1,group_B,U21_EPA_CPDat_Uv_Absorber,,,,,,
MOL_B_000616,CC(C)(C)CC(C)(C)c1ccc(O)c(C(=O)O)c1,group_B,U21_EPA_CPDat_Uv_Absorber,,,,,,
MOL_B_000617,CC(C)(C)CC(C)(C)c1ccc(O)c(C(C)(C)CC(C)(C)C)c1,group_B,U21_EPA_CPDat_Uv_Absorber,,,,,,
MOL_B_000618,CC(C)(C)CC(C)(C)c1ccc(O)c(C(C)(C)c2ccc(F)cc2)c1,group_B,U21_EPA_CPDat_Uv_Absorber,,,,,,
MOL_B_000619,CC(C)(C)CC(C)(C)c1ccc(O)c(C(C)(C)c2ccccc2)c1,group_B,U21_EPA_CPDat_Uv_Absorber,,,,,,
MOL_B_000620,CC(C)(C)CC(C)(C)c1ccc(O)c(C=O)c1,group_B,U21_EPA_CPDat_Uv_Absorber,,,,,,
MOL_B_000621,CC(C)(C)CC(C)(C)c1ccc(O)c(Cc2cc(C(C)(C)CC(C)(C)C)ccc2O)c1,group_B,U21_EPA_CPDat_Uv_Absorber,,,,,,
MOL_B_000622,CC(C)(C)CC(C)(C)c1ccc(O)c(Cc2ccc(Cl)cc2Cl)c1,group_B,U21_EPA_CPDat_Uv_Absorber,,,,,,
MOL_B_000623,CC(C)(C)CC(C)(C)c1ccc(O)c(O)c1,group_B,U21_EPA_CPDat_Uv_Absorber,,,,,,
MOL_B_000624,CC(C)(C)CC(C)(C)c1ccc(O)c(O)c1C(C)(C)CC(C)(C)C,group_B,U21_EPA_CPDat_Uv_Absorber,,,,,,
MOL_B_000625,CC(C)(C)CC(C)(C)c1ccc(O)c(S(=O)(=O)c2cc(C(C)(C)CC(C)(C)C)ccc2O)c1,group_B,U21_EPA_CPDat_Uv_Absorber,,,,,,
MOL_B_000626,CC(C)(C)CC(C)(C)c1ccc(O)c(S(=O)c2ccccc2)c1,group_B,U21_EPA_CPDat_Uv_Absorber,,,,,,
MOL_B_000627,CC(C)(C)CC(C)(C)c1ccc(O)c(S)c1,group_B,U21_EPA_CPDat_Uv_Absorber,,,,,,
MOL_B_000628,CC(C)(C)CC(C)(C)c1ccc(O)c(Sc2cc(C(C)(C)CC(C)(C)C)ccc2O)c1,group_B,U21_EPA_CPDat_Uv_Absorber,,,,,,
MOL_B_000629,CC(C)(C)CC(C)(C)c1ccc(O)cc1,group_B,U21_EPA_CPDat_Uv_Absorber,,,,,,
MOL_B_000630,CC(C)(C)CC(C)(C)c1ccc(OC(=O)c2ccccc2O)cc1,group_B,U21_EPA_CPDat_Uv_Absorber,,,,,,
MOL_B_000631,CC(C)(C)CC(C)(C)c1ccc([O-])c(Sc2cc(C(C)(C)CC(C)(C)C)ccc2O)c1,group_B,U21_EPA_CPDat_Uv_Absorber,,,,,,
MOL_B_000632,CC(C)(C)CC(C)(C)c1cccc(O)c1,group_B,U21_EPA_CPDat_Uv_Absorber,,,,,,
MOL_B_000633,CC(C)(C)CC(C)(C)c1cccc(O)c1O,group_B,U21_EPA_CPDat_Uv_Absorber,,,,,,
MOL_B_000634,CC(C)(C)CC(C)(C)c1ccccc1O,group_B,U21_EPA_CPDat_Uv_Absorber,,,,,,
MOL_B_000635,CC(C)(C)CC(C)(C)c1ccccc1OC(=O)c1ccccc1O,group_B,U21_EPA_CPDat_Uv_Absorber,,,,,,
MOL_B_000636,CC(C)(C)CNC(=O)c1ccccc1O,group_B,U21_EPA_CPDat_Uv_Absorber,,,,,,
MOL_B_000637,CC(C)(C)COc1ccc(C(=O)c2ccccc2)cc1,group_B,U21_EPA_CPDat_Uv_Absorber,,,,,,
MOL_B_000638,CC(C)(C)Cc1cc(C(C)(C)C)c(O)c(C(C)(C)C)c1,group_B,U21_EPA_CPDat_Uv_Absorber,,,,,,
MOL_B_000639,CC(C)(C)NC(=O)[C@H]1C[C@@H](c2ccccc2)CCN1,group_B,U21_EPA_CPDat_Uv_Absorber,,,,,,
MOL_B_000640,CC(C)(C)OC(=O)/C=C/c1cc(Cl)ccc1O,group_B,U21_EPA_CPDat_Uv_Absorber,,,,,,
MOL_B_000641,CC(C)(C)OC(=O)C=C(c1ccccc1)c1ccccc1,group_B,U21_EPA_CPDat_Uv_Absorber,,,,,,
MOL_B_000642,CC(C)(C)OC(=O)C=CC=Cc1ccccc1,group_B,U21_EPA_CPDat_Uv_Absorber,,,,,,
MOL_B_000643,CC(C)(C)OC(=O)C=Cc1ccc(C#N)cc1,group_B,U21_EPA_CPDat_Uv_Absorber,,,,,,
MOL_B_000644,CC(C)(C)OC(=O)C=Cc1ccc(O)cc1,group_B,U21_EPA_CPDat_Uv_Absorber,,,,,,
MOL_B_000645,CC(C)(C)OC(=O)CCNC1CCN(C(=O)OC(C)(C)C)CC1,group_B,U21_EPA_CPDat_Uv_Absorber,,,,,,
MOL_B_000646,CC(C)(C)OC(=O)N1CC(C2CCCCN2)C1,group_B,U21_EPA_CPDat_Uv_Absorber,,,,,,
MOL_B_000647,CC(C)(C)OC(=O)N1CC(C2CCCNC2)C1,group_B,U21_EPA_CPDat_Uv_Absorber,,,,,,
MOL_B_000648,CC(C)(C)OC(=O)N1CC(C2CCNCC2)C1,group_B,U21_EPA_CPDat_Uv_Absorber,,,,,,
MOL_B_000649,CC(C)(C)OC(=O)N1CC2(CCCCN2)C1,group_B,U21_EPA_CPDat_Uv_Absorber,,,,,,
MOL_B_000650,CC(C)(C)OC(=O)N1CC2(CCCNC2)C1,group_B,U21_EPA_CPDat_Uv_Absorber,,,,,,
MOL_B_000651,CC(C)(C)OC(=O)N1CC2(CCNCC2)C1,group_B,U21_EPA_CPDat_Uv_Absorber,,,,,,
MOL_B_000652,CC(C)(C)OC(=O)N1CC2CCCNC2C1,group_B,U21_EPA_CPDat_Uv_Absorber,,,,,,
MOL_B_000653,CC(C)(C)OC(=O)N1CC2CCNCC21,group_B,U21_EPA_CPDat_Uv_Absorber,,,,,,
MOL_B_000654,CC(C)(C)OC(=O)N1CC2CNCCC21,group_B,U21_EPA_CPDat_Uv_Absorber,,,,,,
MOL_B_000655,CC(C)(C)OC(=O)N1CCC(C2CCNCC2)CC1,group_B,U21_EPA_CPDat_Uv_Absorber,,,,,,
MOL_B_000656,CC(C)(C)OC(=O)N1CCC(CNC2CC2)CC1,group_B,U21_EPA_CPDat_Uv_Absorber,,,,,,
MOL_B_000657,CC(C)(C)OC(=O)N1CCC(NC2CC2)CC1,group_B,U21_EPA_CPDat_Uv_Absorber,,,,,,
MOL_B_000658,CC(C)(C)OC(=O)N1CCC(NC2CCC2)CC1,group_B,U21_EPA_CPDat_Uv_Absorber,,,,,,
MOL_B_000659,CC(C)(C)OC(=O)N1CCC(NC2CCCC2)CC1,group_B,U21_EPA_CPDat_Uv_Absorber,,,,,,
MOL_B_000660,CC(C)(C)OC(=O)N1CCC(NC2CCCCC2)CC1,group_B,U21_EPA_CPDat_Uv_Absorber,,,,,,
MOL_B_000661,CC(C)(C)OC(=O)N1CCC(NC2CCCCCC2)CC1,group_B,U21_EPA_CPDat_Uv_Absorber,,,,,,
MOL_B_000662,CC(C)(C)OC(=O)N1CCC(NC2CCNCC2)C1,group_B,U21_EPA_CPDat_Uv_Absorber,,,,,,
MOL_B_000663,CC(C)(C)OC(=O)N1CCC(NCC2CCCC2)CC1,group_B,U21_EPA_CPDat_Uv_Absorber,,,,,,
MOL_B_000664,CC(C)(C)OC(=O)N1CCC(NCc2ccccc2)CC1,group_B,U21_EPA_CPDat_Uv_Absorber,,,,,,
MOL_B_000665,CC(C)(C)OC(=O)N1CCC(NCc2ccccn2)CC1,group_B,U21_EPA_CPDat_Uv_Absorber,,,,,,
MOL_B_000666,CC(C)(C)OC(=O)N1CCC(NCc2ccncc2)CC1,group_B,U21_EPA_CPDat_Uv_Absorber,,,,,,
MOL_B_000667,CC(C)(C)OC(=O)N1CCC(OC2CCNCC2)CC1,group_B,U21_EPA_CPDat_Uv_Absorber,,,,,,
MOL_B_000668,CC(C)(C)OC(=O)N1CCC(c2ccc3c(c2)CCCNC3)CC1,group_B,U21_EPA_CPDat_Uv_Absorber,,,,,,
MOL_B_000669,CC(C)(C)OC(=O)N1CCC(c2ccc3c(c2)CCNC3)CC1,group_B,U21_EPA_CPDat_Uv_Absorber,,,,,,
MOL_B_000670,CC(C)(C)OC(=O)N1CCC(c2ccc3c(c2)CNCCC3)CC1,group_B,U21_EPA_CPDat_Uv_Absorber,,,,,,
MOL_B_000671,CC(C)(C)OC(=O)N1CCC12CCCCN2,group_B,U21_EPA_CPDat_Uv_Absorber,,,,,,
MOL_B_000672,CC(C)(C)OC(=O)N1CCC12CCCNC2,group_B,U21_EPA_CPDat_Uv_Absorber,,,,,,
MOL_B_000673,CC(C)(C)OC(=O)N1CCC12CCNCC2,group_B,U21_EPA_CPDat_Uv_Absorber,,,,,,
MOL_B_000674,CC(C)(C)OC(=O)N1CCC2(CC1)CNC2,group_B,U21_EPA_CPDat_Uv_Absorber,,,,,,
MOL_B_000675,CC(C)(C)OC(=O)N1CCC2(CC1)CNCCO2,group_B,U21_EPA_CPDat_Uv_Absorber,,,,,,
MOL_B_000676,CC(C)(C)OC(=O)N1CCC2(CC1)CNCc1ccccc12,group_B,U21_EPA_CPDat_Uv_Absorber,,,,,,
MOL_B_000677,CC(C)(C)OC(=O)N1CCC2(CC1)COCCN2,group_B,U21_EPA_CPDat_Uv_Absorber,,,,,,
MOL_B_000678,CC(C)(C)OC(=O)N1CCC2(CCCCN2)C1,group_B,U21_EPA_CPDat_Uv_Absorber,,,,,,
MOL_B_000679,CC(C)(C)OC(=O)N1CCC2(CCCCN2)CC1,group_B,U21_EPA_CPDat_Uv_Absorber,,,,,,
MOL_B_000680,CC(C)(C)OC(=O)N1CCC2(CCCN2)CC1,group_B,U21_EPA_CPDat_Uv_Absorber,,,,,,
MOL_B_000681,CC(C)(C)OC(=O)N1CCC2(CCCNC2)C1,group_B,U21_EPA_CPDat_Uv_Absorber,,,,,,
MOL_B_000682,CC(C)(C)OC(=O)N1CCC2(CCCNC2)CC1,group_B,U21_EPA_CPDat_Uv_Absorber,,,,,,
MOL_B_000683,CC(C)(C)OC(=O)N1CCC2(CCN2)CC1,group_B,U21_EPA_CPDat_Uv_Absorber,,,,,,
MOL_B_000684,CC(C)(C)OC(=O)N1CCC2(CCNC2)CC1,group_B,U21_EPA_CPDat_Uv_Absorber,,,,,,
MOL_B_000685,CC(C)(C)OC(=O)N1CCC2(CCNCC2)C1,group_B,U21_EPA_CPDat_Uv_Absorber,,,,,,
MOL_B_000686,CC(C)(C)OC(=O)N1CCC2(CCNCC2)CC1,group_B,U21_EPA_CPDat_Uv_Absorber,,,,,,
MOL_B_000687,CC(C)(C)OC(=O)N1CCC2CCNC2C1,group_B,U21_EPA_CPDat_Uv_Absorber,,,,,,
MOL_B_000688,CC(C)(C)OC(=O)N1CCC2CCNCC21,group_B,U21_EPA_CPDat_Uv_Absorber,,,,,,
MOL_B_000689,CC(C)(C)OC(=O)N1CCC2CCNCC2C1,group_B,U21_EPA_CPDat_Uv_Absorber,,,,,,
MOL_B_000690,CC(C)(C)OC(=O)N1CCC2CNCC2C1,group_B,U21_EPA_CPDat_Uv_Absorber,,,,,,
MOL_B_000691,CC(C)(C)OC(=O)N1CCC2NCC2C1,group_B,U21_EPA_CPDat_Uv_Absorber,,,,,,
MOL_B_000692,CC(C)(C)OC(=O)N1CCC2NCCCC21,group_B,U21_EPA_CPDat_Uv_Absorber,,,,,,
MOL_B_000693,CC(C)(C)OC(=O)N1CCC2NCCCC2C1,group_B,U21_EPA_CPDat_Uv_Absorber,,,,,,
MOL_B_000694,CC(C)(C)OC(=O)N1CCCC(CNC2CC2)C1,group_B,U21_EPA_CPDat_Uv_Absorber,,,,,,
MOL_B_000695,CC(C)(C)OC(=O)N1CCCC(CNC2CCC2)C1,group_B,U21_EPA_CPDat_Uv_Absorber,,,,,,
MOL_B_000696,CC(C)(C)OC(=O)N1CCCC(CNC2CCCC2)C1,group_B,U21_EPA_CPDat_Uv_Absorber,,,,,,
MOL_B_000697,CC(C)(C)OC(=O)N1CCCC(CNC2CCCCC2)C1,group_B,U21_EPA_CPDat_Uv_Absorber,,,,,,
MOL_B_000698,CC(C)(C)OC(=O)N1CCCC(NC2CC2)C1,group_B,U21_EPA_CPDat_Uv_Absorber,,,,,,
MOL_B_000699,CC(C)(C)OC(=O)N1CCCC(NC2CCC2)C1,group_B,U21_EPA_CPDat_Uv_Absorber,,,,,,
MOL_B_000700,CC(C)(C)OC(=O)N1CCCC(NC2CCCC2)C1,group_B,U21_EPA_CPDat_Uv_Absorber,,,,,,
MOL_B_000701,CC(C)(C)OC(=O)N1CCCC(NCc2ccncc2)C1,group_B,U21_EPA_CPDat_Uv_Absorber,,,,,,
MOL_B_000702,CC(C)(C)OC(=O)N1CCCC12CCCCN2,group_B,U21_EPA_CPDat_Uv_Absorber,,,,,,
MOL_B_000703,CC(C)(C)OC(=O)N1CCCC12CCNCC2,group_B,U21_EPA_CPDat_Uv_Absorber,,,,,,
MOL_B_000704,CC(C)(C)OC(=O)N1CCCC2(CCCCN2)C1,group_B,U21_EPA_CPDat_Uv_Absorber,,,,,,
MOL_B_000705,CC(C)(C)OC(=O)N1CCCC2(CCCN2)C1,group_B,U21_EPA_CPDat_Uv_Absorber,,,,,,
MOL_B_000706,CC(C)(C)OC(=O)N1CCCC2(CCCNC2)C1,group_B,U21_EPA_CPDat_Uv_Absorber,,,,,,
MOL_B_000707,CC(C)(C)OC(=O)N1CCCC2(CCN2)C1,group_B,U21_EPA_CPDat_Uv_Absorber,,,,,,
MOL_B_000708,CC(C)(C)OC(=O)N1CCCC2(CCNC2)C1,group_B,U21_EPA_CPDat_Uv_Absorber,,,,,,
MOL_B_000709,CC(C)(C)OC(=O)N1CCCC2(CCNCC2)C1,group_B,U21_EPA_CPDat_Uv_Absorber,,,,,,
MOL_B_000710,CC(C)(C)OC(=O)N1CCCC2(CCNCC2)C1=O,group_B,U21_EPA_CPDat_Uv_Absorber,,,,,,
MOL_B_000711,CC(C)(C)OC(=O)N1CCCC2(CNCCO2)C1,group_B,U21_EPA_CPDat_Uv_Absorber,,,,,,
MOL_B_000712,CC(C)(C)OC(=O)N1CCCC2CNCC21,group_B,U21_EPA_CPDat_Uv_Absorber,,,,,,
MOL_B_000713,CC(C)(C)OC(=O)N1CCCC2NCCCC21,group_B,U21_EPA_CPDat_Uv_Absorber,,,,,,
MOL_B_000714,CC(C)(C)OC(=O)N1CCCCC12CCCCNC2,group_B,U21_EPA_CPDat_Uv_Absorber,,,,,,
MOL_B_000715,CC(C)(C)OC(=O)N1CCCCC12CCCN2,group_B,U21_EPA_CPDat_Uv_Absorber,,,,,,
MOL_B_000716,CC(C)(C)OC(=O)N1CCCCC12CCCNC2,group_B,U21_EPA_CPDat_Uv_Absorber,,,,,,
MOL_B_000717,CC(C)(C)OC(=O)N1CCCCC12CCN2,group_B,U21_EPA_CPDat_Uv_Absorber,,,,,,
MOL_B_000718,CC(C)(C)OC(=O)N1CCCCC12CCNCC2,group_B,U21_EPA_CPDat_Uv_Absorber,,,,,,
MOL_B_000719,CC(C)(C)OC(=O)N1CCCCC12CNC2,group_B,U21_EPA_CPDat_Uv_Absorber,,,,,,
MOL_B_000720,CC(C)(C)OC(=O)N1CCCCC1CNC1CC1,group_B,U21_EPA_CPDat_Uv_Absorber,,,,,,
MOL_B_000721,CC(C)(C)OC(=O)N1CCC[C@H](NC2CCC2)C1,group_B,U21_EPA_CPDat_Uv_Absorber,,,,,,
MOL_B_000722,CC(C)(C)OC(=O)N1CCC[C@H]2CNC[C@H]21,group_B,U21_EPA_CPDat_Uv_Absorber,,,,,,
MOL_B_000723,CC(C)(C)OC(=O)N1CCCc2cc(C3CCNCC3)ccc2C1,group_B,U21_EPA_CPDat_Uv_Absorber,,,,,,
MOL_B_000724,CC(C)(C)OC(=O)N1CCCc2ccc(C3CCNCC3)cc2C1,group_B,U21_EPA_CPDat_Uv_Absorber,,,,,,
MOL_B_000725,CC(C)(C)OC(=O)N1CCN(C(=O)C2CCNCC2)CC1,group_B,U21_EPA_CPDat_Uv_Absorber,,,,,,
MOL_B_000726,CC(C)(C)OC(=O)N1CCOC2(CCNCC2)C1,group_B,U21_EPA_CPDat_Uv_Absorber,,,,,,
MOL_B_000727,CC(C)(C)OC(=O)N1CC[C@H]2CNC[C@@H]2C1,group_B,U21_EPA_CPDat_Uv_Absorber,,,,,,
MOL_B_000728,CC(C)(C)OC(=O)N1CC[C@H]2CN[C@H]2C1,group_B,U21_EPA_CPDat_Uv_Absorber,,,,,,
MOL_B_000729,CC(C)(C)OC(=O)N1CCc2cc(C3CCNCC3)ccc2C1,group_B,U21_EPA_CPDat_Uv_Absorber,,,,,,
MOL_B_000730,CC(C)(C)OC(=O)N1CCc2ccc(C3CCNCC3)cc2CC1,group_B,U21_EPA_CPDat_Uv_Absorber,,,,,,
MOL_B_000731,CC(C)(C)OC(=O)N1C[C@@H]2CCNC[C@@H]21,group_B,U21_EPA_CPDat_Uv_Absorber,,,,,,
MOL_B_000732,CC(C)(C)OC(=O)N1C[C@@H]2CC[C@H]1CN2,group_B,U21_EPA_CPDat_Uv_Absorber,,,,,,
MOL_B_000733,CC(C)(C)OC(=O)N1C[C@H]2CCNC[C@H]21,group_B,U21_EPA_CPDat_Uv_Absorber,,,,,,
MOL_B_000734,CC(C)(C)OC(=O)N1C[C@H]2CNCC[C@H]21,group_B,U21_EPA_CPDat_Uv_Absorber,,,,,,
MOL_B_000735,CC(C)(C)OC(=O)N1Cc2ccccc2C2(CCNCC2)C1,group_B,U21_EPA_CPDat_Uv_Absorber,,,,,,
MOL_B_000736,CC(C)(C)OC(=O)NC(CC(=O)O)C1CCCCN1,group_B,U21_EPA_CPDat_Uv_Absorber,,,,,,
MOL_B_000737,CC(C)(C)OC(=O)NC1(C#N)CCNCC1,group_B,U21_EPA_CPDat_Uv_Absorber,,,,,,
MOL_B_000738,CC(C)(C)OC(=O)NC1C2CNCC21,group_B,U21_EPA_CPDat_Uv_Absorber,,,,,,
MOL_B_000739,CC(C)(C)OC(=O)NC1CC2(CCNCC2)C1,group_B,U21_EPA_CPDat_Uv_Absorber,,,,,,
MOL_B_000740,CC(C)(C)OC(=O)NC1CCCNC1,group_B,U21_EPA_CPDat_Uv_Absorber,,,,,,
MOL_B_000741,CC(C)(C)OC(=O)NC1CCN(C2CCNCC2)CC1,group_B,U21_EPA_CPDat_Uv_Absorber,,,,,,
MOL_B_000742,CC(C)(C)OC(=O)NC1CCNCC1,group_B,U21_EPA_CPDat_Uv_Absorber,,,,,,
MOL_B_000743,CC(C)(C)OC(=O)NCC1(c2ccccc2)CCNCC1,group_B,U21_EPA_CPDat_Uv_Absorber,,,,,,
MOL_B_000744,CC(C)(C)OC(=O)NCC1CCCNC1,group_B,U21_EPA_CPDat_Uv_Absorber,,,,,,
MOL_B_000745,CC(C)(C)OC(=O)NCC1CCN(C2CCNCC2)CC1,group_B,U21_EPA_CPDat_Uv_Absorber,,,,,,
MOL_B_000746,CC(C)(C)OC(=O)NCC1CCNCC1,group_B,U21_EPA_CPDat_Uv_Absorber,,,,,,
MOL_B_000747,CC(C)(C)OC(=O)NCC1[C@H]2CNC[C@@H]12,group_B,U21_EPA_CPDat_Uv_Absorber,,,,,,
MOL_B_000748,CC(C)(C)OC(=O)NCCC1CCCCN1,group_B,U21_EPA_CPDat_Uv_Absorber,,,,,,
MOL_B_000749,CC(C)(C)OC(=O)NCCC1CCCNC1,group_B,U21_EPA_CPDat_Uv_Absorber,,,,,,
MOL_B_000750,CC(C)(C)OC(=O)NCCC1CCNCC1,group_B,U21_EPA_CPDat_Uv_Absorber,,,,,,
MOL_B_000751,CC(C)(C)OC(=O)NCCCC1CCNCC1,group_B,U21_EPA_CPDat_Uv_Absorber,,,,,,
MOL_B_000752,CC(C)(C)OC(=O)NC[C@H]1CCCCN1,group_B,U21_EPA_CPDat_Uv_Absorber,,,,,,
MOL_B_000753,CC(C)(C)OC(=O)NC[C@H]1CCCNC1,group_B,U21_EPA_CPDat_Uv_Absorber,,,,,,
MOL_B_000754,CC(C)(C)OC(=O)N[C@@H]1CCCNC1,group_B,U21_EPA_CPDat_Uv_Absorber,,,,,,
MOL_B_000755,CC(C)(C)OC(=O)N[C@@]12CNC[C@@H]1C2,group_B,U21_EPA_CPDat_Uv_Absorber,,,,,,
MOL_B_000756,CC(C)(C)OC(=O)N[C@H]1CCCNC1,group_B,U21_EPA_CPDat_Uv_Absorber,,,,,,
MOL_B_000757,CC(C)(C)OC(=O)Nc1ccc(C(=O)c2ccccc2)cc1,group_B,U21_EPA_CPDat_Uv_Absorber,,,,,,
MOL_B_000758,CC(C)(C)OC(=O)Nc1ccc(C2CCNCC2)cc1,group_B,U21_EPA_CPDat_Uv_Absorber,,,,,,
MOL_B_000759,CC(C)(C)OC(=O)Nc1ccc2c(c1)C(=O)NC1(CCNCC1)O2,group_B,U21_EPA_CPDat_Uv_Absorber,,,,,,
MOL_B_000760,CC(C)(C)OC(=O)Nc1ccc2c(c1)OC1(CCNCC1)NC2=O,group_B,U21_EPA_CPDat_Uv_Absorber,,,,,,
MOL_B_000761,CC(C)(C)OC(=O)Nc1cccc(C2CCCCN2)c1,group_B,U21_EPA_CPDat_Uv_Absorber,,,,,,
MOL_B_000762,CC(C)(C)OC(=O)Nc1cccc(C2CCNCC2)c1,group_B,U21_EPA_CPDat_Uv_Absorber,,,,,,
MOL_B_000763,CC(C)(C)OC(=O)c1c(O)cccc1O,group_B,U21_EPA_CPDat_Uv_Absorber,,,,,,
MOL_B_000764,CC(C)(C)OC(=O)c1cc(O)c(O)c(O)c1,group_B,U21_EPA_CPDat_Uv_Absorber,,,,,,
MOL_B_000765,CC(C)(C)OC(=O)c1cc(O)ccc1I,group_B,U21_EPA_CPDat_Uv_Absorber,,,,,,
MOL_B_000766,CC(C)(C)OC(=O)c1cc([N+](=O)[O-])ccc1O,group_B,U21_EPA_CPDat_Uv_Absorber,,,,,,
MOL_B_000767,CC(C)(C)OC(=O)c1ccc(Br)cc1O,group_B,U21_EPA_CPDat_Uv_Absorber,,,,,,
MOL_B_000768,CC(C)(C)OC(=O)c1ccc(Cl)c(O)c1,group_B,U21_EPA_CPDat_Uv_Absorber,,,,,,
MOL_B_000769,CC(C)(C)OC(=O)c1ccc(O)c(O)c1,group_B,U21_EPA_CPDat_Uv_Absorber,,,,,,
MOL_B_000770,CC(C)(C)OC(=O)c1ccc(O)cc1,group_B,U21_EPA_CPDat_Uv_Absorber,,,,,,
MOL_B_000771,CC(C)(C)OC(=O)c1ccc([N+](=O)[O-])c(O)c1,group_B,U21_EPA_CPDat_Uv_Absorber,,,,,,
MOL_B_000772,CC(C)(C)OC(=O)c1ccccc1O,group_B,U21_EPA_CPDat_Uv_Absorber,,,,,,
MOL_B_000773,CC(C)(C)OCC1CO1,group_B,U07_ICE_Sensitization;U09_HPPT,,,,,1.0,
MOL_B_000774,CC(C)(C)OCc1cc(C(C)(C)C)c(O)c(C(C)(C)C)c1,group_B,U21_EPA_CPDat_Uv_Absorber,,,,,,
MOL_B_000775,CC(C)(C)OOC(=O)c1ccc(C(=O)c2ccccc2)cc1,group_B,U21_EPA_CPDat_Uv_Absorber,,,,,,
MOL_B_000776,CC(C)(C)OOC(=O)c1ccccc1C(=O)c1ccccc1,group_B,U21_EPA_CPDat_Uv_Absorber,,,,,,
MOL_B_000777,CC(C)(C)OOC(C)(C)c1ccc(C(=O)c2ccccc2)cc1,group_B,U21_EPA_CPDat_Uv_Absorber,,,,,,
MOL_B_000778,CC(C)(C)Oc1ccc(C(C)(C)C)c(O)c1,group_B,U21_EPA_CPDat_Uv_Absorber,,,,,,
MOL_B_000779,CC(C)(C)Sc1cc(C(C)(C)C)c(O)c(C(C)(C)C)c1,group_B,U21_EPA_CPDat_Uv_Absorber,,,,,,
MOL_B_000780,CC(C)(C)Sc1cc(C(C)(C)C)ccc1O,group_B,U21_EPA_CPDat_Uv_Absorber,,,,,,
MOL_B_000781,CC(C)(C)Sc1ccc(C(=O)c2ccccc2)cc1,group_B,U21_EPA_CPDat_Uv_Absorber,,,,,,
MOL_B_000782,CC(C)(C)c1c(O)ccc(O)c1C(C)(C)C,group_B,U21_EPA_CPDat_Uv_Absorber,,,,,,
MOL_B_000783,CC(C)(C)c1c(O)ccc2occc12,group_B,U21_EPA_CPDat_Uv_Absorber,,,,,,
MOL_B_000784,CC(C)(C)c1c(O)cccc1Cc1cccc(O)c1C(C)(C)C,group_B,U21_EPA_CPDat_Uv_Absorber,,,,,,
MOL_B_000785,CC(C)(C)c1c(O)cccc1O,group_B,U21_EPA_CPDat_Uv_Absorber,,,,,,
MOL_B_000786,CC(C)(C)c1c[c]([Ge]([c]2ccccc2)([c]2ccccc2)[c]2ccccc2)cc(C(C)(C)C)c1O,group_B,U21_EPA_CPDat_Uv_Absorber,,,,,,
MOL_B_000787,CC(C)(C)c1c[c]([Hg][Cl])cc(C(C)(C)C)c1O,group_B,U21_EPA_CPDat_Uv_Absorber,,,,,,
MOL_B_000788,CC(C)(C)c1cc(-[n+]2ccccc2)c(O)c(C(C)(C)C)c1,group_B,U21_EPA_CPDat_Uv_Absorber,,,,,,
MOL_B_000789,CC(C)(C)c1cc(-c2c3ccccc3c(-c3cc(C(C)(C)C)c(O)c(C(C)(C)C)c3)c3ccccc23)cc(C(C)(C)C)c1O,group_B,U21_EPA_CPDat_Uv_Absorber,,,,,,
MOL_B_000790,CC(C)(C)c1cc(-c2c3ccccc3cc3ccccc23)cc(C(C)(C)C)c1O,group_B,U21_EPA_CPDat_Uv_Absorber,,,,,,
MOL_B_000791,CC(C)(C)c1cc(-c2c[nH]c3ccccc23)cc(C(C)(C)C)c1O,group_B,U21_EPA_CPDat_Uv_Absorber,,,,,,
MOL_B_000792,CC(C)(C)c1cc(-c2cc(C(C)(C)C)c(O)c(C(C)(C)C)c2)cc(C(C)(C)C)c1O,group_B,U21_EPA_CPDat_Uv_Absorber,,,,,,
MOL_B_000793,CC(C)(C)c1cc(-c2cc(C(C)(C)C)cc(C(C)(C)C)c2O)c(O)c(C(C)(C)C)c1,group_B,U21_EPA_CPDat_Uv_Absorber,,,,,,
MOL_B_000794,CC(C)(C)c1cc(-c2ccc(-c3ccc(-c4cc(C(C)(C)C)c(O)c(C(C)(C)C)c4)s3)s2)cc(C(C)(C)C)c1O,group_B,U21_EPA_CPDat_Uv_Absorber,,,,,,
MOL_B_000795,CC(C)(C)c1cc(-c2ccccc2)c(O)c(C(C)(C)C)c1,group_B,U21_EPA_CPDat_Uv_Absorber,,,,,,
MOL_B_000796,CC(C)(C)c1cc(-c2ccccc2)cc(C(C)(C)C)c1O,group_B,U21_EPA_CPDat_Uv_Absorber,,,,,,
MOL_B_000797,CC(C)(C)c1cc(-c2ccccc2)ccc1O,group_B,U21_EPA_CPDat_Uv_Absorber,,,,,,
MOL_B_000798,CC(C)(C)c1cc(-c2cn3ccccc3n2)cc(C(C)(C)C)c1O,group_B,U21_EPA_CPDat_Uv_Absorber,,,,,,
MOL_B_000799,CC(C)(C)c1cc(-c2cn3cccnc3n2)cc(C(C)(C)C)c1O,group_B,U21_EPA_CPDat_Uv_Absorber,,,,,,
MOL_B_000800,CC(C)(C)c1cc(-c2cn3ccsc3n2)cc(C(C)(C)C)c1O,group_B,U21_EPA_CPDat_Uv_Absorber,,,,,,
MOL_B_000801,CC(C)(C)c1cc(-c2csc(S(C)(=O)=O)n2)cc(C(C)(C)C)c1O,group_B,U21_EPA_CPDat_Uv_Absorber,,,,,,
MOL_B_000802,CC(C)(C)c1cc(-c2nc[nH]c2-c2ccccc2)cc(C(C)(C)C)c1O,group_B,U21_EPA_CPDat_Uv_Absorber,,,,,,
MOL_B_000803,CC(C)(C)c1cc(-n2nc3ccc(Cl)cc3n2)c(O)c(C(C)(C)C)c1,group_B,U21_EPA_CPDat_Uv_Absorber,,,,,,
MOL_B_000804,CC(C)(C)c1cc(-n2nc3ccc4ccccc4c3n2)c(O)c(C(C)(C)C)c1,group_B,U21_EPA_CPDat_Uv_Absorber,,,,,,
MOL_B_000805,CC(C)(C)c1cc(-n2nc3ccccc3n2)c(O)c(C(C)(C)C)c1,group_B,U21_EPA_CPDat_Uv_Absorber,,,,,,
MOL_B_000806,CC(C)(C)c1cc(-n2nccn2)c(O)c(C(C)(C)C)c1,group_B,U21_EPA_CPDat_Uv_Absorber,,,,,,
MOL_B_000807,CC(C)(C)c1cc(/C=C2/OC(=O)c3ccccc32)cc(C(C)(C)C)c1O,group_B,U21_EPA_CPDat_Uv_Absorber,,,,,,
MOL_B_000808,CC(C)(C)c1cc(/C=C2\SC(=N)NC2=O)cc(C(C)(C)C)c1O,group_B,U21_EPA_CPDat_Uv_Absorber,,,,,,
MOL_B_000809,CC(C)(C)c1cc(Br)c(O)c(C(C)(C)C)c1,group_B,U21_EPA_CPDat_Uv_Absorber,,,,,,
MOL_B_000810,CC(C)(C)c1cc(Br)cc(C(C)(C)C)c1O,group_B,U21_EPA_CPDat_Uv_Absorber,,,,,,
MOL_B_000811,CC(C)(C)c1cc(Br)cc(C(c2cccs2)c2cc(Br)cc(C(C)(C)C)c2O)c1O,group_B,U21_EPA_CPDat_Uv_Absorber,,,,,,
MOL_B_000812,CC(C)(C)c1cc(Br)cc(Sc2cc(Br)cc(C(C)(C)C)c2O)c1O,group_B,U21_EPA_CPDat_Uv_Absorber,,,,,,
MOL_B_000813,CC(C)(C)c1cc(C#CC#Cc2cc(C(C)(C)C)c(O)c(C(C)(C)C)c2)cc(C(C)(C)C)c1O,group_B,U21_EPA_CPDat_Uv_Absorber,,,,,,
MOL_B_000814,CC(C)(C)c1cc(C#Cc2ccccc2)cc(C(C)(C)C)c1O,group_B,U21_EPA_CPDat_Uv_Absorber,,,,,,
MOL_B_000815,CC(C)(C)c1cc(C#N)c(O)c(C(C)(C)C)c1,group_B,U21_EPA_CPDat_Uv_Absorber,,,,,,
MOL_B_000816,CC(C)(C)c1cc(C#N)cc(Br)c1O,group_B,U21_EPA_CPDat_Uv_Absorber,,,,,,
MOL_B_000817,CC(C)(C)c1cc(C#N)cc(C(C)(C)C)c1O,group_B,U21_EPA_CPDat_Uv_Absorber,,,,,,
MOL_B_000818,CC(C)(C)c1cc(C#N)ccc1O,group_B,U21_EPA_CPDat_Uv_Absorber,,,,,,
MOL_B_000819,CC(C)(C)c1cc(C(=O)CCN2CCCCC2)cc(C(C)(C)C)c1O,group_B,U21_EPA_CPDat_Uv_Absorber,,,,,,
MOL_B_000820,CC(C)(C)c1cc(C(=O)Cl)cc(C(C)(C)C)c1O,group_B,U21_EPA_CPDat_Uv_Absorber,,,,,,
MOL_B_000821,CC(C)(C)c1cc(C(=O)Nc2ccc(C(=O)O)cc2)cc(C(C)(C)C)c1O,group_B,U21_EPA_CPDat_Uv_Absorber,,,,,,
MOL_B_000822,CC(C)(C)c1cc(C(=O)Nc2ccc([N+](=O)[O-])cc2)cc(C(C)(C)C)c1O,group_B,U21_EPA_CPDat_Uv_Absorber,,,,,,
MOL_B_000823,CC(C)(C)c1cc(C(=O)Nc2nccs2)cc(C(C)(C)C)c1O,group_B,U21_EPA_CPDat_Uv_Absorber,,,,,,
MOL_B_000824,CC(C)(C)c1cc(C(=O)O)c(O)c(C(C)(C)C)c1,group_B,U21_EPA_CPDat_Uv_Absorber,,,,,,
MOL_B_000825,CC(C)(C)c1cc(C(=O)O)cc(C(=O)O)c1O,group_B,U21_EPA_CPDat_Uv_Absorber,,,,,,
MOL_B_000826,CC(C)(C)c1cc(C(=O)O)cc(C(C)(C)C)c1O,group_B,U21_EPA_CPDat_Uv_Absorber,,,,,,
MOL_B_000827,CC(C)(C)c1cc(C(=O)O)ccc1O,group_B,U21_EPA_CPDat_Uv_Absorber,,,,,,
MOL_B_000828,CC(C)(C)c1cc(C(=O)OCCN)cc(C(C)(C)C)c1O,group_B,U21_EPA_CPDat_Uv_Absorber,,,,,,
MOL_B_000829,CC(C)(C)c1cc(C(=O)Oc2ccccc2)cc(C(C)(C)C)c1O,group_B,U21_EPA_CPDat_Uv_Absorber,,,,,,
MOL_B_000830,CC(C)(C)c1cc(C(=O)S)cc(C(C)(C)C)c1O,group_B,U21_EPA_CPDat_Uv_Absorber,,,,,,
MOL_B_000831,CC(C)(C)c1cc(C(=O)[O-])c(O)c(C(C)(C)C)c1,group_B,U21_EPA_CPDat_Uv_Absorber,,,,,,
MOL_B_000832,CC(C)(C)c1cc(C(=O)[O-])cc(C(C)(C)C)c1O,group_B,U21_EPA_CPDat_Uv_Absorber,,,,,,
MOL_B_000833,CC(C)(C)c1cc(C(=O)c2ccccc2)c(O)c(C(C)(C)C)c1,group_B,U21_EPA_CPDat_Uv_Absorber,,,,,,
MOL_B_000834,CC(C)(C)c1cc(C(=O)c2ccccc2)c(O)cc1O,group_B,U21_EPA_CPDat_Uv_Absorber,,,,,,
MOL_B_000835,CC(C)(C)c1cc(C(=O)c2ccccc2)cc(C(C)(C)C)c1O,group_B,U21_EPA_CPDat_Uv_Absorber,,,,,,
MOL_B_000836,CC(C)(C)c1cc(C(=O)c2ccccc2)ccc1O,group_B,U21_EPA_CPDat_Uv_Absorber,,,,,,
MOL_B_000837,CC(C)(C)c1cc(C(=O)c2ccco2)cc(C(C)(C)C)c1O,group_B,U21_EPA_CPDat_Uv_Absorber,,,,,,
MOL_B_000838,CC(C)(C)c1cc(C(C#N)(C#N)c2ccccc2)cc(C(C)(C)C)c1O,group_B,U21_EPA_CPDat_Uv_Absorber,,,,,,
MOL_B_000839,CC(C)(C)c1cc(C(C#N)C#N)c(C(C)(C)C)c(O)c1O,group_B,U21_EPA_CPDat_Uv_Absorber,,,,,,
MOL_B_000840,CC(C)(C)c1cc(C(C(=O)O)c2cc(C(C)(C)C)c(O)c(C(C)(C)C)c2)cc(C(C)(C)C)c1O,group_B,U21_EPA_CPDat_Uv_Absorber,,,,,,
MOL_B_000841,CC(C)(C)c1cc(C(C)(C)C(C)(C)C)ccc1O,group_B,U21_EPA_CPDat_Uv_Absorber,,,,,,
MOL_B_000842,CC(C)(C)c1cc(C(C)(C)C)c(Cl)c(O)c1O,group_B,U21_EPA_CPDat_Uv_Absorber,,,,,,
MOL_B_000843,CC(C)(C)c1cc(C(C)(C)C)c(O)[c]([Ge]([CH3])([CH3])[CH3])c1,group_B,U21_EPA_CPDat_Uv_Absorber,,,,,,
MOL_B_000844,CC(C)(C)c1cc(C(C)(C)C)c(O)c(C(=O)O)c1O,group_B,U21_EPA_CPDat_Uv_Absorber,,,,,,
MOL_B_000845,CC(C)(C)c1cc(C(C)(C)C)c(O)c(C(C)(C)C)c1,group_B,U21_EPA_CPDat_Uv_Absorber,,,,,,
MOL_B_000846,CC(C)(C)c1cc(C(C)(C)C)c(O)c(O)c1O,group_B,U21_EPA_CPDat_Uv_Absorber,,,,,,
MOL_B_000847,CC(C)(C)c1cc(C(C)(C)C)c(O)c(P(=O)(c2ccccc2)c2cc(C(C)(C)C)cc(C(C)(C)C)c2O)c1,group_B,U21_EPA_CPDat_Uv_Absorber,,,,,,
MOL_B_000848,CC(C)(C)c1cc(C(C)(C)C)c(O)c(S(=O)(=O)c2cc(C(C)(C)C)cc(C(C)(C)C)c2O)c1,group_B,U21_EPA_CPDat_Uv_Absorber,,,,,,
MOL_B_000849,CC(C)(C)c1cc(C(C)(C)C)c(O)c(Sc2c(O)c(C(C)(C)C)cc(C(C)(C)C)c2O)c1O,group_B,U21_EPA_CPDat_Uv_Absorber,,,,,,
MOL_B_000850,CC(C)(C)c1cc(C(C)(C)C)c(O)c([Si](C)(C)c2ccccc2)c1,group_B,U21_EPA_CPDat_Uv_Absorber,,,,,,
MOL_B_000851,CC(C)(C)c1cc(C(C)(C)C)c(O)cc1O,group_B,U21_EPA_CPDat_Uv_Absorber,,,,,,
MOL_B_000852,CC(C)(C)c1cc(C(C)(C)C)c(SCC(=O)O)c(O)c1O,group_B,U21_EPA_CPDat_Uv_Absorber,,,,,,
MOL_B_000853,CC(C)(C)c1cc(C(C)(C)C)c([N+](=O)[O-])cc1O,group_B,U21_EPA_CPDat_Uv_Absorber,,,,,,
MOL_B_000854,CC(C)(C)c1cc(C(C)(C)C)c2ccc3c(C(C)(C)C)cc(C(C)(C)C)c(O)c3c2c1O,group_B,U21_EPA_CPDat_Uv_Absorber,,,,,,
MOL_B_000855,CC(C)(C)c1cc(C(C)(C)C)c2ccccc2c1O,group_B,U21_EPA_CPDat_Uv_Absorber,,,,,,
MOL_B_000856,CC(C)(C)c1cc(C(C)(C)S(=O)(=O)c2ccccc2)cc(C(C)(C)C)c1O,group_B,U21_EPA_CPDat_Uv_Absorber,,,,,,
MOL_B_000857,CC(C)(C)c1cc(C(C)(C)c2cc(C(C)(C)C)c(O)c(C(C)(C)C)c2)cc(C(C)(C)C)c1O,group_B,U21_EPA_CPDat_Uv_Absorber,,,,,,
MOL_B_000858,CC(C)(C)c1cc(C(C)(C)c2ccc(O)c(C(C)(C)C)c2)ccc1O,group_B,U21_EPA_CPDat_Uv_Absorber,,,,,,
MOL_B_000859,CC(C)(C)c1cc(C(C)(C)c2ccc(O)cc2)ccc1O,group_B,U21_EPA_CPDat_Uv_Absorber,,,,,,
MOL_B_000860,CC(C)(C)c1cc(C(C)(C)c2ccc(O)cc2)ccc1OC(=O)c1ccc(C(=O)[O-])cc1,group_B,U21_EPA_CPDat_Uv_Absorber,,,,,,
MOL_B_000861,CC(C)(C)c1cc(C(C)(C)c2ccccc2)cc(C(C)(C)C)c1O,group_B,U21_EPA_CPDat_Uv_Absorber,,,,,,
MOL_B_000862,CC(C)(C)c1cc(C(C)(C)c2ccccc2)ccc1O,group_B,U21_EPA_CPDat_Uv_Absorber,,,,,,
MOL_B_000863,CC(C)(C)c1cc(C(C)(c2ccccc2)c2ccc(O)c(C(C)(C)C)c2)ccc1O,group_B,U21_EPA_CPDat_Uv_Absorber,,,,,,
MOL_B_000864,CC(C)(C)c1cc(C(c2cc(C(C)(C)C)c(O)c(C(C)(C)C)c2)c2cc(C(C)(C)C)c(O)c(C(C)(C)C)c2)cc(C(C)(C)C)c1O,group_B,U21_EPA_CPDat_Uv_Absorber,,,,,,
MOL_B_000865,CC(C)(C)c1cc(C(c2ccc(O)cc2)c2cc(C(C)(C)C)c(O)c(C(C)(C)C)c2)cc(C(C)(C)C)c1O,group_B,U21_EPA_CPDat_Uv_Absorber,,,,,,
MOL_B_000866,CC(C)(C)c1cc(C(c2ccc(O)cc2)c2ccc(O)c(C(C)(C)C)c2)ccc1O,group_B,U21_EPA_CPDat_Uv_Absorber,,,,,,
MOL_B_000867,CC(C)(C)c1cc(C(c2ccc([N+](=O)[O-])cc2)c2cc(C(C)(C)C)c(O)c(C(C)(C)C)c2)cc(C(C)(C)C)c1O,group_B,U21_EPA_CPDat_Uv_Absorber,,,,,,
MOL_B_000868,CC(C)(C)c1cc(C(c2ccccc2)(c2ccccc2)c2ccccc2)ccc1O,group_B,U21_EPA_CPDat_Uv_Absorber,,,,,,
MOL_B_000869,CC(C)(C)c1cc(C(c2ccccc2)N2CCCCC2)cc(C(C)(C)C)c1O,group_B,U21_EPA_CPDat_Uv_Absorber,,,,,,
MOL_B_000870,CC(C)(C)c1cc(C(c2ccccc2)S(=O)(=O)c2ccccc2)cc(C(C)(C)C)c1O,group_B,U21_EPA_CPDat_Uv_Absorber,,,,,,
MOL_B_000871,CC(C)(C)c1cc(C(c2ccccc2)c2cc(C(C)(C)C)cc(C(C)(C)C)c2O)c(O)c(C(C)(C)C)c1,group_B,U21_EPA_CPDat_Uv_Absorber,,,,,,
MOL_B_000872,CC(C)(C)c1cc(C(c2ccccc2)c2ccccc2)cc(C(C)(C)C)c1O,group_B,U21_EPA_CPDat_Uv_Absorber,,,,,,
MOL_B_000873,CC(C)(C)c1cc(C2OCC3(CO2)COC(c2cc(C(C)(C)C)c(O)c(C(C)(C)C)c2)OC3)cc(C(C)(C)C)c1O,group_B,U21_EPA_CPDat_Uv_Absorber,,,,,,
MOL_B_000874,CC(C)(C)c1cc(C=C2CCNC2=O)ccc1O,group_B,U21_EPA_CPDat_Uv_Absorber,,,,,,
MOL_B_000875,CC(C)(C)c1cc(C=O)c(O)c(C(C)(C)C)c1,group_B,U21_EPA_CPDat_Uv_Absorber,,,,,,
MOL_B_000876,CC(C)(C)c1cc(C=O)c(O)c(C=O)c1,group_B,U21_EPA_CPDat_Uv_Absorber,,,,,,
MOL_B_000877,CC(C)(C)c1cc(C=O)c(O)c(S(C)(=O)=O)c1,group_B,U21_EPA_CPDat_Uv_Absorber,,,,,,
MOL_B_000878,CC(C)(C)c1cc(C=O)c(O)c(Sc2ccccc2)c1,group_B,U21_EPA_CPDat_Uv_Absorber,,,,,,
MOL_B_000879,CC(C)(C)c1cc(C=O)cc(C(C)(C)C)c1O,group_B,U21_EPA_CPDat_Uv_Absorber,,,,,,
MOL_B_000880,CC(C)(C)c1cc(CC#N)cc(C(C)(C)C)c1O,group_B,U21_EPA_CPDat_Uv_Absorber,,,,,,
MOL_B_000881,CC(C)(C)c1cc(CC(=O)O)cc(C(C)(C)C)c1O,group_B,U21_EPA_CPDat_Uv_Absorber,,,,,,
MOL_B_000882,CC(C)(C)c1cc(CC(C#N)C#N)cc(C(C)(C)C)c1O,group_B,U21_EPA_CPDat_Uv_Absorber,,,,,,
MOL_B_000883,CC(C)(C)c1cc(CCC(=O)O)cc(-n2nc3ccccc3n2)c1O,group_B,U21_EPA_CPDat_Uv_Absorber,,,,,,
MOL_B_000884,CC(C)(C)c1cc(CCC(=O)OCCCCCCOC(=O)CCc2cc(-n3nc4ccccc4n3)c(O)c(C(C)(C)C)c2)cc(-n2nc3ccccc3n2)c1O,group_B,U21_EPA_CPDat_Uv_Absorber,,,,,,
MOL_B_000885,CC(C)(C)c1cc(CCC(=O)OCCN2C(C)(C)CC(OC(=O)CCc3cc(C(C)(C)C)c(O)c(C(C)(C)C)c3)CC2(C)C)cc(C(C)(C)C)c1O,group_B,U21_EPA_CPDat_Uv_Absorber,,,,,,
MOL_B_000886,CC(C)(C)c1cc(CCN=C=O)cc(C(C)(C)C)c1O,group_B,U21_EPA_CPDat_Uv_Absorber,,,,,,
MOL_B_000887,CC(C)(C)c1cc(CCc2nc3ccccc3[nH]2)cc(C(C)(C)C)c1O,group_B,U21_EPA_CPDat_Uv_Absorber,,,,,,
MOL_B_000888,CC(C)(C)c1cc(CCc2nc3ccccc3o2)cc(C(C)(C)C)c1O,group_B,U21_EPA_CPDat_Uv_Absorber,,,,,,
MOL_B_000889,CC(C)(C)c1cc(CN(Cc2cc(C(C)(C)C)cc(C(C)(C)C)c2O)Cc2cc(C(C)(C)C)cc(C(C)(C)C)c2O)c(O)c(C(C)(C)C)c1,group_B,U21_EPA_CPDat_Uv_Absorber,,,,,,
MOL_B_000890,CC(C)(C)c1cc(CN2CCN(Cc3cc(C(C)(C)C)c(O)c(C(C)(C)C)c3)CC2)cc(C(C)(C)C)c1O,group_B,U21_EPA_CPDat_Uv_Absorber,,,,,,
MOL_B_000891,CC(C)(C)c1cc(CN=[N+]=[N-])cc(C=O)c1O,group_B,U21_EPA_CPDat_Uv_Absorber,,,,,,
MOL_B_000892,CC(C)(C)c1cc(CNC(=O)NCc2cc(C(C)(C)C)c(O)c(C(C)(C)C)c2)cc(C(C)(C)C)c1O,group_B,U21_EPA_CPDat_Uv_Absorber,,,,,,
MOL_B_000893,CC(C)(C)c1cc(CNC(=O)Nc2ccccc2)cc(C(C)(C)C)c1O,group_B,U21_EPA_CPDat_Uv_Absorber,,,,,,
MOL_B_000894,CC(C)(C)c1cc(CNC(=S)NCc2cc(C(C)(C)C)c(O)c(C(C)(C)C)c2)cc(C(C)(C)C)c1O,group_B,U21_EPA_CPDat_Uv_Absorber,,,,,,
MOL_B_000895,CC(C)(C)c1cc(CNC(N)=O)cc(C(C)(C)C)c1O,group_B,U21_EPA_CPDat_Uv_Absorber,,,,,,
MOL_B_000896,CC(C)(C)c1cc(CNC(N)=S)cc(C(C)(C)C)c1O,group_B,U21_EPA_CPDat_Uv_Absorber,,,,,,
MOL_B_000897,CC(C)(C)c1cc(CNCc2ccccc2)cc(C(C)(C)C)c1O,group_B,U21_EPA_CPDat_Uv_Absorber,,,,,,
MOL_B_000898,CC(C)(C)c1cc(CNN)cc(C(C)(C)C)c1O,group_B,U21_EPA_CPDat_Uv_Absorber,,,,,,
MOL_B_000899,CC(C)(C)c1cc(COCc2cc(C(C)(C)C)c(O)c(C(C)(C)C)c2)cc(C(C)(C)C)c1O,group_B,U21_EPA_CPDat_Uv_Absorber,,,,,,
MOL_B_000900,CC(C)(C)c1cc(COCc2ccccc2)cc(C(C)(C)C)c1O,group_B,U21_EPA_CPDat_Uv_Absorber,,,,,,
MOL_B_000901,CC(C)(C)c1cc(CS(=O)(=O)Cc2cc(C(C)(C)C)c(O)c(C(C)(C)C)c2)cc(C(C)(C)C)c1O,group_B,U21_EPA_CPDat_Uv_Absorber,,,,,,
MOL_B_000902,CC(C)(C)c1cc(CS(=O)(=O)c2ccccc2)cc(C(C)(C)C)c1O,group_B,U21_EPA_CPDat_Uv_Absorber,,,,,,
MOL_B_000903,CC(C)(C)c1cc(CS(=O)Cc2cc(C(C)(C)C)c(O)c(C(C)(C)C)c2)cc(C(C)(C)C)c1O,group_B,U21_EPA_CPDat_Uv_Absorber,,,,,,
MOL_B_000904,CC(C)(C)c1cc(CS)cc(C(C)(C)C)c1O,group_B,U21_EPA_CPDat_Uv_Absorber,,,,,,
MOL_B_000905,CC(C)(C)c1cc(CSC2CCCCC2)cc(C(C)(C)C)c1O,group_B,U21_EPA_CPDat_Uv_Absorber,,,,,,
MOL_B_000906,CC(C)(C)c1cc(CSCc2cc(C(C)(C)C)c(O)c(C(C)(C)C)c2)cc(C(C)(C)C)c1O,group_B,U21_EPA_CPDat_Uv_Absorber,,,,,,
MOL_B_000907,CC(C)(C)c1cc(CSSCc2cc(C(C)(C)C)c(O)c(C(C)(C)C)c2)cc(C(C)(C)C)c1O,group_B,U21_EPA_CPDat_Uv_Absorber,,,,,,
MOL_B_000908,CC(C)(C)c1cc(CSc2ccccc2)c(O)c(CSc2ccccc2)c1,group_B,U21_EPA_CPDat_Uv_Absorber,,,,,,
MOL_B_000909,CC(C)(C)c1cc(CSc2nc3ccccc3s2)cc(C(C)(C)C)c1O,group_B,U21_EPA_CPDat_Uv_Absorber,,,,,,
MOL_B_000910,CC(C)(C)c1cc(C[N+](C)(C)C)c(O)c(C(C)(C)C)c1,group_B,U21_EPA_CPDat_Uv_Absorber,,,,,,
MOL_B_000911,CC(C)(C)c1cc(Cc2cc(Br)c(O)c(C(C)(C)C)c2)cc(Br)c1O,group_B,U21_EPA_CPDat_Uv_Absorber,,,,,,
MOL_B_000912,CC(C)(C)c1cc(Cc2cc(C(C)(C)C)c(O)c(C(C)(C)C)c2)cc(C(C)(C)C)c1O,group_B,U07_ICE_Irritation;U21_EPA_CPDat_Uv_Absorber,,,,,,0.0
MOL_B_000913,CC(C)(C)c1cc(Cc2cc(C(C)(C)C)c(O)cc2C(C)(C)C)c(C(C)(C)C)cc1O,group_B,U21_EPA_CPDat_Uv_Absorber,,,,,,
MOL_B_000914,CC(C)(C)c1cc(Cc2cc(C(C)(C)C)cc(C(C)(C)C)c2O)c(O)c(C(C)(C)C)c1,group_B,U21_EPA_CPDat_Uv_Absorber,,,,,,
MOL_B_000915,CC(C)(C)c1cc(Cc2cc(C(C)(C)C)cc(C3CCCCC3)c2O)c(O)c(C2CCCCC2)c1,group_B,U21_EPA_CPDat_Uv_Absorber,,,,,,
MOL_B_000916,CC(C)(C)c1cc(Cc2cc(Cc3cc(C(C)(C)C)c(O)c(C(C)(C)C)c3)c(O)c(Cc3cc(C(C)(C)C)c(O)c(C(C)(C)C)c3)c2)cc(C(C)(C)C)c1O,group_B,U21_EPA_CPDat_Uv_Absorber,,,,,,
MOL_B_000917,CC(C)(C)c1cc(Cc2ccc(O)c(C(C)(C)C)c2)ccc1O,group_B,U21_EPA_CPDat_Uv_Absorber,,,,,,
MOL_B_000918,CC(C)(C)c1cc(Cc2ccc(O)cc2)c(O)c(Cc2ccc(O)cc2)c1,group_B,U21_EPA_CPDat_Uv_Absorber,,,,,,
MOL_B_000919,CC(C)(C)c1cc(Cc2ccccc2)c(O)c(C(C)(C)C)c1,group_B,U21_EPA_CPDat_Uv_Absorber,,,,,,
MOL_B_000920,CC(C)(C)c1cc(Cc2ccccc2)cc(C(C)(C)C)c1O,group_B,U21_EPA_CPDat_Uv_Absorber,,,,,,
MOL_B_000921,CC(C)(C)c1cc(Cc2ccccc2)ccc1O,group_B,U21_EPA_CPDat_Uv_Absorber,,,,,,
MOL_B_000922,CC(C)(C)c1cc(Cl)c(O)c(Cc2ccc(Cl)cc2Cl)c1,group_B,U21_EPA_CPDat_Uv_Absorber,,,,,,
MOL_B_000923,CC(C)(C)c1cc(Cl)cc(C(C)(C)C)c1O,group_B,U21_EPA_CPDat_Uv_Absorber,,,,,,
MOL_B_000924,CC(C)(C)c1cc(Cl)cc(Cc2cc(Cl)cc(C(C)(C)C)c2O)c1O,group_B,U21_EPA_CPDat_Uv_Absorber,,,,,,
MOL_B_000925,CC(C)(C)c1cc(Cl)cc(Sc2cc(Cl)cc(C(C)(C)C)c2O)c1O,group_B,U21_EPA_CPDat_Uv_Absorber,,,,,,
MOL_B_000926,CC(C)(C)c1cc(Cn2c(=O)n(Cc3cc(C(C)(C)C)c(O)c(C(C)(C)C)c3)c(=O)n(Cc3cc(C(C)(C)C)c(O)c(C(C)(C)C)c3)c2=O)cc(C(C)(C)C)c1O,group_B,U21_EPA_CPDat_Uv_Absorber,,,,,,
MOL_B_000927,CC(C)(C)c1cc(Cn2c(=S)sc3ccccc32)cc(C(C)(C)C)c1O,group_B,U21_EPA_CPDat_Uv_Absorber,,,,,,
MOL_B_000928,CC(C)(C)c1cc(Cn2ccnc2)c(O)c(C(C)(C)C)c1,group_B,U21_EPA_CPDat_Uv_Absorber,,,,,,
MOL_B_000929,CC(C)(C)c1cc(F)c(O)c(C(C)(C)C)c1,group_B,U21_EPA_CPDat_Uv_Absorber,,,,,,
MOL_B_000930,CC(C)(C)c1cc(I)c(O)c(C(C)(C)C)c1,group_B,U21_EPA_CPDat_Uv_Absorber,,,,,,
MOL_B_000931,CC(C)(C)c1cc(I)cc(C(C)(C)C)c1O,group_B,U21_EPA_CPDat_Uv_Absorber,,,,,,
MOL_B_000932,CC(C)(C)c1cc(N(C(=O)C(=O)N(c2cc(C(C)(C)C)c(O)c(C(C)(C)C)c2)c2cc(C(C)(C)C)c(O)c(C(C)(C)C)c2)c2cc(C(C)(C)C)c(O)c(C(C)(C)C)c2)cc(C(C)(C)C)c1O,group_B,U21_EPA_CPDat_Uv_Absorber,,,,,,
MOL_B_000933,CC(C)(C)c1cc(N(C(=O)c2ccccc2)c2cc(C(C)(C)C)c(O)c(C(C)(C)C)c2)cc(C(C)(C)C)c1O,group_B,U21_EPA_CPDat_Uv_Absorber,,,,,,
MOL_B_000934,CC(C)(C)c1cc(N(C(N)=O)c2cc(C(C)(C)C)c(O)c(C(C)(C)C)c2)cc(C(C)(C)C)c1O,group_B,U21_EPA_CPDat_Uv_Absorber,,,,,,
MOL_B_000935,CC(C)(C)c1cc(N(c2ccccc2)c2cc(C(C)(C)C)c(O)c(C(C)(C)C)c2)cc(C(C)(C)C)c1O,group_B,U21_EPA_CPDat_Uv_Absorber,,,,,,
MOL_B_000936,CC(C)(C)c1cc(N=O)cc(C(C)(C)C)c1O,group_B,U21_EPA_CPDat_Uv_Absorber,,,,,,
MOL_B_000937,CC(C)(C)c1cc(N=O)ccc1O,group_B,U21_EPA_CPDat_Uv_Absorber,,,,,,
MOL_B_000938,CC(C)(C)c1cc(NC(=O)C(=O)Nc2cc(C(C)(C)C)cc(C(C)(C)C)c2O)c(O)c(C(C)(C)C)c1,group_B,U21_EPA_CPDat_Uv_Absorber,,,,,,
MOL_B_000939,CC(C)(C)c1cc(NC(=O)CSCC(=O)Nc2cc(C(C)(C)C)c(O)c(C(C)(C)C)c2)cc(C(C)(C)C)c1O,group_B,U21_EPA_CPDat_Uv_Absorber,,,,,,
MOL_B_000940,CC(C)(C)c1cc(NC(=O)Nc2cc(C(C)(C)C)c(O)c(C(C)(C)C)c2)cc(C(C)(C)C)c1O,group_B,U21_EPA_CPDat_Uv_Absorber,,,,,,
MOL_B_000941,CC(C)(C)c1cc(NC(=O)c2ccccc2)cc(C(C)(C)C)c1O,group_B,U21_EPA_CPDat_Uv_Absorber,,,,,,
MOL_B_000942,CC(C)(C)c1cc(NC(N)=O)cc(C(C)(C)C)c1O,group_B,U21_EPA_CPDat_Uv_Absorber,,,,,,
MOL_B_000943,CC(C)(C)c1cc(NC=O)cc(C(C)(C)C)c1O,group_B,U21_EPA_CPDat_Uv_Absorber,,,,,,
MOL_B_000944,CC(C)(C)c1cc(NS(=O)(=O)c2ccccc2)cc(C(C)(C)C)c1O,group_B,U21_EPA_CPDat_Uv_Absorber,,,,,,
MOL_B_000945,CC(C)(C)c1cc(NS(C)(=O)=O)cc(C(C)(C)C)c1O,group_B,U21_EPA_CPDat_Uv_Absorber,,,,,,
MOL_B_000946,CC(C)(C)c1cc(Nc2cc(C(C)(C)C)c(O)c(C(C)(C)C)c2)cc(C(C)(C)C)c1O,group_B,U21_EPA_CPDat_Uv_Absorber,,,,,,
MOL_B_000947,CC(C)(C)c1cc(Nc2cccc(Nc3cc(C(C)(C)C)cc(C(C)(C)C)c3O)c2)c(O)c(C(C)(C)C)c1,group_B,U21_EPA_CPDat_Uv_Absorber,,,,,,
MOL_B_000948,CC(C)(C)c1cc(Nc2ccccc2C(=O)O)c(O)c(C(C)(C)C)c1,group_B,U21_EPA_CPDat_Uv_Absorber,,,,,,
MOL_B_000949,CC(C)(C)c1cc(Nc2ccccc2O)cc(C(C)(C)C)c1O,group_B,U21_EPA_CPDat_Uv_Absorber,,,,,,
MOL_B_000950,CC(C)(C)c1cc(O)c(C(C)(C)C)c(SSc2cc(C(C)(C)C)cc(O)c2C(C)(C)C)c1,group_B,U21_EPA_CPDat_Uv_Absorber,,,,,,
MOL_B_000951,CC(C)(C)c1cc(O)c(C(C)(C)c2ccccc2)cc1O,group_B,U21_EPA_CPDat_Uv_Absorber,,,,,,
MOL_B_000952,CC(C)(C)c1cc(O)c(Cc2cc(O)c(C(C)(C)C)cc2O)cc1O,group_B,U21_EPA_CPDat_Uv_Absorber,,,,,,
MOL_B_000953,CC(C)(C)c1cc(O)c(O)c(C(C)(C)C)c1,group_B,U21_EPA_CPDat_Uv_Absorber,,,,,,
MOL_B_000954,CC(C)(C)c1cc(O)c(O)c(C=O)c1,group_B,U21_EPA_CPDat_Uv_Absorber,,,,,,
MOL_B_000955,CC(C)(C)c1cc(O)c(O)c(O)c1,group_B,U21_EPA_CPDat_Uv_Absorber,,,,,,
MOL_B_000956,CC(C)(C)c1cc(O)c(O)cc1C(c1ccccc1)c1cc(O)c(O)cc1C(C)(C)C,group_B,U21_EPA_CPDat_Uv_Absorber,,,,,,
MOL_B_000957,CC(C)(C)c1cc(O)c(O)cc1O,group_B,U21_EPA_CPDat_Uv_Absorber,,,,,,
MOL_B_000958,CC(C)(C)c1cc(O)c(Sc2c(O)cc(C(C)(C)C)cc2C(C)(C)C)c(C(C)(C)C)c1,group_B,U21_EPA_CPDat_Uv_Absorber,,,,,,
MOL_B_000959,CC(C)(C)c1cc(O)c([N+](=O)[O-])c(C(C)(C)C)c1,group_B,U21_EPA_CPDat_Uv_Absorber,,,,,,
MOL_B_000960,CC(C)(C)c1cc(O)cc(C(=O)O)c1,group_B,U21_EPA_CPDat_Uv_Absorber,,,,,,
MOL_B_000961,CC(C)(C)c1cc(O)cc(C(C)(C)C)c1,group_B,U21_EPA_CPDat_Uv_Absorber,,,,,,
MOL_B_000962,CC(C)(C)c1cc(O)cc(C(C)(C)C)c1C(C)(C)c1c(C(C)(C)C)cc(O)cc1C(C)(C)C,group_B,U21_EPA_CPDat_Uv_Absorber,,,,,,
MOL_B_000963,CC(C)(C)c1cc(O)cc(C(C)(C)C)c1C(c1ccc(O)cc1)c1c(C(C)(C)C)cc(O)cc1C(C)(C)C,group_B,U21_EPA_CPDat_Uv_Absorber,,,,,,
MOL_B_000964,CC(C)(C)c1cc(O)cc(C(C)(C)C)c1Cc1c(C(C)(C)C)cc(O)cc1C(C)(C)C,group_B,U21_EPA_CPDat_Uv_Absorber,,,,,,
MOL_B_000965,CC(C)(C)c1cc(O)cc(C(C)(C)C)c1O,group_B,U21_EPA_CPDat_Uv_Absorber,,,,,,
MOL_B_000966,CC(C)(C)c1cc(O)cc(C=O)c1O,group_B,U21_EPA_CPDat_Uv_Absorber,,,,,,
MOL_B_000967,CC(C)(C)c1cc(O)cc(O)c1,group_B,U21_EPA_CPDat_Uv_Absorber,,,,,,
MOL_B_000968,CC(C)(C)c1cc(O)ccc1-c1ccc(O)cc1,group_B,U21_EPA_CPDat_Uv_Absorber,,,,,,
MOL_B_000969,CC(C)(C)c1cc(O)ccc1O,group_B,U21_EPA_CPDat_Uv_Absorber,,,,,,
MOL_B_000970,CC(C)(C)c1cc(OCCC(=O)O)cc(C(C)(C)C)c1O,group_B,U21_EPA_CPDat_Uv_Absorber,,,,,,
MOL_B_000971,CC(C)(C)c1cc(OCCCOc2cc(C(C)(C)C)c(O)c(C(C)(C)C)c2)cc(C(C)(C)C)c1O,group_B,U21_EPA_CPDat_Uv_Absorber,,,,,,
MOL_B_000972,CC(C)(C)c1cc(OP(=O)(Oc2cc(C(C)(C)C)c(O)c(C(C)(C)C)c2)Oc2cc(C(C)(C)C)c(O)c(C(C)(C)C)c2)cc(C(C)(C)C)c1O,group_B,U21_EPA_CPDat_Uv_Absorber,,,,,,
MOL_B_000973,CC(C)(C)c1cc(OP(=O)(Oc2ccc(O)c(C(C)(C)C)c2)Oc2ccc(O)c(C(C)(C)C)c2)ccc1O,group_B,U21_EPA_CPDat_Uv_Absorber,,,,,,
MOL_B_000974,CC(C)(C)c1cc(Oc2cc(C(C)(C)C)c(O)c(C(C)(C)C)c2)cc(C(C)(C)C)c1O,group_B,U21_EPA_CPDat_Uv_Absorber,,,,,,
MOL_B_000975,CC(C)(C)c1cc(Oc2ccccc2)cc(C(C)(C)C)c1O,group_B,U21_EPA_CPDat_Uv_Absorber,,,,,,
MOL_B_000976,CC(C)(C)c1cc(P(=O)(O)O)cc(C(C)(C)C)c1O,group_B,U21_EPA_CPDat_Uv_Absorber,,,,,,
MOL_B_000977,CC(C)(C)c1cc(Pc2cc(C(C)(C)C)c(O)c(C(C)(C)C)c2)cc(C(C)(C)C)c1O,group_B,U21_EPA_CPDat_Uv_Absorber,,,,,,
MOL_B_000978,CC(C)(C)c1cc(S(=O)(=O)Cl)cc(C(C)(C)C)c1O,group_B,U21_EPA_CPDat_Uv_Absorber,,,,,,
MOL_B_000979,CC(C)(C)c1cc(S(=O)c2cc(C(C)(C)C)c(O)c(C(C)(C)C)c2)cc(C(C)(C)C)c1O,group_B,U21_EPA_CPDat_Uv_Absorber,,,,,,
MOL_B_000980,CC(C)(C)c1cc(S)c(O)c(C(C)(C)C)c1,group_B,U21_EPA_CPDat_Uv_Absorber,,,,,,
MOL_B_000981,CC(C)(C)c1cc(SC#N)cc(C(C)(C)C)c1O,group_B,U21_EPA_CPDat_Uv_Absorber,,,,,,
MOL_B_000982,CC(C)(C)c1cc(SC2(Sc3cc(C(C)(C)C)c(O)c(C(C)(C)C)c3)CC2)cc(C(C)(C)C)c1O,group_B,U21_EPA_CPDat_Uv_Absorber,,,,,,
MOL_B_000983,CC(C)(C)c1cc(SCC#N)cc(C(C)(C)C)c1O,group_B,U21_EPA_CPDat_Uv_Absorber,,,,,,
MOL_B_000984,CC(C)(C)c1cc(SCC(=O)O)cc(C(C)(C)C)c1O,group_B,U21_EPA_CPDat_Uv_Absorber,,,,,,
MOL_B_000985,CC(C)(C)c1cc(SCC(N)=O)cc(C(C)(C)C)c1O,group_B,U21_EPA_CPDat_Uv_Absorber,,,,,,
MOL_B_000986,CC(C)(C)c1cc(SCCC(=O)O)cc(C(C)(C)C)c1O,group_B,U21_EPA_CPDat_Uv_Absorber,,,,,,
MOL_B_000987,CC(C)(C)c1cc(SCCCC(=O)O)cc(C(C)(C)C)c1O,group_B,U21_EPA_CPDat_Uv_Absorber,,,,,,
MOL_B_000988,CC(C)(C)c1cc(SCCCSc2cc(C(C)(C)C)cc(C(C)(C)C)c2O)c(O)c(C(C)(C)C)c1,group_B,U21_EPA_CPDat_Uv_Absorber,,,,,,
MOL_B_000989,CC(C)(C)c1cc(SCN(c2ccccc2)c2ccccc2)cc(C(C)(C)C)c1O,group_B,U21_EPA_CPDat_Uv_Absorber,,,,,,
MOL_B_000990,CC(C)(C)c1cc(SCSc2cc(C(C)(C)C)c(O)c(C(C)(C)C)c2)cc(C(C)(C)C)c1O,group_B,U21_EPA_CPDat_Uv_Absorber,,,,,,
MOL_B_000991,CC(C)(C)c1cc(SC[Si](C)(C)c2ccccc2)cc(C(C)(C)C)c1O,group_B,U21_EPA_CPDat_Uv_Absorber,,,,,,
MOL_B_000992,CC(C)(C)c1cc(SCc2ccc([N+](=O)[O-])cc2)cc(C(C)(C)C)c1O,group_B,U21_EPA_CPDat_Uv_Absorber,,,,,,
MOL_B_000993,CC(C)(C)c1cc(SCl)cc(C(C)(C)C)c1O,group_B,U21_EPA_CPDat_Uv_Absorber,,,,,,
MOL_B_000994,CC(C)(C)c1cc(SSSSSc2cc(C(C)(C)C)c(O)c(C(C)(C)C)c2)cc(C(C)(C)C)c1O,group_B,U21_EPA_CPDat_Uv_Absorber,,,,,,
MOL_B_000995,CC(C)(C)c1cc(SSSSc2cc(C(C)(C)C)c(O)c(C(C)(C)C)c2)cc(C(C)(C)C)c1O,group_B,U21_EPA_CPDat_Uv_Absorber,,,,,,
MOL_B_000996,CC(C)(C)c1cc(SSSc2cc(C(C)(C)C)c(O)c(C(C)(C)C)c2)cc(C(C)(C)C)c1O,group_B,U21_EPA_CPDat_Uv_Absorber,,,,,,
MOL_B_000997,CC(C)(C)c1cc(SSSc2cc(C(C)(C)C)cc(C(C)(C)C)c2O)c(O)c(C(C)(C)C)c1,group_B,U21_EPA_CPDat_Uv_Absorber,,,,,,
MOL_B_000998,CC(C)(C)c1cc(SSSc2ccc(O)c(C(C)(C)C)c2)ccc1O,group_B,U21_EPA_CPDat_Uv_Absorber,,,,,,
MOL_B_000999,CC(C)(C)c1cc(SSc2cc(C(C)(C)C)c(O)c(C(C)(C)C)c2)cc(C(C)(C)C)c1O,group_B,U21_EPA_CPDat_Uv_Absorber,,,,,,
MOL_B_001000,CC(C)(C)c1cc(SSc2cc(C(C)(C)C)cc(C(C)(C)C)c2O)c(O)c(C(C)(C)C)c1,group_B,U21_EPA_CPDat_Uv_Absorber,,,,,,
MOL_B_001001,CC(C)(C)c1cc(SSc2ccc(O)c(C(C)(C)C)c2)ccc1O,group_B,U21_EPA_CPDat_Uv_Absorber,,,,,,
MOL_B_001002,CC(C)(C)c1cc(Sc2cc(C(C)(C)C)c(O)c(C(C)(C)C)c2)cc(C(C)(C)C)c1O,group_B,U21_EPA_CPDat_Uv_Absorber,,,,,,
MOL_B_001003,CC(C)(C)c1cc(Sc2cc(C(C)(C)C)c(O)cc2C(C)(C)C)c(C(C)(C)C)cc1O,group_B,U21_EPA_CPDat_Uv_Absorber,,,,,,
MOL_B_001004,CC(C)(C)c1cc(Sc2ccc(O)c(C(C)(C)C)c2)ccc1O,group_B,U21_EPA_CPDat_Uv_Absorber,,,,,,
MOL_B_001005,CC(C)(C)c1cc(Sc2ccccc2)cc(C(C)(C)C)c1O,group_B,U21_EPA_CPDat_Uv_Absorber,,,,,,
MOL_B_001006,CC(C)(C)c1cc([N+](=O)[O-])c(O)c(C(C)(C)C)c1,group_B,U21_EPA_CPDat_Uv_Absorber,,,,,,
MOL_B_001007,CC(C)(C)c1cc([N+](=O)[O-])cc(C(C)(C)C)c1O,group_B,U21_EPA_CPDat_Uv_Absorber,,,,,,
MOL_B_001008,CC(C)(C)c1cc([Se]c2cc(C(C)(C)C)cc(C(C)(C)C)c2O)c(O)c(C(C)(C)C)c1,group_B,U21_EPA_CPDat_Uv_Absorber,,,,,,
MOL_B_001009,CC(C)(C)c1cc([Si](C)(C)c2cc(C(C)(C)C)c(O)c(C(C)(C)C)c2)cc(C(C)(C)C)c1O,group_B,U21_EPA_CPDat_Uv_Absorber,,,,,,
MOL_B_001010,CC(C)(C)c1cc([Si](c2ccccc2)(c2ccccc2)c2ccccc2)c(O)[c]([Ge]([CH3])([CH3])[CH3])c1,group_B,U21_EPA_CPDat_Uv_Absorber,,,,,,
MOL_B_001011,CC(C)(C)c1cc([Si](c2ccccc2)(c2ccccc2)c2ccccc2)cc(C(C)(C)C)c1O,group_B,U21_EPA_CPDat_Uv_Absorber,,,,,,
MOL_B_001012,CC(C)(C)c1cc2c(O)c(c1)Cc1cc(C(C)(C)C)cc(c1OC(=O)c1ccccc1)Cc1cc(C(C)(C)C)cc(c1OC(=O)c1ccccc1)Cc1cc(C(C)(C)C)cc(c1OC(=O)c1ccccc1)C2,group_B,U21_EPA_CPDat_Uv_Absorber,,,,,,
MOL_B_001013,CC(C)(C)c1cc2c(O)c(c1)S(=O)(=O)c1cc(C(C)(C)C)cc(c1O)S(=O)(=O)c1cc(C(C)(C)C)cc(c1O)S(=O)(=O)c1cc(C(C)(C)C)cc(c1O)S2(=O)=O,group_B,U21_EPA_CPDat_Uv_Absorber,,,,,,
MOL_B_001014,CC(C)(C)c1cc2c(O)c(c1)Sc1cc(C(C)(C)C)cc(c1O)Sc1cc(C(C)(C)C)cc(c1O)Sc1cc(C(C)(C)C)cc(c1O)S2,group_B,U21_EPA_CPDat_Uv_Absorber,,,,,,
MOL_B_001015,CC(C)(C)c1cc2c(c(C(C)(C)C)c1O)CCO2,group_B,U21_EPA_CPDat_Uv_Absorber,,,,,,
MOL_B_001016,CC(C)(C)c1cc2c(c(C(C)(C)C)c1O)OCO2,group_B,U21_EPA_CPDat_Uv_Absorber,,,,,,
MOL_B_001017,CC(C)(C)c1cc2c(cc1O)OCCCO2,group_B,U21_EPA_CPDat_Uv_Absorber,,,,,,
MOL_B_001018,CC(C)(C)c1ccc(-c2cc(O)cc(C#N)c2)cc1,group_B,U21_EPA_CPDat_Uv_Absorber,,,,,,
MOL_B_001019,CC(C)(C)c1ccc(-c2cc(O)cc(C(=O)O)c2)cc1,group_B,U21_EPA_CPDat_Uv_Absorber,,,,,,
MOL_B_001020,CC(C)(C)c1ccc(-c2cc(Sc3cc(-c4ccc(C(C)(C)C)cc4)cc(C(C)(C)C)c3O)c(O)c(C(C)(C)C)c2)cc1,group_B,U21_EPA_CPDat_Uv_Absorber,,,,,,
MOL_B_001021,CC(C)(C)c1ccc(-c2ccc(C#N)c(O)c2)cc1,group_B,U21_EPA_CPDat_Uv_Absorber,,,,,,
MOL_B_001022,CC(C)(C)c1ccc(-c2ccc(C(=O)O)c(O)c2)cc1,group_B,U21_EPA_CPDat_Uv_Absorber,,,,,,
MOL_B_001023,CC(C)(C)c1ccc(-c2ccc(C(=O)O)cc2O)cc1,group_B,U21_EPA_CPDat_Uv_Absorber,,,,,,
MOL_B_001024,CC(C)(C)c1ccc(-c2ccc(C=O)c(O)c2)cc1,group_B,U21_EPA_CPDat_Uv_Absorber,,,,,,
MOL_B_001025,CC(C)(C)c1ccc(-c2ccc(O)c(C#N)c2)cc1,group_B,U21_EPA_CPDat_Uv_Absorber,,,,,,
MOL_B_001026,CC(C)(C)c1ccc(-c2ccc(O)c(C(=O)O)c2)cc1,group_B,U21_EPA_CPDat_Uv_Absorber,,,,,,
MOL_B_001027,CC(C)(C)c1ccc(-c2ccc(O)c(C(C)(C)C)c2)cc1,group_B,U21_EPA_CPDat_Uv_Absorber,,,,,,
MOL_B_001028,CC(C)(C)c1ccc(-c2ccc(O)c(C=O)c2)cc1,group_B,U21_EPA_CPDat_Uv_Absorber,,,,,,
MOL_B_001029,CC(C)(C)c1ccc(-c2ccc(O)cc2)cc1,group_B,U21_EPA_CPDat_Uv_Absorber,,,,,,
MOL_B_001030,CC(C)(C)c1ccc(-c2cccc(C=O)c2O)cc1,group_B,U21_EPA_CPDat_Uv_Absorber,,,,,,
MOL_B_001031,CC(C)(C)c1ccc(-c2cccc(O)c2)cc1,group_B,U21_EPA_CPDat_Uv_Absorber,,,,,,
MOL_B_001032,CC(C)(C)c1ccc(-c2ccccc2O)cc1,group_B,U21_EPA_CPDat_Uv_Absorber,,,,,,
MOL_B_001033,CC(C)(C)c1ccc(C#N)c(O)c1,group_B,U21_EPA_CPDat_Uv_Absorber,,,,,,
MOL_B_001034,CC(C)(C)c1ccc(C(=O)CC(CC(=O)c2ccc(C(C)(C)C)cc2)(c2ccccc2)c2ccccc2)cc1,group_B,U21_EPA_CPDat_Uv_Absorber,,,,,,
MOL_B_001035,CC(C)(C)c1ccc(C(=O)CCCN2CCC(O)CC2)cc1,group_B,U21_EPA_CPDat_Uv_Absorber,,,,,,
MOL_B_001036,CC(C)(C)c1ccc(C(=O)N/N=C/c2ccccc2O)cc1,group_B,U21_EPA_CPDat_Uv_Absorber,,,,,,
MOL_B_001037,CC(C)(C)c1ccc(C(=O)O)c(O)c1,group_B,U21_EPA_CPDat_Uv_Absorber,,,,,,
MOL_B_001038,CC(C)(C)c1ccc(C(=O)O)c(O)c1C(C)(C)C,group_B,U21_EPA_CPDat_Uv_Absorber,,,,,,
MOL_B_001039,CC(C)(C)c1ccc(C(=O)c2cc(C(=O)c3ccc(C(C)(C)C)cc3)cc(C(=O)c3ccc(C(C)(C)C)cc3)c2)cc1,group_B,U21_EPA_CPDat_Uv_Absorber,,,,,,
MOL_B_001040,CC(C)(C)c1ccc(C(=O)c2ccc(C(=O)c3ccc(C(C)(C)C)cc3)cc2)cc1,group_B,U21_EPA_CPDat_Uv_Absorber,,,,,,
MOL_B_001041,CC(C)(C)c1ccc(C(=O)c2ccc(C(C)(C)C)cc2)cc1,group_B,U21_EPA_CPDat_Uv_Absorber,,,,,,
MOL_B_001042,CC(C)(C)c1ccc(C(=O)c2ccc(C(C)(C)C)cc2C(C)(C)C)c(C(C)(C)C)c1,group_B,U21_EPA_CPDat_Uv_Absorber,,,,,,
MOL_B_001043,CC(C)(C)c1ccc(C(=O)c2ccc(O)cc2O)cc1,group_B,U21_EPA_CPDat_Uv_Absorber,,,,,,
MOL_B_001044,CC(C)(C)c1ccc(C(=O)c2cccc(C(=O)c3ccc(C(C)(C)C)cc3)c2)cc1,group_B,U21_EPA_CPDat_Uv_Absorber,,,,,,
MOL_B_001045,CC(C)(C)c1ccc(C(=O)c2ccccc2)c(C(C)(C)C)c1,group_B,U21_EPA_CPDat_Uv_Absorber,,,,,,
MOL_B_001046,CC(C)(C)c1ccc(C(=O)c2ccccc2)cc1,group_B,U21_EPA_CPDat_Uv_Absorber,,,,,,
MOL_B_001047,CC(C)(C)c1ccc(C(C)(C)C)c(O)c1,group_B,U21_EPA_CPDat_Uv_Absorber,,,,,,
MOL_B_001048,CC(C)(C)c1ccc(C(C)(C)C)c(O)c1O,group_B,U21_EPA_CPDat_Uv_Absorber,,,,,,
MOL_B_001049,CC(C)(C)c1ccc(C=O)c(O)c1,group_B,U21_EPA_CPDat_Uv_Absorber,,,,,,
MOL_B_001050,CC(C)(C)c1ccc(CCC=O)cc1,group_B,U07_ICE_Sensitization;U09_HPPT,,,,,0.0,
MOL_B_001051,CC(C)(C)c1ccc(CNC(=S)NCc2ccc(C(C)(C)C)c(C(C)(C)C)c2O)c(O)c1C(C)(C)C,group_B,U21_EPA_CPDat_Uv_Absorber,,,,,,
MOL_B_001052,CC(C)(C)c1ccc(COC(=O)c2ccc(O)cc2)cc1,group_B,U21_EPA_CPDat_Uv_Absorber,,,,,,
MOL_B_001053,CC(C)(C)c1ccc(O)c(-c2ccccc2)c1,group_B,U21_EPA_CPDat_Uv_Absorber,,,,,,
MOL_B_001054,CC(C)(C)c1ccc(O)c(-c2coc3ccc(C(C)(C)C)cc23)c1,group_B,U21_EPA_CPDat_Uv_Absorber,,,,,,
MOL_B_001055,CC(C)(C)c1ccc(O)c(-n2nc3ccc(Cl)cc3n2)c1,group_B,U21_EPA_CPDat_Uv_Absorber,,,,,,
MOL_B_001056,CC(C)(C)c1ccc(O)c(-n2nc3ccccc3n2)c1,group_B,U21_EPA_CPDat_Uv_Absorber,,,,,,
MOL_B_001057,CC(C)(C)c1ccc(O)c(C(=O)Nc2ccc(C#N)cc2)c1,group_B,U21_EPA_CPDat_Uv_Absorber,,,,,,
MOL_B_001058,CC(C)(C)c1ccc(O)c(C(=O)Nc2ccc([N+](=O)[O-])cc2)c1,group_B,U21_EPA_CPDat_Uv_Absorber,,,,,,
MOL_B_001059,CC(C)(C)c1ccc(O)c(C(=O)O)c1,group_B,U21_EPA_CPDat_Uv_Absorber,,,,,,
MOL_B_001060,CC(C)(C)c1ccc(O)c(C(=O)Oc2ccccc2)c1,group_B,U21_EPA_CPDat_Uv_Absorber,,,,,,
MOL_B_001061,CC(C)(C)c1ccc(O)c(C(=O)c2cc(C(C)(C)C)ccc2O)c1,group_B,U21_EPA_CPDat_Uv_Absorber,,,,,,
MOL_B_001062,CC(C)(C)c1ccc(O)c(C(=O)c2cnn(-c3ccccc3)c2)c1,group_B,U21_EPA_CPDat_Uv_Absorber,,,,,,
MOL_B_001063,CC(C)(C)c1ccc(O)c(C(C)(C)C#N)c1,group_B,U21_EPA_CPDat_Uv_Absorber,,,,,,
MOL_B_001064,CC(C)(C)c1ccc(O)c(C(C)(C)C)c1,group_B,U21_EPA_CPDat_Uv_Absorber,,,,,,
MOL_B_001065,CC(C)(C)c1ccc(O)c(C(C)(C)c2ccccc2)c1,group_B,U21_EPA_CPDat_Uv_Absorber,,,,,,
MOL_B_001066,CC(C)(C)c1ccc(O)c(C=O)c1,group_B,U21_EPA_CPDat_Uv_Absorber,,,,,,
MOL_B_001067,CC(C)(C)c1ccc(O)c(CN2CCCCC2)c1,group_B,U21_EPA_CPDat_Uv_Absorber,,,,,,
MOL_B_001068,CC(C)(C)c1ccc(O)c(COCc2cc(C(C)(C)C)ccc2O)c1,group_B,U21_EPA_CPDat_Uv_Absorber,,,,,,
MOL_B_001069,CC(C)(C)c1ccc(O)c(CSCc2ccccc2)c1,group_B,U21_EPA_CPDat_Uv_Absorber,,,,,,
MOL_B_001070,CC(C)(C)c1ccc(O)c(CSc2ccccc2)c1,group_B,U21_EPA_CPDat_Uv_Absorber,,,,,,
MOL_B_001071,CC(C)(C)c1ccc(O)c(C[N+](C)(C)C)c1,group_B,U21_EPA_CPDat_Uv_Absorber,,,,,,
MOL_B_001072,CC(C)(C)c1ccc(O)c(Cc2cc(Br)cc(Cc3cc(C(C)(C)C)ccc3O)c2O)c1,group_B,U21_EPA_CPDat_Uv_Absorber,,,,,,
MOL_B_001073,CC(C)(C)c1ccc(O)c(Cc2cc(Cl)cc(Cc3cc(C(C)(C)C)ccc3O)c2O)c1,group_B,U21_EPA_CPDat_Uv_Absorber,,,,,,
MOL_B_001074,CC(C)(C)c1ccc(O)c(Cc2cc(Cl)ccc2O)c1,group_B,U21_EPA_CPDat_Uv_Absorber,,,,,,
MOL_B_001075,CC(C)(C)c1ccc(O)c(Cc2ccc(Cl)c(Cl)c2)c1,group_B,U21_EPA_CPDat_Uv_Absorber,,,,,,
MOL_B_001076,CC(C)(C)c1ccc(O)c(Cc2ccc(Cl)cc2)c1,group_B,U21_EPA_CPDat_Uv_Absorber,,,,,,
MOL_B_001077,CC(C)(C)c1ccc(O)c(Cc2ccc(Cl)cc2Cl)c1,group_B,U21_EPA_CPDat_Uv_Absorber,,,,,,
MOL_B_001078,CC(C)(C)c1ccc(O)c(Cc2ccccc2)c1,group_B,U21_EPA_CPDat_Uv_Absorber,,,,,,
MOL_B_001079,CC(C)(C)c1ccc(O)c(N=O)c1,group_B,U21_EPA_CPDat_Uv_Absorber,,,,,,
MOL_B_001080,CC(C)(C)c1ccc(O)c(NC(=O)c2ccc([N+](=O)[O-])cc2)c1,group_B,U21_EPA_CPDat_Uv_Absorber,,,,,,
MOL_B_001081,CC(C)(C)c1ccc(O)c(O)c1Sc1c(C(C)(C)C)ccc(O)c1O,group_B,U21_EPA_CPDat_Uv_Absorber,,,,,,
MOL_B_001082,CC(C)(C)c1ccc(O)c(P(=O)(c2ccccc2)c2ccccc2)c1,group_B,U21_EPA_CPDat_Uv_Absorber,,,,,,
MOL_B_001083,CC(C)(C)c1ccc(O)c(S(C)(=O)=O)c1,group_B,U21_EPA_CPDat_Uv_Absorber,,,,,,
MOL_B_001084,CC(C)(C)c1ccc(O)c(S)c1,group_B,U21_EPA_CPDat_Uv_Absorber,,,,,,
MOL_B_001085,CC(C)(C)c1ccc(O)c(SCCC#N)c1,group_B,U21_EPA_CPDat_Uv_Absorber,,,,,,
MOL_B_001086,CC(C)(C)c1ccc(O)c(SCc2ccccc2)c1,group_B,U21_EPA_CPDat_Uv_Absorber,,,,,,
MOL_B_001087,CC(C)(C)c1ccc(O)c(SSc2cc(C(C)(C)C)ccc2O)c1,group_B,U21_EPA_CPDat_Uv_Absorber,,,,,,
MOL_B_001088,CC(C)(C)c1ccc(O)c(Sc2cc(C(C)(C)C)ccc2O)c1,group_B,U21_EPA_CPDat_Uv_Absorber,,,,,,
MOL_B_001089,CC(C)(C)c1ccc(O)cc1,group_B,U07_ICE_Sensitization;U09_HPPT;U21_EPA_CPDat_Uv_Absorber,,,,,0.0,
MOL_B_001090,CC(C)(C)c1ccc(O)cc1C(C)(C)C,group_B,U21_EPA_CPDat_Uv_Absorber,,,,,,
MOL_B_001091,CC(C)(C)c1ccc(O)cc1O,group_B,U21_EPA_CPDat_Uv_Absorber,,,,,,
MOL_B_001092,CC(C)(C)c1ccc(OC(=O)c2cc(C(C)(C)C)c(O)c(C(C)(C)C)c2)c(C(C)(C)C)c1,group_B,U21_EPA_CPDat_Uv_Absorber,,,,,,
MOL_B_001093,CC(C)(C)c1ccc(OC(=O)c2cc(C(C)(C)C)c(O)c(C(C)(C)C)c2)c(C2C(=O)Oc3ccc(C(C)(C)C)cc32)c1,group_B,U21_EPA_CPDat_Uv_Absorber,,,,,,
MOL_B_001094,CC(C)(C)c1ccc(OC(=O)c2ccccc2O)cc1,group_B,U21_EPA_CPDat_Uv_Absorber,,,,,,
MOL_B_001095,CC(C)(C)c1ccc(Oc2cc(C(C)(C)C)ccc2O)cc1,group_B,U21_EPA_CPDat_Uv_Absorber,,,,,,
MOL_B_001096,CC(C)(C)c1ccc(S(=O)(=O)Nc2ccc(O)c(Sc3nc4ccccc4s3)c2)cc1,group_B,U21_EPA_CPDat_Uv_Absorber,,,,,,
MOL_B_001097,CC(C)(C)c1ccc([O][Sb]2[O]c3ccc(C(C)(C)C)cc3[O]2)c(O)c1,group_B,U21_EPA_CPDat_Uv_Absorber,,,,,,
MOL_B_001098,CC(C)(C)c1cccc(-c2ccccc2)c1O,group_B,U21_EPA_CPDat_Uv_Absorber,,,,,,
MOL_B_001099,CC(C)(C)c1cccc(C(=O)O)c1O,group_B,U21_EPA_CPDat_Uv_Absorber,,,,,,
MOL_B_001100,CC(C)(C)c1cccc(C(N2CCCCC2)N2CCCCC2)c1,group_B,U21_EPA_CPDat_Uv_Absorber,,,,,,
MOL_B_001101,CC(C)(C)c1cccc(C(c2ccccc2)c2cccc(C(C)(C)C)c2O)c1O,group_B,U21_EPA_CPDat_Uv_Absorber,,,,,,
MOL_B_001102,CC(C)(C)c1cccc(C=O)c1O,group_B,U21_EPA_CPDat_Uv_Absorber,,,,,,
MOL_B_001103,CC(C)(C)c1cccc(CN(Cc2cccc(C(C)(C)C)c2O)Cc2cccc(C(C)(C)C)c2O)c1O,group_B,U21_EPA_CPDat_Uv_Absorber,,,,,,
MOL_B_001104,CC(C)(C)c1cccc(Cc2cccc(C(C)(C)C)c2O)c1O,group_B,U21_EPA_CPDat_Uv_Absorber,,,,,,
MOL_B_001105,CC(C)(C)c1cccc(O)c1,group_B,U21_EPA_CPDat_Uv_Absorber,,,,,,
MOL_B_001106,CC(C)(C)c1cccc(O)c1C(C)(C)C,group_B,U21_EPA_CPDat_Uv_Absorber,,,,,,
MOL_B_001107,CC(C)(C)c1cccc(O)c1Cc1c(O)cccc1C(C)(C)C,group_B,U21_EPA_CPDat_Uv_Absorber,,,,,,
MOL_B_001108,CC(C)(C)c1ccccc1C(=O)c1ccccc1,group_B,U21_EPA_CPDat_Uv_Absorber,,,,,,
MOL_B_001109,CC(C)(C)c1ccccc1O,group_B,U07_ICE_Irritation;U21_EPA_CPDat_Uv_Absorber,,,,,,1.0
MOL_B_001110,CC(C)(C)c1ccccc1OP(Oc1ccccc1C(C)(C)C)Oc1ccccc1C(C)(C)C,group_B,U21_EPA_CPDat_Uv_Absorber,,,,,,
MOL_B_001111,CC(C)(C)c1cnc(CSc2cnc(NC(=O)C3CCNCC3)s2)o1,group_B,U21_EPA_CPDat_Uv_Absorber,,,,,,
MOL_B_001112,CC(C)(C=C(c1ccccc1)c1ccccc1)C(=O)c1ccccc1,group_B,U21_EPA_CPDat_Uv_Absorber,,,,,,
MOL_B_001113,CC(C)(CO)COC(=O)C(C#N)=C(c1ccccc1)c1ccccc1,group_B,U21_EPA_CPDat_Uv_Absorber,,,,,,
MOL_B_001114,CC(C)(Cc1ccccc1)OC=O,group_B,U07_ICE_Sensitization;U09_HPPT,,,,,0.0,
MOL_B_001115,CC(C)(O)C(=O)O,group_B,U07_ICE_Irritation,,,,,,1.0
MOL_B_001116,CC(C)(O)C(C)(C)O,group_B,U07_ICE_Sensitization;U09_HPPT,,,,,0.0,
MOL_B_001117,CC(C)(O)CCC1CCCCC1,group_B,U07_ICE_Sensitization;U09_HPPT,,,,,0.0,
MOL_B_001118,CC(C)(O)CCCC1=CCC(C=O)CC1,group_B,U07_ICE_Sensitization;U09_HPPT,,,,,0.0,
MOL_B_001119,CC(C)(O)CCc1ccccc1,group_B,U07_ICE_Irritation;U07_ICE_Sensitization;U09_HPPT,,,,,0.0,1.0
MOL_B_001120,CC(C)(O)Cc1ccccc1,group_B,U07_ICE_Sensitization;U09_HPPT,,,,,0.0,
MOL_B_001121,CC(C)(O)c1ccccc1,group_B,U07_ICE_Sensitization;U09_HPPT,,,,,0.0,
MOL_B_001122,CC(C)(Oc1cc(C(=O)c2ccc(Cl)cc2)ccc1O)C(=O)O,group_B,U21_EPA_CPDat_Uv_Absorber,,,,,,
MOL_B_001123,CC(C)(Oc1ccc(C(=O)c2ccccc2)cc1)C(=O)O,group_B,U21_EPA_CPDat_Uv_Absorber,,,,,,
MOL_B_001124,CC(C)(Oc1ccc(C(=O)c2ccccc2)cc1)C(N)=O,group_B,U21_EPA_CPDat_Uv_Absorber,,,,,,
MOL_B_001125,CC(C)(Oc1ccc(Cl)cc1C(=O)c1ccccc1)C(N)=O,group_B,U21_EPA_CPDat_Uv_Absorber,,,,,,
MOL_B_001126,CC(C)(Oc1cccc(C(=O)c2ccccc2)c1)C(=O)O,group_B,U21_EPA_CPDat_Uv_Absorber,,,,,,
MOL_B_001127,CC(C)(Sc1cc(C(C)(C)C)c(O)c(C(C)(C)C)c1)Sc1cc(C(C)(C)C)c(O)c(C(C)(C)C)c1,group_B,U21_EPA_CPDat_Uv_Absorber,,,,,,
MOL_B_001128,CC(C)(Sc1cc(C(C)(C)C)c(O)c(C(C)(C)C)c1)Sc1cc(C(C)(C)C)c(OCC(=O)O)c(C(C)(C)C)c1,group_B,U21_EPA_CPDat_Uv_Absorber,,,,,,
MOL_B_001129,CC(C)(Sc1cc(C(C)(C)C)c(O)c(C(C)(C)C)c1)Sc1cc(C(C)(C)C)c(OCCCC(=O)O)c(C(C)(C)C)c1,group_B,U21_EPA_CPDat_Uv_Absorber,,,,,,
MOL_B_001130,CC(C)([13c]1[13cH][13cH][13c](O)[13cH][13cH]1)[13c]1[13cH][13cH][13c](O)[13cH][13cH]1,group_B,U21_EPA_CPDat_Uv_Absorber,,,,,,
MOL_B_001131,CC(C)(c1cc(Br)c(O)c(Br)c1)c1cc(Br)c(O)c(Br)c1,group_B,U12_SkinPiX,,,,-6.145,,
MOL_B_001132,CC(C)(c1cc(Cc2ccc(O)cc2)c(O)c(Cc2ccc(O)cc2)c1)c1cc(Cc2ccc(O)cc2)c(O)c(Cc2ccc(O)cc2)c1,group_B,U21_EPA_CPDat_Uv_Absorber,,,,,,
MOL_B_001133,CC(C)(c1cc(O)ccc1O)c1cc(O)ccc1O,group_B,U21_EPA_CPDat_Uv_Absorber,,,,,,
MOL_B_001134,CC(C)(c1ccc(C(=O)c2ccccc2)cc1)C(C)(C)[N+](=O)[O-],group_B,U21_EPA_CPDat_Uv_Absorber,,,,,,
MOL_B_001135,CC(C)(c1ccc(C(=O)c2ccccc2)cc1)[N+](=O)[O-],group_B,U21_EPA_CPDat_Uv_Absorber,,,,,,
MOL_B_001136,CC(C)(c1ccc(C(=O)c2ccccc2)cc1)c1ccc(C(=O)c2ccccc2)cc1,group_B,U21_EPA_CPDat_Uv_Absorber,,,,,,
MOL_B_001137,CC(C)(c1ccc(O)c(-c2ccccc2)c1)c1ccc(O)c(-c2ccccc2)c1,group_B,U21_EPA_CPDat_Uv_Absorber,,,,,,
MOL_B_001138,CC(C)(c1ccc(O)c(C(C)(C)c2ccccc2)c1)c1ccc(O)c(C(C)(C)c2ccccc2)c1,group_B,U21_EPA_CPDat_Uv_Absorber,,,,,,
MOL_B_001139,CC(C)(c1ccc(O)cc1)c1cc(C(C)(C)c2ccc(O)cc2)c(O)cc1O,group_B,U21_EPA_CPDat_Uv_Absorber,,,,,,
MOL_B_001140,CC(C)(c1ccc(O)cc1)c1ccc(O)c(-c2ccccc2)c1,group_B,U21_EPA_CPDat_Uv_Absorber,,,,,,
MOL_B_001141,CC(C)(c1ccc(O)cc1)c1ccc(O)c(C(C)(C)c2ccc(O)cc2)c1,group_B,U21_EPA_CPDat_Uv_Absorber,,,,,,
MOL_B_001142,CC(C)(c1ccc(O)cc1)c1ccc(OB2Oc3ccccc3O2)cc1,group_B,U21_EPA_CPDat_Uv_Absorber,,,,,,
MOL_B_001143,CC(C)(c1ccc(O)cc1)c1ccc(OC#N)cc1,group_B,U21_EPA_CPDat_Uv_Absorber,,,,,,
MOL_B_001144,CC(C)(c1ccc(O)cc1)c1ccc(OC(=O)O)cc1,group_B,U21_EPA_CPDat_Uv_Absorber,,,,,,
MOL_B_001145,CC(C)(c1ccc(O)cc1)c1ccc(OCc2cccc(COc3ccc(C(=N)N)cc3)c2)cc1,group_B,U21_EPA_CPDat_Uv_Absorber,,,,,,
MOL_B_001146,CC(C)(c1ccc(O)cc1)c1ccc(OCc2ccccc2)cc1,group_B,U21_EPA_CPDat_Uv_Absorber,,,,,,
MOL_B_001147,CC(C)(c1ccc(O)cc1)c1cccc(C(C)(C)c2ccc(O)cc2)c1,group_B,U21_EPA_CPDat_Uv_Absorber,,,,,,
MOL_B_001148,CC(C)(c1ccc(O)cc1)c1cccc(O)c1,group_B,U21_EPA_CPDat_Uv_Absorber,,,,,,
MOL_B_001149,CC(C)(c1ccc(O)cc1)c1cccc(O)c1C(C)(C)c1ccc(O)cc1,group_B,U21_EPA_CPDat_Uv_Absorber,,,,,,
MOL_B_001150,CC(C)(c1ccc(O)cc1)c1ccccc1O,group_B,U21_EPA_CPDat_Uv_Absorber,,,,,,
MOL_B_001151,CC(C)(c1ccc(OCC2CO2)cc1)c1ccc(OCC2CO2)cc1,group_B,U07_ICE_Sensitization,,,,,1.0,
MOL_B_001152,CC(C)(c1cccc(O)c1)c1cccc(O)c1,group_B,U21_EPA_CPDat_Uv_Absorber,,,,,,
MOL_B_001153,CC(C)(c1ccccc1)c1cc(-n2nc3ccccc3n2)c(O)c(C(C)(C)c2ccccc2)c1,group_B,U21_EPA_CPDat_Uv_Absorber,,,,,,
MOL_B_001154,CC(C)(c1ccccc1)c1cc(C(C)(C)c2ccccc2)c(O)c(C(C)(C)c2ccccc2)c1,group_B,U21_EPA_CPDat_Uv_Absorber,,,,,,
MOL_B_001155,CC(C)(c1ccccc1)c1cc(C(C)(C)c2ccccc2)c(O)c(O)c1O,group_B,U21_EPA_CPDat_Uv_Absorber,,,,,,
MOL_B_001156,CC(C)(c1ccccc1)c1cc(C(C)(C)c2ccccc2)c(O)c(S(=O)(=O)c2cc(C(C)(C)c3ccccc3)cc(C(C)(C)c3ccccc3)c2O)c1,group_B,U21_EPA_CPDat_Uv_Absorber,,,,,,
MOL_B_001157,CC(C)(c1ccccc1)c1cc(Cc2cc(C(C)(C)c3ccccc3)cc(C(C)(C)c3ccccc3)c2O)c(O)c(C(C)(C)c2ccccc2)c1,group_B,U21_EPA_CPDat_Uv_Absorber,,,,,,
MOL_B_001158,CC(C)(c1ccccc1)c1cc(Cc2ccc(O)cc2)c(O)c(Cc2ccc(O)cc2)c1,group_B,U21_EPA_CPDat_Uv_Absorber,,,,,,
MOL_B_001159,CC(C)(c1ccccc1)c1cc(O)c(O)c(C(C)(C)c2ccccc2)c1,group_B,U21_EPA_CPDat_Uv_Absorber,,,,,,
MOL_B_001160,CC(C)(c1ccccc1)c1cc(O)cc(O)c1,group_B,U21_EPA_CPDat_Uv_Absorber,,,,,,
MOL_B_001161,CC(C)(c1ccccc1)c1cc(O)ccc1O,group_B,U21_EPA_CPDat_Uv_Absorber,,,,,,
MOL_B_001162,CC(C)(c1ccccc1)c1cc(SCCSc2cc(C(C)(C)c3ccccc3)cc(C(C)(C)c3ccccc3)c2O)c(O)c(C(C)(C)c2ccccc2)c1,group_B,U21_EPA_CPDat_Uv_Absorber,,,,,,
MOL_B_001163,CC(C)(c1ccccc1)c1cc(SSc2cc(C(C)(C)c3ccccc3)cc(C(C)(C)c3ccccc3)c2O)c(O)c(C(C)(C)c2ccccc2)c1,group_B,U21_EPA_CPDat_Uv_Absorber,,,,,,
MOL_B_001164,CC(C)(c1ccccc1)c1cc2c(cc1O)OCO2,group_B,U21_EPA_CPDat_Uv_Absorber,,,,,,
MOL_B_001165,CC(C)(c1ccccc1)c1ccc(C(=O)c2ccccc2)cc1,group_B,U21_EPA_CPDat_Uv_Absorber,,,,,,
MOL_B_001166,CC(C)(c1ccccc1)c1ccc(O)c(C(=O)O)c1,group_B,U21_EPA_CPDat_Uv_Absorber,,,,,,
MOL_B_001167,CC(C)(c1ccccc1)c1ccc(O)c(C(C)(C)c2ccccc2)c1,group_B,U21_EPA_CPDat_Uv_Absorber,,,,,,
MOL_B_001168,CC(C)(c1ccccc1)c1ccc(O)c(Cc2cc(C(C)(C)c3ccccc3)ccc2O)c1,group_B,U21_EPA_CPDat_Uv_Absorber,,,,,,
MOL_B_001169,CC(C)(c1ccccc1)c1ccc(O)c(O)c1,group_B,U21_EPA_CPDat_Uv_Absorber,,,,,,
MOL_B_001170,CC(C)(c1ccccc1)c1ccc(O)cc1,group_B,U21_EPA_CPDat_Uv_Absorber,,,,,,
MOL_B_001171,CC(C)(c1ccccc1)c1cccc(C(C)(C)c2ccccc2)c1O,group_B,U21_EPA_CPDat_Uv_Absorber,,,,,,
MOL_B_001172,CC(C)(c1ccccc1)c1cccc(N=O)c1O,group_B,U21_EPA_CPDat_Uv_Absorber,,,,,,
MOL_B_001173,CC(C)(c1ccccc1)c1cccc(O)c1,group_B,U21_EPA_CPDat_Uv_Absorber,,,,,,
MOL_B_001174,CC(C)(c1ccccc1)c1cccc(O)c1C(C)(C)c1ccccc1,group_B,U21_EPA_CPDat_Uv_Absorber,,,,,,
MOL_B_001175,CC(C)(c1ccccc1)c1ccccc1O,group_B,U21_EPA_CPDat_Uv_Absorber,,,,,,
MOL_B_001176,CC(C)(c1ccccc1O)c1ccccc1O,group_B,U21_EPA_CPDat_Uv_Absorber,,,,,,
MOL_B_001177,CC(C)=C1CCC(C)C2=C(C1)C(C)CC2,group_B,U09_HPPT,,,,,0.0,
MOL_B_001178,CC(C)=C1CCC(C)CC1=O,group_B,U09_HPPT,,,,,0.0,
MOL_B_001179,CC(C)=C1CC[C@@H](C)CC1=O,group_B,U07_ICE_Sensitization,,,,,0.0,
MOL_B_001180,CC(C)=C1CC[C@H](C)C2=C(C1)[C@@H](C)CC2,group_B,U07_ICE_Sensitization,,,,,0.0,
MOL_B_001181,CC(C)=CC1CC(C)=CCO1,group_B,U07_ICE_Sensitization;U09_HPPT,,,,,0.0,
MOL_B_001182,CC(C)=CC1CC(C)CCO1,group_B,U07_ICE_Sensitization;U09_HPPT,,,,,0.0,
MOL_B_001183,CC(C)=CCC(C)=CCOC(=O)c1ccccc1,group_B,U09_HPPT,,,,,0.0,
MOL_B_001184,CC(C)=CCC/C(C)=C/C(=O)OCCC(C)C,group_B,U07_ICE_Sensitization,,,,,0.0,
MOL_B_001185,CC(C)=CCC/C(C)=C/CC/C(C)=C/C=O,group_B,U07_ICE_Sensitization,,,,,1.0,
MOL_B_001186,CC(C)=CCC/C(C)=C/CO,group_B,U07_ICE_Sensitization;U12_SkinPiX,,,,-4.766500000000001,1.0,
MOL_B_001187,CC(C)=CCC/C(C)=C/COC(=O)C(C)C,group_B,U07_ICE_Sensitization,,,,,0.0,
MOL_B_001188,CC(C)=CCC/C(C)=C/COC(=O)CC(C)C,group_B,U07_ICE_Sensitization,,,,,0.0,
MOL_B_001189,CC(C)=CCC/C(C)=C/COC(=O)Cc1ccccc1,group_B,U07_ICE_Sensitization,,,,,0.0,
MOL_B_001190,CC(C)=CCC/C(C)=C/COC(=O)c1ccccc1,group_B,U07_ICE_Sensitization,,,,,0.0,
MOL_B_001191,CC(C)=CCC/C(C)=C/COC=O,group_B,U07_ICE_Sensitization,,,,,0.0,
MOL_B_001192,CC(C)=CCC/C(C)=C/COCC=O,group_B,U07_ICE_Sensitization,,,,,0.0,
MOL_B_001193,CC(C)=CCC/C(C)=C/Cc1cc(O)ccc1O,group_B,U07_ICE_Sensitization,,,,,1.0,
MOL_B_001194,CC(C)=CCC/C(C)=C\C=O,group_B,U07_ICE_Sensitization,,,,,1.0,
MOL_B_001195,CC(C)=CCC/C(C)=C\CO,group_B,U07_ICE_Sensitization,,,,,0.0,
MOL_B_001196,CC(C)=CCC/C(C)=C\COC(=O)C(C)C,group_B,U07_ICE_Sensitization,,,,,0.0,
MOL_B_001197,CC(C)=CCC/C(C)=C\COC(=O)CC(C)C,group_B,U07_ICE_Sensitization,,,,,0.0,
MOL_B_001198,CC(C)=CCC/C(C)=C\COC=O,group_B,U07_ICE_Sensitization,,,,,0.0,
MOL_B_001199,CC(C)=CCCC(C)(C)O,group_B,U07_ICE_Sensitization;U09_HPPT,,,,,0.0,
MOL_B_001200,CC(C)=CCCC(C)(O)C1CO1,group_B,U09_HPPT,,,,,0.0,
MOL_B_001201,CC(C)=CCCC(C)=CC#N,group_B,U07_ICE_Sensitization;U09_HPPT,,,,,0.0,
MOL_B_001202,CC(C)=CCCC(C)=CC(=O)O,group_B,U07_ICE_Sensitization;U09_HPPT,,,,,0.0,
MOL_B_001203,CC(C)=CCCC(C)=CC(=O)OCCC(C)C,group_B,U09_HPPT,,,,,0.0,
MOL_B_001204,CC(C)=CCCC(C)=CC1OCCO1,group_B,U07_ICE_Sensitization;U09_HPPT,,,,,0.0,
MOL_B_001205,CC(C)=CCCC(C)=CC=O,group_B,U07_ICE_Sensitization;U09_HPPT,,,,,1.0,
MOL_B_001206,CC(C)=CCCC(C)=CCCC(C)=CCO,group_B,U07_ICE_Sensitization;U09_HPPT,,,,,0.0,
MOL_B_001207,CC(C)=CCCC(C)=CCO,group_B,U09_HPPT,,,,,0.0,
MOL_B_001208,CC(C)=CCCC(C)=CCOC(=O)C(C)C,group_B,U09_HPPT,,,,,0.0,
MOL_B_001209,CC(C)=CCCC(C)=CCOC(=O)CC(C)C,group_B,U09_HPPT,,,,,0.0,
MOL_B_001210,CC(C)=CCCC(C)=CCOC(=O)Cc1ccccc1,group_B,U09_HPPT,,,,,0.0,
MOL_B_001211,CC(C)=CCCC(C)=CCOC=O,group_B,U09_HPPT,,,,,0.0,
MOL_B_001212,CC(C)=CCCC(C)=CCOCC=O,group_B,U09_HPPT,,,,,0.0,
MOL_B_001213,CC(C)=CCCC(C)=CCc1cc(O)ccc1O,group_B,U09_HPPT,,,,,1.0,
MOL_B_001214,CC(C)=CCCC(C)C=O,group_B,U07_ICE_Sensitization;U09_HPPT,,,,,0.0,
MOL_B_001215,CC(C)=CCCC(C)CC#N,group_B,U07_ICE_Sensitization;U09_HPPT,,,,,0.0,
MOL_B_001216,CC(C)=CCCC(C)CC(=O)O,group_B,U07_ICE_Sensitization;U09_HPPT,,,,,0.0,
MOL_B_001217,CC(C)=CCCC(C)CC(C)O,group_B,U07_ICE_Sensitization;U09_HPPT,,,,,0.0,
MOL_B_001218,CC(C)=CCCC(C)CC=O,group_B,U07_ICE_Sensitization;U09_HPPT,,,,,0.0,
MOL_B_001219,CC(C)=CCCC(C)CCCC(C)C=O,group_B,U07_ICE_Sensitization;U09_HPPT,,,,,0.0,
MOL_B_001220,CC(C)=CCCC(C)CCO,group_B,U07_ICE_Irritation;U07_ICE_Sensitization;U09_HPPT,,,,,0.0,1.0
MOL_B_001221,CC(C)=CCCC(C)CCOC(=O)C(C)C,group_B,U07_ICE_Sensitization;U09_HPPT,,,,,0.0,
MOL_B_001222,CC(C)=CCCC(C)CCOC(=O)C=Cc1ccccc1O,group_B,U21_EPA_CPDat_Uv_Absorber,,,,,,
MOL_B_001223,CC(C)=CCCC(C)CCOC(=O)CC(C)C,group_B,U07_ICE_Sensitization;U09_HPPT,,,,,0.0,
MOL_B_001224,CC(C)=CCCC(C)CCOC(=O)Cc1ccccc1,group_B,U07_ICE_Sensitization;U09_HPPT,,,,,0.0,
MOL_B_001225,CC(C)=CCCC(C)CCOC=O,group_B,U07_ICE_Sensitization;U09_HPPT,,,,,0.0,
MOL_B_001226,CC(C)=CCCC(C)CCOCC=O,group_B,U07_ICE_Sensitization;U09_HPPT,,,,,0.0,
MOL_B_001227,CC(C)=CCCC1=CCC(C=O)CC1,group_B,U07_ICE_Sensitization;U09_HPPT,,,,,0.0,
MOL_B_001228,CC(C)=CCO,group_B,U07_ICE_Sensitization;U09_HPPT,,,,,0.0,
MOL_B_001229,CC(C)=CCOC(=O)C=Cc1ccccc1,group_B,U21_EPA_CPDat_Uv_Absorber,,,,,,
MOL_B_001230,CC(C)=CCOC(=O)c1ccccc1,group_B,U07_ICE_Sensitization;U09_HPPT,,,,,0.0,
MOL_B_001231,CC(C)=CCOc1ccc(C(=O)c2ccccc2)cc1,group_B,U21_EPA_CPDat_Uv_Absorber,,,,,,
MOL_B_001232,CC(C)=CCc1c(O)cc(O)c(CC=C(C)C)c1O,group_B,U07_ICE_Sensitization,,,,,1.0,
MOL_B_001233,CC(C)=CCc1cc(C(=O)c2ccccc2)ccc1O,group_B,U21_EPA_CPDat_Uv_Absorber,,,,,,
MOL_B_001234,CC(C)=COC(=O)c1ccccc1C,group_B,U09_HPPT,,,,,0.0,
MOL_B_001235,CC(C)=C[C@@H]1C[C@H](C)CCO1,group_B,U07_ICE_Sensitization,,,,,0.0,
MOL_B_001236,CC(C)=Cc1cc(C(C)(C)C)cc(O)c1O,group_B,U21_EPA_CPDat_Uv_Absorber,,,,,,
MOL_B_001237,CC(C)C(=O)OCC=Cc1ccccc1,group_B,U07_ICE_Sensitization;U09_HPPT,,,,,0.0,
MOL_B_001238,CC(C)C(=O)OCCCc1ccccc1,group_B,U07_ICE_Sensitization;U09_HPPT,,,,,0.0,
MOL_B_001239,CC(C)C(=O)OCCOc1ccccc1,group_B,U07_ICE_Sensitization;U09_HPPT,,,,,0.0,
MOL_B_001240,CC(C)C(=O)OCCc1ccccc1,group_B,U07_ICE_Sensitization;U09_HPPT,,,,,0.0,
MOL_B_001241,CC(C)C(=O)OCc1ccccc1,group_B,U07_ICE_Sensitization;U09_HPPT,,,,,0.0,
MOL_B_001242,CC(C)C(=O)c1cc(C(C)(C)C)c(O)c(C(C)(C)C)c1,group_B,U21_EPA_CPDat_Uv_Absorber,,,,,,
MOL_B_001243,CC(C)C(=O)c1ccccc1C(=O)c1ccccc1,group_B,U21_EPA_CPDat_Uv_Absorber,,,,,,
MOL_B_001244,CC(C)C(C)CCCOc1ccc(C(=O)c2ccccc2)c(O)c1,group_B,U21_EPA_CPDat_Uv_Absorber,,,,,,
MOL_B_001245,CC(C)C(c1cc(C(C)(C)C)cc(O)c1O)c1cc(C(C)(C)C)cc(O)c1O,group_B,U21_EPA_CPDat_Uv_Absorber,,,,,,
MOL_B_001246,CC(C)C(c1cc(O)c(C(C)(C)C)cc1O)c1cc(O)c(C(C)(C)C)cc1O,group_B,U21_EPA_CPDat_Uv_Absorber,,,,,,
MOL_B_001247,CC(C)C(c1ccc(O)cc1)c1ccc(O)cc1,group_B,U21_EPA_CPDat_Uv_Absorber,,,,,,
MOL_B_001248,CC(C)C12CCC(C)(CC1)O2,group_B,U09_HPPT,,,,,0.0,
MOL_B_001249,CC(C)C1=CC2=CC[C@@H]3[C@](C)(CCC[C@@]3(C)C(=O)O)[C@H]2CC1,group_B,U07_ICE_Sensitization,,,,,1.0,
MOL_B_001250,CC(C)C1CCC(C(C)CO)CC1,group_B,U07_ICE_Sensitization;U09_HPPT,,,,,0.0,
MOL_B_001251,CC(C)C1CCC(CO)CC1,group_B,U09_HPPT,,,,,0.0,
MOL_B_001252,CC(C)C1CCC(O)CC1,group_B,U07_ICE_Sensitization;U09_HPPT,,,,,0.0,
MOL_B_001253,CC(C)C1CCC2C(CCC3C(C)(CO)CCCC23C)C1,group_B,U09_HPPT,,,,,1.0,
MOL_B_001254,CC(C)C1CCC2CC(=O)CCC2C1,group_B,U07_ICE_Sensitization;U09_HPPT,,,,,0.0,
MOL_B_001255,CC(C)C1CCC2CC(O)CCC2C1,group_B,U07_ICE_Sensitization;U09_HPPT,,,,,1.0,
MOL_B_001256,CC(C)C1CC[C@H]2C(CC[C@H]3[C@](C)(CO)CCC[C@]23C)C1,group_B,U07_ICE_Sensitization,,,,,1.0,
MOL_B_001257,CC(C)C1OCOCC1(C)C,group_B,U07_ICE_Sensitization;U09_HPPT,,,,,0.0,
MOL_B_001258,CC(C)CC(=O)O,group_B,U07_ICE_Sensitization;U09_HPPT,,,,,0.0,
MOL_B_001259,CC(C)CC(=O)OC1C2(C)CCC(C2)C1(C)C,group_B,U07_ICE_Sensitization;U09_HPPT,,,,,0.0,
MOL_B_001260,CC(C)CC(=O)OC1CC(C)CCC1C(C)C,group_B,U07_ICE_Sensitization;U09_HPPT,,,,,0.0,
MOL_B_001261,CC(C)CC(=O)OCC=Cc1ccccc1,group_B,U07_ICE_Sensitization;U09_HPPT,,,,,0.0,
MOL_B_001262,CC(C)CC(=O)OCCc1ccccc1,group_B,U07_ICE_Sensitization;U09_HPPT,,,,,0.0,
MOL_B_001263,CC(C)CC(=O)OCc1ccccc1,group_B,U07_ICE_Sensitization;U09_HPPT,,,,,0.0,
MOL_B_001264,CC(C)CC(C)CCOc1ccc(C(=O)c2ccccc2)c(O)c1,group_B,U21_EPA_CPDat_Uv_Absorber,,,,,,
MOL_B_001265,CC(C)CC1CC(C)(O)CCO1,group_B,U07_ICE_Sensitization;U09_HPPT,,,,,0.0,
MOL_B_001266,CC(C)CC=C(C=O)C(C)C,group_B,U07_ICE_Sensitization;U09_HPPT,,,,,0.0,
MOL_B_001267,CC(C)CC=C(C=O)c1ccccc1,group_B,U07_ICE_Sensitization,,,,,1.0,
MOL_B_001268,CC(C)CC=C(CO)C(C)C,group_B,U07_ICE_Sensitization;U09_HPPT,,,,,0.0,
MOL_B_001269,CC(C)CC=O,group_B,U07_ICE_Sensitization;U09_HPPT,,,,,0.0,
MOL_B_001270,CC(C)CCC(=O)O,group_B,U12_SkinPiX,,,,-6.247,,
MOL_B_001271,CC(C)CCCC(C)(C)O,group_B,U07_ICE_Sensitization;U09_HPPT,,,,,0.0,
MOL_B_001272,CC(C)CCCC(C)CC#N,group_B,U07_ICE_Sensitization;U09_HPPT,,,,,0.0,
MOL_B_001273,CC(C)CCCC(C)CC=O,group_B,U07_ICE_Sensitization;U09_HPPT,,,,,0.0,
MOL_B_001274,CC(C)CCCC(C)CCO,group_B,U07_ICE_Sensitization;U09_HPPT,,,,,0.0,
MOL_B_001275,CC(C)CCCC1=CCC(C)(C=O)CC1,group_B,U07_ICE_Sensitization;U09_HPPT,,,,,0.0,
MOL_B_001276,CC(C)CCCCCOC(=O)c1cc(O)c(O)c(O)c1,group_B,U21_EPA_CPDat_Uv_Absorber,,,,,,
MOL_B_001277,CC(C)CCCOC(=O)C=Cc1ccc(O)c(O)c1,group_B,U21_EPA_CPDat_Uv_Absorber,,,,,,
MOL_B_001278,CC(C)CCO,group_B,U07_ICE_Sensitization;U09_HPPT,,,,,0.0,
MOL_B_001279,CC(C)CCOC(=O)C=Cc1ccc(O)c(O)c1,group_B,U21_EPA_CPDat_Uv_Absorber,,,,,,
MOL_B_001280,CC(C)CCOC(=O)C=Cc1ccccc1,group_B,U07_ICE_Sensitization;U09_HPPT,,,,,0.0,
MOL_B_001281,CC(C)CCOC(=O)CC(C)C,group_B,U07_ICE_Sensitization;U09_HPPT,,,,,0.0,
MOL_B_001282,CC(C)CCOC(=O)Cc1ccccc1,group_B,U07_ICE_Sensitization;U09_HPPT,,,,,0.0,
MOL_B_001283,CC(C)CCOC(=O)c1cc(O)c(O)c(O)c1,group_B,U21_EPA_CPDat_Uv_Absorber,,,,,,
MOL_B_001284,CC(C)CCOC(=O)c1ccc(O)cc1,group_B,U21_EPA_CPDat_Uv_Absorber,,,,,,
MOL_B_001285,CC(C)CCOC(=O)c1ccccc1,group_B,U07_ICE_Sensitization;U09_HPPT,,,,,0.0,
MOL_B_001286,CC(C)CCOC(=O)c1ccccc1O,group_B,U21_EPA_CPDat_Uv_Absorber,,,,,,
MOL_B_001287,CC(C)CCOC=O,group_B,U07_ICE_Sensitization;U09_HPPT,,,,,0.0,
MOL_B_001288,CC(C)CCOCCc1ccccc1,group_B,U07_ICE_Sensitization;U09_HPPT,,,,,0.0,
MOL_B_001289,CC(C)CCOCc1ccccc1,group_B,U07_ICE_Sensitization;U09_HPPT,,,,,0.0,
MOL_B_001290,CC(C)CN1CCCC2(CCNCC2)C1=O,group_B,U21_EPA_CPDat_Uv_Absorber,,,,,,
MOL_B_001291,CC(C)CNC(=O)C1CCCNC1,group_B,U21_EPA_CPDat_Uv_Absorber,,,,,,
MOL_B_001292,CC(C)COC(=O)C=Cc1ccc(O)c(O)c1,group_B,U21_EPA_CPDat_Uv_Absorber,,,,,,
MOL_B_001293,CC(C)COC(=O)C=Cc1ccccc1,group_B,U07_ICE_Sensitization;U09_HPPT;U21_EPA_CPDat_Uv_Absorber,,,,,0.0,
MOL_B_001294,CC(C)COC(=O)CC(C)C,group_B,U07_ICE_Sensitization;U09_HPPT,,,,,0.0,
MOL_B_001295,CC(C)COC(=O)CCCCC(=O)OCC(C)C,group_B,U07_ICE_Sensitization;U09_HPPT,,,,,0.0,
MOL_B_001296,CC(C)COC(=O)CCc1ccco1,group_B,U07_ICE_Sensitization;U09_HPPT,,,,,0.0,
MOL_B_001297,CC(C)COC(=O)Cc1ccccc1,group_B,U07_ICE_Sensitization;U09_HPPT,,,,,0.0,
MOL_B_001298,CC(C)COC(=O)c1cc(O)c(O)c(O)c1,group_B,U21_EPA_CPDat_Uv_Absorber,,,,,,
MOL_B_001299,CC(C)COC(=O)c1ccc(C(=O)c2ccccc2)cc1,group_B,U21_EPA_CPDat_Uv_Absorber,,,,,,
MOL_B_001300,CC(C)COC(=O)c1ccc(O)cc1,group_B,U21_EPA_CPDat_Uv_Absorber,,,,,,
MOL_B_001301,CC(C)COC(=O)c1cccc(O)c1,group_B,U21_EPA_CPDat_Uv_Absorber,,,,,,
MOL_B_001302,CC(C)COC(=O)c1ccccc1,group_B,U07_ICE_Sensitization;U09_HPPT,,,,,0.0,
MOL_B_001303,CC(C)COC(=O)c1ccccc1O,group_B,U07_ICE_Sensitization;U09_HPPT;U21_EPA_CPDat_Uv_Absorber,,,,,0.0,
MOL_B_001304,CC(C)COP(=O)(OCC(C)C)OCC(C)C,group_B,U07_ICE_Irritation,,,,,,1.0
MOL_B_001305,CC(C)COc1ccc2ccccc2c1,group_B,U07_ICE_Sensitization;U09_HPPT,,,,,0.0,
MOL_B_001306,CC(C)Cc1ccc(CC(C)C=O)cc1,group_B,U07_ICE_Sensitization,,,,,0.0,
MOL_B_001307,CC(C)Cc1ccc2ccccc2n1,group_B,U07_ICE_Sensitization;U09_HPPT,,,,,0.0,
MOL_B_001308,CC(C)N(C)C,group_B,U07_ICE_Irritation,,,,,,1.0
MOL_B_001309,CC(C)N(CCc1ccc(O)cc1)C(=O)[C@@H](C)c1cccc(C(=O)c2ccccc2)c1,group_B,U21_EPA_CPDat_Uv_Absorber,,,,,,
MOL_B_001310,CC(C)N1CCCC2(CCNCC2)C1=O,group_B,U21_EPA_CPDat_Uv_Absorber,,,,,,
MOL_B_001311,CC(C)N1CNC(=O)C12CCNCC2,group_B,U21_EPA_CPDat_Uv_Absorber,,,,,,
MOL_B_001312,CC(C)NC(=O)C1CCCNC1,group_B,U21_EPA_CPDat_Uv_Absorber,,,,,,
MOL_B_001313,CC(C)NC(=O)c1ccccc1OC1CCNCC1,group_B,U21_EPA_CPDat_Uv_Absorber,,,,,,
MOL_B_001314,CC(C)NC1CCCN(C(=O)OC(C)(C)C)C1,group_B,U21_EPA_CPDat_Uv_Absorber,,,,,,
MOL_B_001315,CC(C)NC1CCCN(C(C)C)C1=O,group_B,U21_EPA_CPDat_Uv_Absorber,,,,,,
MOL_B_001316,CC(C)NC1CCN(C(=O)OC(C)(C)C)CC1,group_B,U21_EPA_CPDat_Uv_Absorber,,,,,,
MOL_B_001317,CC(C)NCC(O)c1ccc(O)c(O)c1,group_B,Flynn_PottsGuy_Benchmark,,,,-6.1,,
MOL_B_001318,CC(C)O,group_B,U07_ICE_Irritation;U07_ICE_Sensitization,,,,,0.0,0.0
MOL_B_001319,CC(C)OC(=O)C(C)(C)Oc1ccc(C(=O)c2ccccc2)cc1,group_B,U21_EPA_CPDat_Uv_Absorber,,,,,,
MOL_B_001320,CC(C)OC(=O)C=Cc1ccccc1,group_B,U07_ICE_Sensitization;U09_HPPT;U21_EPA_CPDat_Uv_Absorber,,,,,0.0,
MOL_B_001321,CC(C)OC(=O)c1cc(O)c(O)c(O)c1,group_B,U21_EPA_CPDat_Uv_Absorber,,,,,,
MOL_B_001322,CC(C)OC(=O)c1ccc(O)cc1,group_B,U21_EPA_CPDat_Uv_Absorber,,,,,,
MOL_B_001323,CC(C)OC(=O)c1ccc(O)cc1C(=O)OC(C)C,group_B,U21_EPA_CPDat_Uv_Absorber,,,,,,
MOL_B_001324,CC(C)OC(=O)c1cccc(O)c1,group_B,U21_EPA_CPDat_Uv_Absorber,,,,,,
MOL_B_001325,CC(C)OC(=O)c1ccccc1O,group_B,U21_EPA_CPDat_Uv_Absorber,,,,,,
MOL_B_001326,CC(C)OCCOC(=O)c1ccccc1O,group_B,U21_EPA_CPDat_Uv_Absorber,,,,,,
MOL_B_001327,CC(C)Oc1cc(C(C)(C)C)c(O)c(C(C)(C)C)c1,group_B,U21_EPA_CPDat_Uv_Absorber,,,,,,
MOL_B_001328,CC(C)Oc1ccc(C(=O)Cc2ccccc2)c(O)c1,group_B,U21_EPA_CPDat_Uv_Absorber,,,,,,
MOL_B_001329,CC(C)Sc1cc(C(C)(C)C)ccc1O,group_B,U21_EPA_CPDat_Uv_Absorber,,,,,,
MOL_B_001330,CC(C)Sc1nc(-c2cc(C(C)(C)C)c(O)c(C(C)(C)C)c2)cs1,group_B,U21_EPA_CPDat_Uv_Absorber,,,,,,
MOL_B_001331,CC(C)[C@@H]1CC[C@@H](C)CC1=O,group_B,U07_ICE_Sensitization,,,,,0.0,
MOL_B_001332,CC(C)[C@@H]1CC[C@@H](C)C[C@H]1O,group_B,U07_ICE_Sensitization,,,,,0.0,
MOL_B_001333,CC(C)[C@@H]1CC[C@@H](C)C[C@H]1OC(=O)Cc1ccccc1,group_B,U07_ICE_Sensitization,,,,,0.0,
MOL_B_001334,CC(C)[C@@H]1CC[C@@H](C)C[C@H]1OC(=O)c1ccccc1O,group_B,U21_EPA_CPDat_Uv_Absorber,,,,,,
MOL_B_001335,CC(C)[C@H](NC(=O)[C@@H]1CCCN1C(=O)[C@H](C)NC(=O)[C@H](C)N)C(=O)O,group_B,U12_SkinPiX,,,,-7.38,,
MOL_B_001336,CC(C)[C@H](c1ccc(Cl)cc1)[C@@H](C(=O)c1ccc(O)cc1)c1ccccc1,group_B,U21_EPA_CPDat_Uv_Absorber,,,,,,
MOL_B_001337,CC(C)[C@H]1CC[C@@H](C)CC1=O,group_B,U07_ICE_Sensitization,,,,,0.0,
MOL_B_001338,CC(C)[C@H]1CC[C@@H](CO)CC1,group_B,U07_ICE_Sensitization,,,,,0.0,
MOL_B_001339,CC(C)[C@H]1CC[C@@]2(CCC(=O)O2)CC1,group_B,U07_ICE_Sensitization,,,,,0.0,
MOL_B_001340,CC(C)[C@]12CC[C@](C)(CC1)O2,group_B,U07_ICE_Sensitization,,,,,0.0,
MOL_B_001341,CC(C)c1cc(C(=O)Oc2ccccc2)c(O)c(C(C)C)c1,group_B,U21_EPA_CPDat_Uv_Absorber,,,,,,
MOL_B_001342,CC(C)c1cc(C(=O)c2ccccc2)ccc1O,group_B,U21_EPA_CPDat_Uv_Absorber,,,,,,
MOL_B_001343,CC(C)c1cc(C(=O)c2ccccc2O)cc(C(C)C)c1O,group_B,U21_EPA_CPDat_Uv_Absorber,,,,,,
MOL_B_001344,CC(C)c1cc(C(C)(C)C)c(O)c(C(C)(C)C)c1,group_B,U21_EPA_CPDat_Uv_Absorber,,,,,,
MOL_B_001345,CC(C)c1cc(C(C)(C)C)cc(C(C)(C)C)c1O,group_B,U21_EPA_CPDat_Uv_Absorber,,,,,,
MOL_B_001346,CC(C)c1cc(C(C)(C)C)cc(C(C)C)c1O,group_B,U21_EPA_CPDat_Uv_Absorber,,,,,,
MOL_B_001347,CC(C)c1cc(C(C)(C)c2ccc(O)cc2)ccc1O,group_B,U21_EPA_CPDat_Uv_Absorber,,,,,,
MOL_B_001348,CC(C)c1cc(C(C)(C)c2ccccc2)cc(C(C)C)c1O,group_B,U21_EPA_CPDat_Uv_Absorber,,,,,,
MOL_B_001349,CC(C)c1cc(C(C)(c2ccccc2)c2ccc(O)c(C(C)C)c2)ccc1O,group_B,U21_EPA_CPDat_Uv_Absorber,,,,,,
MOL_B_001350,CC(C)c1cc(C(C)C)c(C(=O)c2ccc(C(=O)c3ccccc3)cc2)c(C(C)C)c1,group_B,U21_EPA_CPDat_Uv_Absorber,,,,,,
MOL_B_001351,CC(C)c1cc(C(C)C)c(C(=O)c2ccccc2)c(C(C)C)c1,group_B,U21_EPA_CPDat_Uv_Absorber,,,,,,
MOL_B_001352,CC(C)c1cc(C=CC(=O)O)cc(C(C)C)c1O,group_B,U21_EPA_CPDat_Uv_Absorber,,,,,,
MOL_B_001353,CC(C)c1cc(O)c(C(C)(C)C)cc1C(C)(C)C,group_B,U21_EPA_CPDat_Uv_Absorber,,,,,,
MOL_B_001354,CC(C)c1ccc(C#N)cc1,group_B,U07_ICE_Sensitization;U09_HPPT,,,,,0.0,
MOL_B_001355,CC(C)c1ccc(C(=O)c2ccccc2)c(C(C)C)c1,group_B,U21_EPA_CPDat_Uv_Absorber,,,,,,
MOL_B_001356,CC(C)c1ccc(C(=O)c2ccccc2)cc1,group_B,U21_EPA_CPDat_Uv_Absorber,,,,,,
MOL_B_001357,CC(C)c1ccc(C=O)c(C(C)C)c1,group_B,U07_ICE_Sensitization;U09_HPPT,,,,,0.0,
MOL_B_001358,CC(C)c1ccc(C=O)cc1,group_B,U07_ICE_Sensitization;U09_HPPT,,,,,0.0,
MOL_B_001359,CC(C)c1ccc(CC(C)C2OCCO2)cc1,group_B,U07_ICE_Sensitization;U09_HPPT,,,,,0.0,
MOL_B_001360,CC(C)c1ccc(CO)cc1,group_B,U07_ICE_Sensitization;U09_HPPT,,,,,0.0,
MOL_B_001361,CC(C)c1cccc(C(C)(C)C)c1O,group_B,U21_EPA_CPDat_Uv_Absorber,,,,,,
MOL_B_001362,CC(C)c1ccnc2ccccc12,group_B,U07_ICE_Sensitization;U09_HPPT,,,,,0.0,
MOL_B_001363,CC(C=O)=Cc1ccccc1,group_B,U07_ICE_Sensitization;U09_HPPT,,,,,1.0,
MOL_B_001364,CC(C=O)CCc1ccccc1,group_B,U07_ICE_Sensitization;U09_HPPT,,,,,0.0,
MOL_B_001365,CC(C=O)Cc1ccc(C(C)(C)C)cc1,group_B,U07_ICE_Irritation;U07_ICE_Sensitization;U09_HPPT,,,,,1.0,1.0
MOL_B_001366,CC(C=O)Cc1ccc(C(C)C)cc1,group_B,U07_ICE_Irritation;U07_ICE_Sensitization;U09_HPPT,,,,,0.0,1.0
MOL_B_001367,CC(C=O)Cc1ccc2c(c1)OCO2,group_B,U07_ICE_Sensitization,,,,,1.0,
MOL_B_001368,CC(CC(c1ccc(O)c(C(C)(C)C)c1)c1ccc(O)c(C(C)(C)C)c1)c1ccc(O)c(C(C)(C)C)c1,group_B,U21_EPA_CPDat_Uv_Absorber,,,,,,
MOL_B_001369,CC(CC(c1ccccc1)c1ccc(O)c(C(C)c2ccccc2)c1)c1ccccc1,group_B,U21_EPA_CPDat_Uv_Absorber,,,,,,
MOL_B_001370,CC(CC=O)CC(C)(C)C,group_B,U07_ICE_Sensitization;U09_HPPT,,,,,0.0,
MOL_B_001371,CC(CC=O)CCCC(C)(C)O,group_B,U07_ICE_Irritation;U07_ICE_Sensitization;U09_HPPT,,,,,1.0,1.0
MOL_B_001372,CC(CCC(C(=O)O)C(C)CC(C)(C)C)CC(C)(C)C,group_B,U07_ICE_Irritation,,,,,,0.0
MOL_B_001373,CC(CCO)CC(C)(C)C,group_B,U07_ICE_Sensitization;U09_HPPT,,,,,0.0,
MOL_B_001374,CC(CCO)CCCC(C)(C)O,group_B,U07_ICE_Sensitization;U09_HPPT,,,,,0.0,
MOL_B_001375,CC(CCO)CCc1ccccc1,group_B,U07_ICE_Sensitization;U09_HPPT,,,,,0.0,
MOL_B_001376,CC(CCOC(=O)c1ccccc1O)CC(C)(C)C,group_B,U21_EPA_CPDat_Uv_Absorber,,,,,,
MOL_B_001377,CC(CCOC(=O)c1ccccc1O)OC(=O)c1ccccc1O,group_B,U21_EPA_CPDat_Uv_Absorber,,,,,,
MOL_B_001378,CC(CCS)c1cc(C(C)(C)C)c(O)c(C(C)(C)C)c1,group_B,U21_EPA_CPDat_Uv_Absorber,,,,,,
MOL_B_001379,CC(CN1c2ccccc2Sc2ccccc21)N(C)C,group_B,U07_ICE_Sensitization;U09_HPPT,,,,,1.0,
MOL_B_001380,CC(CO)CC(C)c1ccccc1,group_B,U07_ICE_Sensitization;U09_HPPT,,,,,0.0,
MOL_B_001381,CC(CO)CCCc1ccccc1,group_B,U07_ICE_Sensitization;U09_HPPT,,,,,0.0,
MOL_B_001382,CC(CO)COC1CC2CCC1(C)C2(C)C,group_B,U07_ICE_Irritation,,,,,,1.0
MOL_B_001383,CC(CO)Cc1ccc(C(C)C)cc1,group_B,U07_ICE_Sensitization;U09_HPPT,,,,,1.0,
MOL_B_001384,CC(CO)c1ccccc1,group_B,U07_ICE_Sensitization;U09_HPPT,,,,,0.0,
MOL_B_001385,CC(COCC(C)OC(=O)c1ccccc1O)OC(=O)c1ccccc1O,group_B,U21_EPA_CPDat_Uv_Absorber,,,,,,
MOL_B_001386,CC(COc1ccccc1)OC(=O)c1ccc(O)cc1O,group_B,U21_EPA_CPDat_Uv_Absorber,,,,,,
MOL_B_001387,CC(Cc1cc(C(C)(C)C)c(O)c(C(C)(C)C)c1)O[P+](=O)[O-],group_B,U21_EPA_CPDat_Uv_Absorber,,,,,,
MOL_B_001388,CC(Cl)(Cl)Cl,group_B,U07_ICE_Irritation,,,,,,1.0
MOL_B_001389,CC(N)CN,group_B,U07_ICE_Irritation,,,,,,1.0
MOL_B_001390,CC(N)c1ccc(C(=O)NC2CCNCC2)cc1,group_B,U21_EPA_CPDat_Uv_Absorber,,,,,,
MOL_B_001391,CC(N=[N+]=[N-])C(=O)c1ccc(O)cc1,group_B,U21_EPA_CPDat_Uv_Absorber,,,,,,
MOL_B_001392,CC(NC(=O)C(=O)NCC1CCNCC1)c1ccccc1,group_B,U21_EPA_CPDat_Uv_Absorber,,,,,,
MOL_B_001393,CC(NC(=O)c1cc(OCC(F)(F)F)ccc1OCC(F)(F)F)C1CCCCN1,group_B,U21_EPA_CPDat_Uv_Absorber,,,,,,
MOL_B_001394,CC(O)C(=O)O,group_B,U07_ICE_Irritation;U07_ICE_Sensitization;U09_HPPT,,,,,0.0,1.0
MOL_B_001395,CC(O)C(C)C(C)C(C)C(C)(C)C,group_B,U07_ICE_Sensitization;U09_HPPT,,,,,0.0,
MOL_B_001396,CC(O)C1CCCCC1,group_B,U07_ICE_Sensitization;U09_HPPT,,,,,0.0,
MOL_B_001397,CC(O)CC(C)(C)O,group_B,U07_ICE_Sensitization;U09_HPPT,,,,,0.0,
MOL_B_001398,CC(O)CO,group_B,Flynn_PottsGuy_Benchmark;U07_ICE_Sensitization;U09_HPPT,,,,-6.0,0.0,
MOL_B_001399,CC(O)COC(=O)c1cc(O)c(O)c(O)c1,group_B,U21_EPA_CPDat_Uv_Absorber,,,,,,
MOL_B_001400,CC(O)COC(=O)c1ccc(O)cc1,group_B,U21_EPA_CPDat_Uv_Absorber,,,,,,
MOL_B_001401,CC(O)COCC(C)O,group_B,U07_ICE_Sensitization;U09_HPPT,,,,,0.0,
MOL_B_001402,CC(O)COc1ccc(C(=O)c2ccccc2)c(O)c1,group_B,U21_EPA_CPDat_Uv_Absorber,,,,,,
MOL_B_001403,CC(OC(=O)Oc1ccc([N+](=O)[O-])cc1)OC(=O)C(C)C,group_B,U07_ICE_Sensitization,,,,,0.0,
MOL_B_001404,CC(OC(=O)c1ccc(O)cc1)c1ccccc1,group_B,U21_EPA_CPDat_Uv_Absorber,,,,,,
MOL_B_001405,CC(OC(=O)c1ccccc1O)C(N)=O,group_B,U21_EPA_CPDat_Uv_Absorber,,,,,,
MOL_B_001406,CC(OC=O)C1CCCC(C)(C)C1,group_B,U07_ICE_Sensitization;U09_HPPT,,,,,0.0,
MOL_B_001407,CC(Oc1ccc(C(=O)c2ccccc2)cc1)C(=O)O,group_B,U21_EPA_CPDat_Uv_Absorber,,,,,,
MOL_B_001408,CC(S)C(=O)O,group_B,U07_ICE_Sensitization;U09_HPPT,,,,,1.0,
MOL_B_001409,CC(c1cc(C(C)(C)C)c(O)c(C(C)(C)C)c1)S(=O)(=O)c1ccccc1,group_B,U21_EPA_CPDat_Uv_Absorber,,,,,,
MOL_B_001410,CC(c1cc(C(C)(C)C)cc(C(C)(C)C)c1O)c1cc(C(C)(C)C)cc(C(C)(C)C)c1O,group_B,U21_EPA_CPDat_Uv_Absorber,,,,,,
MOL_B_001411,CC(c1ccc(O)cc1)(c1ccc(O)cc1)c1ccc(-c2ccccc2)cc1,group_B,U21_EPA_CPDat_Uv_Absorber,,,,,,
MOL_B_001412,CC(c1ccc(O)cc1)(c1ccc(O)cc1)c1ccc(O)cc1,group_B,U21_EPA_CPDat_Uv_Absorber,,,,,,
MOL_B_001413,CC(c1ccc(O)cc1)(c1ccc(O)cc1)c1ccc(O)cc1O,group_B,U21_EPA_CPDat_Uv_Absorber,,,,,,
MOL_B_001414,CC(c1cccc(C(=O)c2ccccc2)c1)c1ncno1,group_B,U21_EPA_CPDat_Uv_Absorber,,,,,,
MOL_B_001415,CC(c1ccccc1)(c1ccc(O)cc1)c1ccc(O)cc1,group_B,U21_EPA_CPDat_Uv_Absorber,,,,,,
MOL_B_001416,CC(c1ccccc1)c1cc(C(=O)c2ccccc2)c(O)cc1O,group_B,U21_EPA_CPDat_Uv_Absorber,,,,,,
MOL_B_001417,CC(c1ccccc1)c1cc(C(C)(C)C)cc(C(C)(C)C)c1O,group_B,U21_EPA_CPDat_Uv_Absorber,,,,,,
MOL_B_001418,CC(c1ccccc1)c1cc(C(C)(C)c2ccc(O)c(C(C)c3ccccc3)c2)ccc1O,group_B,U21_EPA_CPDat_Uv_Absorber,,,,,,
MOL_B_001419,CC(c1ccccc1)c1cc(C(C)(C)c2ccc(O)cc2)ccc1O,group_B,U21_EPA_CPDat_Uv_Absorber,,,,,,
MOL_B_001420,CC(c1ccccc1)c1cc(C(C)(C)c2ccccc2)cc(C(=O)O)c1O,group_B,U21_EPA_CPDat_Uv_Absorber,,,,,,
MOL_B_001421,CC(c1ccccc1)c1cc(C(C)c2ccccc2)c(O)c(C(C)c2ccccc2)c1,group_B,U21_EPA_CPDat_Uv_Absorber,,,,,,
MOL_B_001422,CC(c1ccccc1)c1ccc(C(=O)c2ccc(Cl)cc2)cc1,group_B,U21_EPA_CPDat_Uv_Absorber,,,,,,
MOL_B_001423,CC(c1ccccc1)c1ccc(O)c(C(C)(C)C)c1,group_B,U21_EPA_CPDat_Uv_Absorber,,,,,,
MOL_B_001424,CC(c1ccccc1)c1ccc(O)c(C(C)c2ccccc2)c1,group_B,U21_EPA_CPDat_Uv_Absorber,,,,,,
MOL_B_001425,CC(c1ccccc1)c1cccc(C(C)(C)C)c1O,group_B,U21_EPA_CPDat_Uv_Absorber,,,,,,
MOL_B_001426,CC(c1ccccc1)c1cccc(C(C)c2ccccc2)c1O,group_B,U21_EPA_CPDat_Uv_Absorber,,,,,,
MOL_B_001427,CC(c1ccccc1)c1ccccc1C(=O)c1ccccc1,group_B,U21_EPA_CPDat_Uv_Absorber,,,,,,
MOL_B_001428,CC(c1ccccc1)c1ccccc1C(C)c1ccc(O)c(C(=O)O)c1,group_B,U21_EPA_CPDat_Uv_Absorber,,,,,,
MOL_B_001429,CC(c1ccccc1O)(c1ccccc1O)c1ccccc1O,group_B,U21_EPA_CPDat_Uv_Absorber,,,,,,
MOL_B_001430,CC(c1ccccc1O)c1cccc(C(C)c2ccccc2O)c1O,group_B,U21_EPA_CPDat_Uv_Absorber,,,,,,
MOL_B_001431,CC/C=C/CC=O,group_B,U07_ICE_Sensitization,,,,,0.0,
MOL_B_001432,CC/C=C/CCOC(C)OCC,group_B,U07_ICE_Sensitization,,,,,0.0,
MOL_B_001433,CC/C=C\CC/C=C/C=O,group_B,U07_ICE_Sensitization,,,,,0.0,
MOL_B_001434,CC/C=C\CC/C=C/CO,group_B,U07_ICE_Sensitization,,,,,0.0,
MOL_B_001435,CC/C=C\CC1=C(C)CCC1=O,group_B,U07_ICE_Sensitization,,,,,0.0,
MOL_B_001436,CC/C=C\CC=O,group_B,U07_ICE_Sensitization,,,,,0.0,
MOL_B_001437,CC/C=C\CCC1(C)CCC(=O)O1,group_B,U07_ICE_Sensitization,,,,,0.0,
MOL_B_001438,CC/C=C\CCCCC=O,group_B,U07_ICE_Sensitization,,,,,0.0,
MOL_B_001439,CC/C=C\CCO,group_B,U07_ICE_Sensitization,,,,,0.0,
MOL_B_001440,CC/C=C\CCOC(=O)C(C)C,group_B,U07_ICE_Sensitization,,,,,0.0,
MOL_B_001441,CC/C=C\CCOC(=O)CC,group_B,U07_ICE_Sensitization,,,,,0.0,
MOL_B_001442,CC/C=C\CCOC(=O)CCC,group_B,U07_ICE_Sensitization,,,,,0.0,
MOL_B_001443,CC/C=C\CCOC(=O)CCCC,group_B,U07_ICE_Sensitization,,,,,0.0,
MOL_B_001444,CC/C=C\CCOC(=O)CCCCC,group_B,U07_ICE_Sensitization,,,,,0.0,
MOL_B_001445,CC/C=C\CCOC(=O)Cc1ccccc1,group_B,U07_ICE_Sensitization,,,,,0.0,
MOL_B_001446,CC/C=C\CCOC(=O)c1ccccc1,group_B,U07_ICE_Sensitization,,,,,0.0,
MOL_B_001447,CC/C=C\CCOC(=O)c1ccccc1N,group_B,U07_ICE_Sensitization,,,,,0.0,
MOL_B_001448,CC/C=C\CCOC(=O)c1ccccc1O,group_B,U07_ICE_Sensitization,,,,,0.0,
MOL_B_001449,CC/C=C\CCOC(C)=O,group_B,U07_ICE_Sensitization,,,,,0.0,
MOL_B_001450,CC/C=C\CCOC(C)OCC,group_B,U07_ICE_Sensitization,,,,,0.0,
MOL_B_001451,CC/C=C\CCOC=O,group_B,U07_ICE_Sensitization,,,,,0.0,
MOL_B_001452,CC/C=C\CCOCC=O,group_B,U07_ICE_Sensitization,,,,,0.0,
MOL_B_001453,CC/C=C\CO,group_B,U07_ICE_Sensitization,,,,,0.0,
MOL_B_001454,CC/C=C\C[C@H]1C(=O)CC[C@@H]1CC(=O)OC,group_B,U07_ICE_Sensitization,,,,,0.0,
MOL_B_001455,CC1(C(=O)N2CCCC2)CCNCC1,group_B,U21_EPA_CPDat_Uv_Absorber,,,,,,
MOL_B_001456,CC1(C(=O)N2CCCCC2)CCNCC1,group_B,U21_EPA_CPDat_Uv_Absorber,,,,,,
MOL_B_001457,CC1(C(=O)NCc2ccccc2)CCNCC1,group_B,U21_EPA_CPDat_Uv_Absorber,,,,,,
MOL_B_001458,CC1(C)C2CC=C(CCO)C1C2,group_B,U07_ICE_Sensitization;U09_HPPT,,,,,0.0,
MOL_B_001459,CC1(C)C2CC=C(CO)C1C2,group_B,U07_ICE_Sensitization;U09_HPPT,,,,,1.0,
MOL_B_001460,CC1(C)C2CCC(C=O)C1C2,group_B,U07_ICE_Sensitization;U09_HPPT,,,,,0.0,
MOL_B_001461,CC1(C)C2CCC1(C)C(CCCO)C2,group_B,U09_HPPT,,,,,0.0,
MOL_B_001462,CC1(C)C2CCC1(C)C(O)C2,group_B,U09_HPPT,,,,,0.0,
MOL_B_001463,CC1(C)C2CCC1(C)C(OC=O)C2,group_B,U09_HPPT,,,,,0.0,
MOL_B_001464,CC1(C)C2CCC1(CS(=O)(=O)O)C(=O)C2=Cc1ccc(C=C2C(=O)C3CCC2(CS(=O)(=O)O)C3(C)C)cc1,group_B,U01_EU_CosIng_Annex_VI,,,,,0.0,0.0
MOL_B_001465,CC1(C)C2CCC1(CS(=O)(=O)O)C(=O)C2=Cc1ccccc1,group_B,U01_EU_CosIng_Annex_VI,,,,,0.0,0.0
MOL_B_001466,CC1(C)C2CCC3(C2)C1C(=O)CCC3(C)C,group_B,U07_ICE_Sensitization;U09_HPPT,,,,,0.0,
MOL_B_001467,CC1(C)CC(C(=O)OCCCCCCCCOC(=O)C2CC(C)(C)NC(C)(C)C2)CC(C)(C)N1,group_B,U21_EPA_CPDat_Uv_Absorber,,,,,,
MOL_B_001468,CC1(C)CC(C(N)=O)(N2CCCCC2)CC(C)(C)N1,group_B,U21_EPA_CPDat_Uv_Absorber,,,,,,
MOL_B_001469,CC1(C)CC(C2C(=O)NC(=O)NC2=O)CC(C)(C)N1,group_B,U21_EPA_CPDat_Uv_Absorber,,,,,,
MOL_B_001470,CC1(C)CC(C2COC(=O)N2)CC(C)(C)N1,group_B,U21_EPA_CPDat_Uv_Absorber,,,,,,
MOL_B_001471,CC1(C)CC(CCCCCCCCCCCCN2C(=O)CCC2=O)CC(C)(C)N1,group_B,U21_EPA_CPDat_Uv_Absorber,,,,,,
MOL_B_001472,CC1(C)CC(N(C=O)CCCCCCN(C=O)C2CC(C)(C)NC(C)(C)C2)CC(C)(C)N1,group_B,U21_EPA_CPDat_Uv_Absorber,,,,,,
MOL_B_001473,CC1(C)CC(N(CCCCCCN)C2CC(C)(C)NC(C)(C)C2)CC(C)(C)N1,group_B,U21_EPA_CPDat_Uv_Absorber,,,,,,
MOL_B_001474,CC1(C)CC(N2CCCCCC2=O)CC(C)(C)N1,group_B,U21_EPA_CPDat_Uv_Absorber,,,,,,
MOL_B_001475,CC1(C)CC(N=C=O)CC(C)(CN=C=O)C1,group_B,U07_ICE_Sensitization,,,,,1.0,
MOL_B_001476,CC1(C)CC(NC(=O)C(=O)NC2CC(C)(C)NC(C)(C)C2)CC(C)(C)N1,group_B,U21_EPA_CPDat_Uv_Absorber,,,,,,
MOL_B_001477,CC1(C)CC(NC(=O)C(=O)NN)CC(C)(C)N1,group_B,U21_EPA_CPDat_Uv_Absorber,,,,,,
MOL_B_001478,CC1(C)CC(NC(=O)C(=O)Nc2ccc(Br)cc2)CC(C)(C)N1,group_B,U21_EPA_CPDat_Uv_Absorber,,,,,,
MOL_B_001479,CC1(C)CC(NC(=O)C(=O)Nc2ccc(Cl)cc2)CC(C)(C)N1,group_B,U21_EPA_CPDat_Uv_Absorber,,,,,,
MOL_B_001480,CC1(C)CC(NC(=O)C(F)(F)F)CC(C)(C)N1,group_B,U21_EPA_CPDat_Uv_Absorber,,,,,,
MOL_B_001481,CC1(C)CC(NC(=O)C=CC(=O)NC2CC(C)(C)NC(C)(C)C2)CC(C)(C)N1,group_B,U21_EPA_CPDat_Uv_Absorber,,,,,,
MOL_B_001482,CC1(C)CC(NC(=O)CCCC(=O)NC2CC(C)(C)NC(C)(C)C2)CC(C)(C)N1,group_B,U21_EPA_CPDat_Uv_Absorber,,,,,,
MOL_B_001483,CC1(C)CC(NC(=O)CCCCCCCCC(=O)NC2CC(C)(C)NC(C)(C)C2)CC(C)(C)N1,group_B,U21_EPA_CPDat_Uv_Absorber,,,,,,
MOL_B_001484,CC1(C)CC(NC(=O)CCc2cc(C(C)(C)C)c(O)c(C(C)(C)C)c2)CC(C)(C)N1,group_B,U21_EPA_CPDat_Uv_Absorber,,,,,,
MOL_B_001485,CC1(C)CC(NC(=O)CCl)CC(C)(C)N1,group_B,U21_EPA_CPDat_Uv_Absorber,,,,,,
MOL_B_001486,CC1(C)CC(NC(=O)CI)CC(C)(C)N1,group_B,U21_EPA_CPDat_Uv_Absorber,,,,,,
MOL_B_001487,CC1(C)CC(NC(=O)CSc2ccccc2)CC(C)(C)N1,group_B,U21_EPA_CPDat_Uv_Absorber,,,,,,
MOL_B_001488,CC1(C)CC(NC(=O)NC2CC(C)(C)NC(C)(C)C2)CC(C)(C)N1,group_B,U21_EPA_CPDat_Uv_Absorber,,,,,,
MOL_B_001489,CC1(C)CC(NC(=O)c2cc(N)cc(N)c2)CC(C)(C)N1,group_B,U21_EPA_CPDat_Uv_Absorber,,,,,,
MOL_B_001490,CC1(C)CC(NC(=O)c2cc([N+](=O)[O-])cc([N+](=O)[O-])c2)CC(C)(C)N1,group_B,U21_EPA_CPDat_Uv_Absorber,,,,,,
MOL_B_001491,CC1(C)CC(NC(=O)c2cccc(C(=O)NC3CC(C)(C)NC(C)(C)C3)c2)CC(C)(C)N1,group_B,U21_EPA_CPDat_Uv_Absorber,,,,,,
MOL_B_001492,CC1(C)CC(NC(=O)c2ccccc2)CC(C)(C)N1,group_B,U21_EPA_CPDat_Uv_Absorber,,,,,,
MOL_B_001493,CC1(C)CC(NCCCCCCCCCCNC2CC(C)(C)NC(C)(C)C2)CC(C)(C)N1,group_B,U21_EPA_CPDat_Uv_Absorber,,,,,,
MOL_B_001494,CC1(C)CC(NCCCCCCNC2CC(C)(C)NC(C)(C)C2)CC(C)(C)N1,group_B,U21_EPA_CPDat_Uv_Absorber,,,,,,
MOL_B_001495,CC1(C)CC(NCCCCNC2CC(C)(C)NC(C)(C)C2)CC(C)(C)N1,group_B,U21_EPA_CPDat_Uv_Absorber,,,,,,
MOL_B_001496,CC1(C)CC(O)(C(N)=O)CC(C)(C)N1,group_B,U21_EPA_CPDat_Uv_Absorber,,,,,,
MOL_B_001497,CC1(C)CC(OC(=O)C(=O)OC2CC(C)(C)NC(C)(C)C2)CC(C)(C)N1,group_B,U21_EPA_CPDat_Uv_Absorber,,,,,,
MOL_B_001498,CC1(C)CC(OC(=O)C(Cc2cc(C(C)(C)C)c(O)c(C(C)(C)C)c2)(Cc2cc(C(C)(C)C)c(O)c(C(C)(C)C)c2)C(=O)OC2CC(C)(C)NC(C)(C)C2)CC(C)(C)N1,group_B,U21_EPA_CPDat_Uv_Absorber,,,,,,
MOL_B_001499,CC1(C)CC(OC(=O)CC(=O)OC2CC(C)(C)NC(C)(C)C2)CC(C)(C)N1,group_B,U21_EPA_CPDat_Uv_Absorber,,,,,,
MOL_B_001500,CC1(C)CC(OC(=O)CC(C(=O)OC2CC(C)(C)NC(C)(C)C2)C(CC(=O)OC2CC(C)(C)NC(C)(C)C2)C(=O)OC2CC(C)(C)NC(C)(C)C2)CC(C)(C)N1,group_B,U21_EPA_CPDat_Uv_Absorber,,,,,,
MOL_B_001501,CC1(C)CC(OC(=O)CCC(=O)OC2CC(C)(C)NC(C)(C)C2)CC(C)(C)N1,group_B,U21_EPA_CPDat_Uv_Absorber,,,,,,
MOL_B_001502,CC1(C)CC(OC(=O)CCCC(=O)OC2CC(C)(C)NC(C)(C)C2)CC(C)(C)N1,group_B,U21_EPA_CPDat_Uv_Absorber,,,,,,
MOL_B_001503,CC1(C)CC(OC(=O)CCCCC(=O)OC2CC(C)(C)NC(C)(C)C2)CC(C)(C)N1,group_B,U21_EPA_CPDat_Uv_Absorber,,,,,,
MOL_B_001504,CC1(C)CC(OC(=O)CCCCCCCCC(=O)OC2CC(C)(C)NC(C)(C)C2)CC(C)(C)N1,group_B,U21_EPA_CPDat_Uv_Absorber,,,,,,
MOL_B_001505,CC1(C)CC(OC(=O)CCCCCCCCC(=O)[O-])CC(C)(C)N1,group_B,U21_EPA_CPDat_Uv_Absorber,,,,,,
MOL_B_001506,CC1(C)CC(OC(=O)NC2CCCCC2)CC(C)(C)N1,group_B,U21_EPA_CPDat_Uv_Absorber,,,,,,
MOL_B_001507,CC1(C)CC(OC(=O)NSC2CCCCC2)CC(C)(C)N1,group_B,U21_EPA_CPDat_Uv_Absorber,,,,,,
MOL_B_001508,CC1(C)CC(OC(=O)c2ccccc2)CC(C)(C)N1,group_B,U21_EPA_CPDat_Uv_Absorber,,,,,,
MOL_B_001509,CC1(C)CC2(CC(C)(C)N1)NC(=O)C(C)(C)O2,group_B,U21_EPA_CPDat_Uv_Absorber,,,,,,
MOL_B_001510,CC1(C)CC2(CC(C)(C)N1)NC(=O)NC2=O,group_B,U21_EPA_CPDat_Uv_Absorber,,,,,,
MOL_B_001511,CC1(C)CC2(CC(C)(C)N1)OC1(CCCCCCCCCCC1)NC2=O,group_B,U21_EPA_CPDat_Uv_Absorber,,,,,,
MOL_B_001512,CC1(C)CCCC(C)(C)N1CCOC(=O)CCCCCCCCC(=O)OCCN1C(C)(C)CCCC1(C)C,group_B,U21_EPA_CPDat_Uv_Absorber,,,,,,
MOL_B_001513,CC1(C)CNC(=O)N(C2CCNCC2)C1,group_B,U21_EPA_CPDat_Uv_Absorber,,,,,,
MOL_B_001514,CC1(C)COC(c2cc(C(C)(C)C)c(O)c(C(C)(C)C)c2)OC1,group_B,U21_EPA_CPDat_Uv_Absorber,,,,,,
MOL_B_001515,CC1(C)Cc2c(cc(C(C)(C)C)c(O)c2C(C)(C)C)O1,group_B,U21_EPA_CPDat_Uv_Absorber,,,,,,
MOL_B_001516,CC1(C)N=C(N)N=C(N)N1c1cccc(C(=O)c2ccccc2)c1,group_B,U21_EPA_CPDat_Uv_Absorber,,,,,,
MOL_B_001517,CC1(C)N[C@H](C(=O)N2CCCCC2)CS1,group_B,U21_EPA_CPDat_Uv_Absorber,,,,,,
MOL_B_001518,CC1(C)OB(c2ccc(C(=O)c3ccccc3)cc2)OC1(C)C,group_B,U21_EPA_CPDat_Uv_Absorber,,,,,,
MOL_B_001519,CC1(C)OB(c2cccc(C(=O)c3ccccc3)c2)OC1(C)C,group_B,U21_EPA_CPDat_Uv_Absorber,,,,,,
MOL_B_001520,CC1(C)Oc2c(O)c(C(C)(C)C)cc(C(C)(C)C)c2S1,group_B,U21_EPA_CPDat_Uv_Absorber,,,,,,
MOL_B_001521,CC1(C)SC2C(NC(=O)Cc3ccccc3)C(=O)N2C1C(=O)O,group_B,U09_HPPT,,,,,1.0,
MOL_B_001522,CC1(C)[C@@H]2CC[C@@](C)(C2)[C@@H]1O,group_B,U07_ICE_Sensitization,,,,,0.0,
MOL_B_001523,CC1(C)[C@@H]2CC[C@@]1(C)C(=O)C2,group_B,U07_ICE_Sensitization,,,,,0.0,
MOL_B_001524,CC1(C)[C@@H]2CC[C@@]1(C)[C@H](O)C2,group_B,U07_ICE_Sensitization,,,,,0.0,
MOL_B_001525,CC1(C)[C@H]2CC[C@](C)(C2)[C@@]1(C)O,group_B,U07_ICE_Sensitization,,,,,0.0,
MOL_B_001526,CC1(C)[C@H]2CC[C@](C)(O)[C@@H]1C2,group_B,U07_ICE_Sensitization,,,,,0.0,
MOL_B_001527,CC1(C)[C@H]2CC[C@]1(C)[C@@H](OC=O)C2,group_B,U07_ICE_Sensitization,,,,,0.0,
MOL_B_001528,CC1(C)[C@H]2CC[C@]1(C)[C@@H](OCCO)C2,group_B,U07_ICE_Sensitization,,,,,0.0,
MOL_B_001529,CC1(C)[C@H]2CC[C@]1(C)[C@H](O)C2,group_B,U07_ICE_Sensitization,,,,,0.0,
MOL_B_001530,CC1(NC(=O)OC(C)(C)C)CCCNC1,group_B,U21_EPA_CPDat_Uv_Absorber,,,,,,
MOL_B_001531,CC1(NC(=O)OC(C)(C)C)CCNCC1,group_B,U21_EPA_CPDat_Uv_Absorber,,,,,,
MOL_B_001532,CC1(O)CCC2CC1C2(C)C,group_B,U09_HPPT,,,,,0.0,
MOL_B_001533,CC12CCC(=O)C=C1CCC1C2C(O)CC2(C)C1CCC2(O)C(=O)CO,group_B,U09_HPPT,,,,,0.0,
MOL_B_001534,CC12CCC(=O)C=C1CCC1C2CCC2(C)C(O)CCC12,group_B,U09_HPPT,,,,,0.0,
MOL_B_001535,CC12CCC(C1)C(C)(C)C2(C)O,group_B,U09_HPPT,,,,,0.0,
MOL_B_001536,CC12CCC(C1)C(C)(C)C2=O,group_B,U07_ICE_Sensitization;U09_HPPT,,,,,0.0,
MOL_B_001537,CC12CCC(C1)C(C)(C)C2O,group_B,U09_HPPT,,,,,0.0,
MOL_B_001538,CC12CCC(CC1)C(C)(C)O2,group_B,U07_ICE_Sensitization;U09_HPPT,,,,,0.0,
MOL_B_001539,CC12CCC(CC1=O)C2(C)C,group_B,U09_HPPT,,,,,0.0,
MOL_B_001540,CC12CCC3(CCCC(C)(C)C3C1)OC2=O,group_B,U07_ICE_Sensitization;U09_HPPT,,,,,0.0,
MOL_B_001541,CC12CCCC(O)(C1)C1CC(C)(C)C1CC2,group_B,U09_HPPT,,,,,0.0,
MOL_B_001542,CC1=C(C=CC(C)O)C(C)(C)CCC1,group_B,U07_ICE_Sensitization;U09_HPPT,,,,,0.0,
MOL_B_001543,CC1=C(C=O)C(C)(C)CC=C1,group_B,U07_ICE_Sensitization;U09_HPPT,,,,,1.0,
MOL_B_001544,CC1=C2C(=CO[C@H](C)[C@H]2C)C(=O)C(C(=O)O)=C1O,group_B,U12_SkinPiX,,,,-6.887,,
MOL_B_001545,CC1=CC(=O)C(C(C)C)=CC1=O,group_B,U12_SkinPiX,,,,-6.291333333333333,,
MOL_B_001546,CC1=CC(=O)C(C(C)C)CC1,group_B,U07_ICE_Sensitization;U09_HPPT,,,,,0.0,
MOL_B_001547,CC1=CC(=O)C23CC1C(C)(C)C2CCC3C,group_B,U09_HPPT,,,,,0.0,
MOL_B_001548,CC1=CC(=O)[C@@]23C[C@@H]1C(C)(C)[C@@H]2CC[C@H]3C,group_B,U07_ICE_Sensitization,,,,,0.0,
MOL_B_001549,CC1=CC(C)C(CO)C(C)C1,group_B,U07_ICE_Sensitization;U09_HPPT,,,,,0.0,
MOL_B_001550,CC1=CC(O)CC(C)C2CC(=C(C)C)CC12,group_B,U07_ICE_Sensitization;U09_HPPT,,,,,0.0,
MOL_B_001551,CC1=CC=C(C(C)C)CC1,group_B,U07_ICE_Sensitization;U09_HPPT,,,,,0.0,
MOL_B_001552,CC1=CCC(=C(C)C)CC1,group_B,U07_ICE_Sensitization;U09_HPPT,,,,,0.0,
MOL_B_001553,CC1=CCC(C(C)(C)O)CC1,group_B,U07_ICE_Irritation,,,,,,1.0
MOL_B_001554,CC1=CCC(C(C)(C)OC(=O)C(C)C)CC1,group_B,U07_ICE_Sensitization;U09_HPPT,,,,,0.0,
MOL_B_001555,CC1=CCC(C(C)(C)OC=O)CC1,group_B,U07_ICE_Sensitization;U09_HPPT,,,,,0.0,
MOL_B_001556,CC1=CCC(C(C)C)=CC1,group_B,U07_ICE_Sensitization;U09_HPPT,,,,,0.0,
MOL_B_001557,CC1=CCC(C(C)C)C=C1,group_B,U07_ICE_Sensitization;U09_HPPT,,,,,0.0,
MOL_B_001558,CC1=CCC(C(C)CC2CCCC2=O)CC1,group_B,U07_ICE_Sensitization;U09_HPPT,,,,,0.0,
MOL_B_001559,CC1=CCC(C)C(C=O)C1,group_B,U07_ICE_Sensitization;U09_HPPT,,,,,0.0,
MOL_B_001560,CC1=CCC(C=CC(C)(C)C(C)O)C1(C)C,group_B,U07_ICE_Irritation;U07_ICE_Sensitization;U09_HPPT,,,,,0.0,1.0
MOL_B_001561,CC1=CCC(CCC(C)CO)C1(C)C,group_B,U07_ICE_Sensitization;U09_HPPT,,,,,0.0,
MOL_B_001562,CC1=CCC(O)(C(C)C)CC1,group_B,U07_ICE_Sensitization;U09_HPPT,,,,,0.0,
MOL_B_001563,CC1=CCC23CC1C(C)(C)C2CCC3C,group_B,U09_HPPT,,,,,0.0,
MOL_B_001564,CC1=CCC2C(C1)C2(C)C,group_B,U07_ICE_Sensitization;U09_HPPT,,,,,0.0,
MOL_B_001565,CC1=CCC2C3CC(C2C1)C1(C3)OC1C,group_B,U07_ICE_Sensitization;U09_HPPT,,,,,0.0,
MOL_B_001566,CC1=CCC2CC1C2(C)C,group_B,U07_ICE_Sensitization;U09_HPPT,,,,,0.0,
MOL_B_001567,CC1=CCCC(C)(C)C1/C=C/C(C)O,group_B,U07_ICE_Sensitization,,,,,0.0,
MOL_B_001568,CC1=CCCC(C)(C)C1C=CC(C)O,group_B,U09_HPPT,,,,,0.0,
MOL_B_001569,CC1=CCCC(C)(C)C1CCC(C)C=O,group_B,U09_HPPT,,,,,0.0,
MOL_B_001570,CC1=CCCC2(C)OC2CCC(C)=CCC1,group_B,U09_HPPT,,,,,0.0,
MOL_B_001571,CC1=CC[C@@]23C[C@@H]1C(C)(C)[C@@H]2CC[C@H]3C,group_B,U07_ICE_Sensitization,,,,,0.0,
MOL_B_001572,CC1=NC2(CCCNC2)C(=O)N1,group_B,U21_EPA_CPDat_Uv_Absorber,,,,,,
MOL_B_001573,CC1=NN(c2ccc([N+](=O)[O-])cc2)C(=O)/C1=C\NCC1CCNCC1,group_B,U21_EPA_CPDat_Uv_Absorber,,,,,,
MOL_B_001574,CC1=NN(c2ccccc2)C(=O)C1,group_B,U07_ICE_Sensitization,,,,,0.0,
MOL_B_001575,CC1=Nc2ccc(C(=O)c3ccccc3)cc2N=C(C)C1,group_B,U21_EPA_CPDat_Uv_Absorber,,,,,,
MOL_B_001576,CC1C2CCC(C3(O)CCCCC3)(C2)C1(C)C,group_B,U07_ICE_Sensitization;U09_HPPT,,,,,0.0,
MOL_B_001577,CC1C=CC=CC=CC=CC=CC=CC=CC(OC2OC(C)C(O)C(N)C2O)CC2OC(O)(CC(O)CC(O)C(O)CCC(O)CC(O)CC(=O)OC(C)C(C)C1O)CC(O)C2C(=O)O,group_B,U09_HPPT,,,,,0.0,
MOL_B_001578,CC1C=COC2(CCCCC2)C1,group_B,U07_ICE_Sensitization;U09_HPPT,,,,,0.0,
MOL_B_001579,CC1CC(=O)N2CCCC(C)C2N1,group_B,U21_EPA_CPDat_Uv_Absorber,,,,,,
MOL_B_001580,CC1CC(C)(C)OC(Cc2ccccc2)O1,group_B,U07_ICE_Sensitization;U09_HPPT,,,,,0.0,
MOL_B_001581,CC1CC(N(C=O)CCCCN(C=O)C2CC(C)NC(C)C2)CC(C)N1,group_B,U21_EPA_CPDat_Uv_Absorber,,,,,,
MOL_B_001582,CC1CC(O)CC(C)(C)C1,group_B,U07_ICE_Sensitization;U09_HPPT,,,,,0.0,
MOL_B_001583,CC1CC(OC(=O)c2ccccc2)CC(C)(C)N1,group_B,U21_EPA_CPDat_Uv_Absorber,,,,,,
MOL_B_001584,CC1CC(OC(=O)c2ccccc2O)CC(C)(C)C1,group_B,U01_EU_CosIng_Annex_VI;U07_ICE_Sensitization;U09_HPPT;U21_EPA_CPDat_Uv_Absorber,,,,,0.0,0.0
MOL_B_001585,CC1CCC(=O)C1=O,group_B,U07_ICE_Sensitization;U09_HPPT,,,,,0.0,
MOL_B_001586,CC1CCC(=O)O1,group_B,U07_ICE_Sensitization;U09_HPPT,,,,,0.0,
MOL_B_001587,CC1CCC(C(C)(C)O)C(O)C1,group_B,U07_ICE_Sensitization;U09_HPPT,,,,,0.0,
MOL_B_001588,CC1CCC(C(C)(C)O)CC1,group_B,U07_ICE_Sensitization;U09_HPPT,,,,,0.0,
MOL_B_001589,CC1CCC(C(C)C)C(=O)C1,group_B,U09_HPPT,,,,,0.0,
MOL_B_001590,CC1CCC(C(C)C)C(O)C1,group_B,U09_HPPT,,,,,0.0,
MOL_B_001591,CC1CCC(C(C)C)C(OC(=O)Cc2ccccc2)C1,group_B,U09_HPPT,,,,,0.0,
MOL_B_001592,CC1CCC(C(C)C)C(OC(=O)c2ccccc2O)C1,group_B,U21_EPA_CPDat_Uv_Absorber,,,,,,
MOL_B_001593,CC1CCC(C(N)=O)CN1,group_B,U21_EPA_CPDat_Uv_Absorber,,,,,,
MOL_B_001594,CC1CCC(NC(=O)OC(C)(C)C)CN1,group_B,U21_EPA_CPDat_Uv_Absorber,,,,,,
MOL_B_001595,CC1CCC2(CC3=C1CCC3C)OC2(C)C,group_B,U07_ICE_Sensitization,,,,,0.0,
MOL_B_001596,CC1CCC2(CCC(=O)O2)CC1,group_B,U07_ICE_Sensitization;U09_HPPT,,,,,0.0,
MOL_B_001597,CC1CCC2C(C)(C)C3CC12CC1OC(C)(C)OC13C,group_B,U09_HPPT,,,,,0.0,
MOL_B_001598,CC1CCC2C(C)(C)C3CC12CC1OC13C,group_B,U07_ICE_Sensitization;U09_HPPT,,,,,0.0,
MOL_B_001599,CC1CCC2C(C)(C)C3CC12CCC3(C)O,group_B,U09_HPPT,,,,,0.0,
MOL_B_001600,CC1CCC2C(C)(C)C3CC12CCC3(C)OC=O,group_B,U09_HPPT,,,,,0.0,
MOL_B_001601,CC1CCCC(=O)O1,group_B,U07_ICE_Sensitization;U09_HPPT,,,,,1.0,
MOL_B_001602,CC1CCCCCCCCCCCCC(=O)C1,group_B,U07_ICE_Sensitization;U09_HPPT,,,,,0.0,
MOL_B_001603,CC1CCN(C(=O)C2CCCCN2)CC1,group_B,U21_EPA_CPDat_Uv_Absorber,,,,,,
MOL_B_001604,CC1CCN(C(=O)C2CCCNC2)CC1,group_B,U21_EPA_CPDat_Uv_Absorber,,,,,,
MOL_B_001605,CC1CCN(C(=O)C2CCNCC2)CC1,group_B,U21_EPA_CPDat_Uv_Absorber,,,,,,
MOL_B_001606,CC1CNCCC1n1c(=O)[nH]c2ccccc21,group_B,U21_EPA_CPDat_Uv_Absorber,,,,,,
MOL_B_001607,CC1CO1,group_B,U07_ICE_Irritation,,,,,,0.0
MOL_B_001608,CC1COC(C(C)Cc2ccc(C(C)C)cc2)O1,group_B,U07_ICE_Sensitization;U09_HPPT,,,,,0.0,
MOL_B_001609,CC1COC(c2ccccc2)O1,group_B,U07_ICE_Sensitization;U09_HPPT,,,,,0.0,
MOL_B_001610,CC1COCc2cc3c(cc21)C(C)(C)C(C)C3(C)C,group_B,U07_ICE_Sensitization;U09_HPPT,,,,,0.0,
MOL_B_001611,CC1NC(=O)C2(CCNCC2)N1c1ccccc1,group_B,U21_EPA_CPDat_Uv_Absorber,,,,,,
MOL_B_001612,CC1NCCCC1NC(=O)OC(C)(C)C,group_B,U21_EPA_CPDat_Uv_Absorber,,,,,,
MOL_B_001613,CC1OC=CC(=O)C1=O,group_B,U09_HPPT,,,,,0.0,
MOL_B_001614,CC1OCC(c2ccccc2)O1,group_B,U07_ICE_Sensitization;U09_HPPT,,,,,0.0,
MOL_B_001615,CC=C(C)C(=O)O,group_B,U09_HPPT,,,,,0.0,
MOL_B_001616,CC=C(C)C(=O)OC,group_B,U09_HPPT,,,,,0.0,
MOL_B_001617,CC=C(C)C(=O)OC(C)C,group_B,U09_HPPT,,,,,0.0,
MOL_B_001618,CC=C(C)C(=O)OCC,group_B,U09_HPPT,,,,,0.0,
MOL_B_001619,CC=C(C)C(=O)OCC=C(C)CCC=C(C)C,group_B,U09_HPPT,,,,,0.0,
MOL_B_001620,CC=C(C)C(=O)OCC=Cc1ccccc1,group_B,U09_HPPT;U21_EPA_CPDat_Uv_Absorber,,,,,0.0,
MOL_B_001621,CC=C(C)C(=O)OCCC(C)CC,group_B,U09_HPPT,,,,,0.0,
MOL_B_001622,CC=C(C)C(=O)OCCC(C)CCC=C(C)C,group_B,U09_HPPT,,,,,0.0,
MOL_B_001623,CC=C(C)C(=O)OCCC=CCC,group_B,U09_HPPT,,,,,0.0,
MOL_B_001624,CC=C(C)C(=O)OCCCCCC,group_B,U09_HPPT,,,,,0.0,
MOL_B_001625,CC=C(C)C(=O)OCCc1ccccc1,group_B,U09_HPPT,,,,,0.0,
MOL_B_001626,CC=C(C)C(=O)OCc1ccccc1,group_B,U09_HPPT,,,,,0.0,
MOL_B_001627,CC=C(C)C=CC=C(C)C,group_B,U07_ICE_Sensitization;U09_HPPT,,,,,0.0,
MOL_B_001628,CC=C(C)CCOC(=O)c1ccccc1O,group_B,U21_EPA_CPDat_Uv_Absorber,,,,,,
MOL_B_001629,CC=C(C)COC(=O)C=Cc1ccc(O)c(O)c1,group_B,U21_EPA_CPDat_Uv_Absorber,,,,,,
MOL_B_001630,CC=C(C)c1ccc(O)cc1,group_B,U21_EPA_CPDat_Uv_Absorber,,,,,,
MOL_B_001631,CC=C(C=Cc1ccccc1)C(=O)OC,group_B,U21_EPA_CPDat_Uv_Absorber,,,,,,
MOL_B_001632,CC=CC(=O)C1=C(C)C=CCC1(C)C,group_B,U07_ICE_Sensitization;U09_HPPT,,,,,1.0,
MOL_B_001633,CC=CC(=O)C1C(C)=CCCC1(C)C,group_B,U07_ICE_Sensitization;U09_HPPT,,,,,0.0,
MOL_B_001634,CC=CC(=O)C1C(C)C=CCC1(C)C,group_B,U07_ICE_Sensitization;U09_HPPT,,,,,1.0,
MOL_B_001635,CC=CC(=O)C1CCC(C)(C)C=C1C,group_B,U07_ICE_Sensitization;U09_HPPT,,,,,0.0,
MOL_B_001636,CC=CC(=O)O,group_B,U07_ICE_Irritation,,,,,,1.0
MOL_B_001637,CC=CC(=O)OC,group_B,U09_HPPT,,,,,1.0,
MOL_B_001638,CC=CC(=O)OC/C=C(\C)CCC=C(C)C,group_B,U07_ICE_Sensitization,,,,,0.0,
MOL_B_001639,CC=CC(=O)OCC,group_B,U09_HPPT,,,,,0.0,
MOL_B_001640,CC=CC(=O)OCC(C)C,group_B,U07_ICE_Sensitization;U09_HPPT,,,,,0.0,
MOL_B_001641,CC=CC(=O)OCC=C(C)CCC=C(C)C,group_B,U09_HPPT,,,,,0.0,
MOL_B_001642,CC=CC(=O)OCCC(C)CCC=C(C)C,group_B,U07_ICE_Sensitization;U09_HPPT,,,,,0.0,
MOL_B_001643,CC=CC(=O)OCCCCCC,group_B,U07_ICE_Sensitization;U09_HPPT,,,,,0.0,
MOL_B_001644,CC=CC=CC(=O)O,group_B,U09_HPPT,,,,,0.0,
MOL_B_001645,CC=CC=CC=O,group_B,U09_HPPT,,,,,0.0,
MOL_B_001646,CC=CC=CCOC(=O)C(C)C,group_B,U07_ICE_Sensitization;U09_HPPT,,,,,0.0,
MOL_B_001647,CC=CCCC(c1cc(C)cc(C(C)(C)C)c1O)c1cc(C)cc(C(C)(C)C)c1O,group_B,U21_EPA_CPDat_Uv_Absorber,,,,,,
MOL_B_001648,CC=CCCCCCCCC(=O)OC,group_B,U07_ICE_Sensitization;U09_HPPT,,,,,0.0,
MOL_B_001649,CC=CCCOC(=O)C=Cc1ccc(O)cc1,group_B,U21_EPA_CPDat_Uv_Absorber,,,,,,
MOL_B_001650,CC=CCOCCOC(=O)C=Cc1ccccc1,group_B,U21_EPA_CPDat_Uv_Absorber,,,,,,
MOL_B_001651,CC=CCOc1ccc(C(=O)c2ccccc2)cc1,group_B,U21_EPA_CPDat_Uv_Absorber,,,,,,
MOL_B_001652,CC=Cc1cc(C(C)C)ccc1C,group_B,U07_ICE_Sensitization;U09_HPPT,,,,,0.0,
MOL_B_001653,CC=Cc1cc(OC)c(O)c(OC)c1,group_B,U21_EPA_CPDat_Uv_Absorber,,,,,,
MOL_B_001654,CC=Cc1cc(OC)c(O)cc1C(C)(C)C,group_B,U21_EPA_CPDat_Uv_Absorber,,,,,,
MOL_B_001655,CC=Cc1ccc(O)c(OC)c1,group_B,U07_ICE_Sensitization;U09_HPPT,,,,,1.0,
MOL_B_001656,CC=Cc1ccc(OC(=O)C=Cc2ccccc2)c(OC)c1,group_B,U21_EPA_CPDat_Uv_Absorber,,,,,,
MOL_B_001657,CC=Cc1ccc(OC(C)OCC)c(OC)c1,group_B,U07_ICE_Sensitization;U09_HPPT,,,,,0.0,
MOL_B_001658,CC=Cc1ccc(OCCCCC)c(OC)c1,group_B,U07_ICE_Sensitization;U09_HPPT,,,,,0.0,
MOL_B_001659,CC=Cc1ccc(OCc2ccccc2)c(OC)c1,group_B,U07_ICE_Sensitization;U09_HPPT,,,,,0.0,
MOL_B_001660,CC=Cc1ccc2c(c1)OCO2,group_B,U07_ICE_Sensitization;U09_HPPT,,,,,0.0,
MOL_B_001661,CCC(=CCC1CC=C(C)C1(C)C)CO,group_B,U07_ICE_Sensitization;U09_HPPT,,,,,0.0,
MOL_B_001662,CCC(=O)/C=C/[C@H]1C(C)=CCCC1(C)C,group_B,U07_ICE_Sensitization,,,,,0.0,
MOL_B_001663,CCC(=O)C(C)=CC1=C(C)CCCC1(C)C,group_B,U07_ICE_Sensitization;U09_HPPT,,,,,0.0,
MOL_B_001664,CCC(=O)C(C)=O,group_B,U07_ICE_Sensitization;U09_HPPT,,,,,0.0,
MOL_B_001665,CCC(=O)C1CC(C(C)C)CC=C1C,group_B,U07_ICE_Sensitization;U09_HPPT,,,,,0.0,
MOL_B_001666,CCC(=O)C=CC1C(C)=CCCC1(C)C,group_B,U09_HPPT,,,,,0.0,
MOL_B_001667,CCC(=O)C=CC=C(C)CCC=C(C)C,group_B,U07_ICE_Sensitization;U09_HPPT,,,,,1.0,
MOL_B_001668,CCC(=O)C=Cc1ccc(OC)cc1,group_B,U07_ICE_Sensitization;U09_HPPT,,,,,1.0,
MOL_B_001669,CCC(=O)CC,group_B,U07_ICE_Sensitization;U09_HPPT,,,,,0.0,
MOL_B_001670,CCC(=O)CCC1C(C)=CCCC1(C)C,group_B,U07_ICE_Sensitization;U09_HPPT,,,,,0.0,
MOL_B_001671,CCC(=O)N(c1ccccc1)C1(C(=O)OC)CCN(CCC(=O)OC)CC1,group_B,U21_EPA_CPDat_Uv_Absorber,,,,,,
MOL_B_001672,CCC(=O)N(c1ccccc1)C1(C)CCNCC1,group_B,U21_EPA_CPDat_Uv_Absorber,,,,,,
MOL_B_001673,CCC(=O)N(c1ccccc1)C1(c2ccccc2)CCNCC1,group_B,U21_EPA_CPDat_Uv_Absorber,,,,,,
MOL_B_001674,CCC(=O)N(c1ccccc1)C1CCN(CCc2ccc(O)cc2)CC1,group_B,U21_EPA_CPDat_Uv_Absorber,,,,,,
MOL_B_001675,CCC(=O)N(c1ccccc1)C1CCN(CCc2ccccc2)CC1,group_B,U12_SkinPiX,,,,-9.114,,
MOL_B_001676,CCC(=O)N(c1ccccc1)C1CCNCC1,group_B,U21_EPA_CPDat_Uv_Absorber,,,,,,
MOL_B_001677,CCC(=O)N(c1ccccc1)[C@@H]1CCNC[C@@H]1C,group_B,U21_EPA_CPDat_Uv_Absorber,,,,,,
MOL_B_001678,CCC(=O)N1C2CCCC1CNC2,group_B,U21_EPA_CPDat_Uv_Absorber,,,,,,
MOL_B_001679,CCC(=O)N1CC2CCCC(C1)N2,group_B,U21_EPA_CPDat_Uv_Absorber,,,,,,
MOL_B_001680,CCC(=O)NC1CCNCC1,group_B,U21_EPA_CPDat_Uv_Absorber,,,,,,
MOL_B_001681,CCC(=O)NCC1CCCNC1,group_B,U21_EPA_CPDat_Uv_Absorber,,,,,,
MOL_B_001682,CCC(=O)Nc1cc(-c2sc(C3CCNCC3)nc2-c2cccc(Cl)c2)ccn1,group_B,U21_EPA_CPDat_Uv_Absorber,,,,,,
MOL_B_001683,CCC(=O)O,group_B,U07_ICE_Irritation,,,,,,1.0
MOL_B_001684,CCC(=O)OC,group_B,U07_ICE_Sensitization;U09_HPPT,,,,,0.0,
MOL_B_001685,CCC(=O)OC(C)(C)C1CC=C(C)CC1,group_B,U07_ICE_Sensitization;U09_HPPT,,,,,0.0,
MOL_B_001686,CCC(=O)OC(C)(C)Cc1ccccc1,group_B,U07_ICE_Sensitization;U09_HPPT,,,,,0.0,
MOL_B_001687,CCC(=O)OC(C)c1ccccc1,group_B,U07_ICE_Sensitization;U09_HPPT,,,,,0.0,
MOL_B_001688,CCC(=O)OC/C=C(/C)CCC=C(C)C,group_B,U07_ICE_Sensitization,,,,,0.0,
MOL_B_001689,CCC(=O)OC/C=C(\C)CCC=C(C)C,group_B,U07_ICE_Sensitization,,,,,0.0,
MOL_B_001690,CCC(=O)OC1(c2ccccc2)CCN(CCCCCCCF)CC1,group_B,U21_EPA_CPDat_Uv_Absorber,,,,,,
MOL_B_001691,CCC(=O)OC1(c2ccccc2)CCN(CCCCCC[N+](=O)[O-])CC1,group_B,U21_EPA_CPDat_Uv_Absorber,,,,,,
MOL_B_001692,CCC(=O)OC1CC2CC1C1CC=CC21,group_B,U07_ICE_Sensitization;U09_HPPT,,,,,0.0,
MOL_B_001693,CCC(=O)OC1CC2CCC1(C)C2(C)C,group_B,U09_HPPT,,,,,0.0,
MOL_B_001694,CCC(=O)OCC=C(C)CCC=C(C)C,group_B,U09_HPPT,,,,,0.0,
MOL_B_001695,CCC(=O)OCC=Cc1ccccc1,group_B,U07_ICE_Sensitization;U09_HPPT,,,,,0.0,
MOL_B_001696,CCC(=O)OCCC(C)C,group_B,U07_ICE_Sensitization;U09_HPPT,,,,,0.0,
MOL_B_001697,CCC(=O)OCCC(C)CCC=C(C)C,group_B,U07_ICE_Sensitization;U09_HPPT,,,,,0.0,
MOL_B_001698,CCC(=O)OCCCc1ccccc1,group_B,U07_ICE_Sensitization;U09_HPPT,,,,,1.0,
MOL_B_001699,CCC(=O)OCCOc1ccccc1,group_B,U07_ICE_Sensitization;U09_HPPT,,,,,0.0,
MOL_B_001700,CCC(=O)OCCc1ccccc1,group_B,U07_ICE_Sensitization;U09_HPPT,,,,,0.0,
MOL_B_001701,CCC(=O)OCc1ccc(OC)cc1,group_B,U07_ICE_Sensitization;U09_HPPT,,,,,0.0,
MOL_B_001702,CCC(=O)OCc1ccccc1,group_B,U07_ICE_Sensitization;U09_HPPT,,,,,0.0,
MOL_B_001703,CCC(=O)O[C@H]1C[C@@H]2CC[C@@]1(C)C2(C)C,group_B,U07_ICE_Sensitization,,,,,0.0,
MOL_B_001704,CCC(=O)Oc1ccc(C(=O)c2ccccc2)c(O)c1,group_B,U21_EPA_CPDat_Uv_Absorber,,,,,,
MOL_B_001705,CCC(=O)c1cc(C(C)(C)C)c(O)c(C(C)(C)C)c1,group_B,U21_EPA_CPDat_Uv_Absorber,,,,,,
MOL_B_001706,CCC(=O)c1cc(OC)c(O)c(OC)c1,group_B,U21_EPA_CPDat_Uv_Absorber,,,,,,
MOL_B_001707,CCC(=O)c1cc(OC)ccc1O,group_B,U21_EPA_CPDat_Uv_Absorber,,,,,,
MOL_B_001708,CCC(=O)c1ccc(O)c(OC)c1,group_B,U21_EPA_CPDat_Uv_Absorber,,,,,,
MOL_B_001709,CCC(=O)c1ccc(OC)c(O)c1,group_B,U21_EPA_CPDat_Uv_Absorber,,,,,,
MOL_B_001710,CCC(=O)c1cccc(C(=O)OC)c1O,group_B,U21_EPA_CPDat_Uv_Absorber,,,,,,
MOL_B_001711,CCC(=O)c1cccc(C(=O)c2ccccc2)c1,group_B,U21_EPA_CPDat_Uv_Absorber,,,,,,
MOL_B_001712,CCC(=O)c1cccc(OC)c1O,group_B,U21_EPA_CPDat_Uv_Absorber,,,,,,
MOL_B_001713,CCC(C(=O)c1ccc(OCCN(C)C)cc1)c1ccccc1,group_B,U07_ICE_Irritation,,,,,,1.0
MOL_B_001714,CCC(C(=O)c1ccccc1)c1ccc(O)cc1,group_B,U21_EPA_CPDat_Uv_Absorber,,,,,,
MOL_B_001715,CCC(C(C)=O)c1cc(OC)c(O)cc1C(=O)c1ccc(OC)c(OC)c1,group_B,U21_EPA_CPDat_Uv_Absorber,,,,,,
MOL_B_001716,CCC(C(C)=O)c1cc(OC)c(OC)cc1C(=O)c1ccc(OC)c(O)c1,group_B,U21_EPA_CPDat_Uv_Absorber,,,,,,
MOL_B_001717,CCC(C)(C)C1CCC(=O)CC1,group_B,U07_ICE_Sensitization;U09_HPPT,,,,,0.0,
MOL_B_001718,CCC(C)(C)C1CCCCC1OC(C)=O,group_B,U07_ICE_Sensitization;U09_HPPT,,,,,0.0,
MOL_B_001719,CCC(C)(C)OC(=O)C=C(c1ccccc1)c1ccccc1,group_B,U21_EPA_CPDat_Uv_Absorber,,,,,,
MOL_B_001720,CCC(C)(C)OC(=O)C=Cc1ccccc1,group_B,U21_EPA_CPDat_Uv_Absorber,,,,,,
MOL_B_001721,CCC(C)(C)c1cc(-n2nc3ccccc3n2)c(O)c(C(C)(C)CC)c1,group_B,U21_EPA_CPDat_Uv_Absorber,,,,,,
MOL_B_001722,CCC(C)(C)c1cc(C#N)c(O)c(C(C)(C)CC)c1,group_B,U21_EPA_CPDat_Uv_Absorber,,,,,,
MOL_B_001723,CCC(C)(C)c1cc(C(C)(C)CC)c(O)c(C(C)(C)CC)c1,group_B,U21_EPA_CPDat_Uv_Absorber,,,,,,
MOL_B_001724,CCC(C)(C)c1cc(C(C)(C)c2ccc(O)c(C(C)(C)CC)c2)ccc1O,group_B,U21_EPA_CPDat_Uv_Absorber,,,,,,
MOL_B_001725,CCC(C)(C)c1cc(C(C)c2cc(C(C)(C)CC)cc(C(C)(C)CC)c2O)c(O)c(C(C)(C)CC)c1,group_B,U21_EPA_CPDat_Uv_Absorber,,,,,,
MOL_B_001726,CCC(C)(C)c1cc(C(c2ccccc2)c2cc(C(C)(C)CC)cc(C(C)(C)CC)c2O)c(O)c(C(C)(C)CC)c1,group_B,U21_EPA_CPDat_Uv_Absorber,,,,,,
MOL_B_001727,CCC(C)(C)c1cc(C)cc(Cc2cc(C)cc(C(C)(C)CC)c2O)c1O,group_B,U21_EPA_CPDat_Uv_Absorber,,,,,,
MOL_B_001728,CCC(C)(C)c1cc(Cc2cc(C(C)(C)CC)cc(C(C)(C)CC)c2O)c(O)c(C(C)(C)CC)c1,group_B,U21_EPA_CPDat_Uv_Absorber,,,,,,
MOL_B_001729,CCC(C)(C)c1cc(Cl)c(O)c(C(C)(C)C)c1,group_B,U21_EPA_CPDat_Uv_Absorber,,,,,,
MOL_B_001730,CCC(C)(C)c1cc(O)c(C(C)(C)C)cc1O,group_B,U21_EPA_CPDat_Uv_Absorber,,,,,,
MOL_B_001731,CCC(C)(C)c1ccc(O)c(C(=O)c2ccccc2)c1,group_B,U21_EPA_CPDat_Uv_Absorber,,,,,,
MOL_B_001732,CCC(C)(C)c1ccc(O)c(C(C)(C)C)c1,group_B,U21_EPA_CPDat_Uv_Absorber,,,,,,
MOL_B_001733,CCC(C)(C)c1ccc(O)c(C(C)(C)CC)c1,group_B,U21_EPA_CPDat_Uv_Absorber,,,,,,
MOL_B_001734,CCC(C)(C)c1ccc(OC(=O)c2ccc(O)cc2)c(C(C)(C)CC)c1,group_B,U21_EPA_CPDat_Uv_Absorber,,,,,,
MOL_B_001735,CCC(C)(C)c1ccc(OC(=O)c2ccccc2O)cc1,group_B,U21_EPA_CPDat_Uv_Absorber,,,,,,
MOL_B_001736,CCC(C)(CCCCCOc1cc(C)c(O)c(C)c1C)C(=O)O,group_B,U21_EPA_CPDat_Uv_Absorber,,,,,,
MOL_B_001737,CCC(C)(CCc1ccccc1)OC(C)=O,group_B,U07_ICE_Sensitization;U09_HPPT,,,,,0.0,
MOL_B_001738,CCC(C)(O)CCC=C(C)CCC=C(C)CCC=C(C)C,group_B,U07_ICE_Sensitization;U09_HPPT,,,,,0.0,
MOL_B_001739,CCC(C)(O)CCCC(C)C,group_B,U07_ICE_Sensitization;U09_HPPT,,,,,0.0,
MOL_B_001740,CCC(C)(O)CCc1ccccc1,group_B,U07_ICE_Sensitization;U09_HPPT,,,,,0.0,
MOL_B_001741,CCC(C)(c1cc(C)c(O)c(C)c1)c1cc(C)c(O)c(C)c1,group_B,U21_EPA_CPDat_Uv_Absorber,,,,,,
MOL_B_001742,CCC(C)(c1cc(C)cc(C(C)(C)C)c1O)c1cc(C)cc(C(C)(C)C)c1O,group_B,U21_EPA_CPDat_Uv_Absorber,,,,,,
MOL_B_001743,CCC(C)=CCCC(C)=CC#N,group_B,U07_ICE_Sensitization;U09_HPPT,,,,,0.0,
MOL_B_001744,CCC(C)=CCCC(C)=CC=O,group_B,U07_ICE_Sensitization;U09_HPPT,,,,,0.0,
MOL_B_001745,CCC(C)=O,group_B,U07_ICE_Sensitization;U09_HPPT,,,,,0.0,
MOL_B_001746,CCC(C)Br,group_B,U07_ICE_Irritation,,,,,,0.0
MOL_B_001747,CCC(C)C(=O)O,group_B,U07_ICE_Irritation,,,,,,1.0
MOL_B_001748,CCC(C)C(=O)OC,group_B,U07_ICE_Sensitization;U09_HPPT,,,,,0.0,
MOL_B_001749,CCC(C)C(=O)OC1CCNCC1,group_B,U21_EPA_CPDat_Uv_Absorber,,,,,,
MOL_B_001750,CCC(C)C(=O)OCCc1ccccc1,group_B,U07_ICE_Sensitization;U09_HPPT,,,,,0.0,
MOL_B_001751,CCC(C)C(C)CCOc1ccc(C(=O)c2ccccc2)c(O)c1,group_B,U21_EPA_CPDat_Uv_Absorber,,,,,,
MOL_B_001752,CCC(C)C1CCCCC1(C)OC(C)=O,group_B,U07_ICE_Sensitization;U09_HPPT,,,,,0.0,
MOL_B_001753,CCC(C)C1CCCCC1=O,group_B,U07_ICE_Sensitization;U09_HPPT,,,,,0.0,
MOL_B_001754,CCC(C)C=O,group_B,U07_ICE_Sensitization;U09_HPPT,,,,,0.0,
MOL_B_001755,CCC(C)CCC(C)(CC)OC(C)=O,group_B,U07_ICE_Sensitization;U09_HPPT,,,,,0.0,
MOL_B_001756,CCC(C)CCC(C)(O)CC,group_B,U07_ICE_Sensitization;U09_HPPT,,,,,0.0,
MOL_B_001757,CCC(C)CCCC(C)(C)O,group_B,U07_ICE_Sensitization;U09_HPPT,,,,,0.0,
MOL_B_001758,CCC(C)CCO,group_B,U07_ICE_Sensitization;U09_HPPT,,,,,0.0,
MOL_B_001759,CCC(C)COC(=O)C=Cc1ccc(OC)cc1,group_B,U21_EPA_CPDat_Uv_Absorber,,,,,,
MOL_B_001760,CCC(C)COC(=O)c1ccc(OC(=O)c2ccc(O)cc2)cc1,group_B,U21_EPA_CPDat_Uv_Absorber,,,,,,
MOL_B_001761,CCC(C)COC(=O)c1ccccc1O,group_B,U21_EPA_CPDat_Uv_Absorber,,,,,,
MOL_B_001762,CCC(C)COc1ccc(OC(=O)c2ccc(O)cc2)cc1,group_B,U21_EPA_CPDat_Uv_Absorber,,,,,,
MOL_B_001763,CCC(C)NC(=O)C=Cc1ccc(O)c(OC)c1,group_B,U21_EPA_CPDat_Uv_Absorber,,,,,,
MOL_B_001764,CCC(C)OC(=O)c1ccc(O)cc1,group_B,U21_EPA_CPDat_Uv_Absorber,,,,,,
MOL_B_001765,CCC(C)c1c(O)c(C(C)c2ccccc2)c(C(C)CC)c(C(C)CC)c1C(C)CC,group_B,U21_EPA_CPDat_Uv_Absorber,,,,,,
MOL_B_001766,CCC(C)c1cc(C(C)(C)C)c(O)c(C(C)(C)C)c1,group_B,U21_EPA_CPDat_Uv_Absorber,,,,,,
MOL_B_001767,CCC(C)c1cc(C(C)(C)C)cc(-n2nc3ccccc3n2)c1O,group_B,U21_EPA_CPDat_Uv_Absorber,,,,,,
MOL_B_001768,CCC(C)c1cc(C(C)(C)c2ccc(O)c(C(C)CC)c2)ccc1O,group_B,U21_EPA_CPDat_Uv_Absorber,,,,,,
MOL_B_001769,CCC(C)c1cc(C(C)c2cc(C(C)CC)cc(C(C)(C)C)c2O)c(O)c(C(C)(C)C)c1,group_B,U21_EPA_CPDat_Uv_Absorber,,,,,,
MOL_B_001770,CCC(C)c1cc(C)c(O)c(C(C)(C)C)c1,group_B,U21_EPA_CPDat_Uv_Absorber,,,,,,
MOL_B_001771,CCC(C)c1cc(Cc2cc(C(C)CC)cc(C(C)(C)C)c2O)c(O)c(C(C)(C)C)c1,group_B,U21_EPA_CPDat_Uv_Absorber,,,,,,
MOL_B_001772,CCC(C)c1cc(S(=O)(=O)[O-])cc(-n2nc3ccccc3n2)c1O,group_B,U21_EPA_CPDat_Uv_Absorber,,,,,,
MOL_B_001773,CCC(C)c1ccc(O)c(C(=O)c2ccc(Cl)cc2)c1,group_B,U21_EPA_CPDat_Uv_Absorber,,,,,,
MOL_B_001774,CCC(C)c1ccc(O)c(C(=O)c2ccc(Cl)cc2Cl)c1,group_B,U21_EPA_CPDat_Uv_Absorber,,,,,,
MOL_B_001775,CCC(C)c1ccc(O)c(C(=O)c2ccccc2Cl)c1,group_B,U21_EPA_CPDat_Uv_Absorber,,,,,,
MOL_B_001776,CCC(C)c1ccc(O)c(C(C)(C)C)c1,group_B,U21_EPA_CPDat_Uv_Absorber,,,,,,
MOL_B_001777,CCC(C)c1ccc2ncccc2c1,group_B,U07_ICE_Sensitization;U09_HPPT,,,,,0.0,
MOL_B_001778,CCC(C=O)CC,group_B,U07_ICE_Sensitization,,,,,1.0,
MOL_B_001779,CCC(CC(C)CC)=NO,group_B,U07_ICE_Sensitization;U09_HPPT,,,,,0.0,
MOL_B_001780,CCC(CC)(C(=O)OC1CC(C)(C)NC(C)(C)C1)C(=O)OC1CC(C)(C)NC(C)(C)C1,group_B,U21_EPA_CPDat_Uv_Absorber,,,,,,
MOL_B_001781,CCC(CC)(CC)Cc1ccc(C(C)(C)c2ccc(O)c(CC(CC)(CC)CC)c2)cc1O,group_B,U21_EPA_CPDat_Uv_Absorber,,,,,,
MOL_B_001782,CCC(CC)(c1cc(C)c(O)c(C)c1)c1cc(C)c(O)c(C)c1,group_B,U21_EPA_CPDat_Uv_Absorber,,,,,,
MOL_B_001783,CCC(CC)(c1ccc(OC)cc1)c1ccc(O)c(C)c1,group_B,U21_EPA_CPDat_Uv_Absorber,,,,,,
MOL_B_001784,CCC(CC)Nc1c(O)ccc(C(=O)c2ccccc2)c1O,group_B,U21_EPA_CPDat_Uv_Absorber,,,,,,
MOL_B_001785,CCC(Cc1ccccc1)(C(=O)c1ccc(N2CCOCC2)cc1)N(C)C,group_B,U21_EPA_CPDat_Uv_Absorber,,,,,,
MOL_B_001786,CCC(OC(C)=O)c1ccccc1,group_B,U07_ICE_Sensitization;U09_HPPT,,,,,0.0,
MOL_B_001787,CCC(c1cc(C(C)(C)C)c(O)c(C(C)(C)C)c1)c1cc(C(C)(C)C)c(O)c(C(C)(C)C)c1,group_B,U21_EPA_CPDat_Uv_Absorber,,,,,,
MOL_B_001788,CCC(c1cc(C)cc(C(C)(C)C)c1O)c1cc(C)cc(C(C)(C)C)c1O,group_B,U21_EPA_CPDat_Uv_Absorber,,,,,,
MOL_B_001789,CCC(c1ccccc1)(c1ccccc1)c1ccc(O)cc1,group_B,U21_EPA_CPDat_Uv_Absorber,,,,,,
MOL_B_001790,CCC(c1ccccc1)c1cc(C(C)c2cc(C(CC)c3ccccc3)c(O)c(C(CC)c3ccccc3)c2)cc(C(CC)c2ccccc2)c1O,group_B,U21_EPA_CPDat_Uv_Absorber,,,,,,
MOL_B_001791,CCC/C=C/C(OC)OC,group_B,U07_ICE_Sensitization,,,,,1.0,
MOL_B_001792,CCC/C=C/C(OCC)OCC,group_B,U07_ICE_Sensitization,,,,,1.0,
MOL_B_001793,CCC/C=C/C=O,group_B,U07_ICE_Sensitization,,,,,1.0,
MOL_B_001794,CCC/C=C/CO,group_B,U07_ICE_Sensitization,,,,,0.0,
MOL_B_001795,CCC/C=C/COC(=O)CC,group_B,U07_ICE_Sensitization,,,,,0.0,
MOL_B_001796,CCC/C=C/COC(=O)c1ccccc1O,group_B,U07_ICE_Sensitization,,,,,0.0,
MOL_B_001797,CCC/C=C/COC(C)=O,group_B,U07_ICE_Sensitization,,,,,0.0,
MOL_B_001798,CCC1(C(=O)N2CCCC2)CCNCC1,group_B,U21_EPA_CPDat_Uv_Absorber,,,,,,
MOL_B_001799,CCC1(C)C(=O)N(C2CCNCC2)c2ccccc21,group_B,U21_EPA_CPDat_Uv_Absorber,,,,,,
MOL_B_001800,CCC1(C)CC(C#N)(NC(=O)Nc2ccccc2)C(C)C(C)(CC)N1,group_B,U21_EPA_CPDat_Uv_Absorber,,,,,,
MOL_B_001801,CCC1(C)CC(N(C)C(=O)c2ccccc2)C(C)C(C)(CC)N1,group_B,U21_EPA_CPDat_Uv_Absorber,,,,,,
MOL_B_001802,CCC1(C)CC(N(C)C(C)=O)C(C)C(C)(CC)N1,group_B,U21_EPA_CPDat_Uv_Absorber,,,,,,
MOL_B_001803,CCC1(C)CC(NC(=O)C(=O)NC2CC(C)(CC)NC(C)(CC)C2C)C(C)C(C)(CC)N1,group_B,U21_EPA_CPDat_Uv_Absorber,,,,,,
MOL_B_001804,CCC1(C)CC(NC(=O)CCCCC(=O)NC2CC(C)(CC)NC(C)(CC)C2C)C(C)C(C)(CC)N1,group_B,U21_EPA_CPDat_Uv_Absorber,,,,,,
MOL_B_001805,CCC1(C)CC(NC(=O)CCCCCCCCC(=O)NC2CC(C)(CC)NC(C)(CC)C2C)C(C)C(C)(CC)N1,group_B,U21_EPA_CPDat_Uv_Absorber,,,,,,
MOL_B_001806,CCC1(C)CC(NC(=O)NC2CC(C)(CC)NC(C)(CC)C2C)C(C)C(C)(CC)N1,group_B,U21_EPA_CPDat_Uv_Absorber,,,,,,
MOL_B_001807,CCC1(C)CC(NC(=O)Nc2ccccc2)C(C)C(C)(CC)N1,group_B,U21_EPA_CPDat_Uv_Absorber,,,,,,
MOL_B_001808,CCC1(C)CC(NC(=O)c2ccccc2)C(C)C(C)(CC)N1,group_B,U21_EPA_CPDat_Uv_Absorber,,,,,,
MOL_B_001809,CCC1(C)CC(NC(=O)c2ccccc2)C(C)C(C)(CC)N1C,group_B,U21_EPA_CPDat_Uv_Absorber,,,,,,
MOL_B_001810,CCC1(C)CC(NC(C)=O)C(C)C(C)(CC)N1,group_B,U21_EPA_CPDat_Uv_Absorber,,,,,,
MOL_B_001811,CCC1(C)CC2(NC(=O)N(C)C2=O)C(C)C(C)(CC)N1,group_B,U21_EPA_CPDat_Uv_Absorber,,,,,,
MOL_B_001812,CCC1(C)CC2(NC(=O)NC2=O)C(C)C(C)(CC)N1,group_B,U21_EPA_CPDat_Uv_Absorber,,,,,,
MOL_B_001813,CCC1(CC)CC(OC(=O)CCCCC(=O)OC2CC(CC)(CC)NC(CC)(CC)C2)CC(CC)(CC)N1,group_B,U21_EPA_CPDat_Uv_Absorber,,,,,,
MOL_B_001814,CCC1(CO)CCC(CO)CC1,group_B,U07_ICE_Sensitization;U09_HPPT,,,,,0.0,
MOL_B_001815,CCC12CC3CC1C2C3OC,group_B,U07_ICE_Sensitization;U09_HPPT,,,,,0.0,
MOL_B_001816,CCC1=C(O)C(=O)CC1,group_B,U07_ICE_Sensitization,,,,,0.0,
MOL_B_001817,CCC1C(=O)OC2CCCCC21,group_B,U07_ICE_Sensitization;U09_HPPT,,,,,0.0,
MOL_B_001818,CCC1CCC(=O)C1=O,group_B,U09_HPPT,,,,,0.0,
MOL_B_001819,CCC1CCC(=O)O1,group_B,U07_ICE_Sensitization;U09_HPPT,,,,,0.0,
MOL_B_001820,CCC1CCC2(CCC(=O)O2)CC1,group_B,U09_HPPT,,,,,0.0,
MOL_B_001821,CCC1CCNC(C(=O)OC)C1,group_B,U21_EPA_CPDat_Uv_Absorber,,,,,,
MOL_B_001822,CCC1NC(C)(CC)C(C)C(NC(N)=O)C1C,group_B,U21_EPA_CPDat_Uv_Absorber,,,,,,
MOL_B_001823,CCC1OC(=O)C(C)C(OC2CC(C)(OC)C(O)C(C)O2)C(C)C(OC2OC(C)CC(N(C)C)C2O)C(C)(O)CC(C)C(=O)C(C)C(O)C1(C)O,group_B,U09_HPPT,,,,,0.0,
MOL_B_001824,CCC1OC=CC(=O)C1=O,group_B,U09_HPPT,,,,,0.0,
MOL_B_001825,CCC=C(C)C(=O)O,group_B,U07_ICE_Sensitization;U09_HPPT,,,,,0.0,
MOL_B_001826,CCC=C1OC(=O)c2ccccc21,group_B,U07_ICE_Sensitization;U09_HPPT,,,,,1.0,
MOL_B_001827,CCC=CC=CC=O,group_B,U07_ICE_Sensitization;U09_HPPT,,,,,1.0,
MOL_B_001828,CCC=CCC1=C(C)C(=O)CC1,group_B,U07_ICE_Sensitization;U09_HPPT,,,,,0.0,
MOL_B_001829,CCC=CCC1=C(C)CCC1=O,group_B,U09_HPPT,,,,,0.0,
MOL_B_001830,CCC=CCC1C(=O)CCC1CC(=O)OC,group_B,U09_HPPT,,,,,0.0,
MOL_B_001831,CCC=CCC=O,group_B,U09_HPPT,,,,,0.0,
MOL_B_001832,CCC=CCCC1(C)CCC(=O)O1,group_B,U09_HPPT,,,,,0.0,
MOL_B_001833,CCC=CCCC=CCO,group_B,U09_HPPT,,,,,0.0,
MOL_B_001834,CCC=CCCCCC=O,group_B,U09_HPPT,,,,,0.0,
MOL_B_001835,CCC=CCCO,group_B,U09_HPPT,,,,,0.0,
MOL_B_001836,CCC=CCCOC(=O)C(C)C,group_B,U09_HPPT,,,,,0.0,
MOL_B_001837,CCC=CCCOC(=O)CC,group_B,U09_HPPT,,,,,0.0,
MOL_B_001838,CCC=CCCOC(=O)CCC,group_B,U09_HPPT,,,,,0.0,
MOL_B_001839,CCC=CCCOC(=O)CCCC,group_B,U09_HPPT,,,,,0.0,
MOL_B_001840,CCC=CCCOC(=O)CCCCC,group_B,U09_HPPT,,,,,0.0,
MOL_B_001841,CCC=CCCOC(=O)Cc1ccccc1,group_B,U09_HPPT,,,,,0.0,
MOL_B_001842,CCC=CCCOC(=O)c1ccccc1,group_B,U09_HPPT,,,,,0.0,
MOL_B_001843,CCC=CCCOC(=O)c1ccccc1N,group_B,U09_HPPT,,,,,0.0,
MOL_B_001844,CCC=CCCOC(=O)c1ccccc1O,group_B,U09_HPPT,,,,,0.0,
MOL_B_001845,CCC=CCCOC(C)=O,group_B,U09_HPPT,,,,,0.0,
MOL_B_001846,CCC=CCCOC(C)OCC,group_B,U09_HPPT,,,,,0.0,
MOL_B_001847,CCC=CCCOC=O,group_B,U09_HPPT,,,,,0.0,
MOL_B_001848,CCC=CCCOCC=O,group_B,U09_HPPT,,,,,0.0,
MOL_B_001849,CCC=CCO,group_B,U09_HPPT,,,,,0.0,
MOL_B_001850,CCCC(=O)C(C)=O,group_B,U07_ICE_Sensitization;U09_HPPT,,,,,0.0,
MOL_B_001851,CCCC(=O)C1CCNCC1,group_B,U21_EPA_CPDat_Uv_Absorber,,,,,,
MOL_B_001852,CCCC(=O)NC1CC(C)(C)NC(C)(C)C1,group_B,U21_EPA_CPDat_Uv_Absorber,,,,,,
MOL_B_001853,CCCC(=O)O,group_B,U07_ICE_Irritation;U07_ICE_Sensitization;U09_HPPT,,,,,0.0,1.0
MOL_B_001854,CCCC(=O)OC,group_B,U07_ICE_Sensitization;U09_HPPT,,,,,0.0,
MOL_B_001855,CCCC(=O)OC(=O)CCC,group_B,U07_ICE_Irritation,,,,,,1.0
MOL_B_001856,CCCC(=O)OC(C)(C)Cc1ccccc1,group_B,U07_ICE_Sensitization;U09_HPPT,,,,,0.0,
MOL_B_001857,CCCC(=O)OC/C=C(\C)CCC=C(C)C,group_B,U07_ICE_Sensitization,,,,,0.0,
MOL_B_001858,CCCC(=O)OC1=CN2CCC1CC2,group_B,U21_EPA_CPDat_Uv_Absorber,,,,,,
MOL_B_001859,CCCC(=O)OC1CCC(N2CCCCC2)CC1,group_B,U21_EPA_CPDat_Uv_Absorber,,,,,,
MOL_B_001860,CCCC(=O)OC1CCCCC1,group_B,U07_ICE_Sensitization;U09_HPPT,,,,,0.0,
MOL_B_001861,CCCC(=O)OC1CCN(C)CC1,group_B,U21_EPA_CPDat_Uv_Absorber,,,,,,
MOL_B_001862,CCCC(=O)OCC,group_B,U07_ICE_Sensitization;U09_HPPT,,,,,0.0,
MOL_B_001863,CCCC(=O)OCC(C)C,group_B,U07_ICE_Sensitization;U09_HPPT,,,,,0.0,
MOL_B_001864,CCCC(=O)OCC1CCCCN1,group_B,U21_EPA_CPDat_Uv_Absorber,,,,,,
MOL_B_001865,CCCC(=O)OCC1CCCCN1C,group_B,U21_EPA_CPDat_Uv_Absorber,,,,,,
MOL_B_001866,CCCC(=O)OCC1CCN(CC(F)(F)F)CC1,group_B,U21_EPA_CPDat_Uv_Absorber,,,,,,
MOL_B_001867,CCCC(=O)OCC1CCN(CCF)CC1,group_B,U21_EPA_CPDat_Uv_Absorber,,,,,,
MOL_B_001868,CCCC(=O)OCC1CCNCC1,group_B,U21_EPA_CPDat_Uv_Absorber,,,,,,
MOL_B_001869,CCCC(=O)OCC=C(C)CCC=C(C)C,group_B,U09_HPPT,,,,,0.0,
MOL_B_001870,CCCC(=O)OCC=Cc1ccccc1,group_B,U07_ICE_Sensitization;U09_HPPT,,,,,0.0,
MOL_B_001871,CCCC(=O)OCCC(C)C,group_B,U07_ICE_Sensitization;U09_HPPT,,,,,0.0,
MOL_B_001872,CCCC(=O)OCCC(C)CCC=C(C)C,group_B,U07_ICE_Sensitization;U09_HPPT,,,,,0.0,
MOL_B_001873,CCCC(=O)OCCCN1CCCCC1,group_B,U21_EPA_CPDat_Uv_Absorber,,,,,,
MOL_B_001874,CCCC(=O)OCCN1CCCCC1,group_B,U21_EPA_CPDat_Uv_Absorber,,,,,,
MOL_B_001875,CCCC(=O)OCCc1ccccc1,group_B,U07_ICE_Sensitization;U09_HPPT,,,,,0.0,
MOL_B_001876,CCCC(=O)OC[C@@H]1CCCCN1,group_B,U21_EPA_CPDat_Uv_Absorber,,,,,,
MOL_B_001877,CCCC(=O)OC[C@@H]1CCCN(CC(F)(F)F)C1,group_B,U21_EPA_CPDat_Uv_Absorber,,,,,,
MOL_B_001878,CCCC(=O)OC[C@@H]1CCCN(CCF)C1,group_B,U21_EPA_CPDat_Uv_Absorber,,,,,,
MOL_B_001879,CCCC(=O)OC[C@@H]1CCCNC1,group_B,U21_EPA_CPDat_Uv_Absorber,,,,,,
MOL_B_001880,CCCC(=O)OC[C@H]1CCCCN1,group_B,U21_EPA_CPDat_Uv_Absorber,,,,,,
MOL_B_001881,CCCC(=O)OC[C@H]1CCCN(CC(F)(F)F)C1,group_B,U21_EPA_CPDat_Uv_Absorber,,,,,,
MOL_B_001882,CCCC(=O)OC[C@H]1CCCN(CCF)C1,group_B,U21_EPA_CPDat_Uv_Absorber,,,,,,
MOL_B_001883,CCCC(=O)OCc1ccc(OC)cc1,group_B,U07_ICE_Sensitization;U09_HPPT,,,,,0.0,
MOL_B_001884,CCCC(=O)OCc1ccccc1,group_B,U07_ICE_Sensitization;U09_HPPT,,,,,0.0,
MOL_B_001885,CCCC(=O)O[C@H]1CCCN(C)C1,group_B,U21_EPA_CPDat_Uv_Absorber,,,,,,
MOL_B_001886,CCCC(=O)O[C@H]1CN2CCC1CC2,group_B,U21_EPA_CPDat_Uv_Absorber,,,,,,
MOL_B_001887,CCCC(=O)c1c(O)c(C)c(O)c(Cc2c(O)c(C(=O)CCC)c(O)c(C)c2OC)c1O,group_B,U21_EPA_CPDat_Uv_Absorber,,,,,,
MOL_B_001888,CCCC(=O)c1c(O)c(C)c(OC)c(Cc2c(O)c(C(=O)CCC)c(O)c(C)c2OC)c1O,group_B,U21_EPA_CPDat_Uv_Absorber,,,,,,
MOL_B_001889,CCCC(=O)c1c(O)cc(OC)c(Cc2c(O)c(C(=O)CCC)c(O)c(C)c2OC)c1O,group_B,U21_EPA_CPDat_Uv_Absorber,,,,,,
MOL_B_001890,CCCC(=O)c1c(O)cc(OC)c(Cc2c(O)c(C)c(O)c(C(=O)CCC)c2O)c1O,group_B,U21_EPA_CPDat_Uv_Absorber,,,,,,
MOL_B_001891,CCCC(=O)c1cc(C(=O)OC)c(O)cc1O,group_B,U21_EPA_CPDat_Uv_Absorber,,,,,,
MOL_B_001892,CCCC(=O)c1cc(C(=O)OC)ccc1O,group_B,U21_EPA_CPDat_Uv_Absorber,,,,,,
MOL_B_001893,CCCC(=O)c1ccc(O)c(OC)c1,group_B,U21_EPA_CPDat_Uv_Absorber,,,,,,
MOL_B_001894,CCCC(=O)c1ccc(OC)c(C)c1O,group_B,U21_EPA_CPDat_Uv_Absorber,,,,,,
MOL_B_001895,CCCC(C)(C)C(=O)OCCCN1CCCCC1,group_B,U21_EPA_CPDat_Uv_Absorber,,,,,,
MOL_B_001896,CCCC(C)(C)C(=O)OCCN1CCCCC1,group_B,U21_EPA_CPDat_Uv_Absorber,,,,,,
MOL_B_001897,CCCC(C)(C)c1cc(O)cc(C(C)(C)CCC)c1O,group_B,U21_EPA_CPDat_Uv_Absorber,,,,,,
MOL_B_001898,CCCC(C)(C)c1ccc(O)c(C(C)(C)CCC)c1,group_B,U21_EPA_CPDat_Uv_Absorber,,,,,,
MOL_B_001899,CCCC(C)(COC(N)=O)COC(N)=O,group_B,U07_ICE_Sensitization;U09_HPPT,,,,,0.0,
MOL_B_001900,CCCC(C)(c1cc(C)c(O)c(C)c1)c1cc(C)c(O)c(C)c1,group_B,U21_EPA_CPDat_Uv_Absorber,,,,,,
MOL_B_001901,CCCC(C)(c1ccc(O)cc1)c1ccc(O)cc1,group_B,U21_EPA_CPDat_Uv_Absorber,,,,,,
MOL_B_001902,CCCC(C)C(=O)O,group_B,U07_ICE_Sensitization;U09_HPPT,,,,,0.0,
MOL_B_001903,CCCC(C)OC(=O)c1ccc(O)cc1,group_B,U21_EPA_CPDat_Uv_Absorber,,,,,,
MOL_B_001904,CCCC(CCC)(c1ccc(O)cc1)c1ccc(O)cc1,group_B,U21_EPA_CPDat_Uv_Absorber,,,,,,
MOL_B_001905,CCCC(CCC)C(=O)NC1CCNCC1,group_B,U21_EPA_CPDat_Uv_Absorber,,,,,,
MOL_B_001906,CCCC(CCC)COC(=O)c1ccc(O)cc1,group_B,U21_EPA_CPDat_Uv_Absorber,,,,,,
MOL_B_001907,CCCC(O)CCC1C(C)CCCC1(C)C,group_B,U07_ICE_Sensitization;U09_HPPT,,,,,0.0,
MOL_B_001908,CCCC(S)CCO,group_B,U07_ICE_Irritation,,,,,,1.0
MOL_B_001909,CCCC(c1c(C)cc(O)cc1C(C)(C)C)c1c(C)cc(O)cc1C(C)(C)C,group_B,U21_EPA_CPDat_Uv_Absorber,,,,,,
MOL_B_001910,CCCC(c1cc(C(C)(C)C)c(O)cc1C)(c1cc(C(C)(C)C)c(O)cc1C)c1cc(C(C)(C)C)c(O)cc1C,group_B,U21_EPA_CPDat_Uv_Absorber,,,,,,
MOL_B_001911,CCCC(c1cc(C(C)(C)C)c(O)cc1C)c1cc(C(C)(C)C)c(O)cc1C,group_B,U21_EPA_CPDat_Uv_Absorber,,,,,,
MOL_B_001912,CCCC(c1cc(C(C)(C)C)c(O)cc1CC)c1cc(C(C)(C)C)c(O)cc1CC,group_B,U21_EPA_CPDat_Uv_Absorber,,,,,,
MOL_B_001913,CCCC(c1cc(C(C)(C)C)cc(C(C)(C)C)c1O)c1cc(C(C)(C)C)cc(C(C)(C)C)c1O,group_B,U21_EPA_CPDat_Uv_Absorber,,,,,,
MOL_B_001914,CCCC(c1cc(C)c(O)cc1C(C)(C)C)c1cc(C)c(O)cc1C(C)(C)C,group_B,U21_EPA_CPDat_Uv_Absorber,,,,,,
MOL_B_001915,CCCC(c1cc(C)cc(C(C)(C)C)c1O)c1cc(C)cc(C(C)(C)C)c1O,group_B,U21_EPA_CPDat_Uv_Absorber,,,,,,
MOL_B_001916,CCCC(c1cc(CC)cc(C(C)(C)C)c1O)c1cc(CC)cc(C(C)(C)C)c1O,group_B,U21_EPA_CPDat_Uv_Absorber,,,,,,
MOL_B_001917,CCCC(c1cc(Cc2ccccc2)cc(C(C)(C)C)c1O)c1cc(Cc2ccccc2)cc(C(C)(C)C)c1O,group_B,U21_EPA_CPDat_Uv_Absorber,,,,,,
MOL_B_001918,CCCC(c1ccc(O)c(C(C)(C)C)c1)c1ccc(O)c(C(C)(C)C)c1,group_B,U21_EPA_CPDat_Uv_Absorber,,,,,,
MOL_B_001919,CCCC/C=C/C=O,group_B,U07_ICE_Sensitization,,,,,1.0,
MOL_B_001920,CCCC1(C)NC(=O)C2(CC(C)(C)NC(C)(C)C2)O1,group_B,U21_EPA_CPDat_Uv_Absorber,,,,,,
MOL_B_001921,CCCC1C2C=CC(C2)C1C=O,group_B,U07_ICE_Sensitization;U09_HPPT,,,,,0.0,
MOL_B_001922,CCCC1CC(=O)C=C(C)C1,group_B,U07_ICE_Sensitization;U09_HPPT,,,,,1.0,
MOL_B_001923,CCCC1CCC(=O)O1,group_B,U07_ICE_Sensitization;U09_HPPT,,,,,0.0,
MOL_B_001924,CCCC1CCC(c2cc(C(C)(C)C)c(O)c(C(C)(C)C)c2)CC1,group_B,U21_EPA_CPDat_Uv_Absorber,,,,,,
MOL_B_001925,CCCC1CCCC(=O)O1,group_B,U07_ICE_Sensitization;U09_HPPT,,,,,0.0,
MOL_B_001926,CCCC=C1OC(=O)c2ccccc21,group_B,U07_ICE_Sensitization;U09_HPPT,,,,,0.0,
MOL_B_001927,CCCC=CC(OC)OC,group_B,U09_HPPT,,,,,1.0,
MOL_B_001928,CCCC=CC(OCC)OCC,group_B,U09_HPPT,,,,,1.0,
MOL_B_001929,CCCC=CC=O,group_B,U09_HPPT,,,,,0.0,
MOL_B_001930,CCCC=CCC1CCCC1=O,group_B,U07_ICE_Sensitization;U09_HPPT,,,,,0.0,
MOL_B_001931,CCCC=CCO,group_B,U09_HPPT,,,,,0.0,
MOL_B_001932,CCCC=CCOC(=O)CC,group_B,U09_HPPT,,,,,0.0,
MOL_B_001933,CCCC=CCOC(=O)c1ccccc1O,group_B,U09_HPPT,,,,,0.0,
MOL_B_001934,CCCC=CCOC(C)=O,group_B,U09_HPPT,,,,,0.0,
MOL_B_001935,CCCC=COC(=O)C=Cc1ccc(O)c(OC)c1,group_B,U21_EPA_CPDat_Uv_Absorber,,,,,,
MOL_B_001936,CCCC=O,group_B,U07_ICE_Sensitization;U09_HPPT,,,,,0.0,
MOL_B_001937,CCCCBr,group_B,U07_ICE_Sensitization,,,,,0.0,
MOL_B_001938,CCCCC#Cc1ccccc1C(=O)c1ccccc1,group_B,U21_EPA_CPDat_Uv_Absorber,,,,,,
MOL_B_001939,CCCCC(=O)CC,group_B,U07_ICE_Sensitization;U09_HPPT,,,,,0.0,
MOL_B_001940,CCCCC(=O)Cl,group_B,U07_ICE_Irritation,,,,,,1.0
MOL_B_001941,CCCCC(=O)OC1CCC(N2CCCCC2)CC1,group_B,U21_EPA_CPDat_Uv_Absorber,,,,,,
MOL_B_001942,CCCCC(=O)OC1CCNCC1,group_B,U21_EPA_CPDat_Uv_Absorber,,,,,,
MOL_B_001943,CCCCC(=O)OC1CN2CCC1CC2,group_B,U21_EPA_CPDat_Uv_Absorber,,,,,,
MOL_B_001944,CCCCC(=O)OCC1CCN(CC)CC1,group_B,U21_EPA_CPDat_Uv_Absorber,,,,,,
MOL_B_001945,CCCCC(=O)OCCN1CCCCC1,group_B,U21_EPA_CPDat_Uv_Absorber,,,,,,
MOL_B_001946,CCCCC(=O)OC[C@@H]1CCCCN1,group_B,U21_EPA_CPDat_Uv_Absorber,,,,,,
MOL_B_001947,CCCCC(=O)OC[C@@H]1CCCN(CC)C1,group_B,U21_EPA_CPDat_Uv_Absorber,,,,,,
MOL_B_001948,CCCCC(=O)OC[C@H]1CCCN(CC)C1,group_B,U21_EPA_CPDat_Uv_Absorber,,,,,,
MOL_B_001949,CCCCC(=O)Oc1ccc(Cc2ccc(O)c(C(=O)CCCC)c2)cc1,group_B,U21_EPA_CPDat_Uv_Absorber,,,,,,
MOL_B_001950,CCCCC(C#N)c1ccccc1,group_B,U07_ICE_Irritation,,,,,,0.0
MOL_B_001951,CCCCC(C(=O)OC1CC(C)(C)N(C)C(C)(C)C1)C(=O)OC1CC(C)(C)N(C)C(C)(C)C1,group_B,U21_EPA_CPDat_Uv_Absorber,,,,,,
MOL_B_001952,CCCCC(C)CCOc1ccc(C(=O)c2ccccc2)c(O)c1,group_B,U21_EPA_CPDat_Uv_Absorber,,,,,,
MOL_B_001953,CCCCC(C)OC(=O)c1ccc(O)cc1,group_B,U21_EPA_CPDat_Uv_Absorber,,,,,,
MOL_B_001954,CCCCC(C=O)=Cc1ccccc1,group_B,U07_ICE_Sensitization;U09_HPPT,,,,,0.0,
MOL_B_001955,CCCCC(C=O)CC,group_B,U07_ICE_Sensitization;U09_HPPT,,,,,0.0,
MOL_B_001956,CCCCC(CC)C(=O)OCC,group_B,U07_ICE_Sensitization;U09_HPPT,,,,,0.0,
MOL_B_001957,CCCCC(CC)C(=O)[O-],group_B,U07_ICE_Irritation,,,,,,1.0
MOL_B_001958,CCCCC(CC)C1OCCO1,group_B,U07_ICE_Sensitization;U09_HPPT,,,,,0.0,
MOL_B_001959,CCCCC(CC)CN,group_B,U07_ICE_Irritation,,,,,,1.0
MOL_B_001960,CCCCC(CC)CO,group_B,U07_ICE_Sensitization;U09_HPPT,,,,,0.0,
MOL_B_001961,CCCCC(CC)COC(=O)/C(C#N)=C/C=C/c1ccccc1,group_B,U21_EPA_CPDat_Uv_Absorber,,,,,,
MOL_B_001962,CCCCC(CC)COC(=O)/C(C#N)=C/c1ccc(OC)c(OC)c1,group_B,U21_EPA_CPDat_Uv_Absorber,,,,,,
MOL_B_001963,CCCCC(CC)COC(=O)/C(C#N)=C/c1ccc2c(c1)OCO2,group_B,U21_EPA_CPDat_Uv_Absorber,,,,,,
MOL_B_001964,CCCCC(CC)COC(=O)/C=C/c1ccc(OC)cc1,group_B,U21_EPA_CPDat_Uv_Absorber,,,,,,
MOL_B_001965,CCCCC(CC)COC(=O)C(C#N)=C(c1ccccc1)c1ccccc1,group_B,U01_EU_CosIng_Annex_VI;U21_EPA_CPDat_Uv_Absorber,,,,,0.0,0.0
MOL_B_001966,CCCCC(CC)COC(=O)C=Cc1ccc(O)cc1,group_B,U21_EPA_CPDat_Uv_Absorber,,,,,,
MOL_B_001967,CCCCC(CC)COC(=O)C=Cc1ccc(OC)cc1,group_B,U01_EU_CosIng_Annex_VI;U21_EPA_CPDat_Uv_Absorber,,,,,0.0,0.0
MOL_B_001968,CCCCC(CC)COC(=O)C=Cc1ccc([N+](=O)[O-])cc1,group_B,U21_EPA_CPDat_Uv_Absorber,,,,,,
MOL_B_001969,CCCCC(CC)COC(=O)CCc1cc(-n2nc3ccc(Cl)cc3n2)c(O)c(C(C)(C)C)c1,group_B,U21_EPA_CPDat_Uv_Absorber,,,,,,
MOL_B_001970,CCCCC(CC)COC(=O)c1cc(O)c(O)c(O)c1,group_B,U21_EPA_CPDat_Uv_Absorber,,,,,,
MOL_B_001971,CCCCC(CC)COC(=O)c1ccc(N(C)C)cc1,group_B,U01_EU_CosIng_Annex_VI,,,,,0.0,0.0
MOL_B_001972,CCCCC(CC)COC(=O)c1ccc(N)cc1,group_B,U07_ICE_Irritation,,,,,,0.0
MOL_B_001973,CCCCC(CC)COC(=O)c1ccc(Nc2nc(Nc3ccc(C(=O)NC(C)(C)C)cc3)nc(Nc3ccc(C(=O)OCC(CC)CCCC)cc3)n2)cc1,group_B,U01_EU_CosIng_Annex_VI,,,,,0.0,0.0
MOL_B_001974,CCCCC(CC)COC(=O)c1ccc(Nc2nc(Nc3ccc(C(=O)OCC(CC)CCCC)cc3)nc(Nc3ccc(C(=O)OCC(CC)CCCC)cc3)n2)cc1,group_B,U01_EU_CosIng_Annex_VI,,,,,0.0,0.0
MOL_B_001975,CCCCC(CC)COC(=O)c1ccc(O)cc1,group_B,U21_EPA_CPDat_Uv_Absorber,,,,,,
MOL_B_001976,CCCCC(CC)COC(=O)c1ccccc1C(=O)c1ccc(O)cc1O,group_B,U21_EPA_CPDat_Uv_Absorber,,,,,,
MOL_B_001977,CCCCC(CC)COC(=O)c1ccccc1O,group_B,U01_EU_CosIng_Annex_VI;U07_ICE_Sensitization;U09_HPPT;U21_EPA_CPDat_Uv_Absorber,,,,,0.0,0.0
MOL_B_001978,CCCCC(CC)COC(C)=O,group_B,U07_ICE_Sensitization;U09_HPPT,,,,,0.0,
MOL_B_001979,CCCCC(CC)COCC(O)COc1ccc(-c2nc(-c3ccc(C)cc3C)nc(-c3ccc(C)cc3C)n2)c(O)c1,group_B,U21_EPA_CPDat_Uv_Absorber,,,,,,
MOL_B_001980,CCCCC(CC)COc1ccc(-c2nc(-c3ccc(-c4ccccc4)cc3)nc(-c3ccc(-c4ccccc4)cc3)n2)c(O)c1,group_B,U21_EPA_CPDat_Uv_Absorber,,,,,,
MOL_B_001981,CCCCC(CC)COc1ccc(-c2nc(-c3ccc(OCC(CC)CCCC)cc3)nc(-c3ccc(OC)cc3O)n2)cc1,group_B,U01_EU_CosIng_Annex_VI,,,,,0.0,0.0
MOL_B_001982,CCCCC(CC)Cc1cc(C(C)(C)C)c(O)c(C(C)(C)C)c1,group_B,U21_EPA_CPDat_Uv_Absorber,,,,,,
MOL_B_001983,CCCCC(CCCC)(CCCC)c1cc(C(CCCC)(CCCC)CCCC)c(O)c(C(CCCC)(CCCC)CCCC)c1,group_B,U21_EPA_CPDat_Uv_Absorber,,,,,,
MOL_B_001984,CCCCC(Cc1cc(C(C)(C)C)c(O)c(C(C)(C)C)c1)(C(=O)OC1CC(C)(C)N(C)C(C)(C)C1)C(=O)OC1CC(C)(C)N(C)C(C)(C)C1,group_B,U21_EPA_CPDat_Uv_Absorber,,,,,,
MOL_B_001985,CCCCC(Sc1cc(C(C)(C)C)c(O)c(C(C)(C)C)c1)C(=O)Cl,group_B,U21_EPA_CPDat_Uv_Absorber,,,,,,
MOL_B_001986,CCCCC(c1cc(C(C)(C)C)cc(C(C)(C)C)c1O)c1cc(C(C)(C)C)cc(C(C)(C)C)c1O,group_B,U21_EPA_CPDat_Uv_Absorber,,,,,,
MOL_B_001987,CCCCC/C=C/C=C/C(=O)NCC(C)C,group_B,U12_SkinPiX,,,,-7.516,,
MOL_B_001988,CCCCC/C=C\C=C\C(=O)OCC,group_B,U07_ICE_Sensitization,,,,,0.0,
MOL_B_001989,CCCCC/C=C\CCC=O,group_B,U07_ICE_Sensitization,,,,,0.0,
MOL_B_001990,CCCCC1(CCCC)Cc2c(cc(C(C)(C)C)c(O)c2C(C)(C)C)O1,group_B,U21_EPA_CPDat_Uv_Absorber,,,,,,
MOL_B_001991,CCCCC1C(=O)N(c2ccccc2)N(c2ccccc2)C1=O,group_B,U21_EPA_CPDat_Uv_Absorber,,,,,,
MOL_B_001992,CCCCC1C=C(C)CC(C)O1,group_B,U07_ICE_Sensitization;U09_HPPT,,,,,0.0,
MOL_B_001993,CCCCC1CCC(=O)O1,group_B,U07_ICE_Sensitization;U09_HPPT,,,,,0.0,
MOL_B_001994,CCCCC1CCCC(=O)O1,group_B,U07_ICE_Sensitization;U09_HPPT,,,,,0.0,
MOL_B_001995,CCCCC1CCNCC1,group_B,U21_EPA_CPDat_Uv_Absorber,,,,,,
MOL_B_001996,CCCCC1COCC(C)C1OC(C)=O,group_B,U07_ICE_Sensitization;U09_HPPT,,,,,0.0,
MOL_B_001997,CCCCC1NC(=O)C2(CC(C)(C)NC(C)(C)C2)O1,group_B,U21_EPA_CPDat_Uv_Absorber,,,,,,
MOL_B_001998,CCCCC1OC(=O)c2ccccc21,group_B,U07_ICE_Sensitization;U09_HPPT,,,,,0.0,
MOL_B_001999,CCCCC1OC(C)CC(C)(C)O1,group_B,U07_ICE_Sensitization;U09_HPPT,,,,,0.0,
MOL_B_002000,CCCCC=C1CCCCC1=O,group_B,U07_ICE_Sensitization;U09_HPPT,,,,,1.0,
MOL_B_002001,CCCCC=CC=CC=O,group_B,U09_HPPT,,,,,0.0,
MOL_B_002002,CCCCC=CC=O,group_B,U09_HPPT,,,,,1.0,
MOL_B_002003,CCCCC=COC(=O)c1ccccc1O,group_B,U21_EPA_CPDat_Uv_Absorber,,,,,,
MOL_B_002004,CCCCC=O,group_B,U07_ICE_Sensitization;U09_HPPT,,,,,0.0,
MOL_B_002005,CCCCCBr,group_B,U07_ICE_Irritation,,,,,,1.0
MOL_B_002006,CCCCCC#CC(=O)OC,group_B,U07_ICE_Sensitization;U09_HPPT,,,,,1.0,
MOL_B_002007,CCCCCC(=Cc1ccccc1)C(OC)OC,group_B,U07_ICE_Sensitization;U09_HPPT,,,,,0.0,
MOL_B_002008,CCCCCC(=Cc1ccccc1)C(OCC)OCC,group_B,U07_ICE_Sensitization;U09_HPPT,,,,,0.0,
MOL_B_002009,CCCCCC(=Cc1ccccc1)CO,group_B,U07_ICE_Sensitization;U09_HPPT,,,,,0.0,
MOL_B_002010,CCCCCC(=Cc1ccccc1)COC(C)=O,group_B,U07_ICE_Sensitization;U09_HPPT,,,,,0.0,
MOL_B_002011,CCCCCC(=O)CC,group_B,U07_ICE_Sensitization;U09_HPPT,,,,,0.0,
MOL_B_002012,CCCCCC(=O)O,group_B,U07_ICE_Irritation;U07_ICE_Sensitization;U09_HPPT,,,,,0.0,1.0
MOL_B_002013,CCCCCC(=O)OC,group_B,U07_ICE_Sensitization;U09_HPPT,,,,,0.0,
MOL_B_002014,CCCCCC(=O)OC/C=C(\C)CCC=C(C)C,group_B,U07_ICE_Sensitization,,,,,0.0,
MOL_B_002015,CCCCCC(=O)OC1CN2CCC1CC2,group_B,U21_EPA_CPDat_Uv_Absorber,,,,,,
MOL_B_002016,CCCCCC(=O)OCC,group_B,U07_ICE_Sensitization;U09_HPPT,,,,,0.0,
MOL_B_002017,CCCCCC(=O)OCC(C)C,group_B,U07_ICE_Sensitization;U09_HPPT,,,,,0.0,
MOL_B_002018,CCCCCC(=O)OCC(O)CN1CCCCC1,group_B,U21_EPA_CPDat_Uv_Absorber,,,,,,
MOL_B_002019,CCCCCC(=O)OCC=C(C)CCC=C(C)C,group_B,U09_HPPT,,,,,0.0,
MOL_B_002020,CCCCCC(=O)OCCC(C)C,group_B,U07_ICE_Sensitization;U09_HPPT,,,,,0.0,
MOL_B_002021,CCCCCC(=O)OCCCC,group_B,U07_ICE_Sensitization;U09_HPPT,,,,,0.0,
MOL_B_002022,CCCCCC(=O)OCCCN1CCCCC1,group_B,U21_EPA_CPDat_Uv_Absorber,,,,,,
MOL_B_002023,CCCCCC(=O)c1cc(C)c(O)c(C)c1O,group_B,U21_EPA_CPDat_Uv_Absorber,,,,,,
MOL_B_002024,CCCCCC(=O)c1cc(O)c(OC)c(C)c1O,group_B,U21_EPA_CPDat_Uv_Absorber,,,,,,
MOL_B_002025,CCCCCC(=O)c1ccc(OC)c(C)c1O,group_B,U21_EPA_CPDat_Uv_Absorber,,,,,,
MOL_B_002026,CCCCCC(=O)c1ccc(OCCCC)cc1O,group_B,U21_EPA_CPDat_Uv_Absorber,,,,,,
MOL_B_002027,CCCCCC(C)(C)NC(=O)CN1CCCCC1,group_B,U21_EPA_CPDat_Uv_Absorber,,,,,,
MOL_B_002028,CCCCCC(C)(O)CC,group_B,U07_ICE_Sensitization;U09_HPPT,,,,,0.0,
MOL_B_002029,CCCCCC(C)=O,group_B,U07_ICE_Sensitization;U09_HPPT,,,,,0.0,
MOL_B_002030,CCCCCC(C)NCCNCCN1CCCCC1,group_B,U21_EPA_CPDat_Uv_Absorber,,,,,,
MOL_B_002031,CCCCCC(C=Nc1ccccc1C(=O)OC)=Cc1ccccc1,group_B,U07_ICE_Sensitization;U09_HPPT,,,,,0.0,
MOL_B_002032,CCCCCC(C=O)=Cc1ccccc1,group_B,U07_ICE_Sensitization;U09_HPPT,,,,,0.0,
MOL_B_002033,CCCCCC(O)CC,group_B,U07_ICE_Sensitization;U09_HPPT,,,,,0.0,
MOL_B_002034,CCCCCC(c1ccc(O)c(C)c1O)c1ccc(O)c(C)c1O,group_B,U21_EPA_CPDat_Uv_Absorber,,,,,,
MOL_B_002035,CCCCCC1(C)CCC(C)(C)C1=O,group_B,U07_ICE_Sensitization;U09_HPPT,,,,,0.0,
MOL_B_002036,CCCCCC1(CCCCC)Cc2c(cc(C(C)(C)C)c(O)c2C(C)(C)C)O1,group_B,U21_EPA_CPDat_Uv_Absorber,,,,,,
MOL_B_002037,CCCCCC12CCCC(CC(=O)C1)N2,group_B,U21_EPA_CPDat_Uv_Absorber,,,,,,
MOL_B_002038,CCCCCC1=C(C)CCC1=O,group_B,U07_ICE_Sensitization;U09_HPPT,,,,,0.0,
MOL_B_002039,CCCCCC1=CCCC1=O,group_B,U07_ICE_Sensitization;U09_HPPT,,,,,1.0,
MOL_B_002040,CCCCCC1C(=O)CCC1CC(=O)OC,group_B,U07_ICE_Sensitization;U09_HPPT,,,,,0.0,
MOL_B_002041,CCCCCC1C(=O)CCC1CC(C)=O,group_B,U07_ICE_Sensitization;U09_HPPT,,,,,0.0,
MOL_B_002042,CCCCCC1CCC(=O)O1,group_B,U07_ICE_Sensitization;U09_HPPT,,,,,0.0,
MOL_B_002043,CCCCCC1CCCC(=O)O1,group_B,U07_ICE_Sensitization;U09_HPPT,,,,,0.0,
MOL_B_002044,CCCCCC1CCCC(CCCCC)N1,group_B,U21_EPA_CPDat_Uv_Absorber,,,,,,
MOL_B_002045,CCCCCC1CCCC1=O,group_B,U07_ICE_Sensitization;U09_HPPT,,,,,0.0,
MOL_B_002046,CCCCCC1CCN(C(C(=O)OCC)C(=O)OCC)CC1,group_B,U21_EPA_CPDat_Uv_Absorber,,,,,,
MOL_B_002047,CCCCCC1CCN(C2CCC(C(N)=O)CC2)CC1,group_B,U21_EPA_CPDat_Uv_Absorber,,,,,,
MOL_B_002048,CCCCCC1COCCC1OC(C)=O,group_B,U07_ICE_Sensitization;U09_HPPT,,,,,0.0,
MOL_B_002049,CCCCCC1NC(=O)C2(CC(C)(C)NC(C)(C)C2)O1,group_B,U21_EPA_CPDat_Uv_Absorber,,,,,,
MOL_B_002050,CCCCCC=C1CCCC1=O,group_B,U07_ICE_Sensitization;U09_HPPT,,,,,1.0,
MOL_B_002051,CCCCCC=CC=CC(=O)OCC,group_B,U09_HPPT,,,,,0.0,
MOL_B_002052,CCCCCC=CC=CC=O,group_B,U07_ICE_Sensitization;U09_HPPT,,,,,0.0,
MOL_B_002053,CCCCCC=CCCC=O,group_B,U09_HPPT,,,,,0.0,
MOL_B_002054,CCCCCC=O,group_B,U07_ICE_Sensitization;U09_HPPT,,,,,0.0,
MOL_B_002055,CCCCCCBr,group_B,U07_ICE_Irritation;U07_ICE_Sensitization,,,,,0.0,0.0
MOL_B_002056,CCCCCCC#CC(=O)OC,group_B,U07_ICE_Sensitization;U09_HPPT,,,,,0.0,
MOL_B_002057,CCCCCCC#CC(=O)OCC,group_B,U07_ICE_Sensitization;U09_HPPT,,,,,0.0,
MOL_B_002058,CCCCCCC#CC(OC)OC,group_B,U07_ICE_Sensitization;U09_HPPT,,,,,0.0,
MOL_B_002059,CCCCCCC(=O)CN1CCCCC1,group_B,U21_EPA_CPDat_Uv_Absorber,,,,,,
MOL_B_002060,CCCCCCC(=O)OC,group_B,U07_ICE_Sensitization;U09_HPPT,,,,,0.0,
MOL_B_002061,CCCCCCC(=O)OCC,group_B,U07_ICE_Sensitization;U09_HPPT,,,,,0.0,
MOL_B_002062,CCCCCCC(=O)OCC(C)C,group_B,U07_ICE_Sensitization;U09_HPPT,,,,,0.0,
MOL_B_002063,CCCCCCC(=O)c1ccc(OCC)cc1O,group_B,U21_EPA_CPDat_Uv_Absorber,,,,,,
MOL_B_002064,CCCCCCC(=O)c1ccc(OCCC)cc1O,group_B,U21_EPA_CPDat_Uv_Absorber,,,,,,
MOL_B_002065,CCCCCCC(C(C)=O)C(=O)OCC,group_B,U07_ICE_Sensitization;U09_HPPT,,,,,0.0,
MOL_B_002066,CCCCCCC(C)(C)NC(=O)CN1CCCCC1,group_B,U21_EPA_CPDat_Uv_Absorber,,,,,,
MOL_B_002067,CCCCCCC(C)(c1ccccc1)c1cc(O)cc(O)c1,group_B,U21_EPA_CPDat_Uv_Absorber,,,,,,
MOL_B_002068,CCCCCCC(C)(c1ccccc1)c1cc(OC)c(O)c(OC)c1,group_B,U21_EPA_CPDat_Uv_Absorber,,,,,,
MOL_B_002069,CCCCCCC(C)=CC#N,group_B,U07_ICE_Sensitization;U09_HPPT,,,,,1.0,
MOL_B_002070,CCCCCCC(C)=O,group_B,U07_ICE_Sensitization;U09_HPPT,,,,,0.0,
MOL_B_002071,CCCCCCC(C)C=O,group_B,U07_ICE_Sensitization;U09_HPPT,,,,,0.0,
MOL_B_002072,CCCCCCC(C)OC(=O)CCCCCCCCCCCCCCC(C)C,group_B,U07_ICE_Irritation,,,,,,0.0
MOL_B_002073,CCCCCCC(C=O)=Cc1ccccc1,group_B,U07_ICE_Sensitization;U09_HPPT,,,,,0.0,
MOL_B_002074,CCCCCCC(CN1CCCCC1)N1CCCCC1,group_B,U21_EPA_CPDat_Uv_Absorber,,,,,,
MOL_B_002075,CCCCCCC(O)CC=CCCCCCCCC(=O)OCC,group_B,U09_HPPT,,,,,0.0,
MOL_B_002076,CCCCCCC(OC)OC,group_B,U07_ICE_Sensitization;U09_HPPT,,,,,0.0,
MOL_B_002077,CCCCCCC(c1cc(C)cc(C)c1O)c1cc(C)cc(C)c1O,group_B,U21_EPA_CPDat_Uv_Absorber,,,,,,
MOL_B_002078,CCCCCCC(c1ccc(O)c(C)c1)c1ccc(O)c(C)c1,group_B,U21_EPA_CPDat_Uv_Absorber,,,,,,
MOL_B_002079,CCCCCCC/C=C/C=O,group_B,U07_ICE_Sensitization,,,,,0.0,
MOL_B_002080,CCCCCCC1(C)CCC(=O)O1,group_B,U07_ICE_Sensitization;U09_HPPT,,,,,0.0,
MOL_B_002081,CCCCCCC1([N+](=O)[O-])CN(C)CC2CCCCN2C1,group_B,U21_EPA_CPDat_Uv_Absorber,,,,,,
MOL_B_002082,CCCCCCC1=CCCC1=O,group_B,U07_ICE_Sensitization;U09_HPPT,,,,,0.0,
MOL_B_002083,CCCCCCC1C(=O)CCC1C(=O)OC,group_B,U07_ICE_Sensitization;U09_HPPT,,,,,0.0,
MOL_B_002084,CCCCCCC1CCC(=O)O1,group_B,U07_ICE_Sensitization;U09_HPPT,,,,,0.0,
MOL_B_002085,CCCCCCC1CCCC(=O)O1,group_B,U07_ICE_Sensitization;U09_HPPT,,,,,0.0,
MOL_B_002086,CCCCCCC1CCCC1=O,group_B,U07_ICE_Sensitization;U09_HPPT,,,,,0.0,
MOL_B_002087,CCCCCCC1CCNCC1,group_B,U21_EPA_CPDat_Uv_Absorber,,,,,,
MOL_B_002088,CCCCCCC=CC(=O)OC,group_B,U07_ICE_Sensitization;U09_HPPT,,,,,0.0,
MOL_B_002089,CCCCCCC=CC=O,group_B,U07_ICE_Sensitization;U09_HPPT,,,,,0.0,
MOL_B_002090,CCCCCCC=O,group_B,U07_ICE_Irritation;U07_ICE_Sensitization;U09_HPPT,,,,,0.0,1.0
MOL_B_002091,CCCCCCCC#N,group_B,U07_ICE_Sensitization,,,,,0.0,
MOL_B_002092,CCCCCCCC(=O)NC1CC(C)(CC)NC(C)(CC)C1C,group_B,U21_EPA_CPDat_Uv_Absorber,,,,,,
MOL_B_002093,CCCCCCCC(=O)Nc1ccc(OCCN2CCCCC2)cc1,group_B,U21_EPA_CPDat_Uv_Absorber,,,,,,
MOL_B_002094,CCCCCCCC(=O)O,group_B,U07_ICE_Irritation;U07_ICE_Sensitization;U09_HPPT,,,,,0.0,1.0
MOL_B_002095,CCCCCCCC(=O)OC1(c2ccc(Cl)cc2)CCN(CCCC(=O)c2ccc(F)cc2)CC1,group_B,U21_EPA_CPDat_Uv_Absorber,,,,,,
MOL_B_002096,CCCCCCCC(=O)OC1CC(C)(C)NC(C)(C)C1,group_B,U21_EPA_CPDat_Uv_Absorber,,,,,,
MOL_B_002097,CCCCCCCC(=O)OCC,group_B,U07_ICE_Sensitization;U09_HPPT,,,,,0.0,
MOL_B_002098,CCCCCCCC(=O)OCC(CCC)CCCCC,group_B,U07_ICE_Sensitization,,,,,0.0,
MOL_B_002099,CCCCCCCC(=O)OCCC,group_B,U07_ICE_Sensitization;U09_HPPT,,,,,0.0,
MOL_B_002100,CCCCCCCC(=O)OCCC(C)C,group_B,U07_ICE_Sensitization;U09_HPPT,,,,,0.0,
MOL_B_002101,CCCCCCCC(=O)OCCCC,group_B,U07_ICE_Sensitization;U09_HPPT,,,,,0.0,
MOL_B_002102,CCCCCCCC(=O)OCCCCCC,group_B,U07_ICE_Sensitization;U09_HPPT,,,,,1.0,
MOL_B_002103,CCCCCCCC(=O)OCCCN1CCCCC1,group_B,U21_EPA_CPDat_Uv_Absorber,,,,,,
MOL_B_002104,CCCCCCCC(=O)Oc1ccc(C)cc1,group_B,U07_ICE_Sensitization;U09_HPPT,,,,,0.0,
MOL_B_002105,CCCCCCCC(=O)c1ccc(OCC)cc1O,group_B,U21_EPA_CPDat_Uv_Absorber,,,,,,
MOL_B_002106,CCCCCCCC(C)(C)NC(=O)CN1CCCCC1,group_B,U21_EPA_CPDat_Uv_Absorber,,,,,,
MOL_B_002107,CCCCCCCC(C)=O,group_B,U07_ICE_Sensitization;U09_HPPT,,,,,0.0,
MOL_B_002108,CCCCCCCC(c1cc(C)cc(C)c1O)c1cc(C)cc(C)c1O,group_B,U21_EPA_CPDat_Uv_Absorber,,,,,,
MOL_B_002109,CCCCCCCC/C=C\CCCCCCCC(=O)O,group_B,U07_ICE_Irritation,,,,,,0.0
MOL_B_002110,CCCCCCCC/C=C\CCCCCCCC(=O)OCC,group_B,U07_ICE_Sensitization,,,,,0.0,
MOL_B_002111,CCCCCCCC/C=C\CCCCCCCC(=O)OCCCC,group_B,U07_ICE_Sensitization,,,,,0.0,
MOL_B_002112,CCCCCCCC/C=C\CCCCCCCCCCCC(N)=O,group_B,U07_ICE_Irritation,,,,,,0.0
MOL_B_002113,CCCCCCCC1([N+](=O)[O-])CN(C)CC2CCCCN2C1,group_B,U21_EPA_CPDat_Uv_Absorber,,,,,,
MOL_B_002114,CCCCCCCC1CCC(=O)O1,group_B,U07_ICE_Sensitization;U09_HPPT,,,,,0.0,
MOL_B_002115,CCCCCCCC1CCCC(=O)O1,group_B,U07_ICE_Sensitization;U09_HPPT,,,,,0.0,
MOL_B_002116,CCCCCCCC1CCCC1=O,group_B,U07_ICE_Sensitization;U09_HPPT,,,,,0.0,
MOL_B_002117,CCCCCCCC1CCCO1,group_B,U07_ICE_Sensitization;U09_HPPT,,,,,0.0,
MOL_B_002118,CCCCCCCC=C(C=O)CCCCCC,group_B,U07_ICE_Sensitization;U09_HPPT,,,,,0.0,
MOL_B_002119,CCCCCCCC=CC=O,group_B,U07_ICE_Sensitization;U09_HPPT,,,,,1.0,
MOL_B_002120,CCCCCCCC=O,group_B,U07_ICE_Sensitization;U09_HPPT,,,,,0.0,
MOL_B_002121,CCCCCCCCC(=O)O,group_B,U07_ICE_Sensitization;U09_HPPT,,,,,0.0,
MOL_B_002122,CCCCCCCCC(=O)OC1CC(C)(C)N(C)C(C)(C)C1,group_B,U21_EPA_CPDat_Uv_Absorber,,,,,,
MOL_B_002123,CCCCCCCCC(=O)OCC,group_B,U07_ICE_Sensitization;U09_HPPT,,,,,0.0,
MOL_B_002124,CCCCCCCCC(=O)c1cc(C(C)(C)C)c(O)c(C(C)(C)C)c1,group_B,U21_EPA_CPDat_Uv_Absorber,,,,,,
MOL_B_002125,CCCCCCCCC(C)(C)NC(=O)CN1CCCCC1,group_B,U21_EPA_CPDat_Uv_Absorber,,,,,,
MOL_B_002126,CCCCCCCCC(C)C=O,group_B,U07_ICE_Sensitization;U09_HPPT,,,,,0.0,
MOL_B_002127,CCCCCCCCC(CN1CCCCC1)N1CCCCC1,group_B,U21_EPA_CPDat_Uv_Absorber,,,,,,
MOL_B_002128,CCCCCCCCC(N)C(=O)N(C)[C@@H](C)C(=O)N[C@@H](C)C(=O)N1CCC[C@H]1C(=O)N[C@H](C(=O)O)C(C)C,group_B,U12_SkinPiX,,,,-6.038,,
MOL_B_002129,CCCCCCCCC(c1cc(C)cc(C)c1O)c1cc(C)cc(C)c1O,group_B,U21_EPA_CPDat_Uv_Absorber,,,,,,
MOL_B_002130,CCCCCCCCC1CC(=O)N(C2CC(C)(C)N(C)C(C)(C)C2)C1=O,group_B,U21_EPA_CPDat_Uv_Absorber,,,,,,
MOL_B_002131,CCCCCCCCC1CC(=O)N(C2CC(C)(C)NC(C)(C)C2)C1=O,group_B,U21_EPA_CPDat_Uv_Absorber,,,,,,
MOL_B_002132,CCCCCCCCC1CCC(=O)O1,group_B,U07_ICE_Sensitization;U09_HPPT,,,,,0.0,
MOL_B_002133,CCCCCCCCC1CCNCC1,group_B,U21_EPA_CPDat_Uv_Absorber,,,,,,
MOL_B_002134,CCCCCCCCC=CCCCCCCCC(=O)OCC,group_B,U09_HPPT,,,,,0.0,
MOL_B_002135,CCCCCCCCC=CCCCCCCCC(=O)OCCCC,group_B,U09_HPPT,,,,,0.0,
MOL_B_002136,CCCCCCCCC=O,group_B,U07_ICE_Sensitization;U09_HPPT,,,,,0.0,
MOL_B_002137,CCCCCCCCCC#N,group_B,U07_ICE_Sensitization;U09_HPPT,,,,,0.0,
MOL_B_002138,CCCCCCCCCC(=O)NC1CC(C)(CC)NC(C)(CC)C1C,group_B,U21_EPA_CPDat_Uv_Absorber,,,,,,
MOL_B_002139,CCCCCCCCCC(=O)O,group_B,U07_ICE_Irritation;U07_ICE_Sensitization;U09_HPPT,,,,,0.0,1.0
MOL_B_002140,CCCCCCCCCC(=O)OCC,group_B,U07_ICE_Sensitization;U09_HPPT,,,,,0.0,
MOL_B_002141,CCCCCCCCCC(=O)Oc1cccc(C2C3CCC(C3)N(C)C2C)c1,group_B,U21_EPA_CPDat_Uv_Absorber,,,,,,
MOL_B_002142,CCCCCCCCCC(C)(C)NC(=O)CN1CCCCC1,group_B,U21_EPA_CPDat_Uv_Absorber,,,,,,
MOL_B_002143,CCCCCCCCCC(C)=O,group_B,U07_ICE_Sensitization;U09_HPPT,,,,,0.0,
MOL_B_002144,CCCCCCCCCC(C)C(OC)OC,group_B,U07_ICE_Sensitization;U09_HPPT,,,,,0.0,
MOL_B_002145,CCCCCCCCCC(C)C=O,group_B,U07_ICE_Sensitization;U09_HPPT,,,,,1.0,
MOL_B_002146,CCCCCCCCCC(CN1CCCCC1)N1CCCCC1,group_B,U21_EPA_CPDat_Uv_Absorber,,,,,,
MOL_B_002147,CCCCCCCCCC(OC)OC,group_B,U07_ICE_Sensitization;U09_HPPT,,,,,0.0,
MOL_B_002148,CCCCCCCCCC1(C)OCC(CN2CCC(C)CC2)O1,group_B,U21_EPA_CPDat_Uv_Absorber,,,,,,
MOL_B_002149,CCCCCCCCCC1(C)OCC(CN2CCCCC2)O1,group_B,U21_EPA_CPDat_Uv_Absorber,,,,,,
MOL_B_002150,CCCCCCCCCC1(CCCCCCCCC)OCC(CN2CCC(C)CC2)O1,group_B,U21_EPA_CPDat_Uv_Absorber,,,,,,
MOL_B_002151,CCCCCCCCCC1(CCCCCCCCC)OCC(CN2CCCCC2)O1,group_B,U21_EPA_CPDat_Uv_Absorber,,,,,,
MOL_B_002152,CCCCCCCCCC=CC=O,group_B,U09_HPPT,,,,,0.0,
MOL_B_002153,CCCCCCCCCCC(CCCCCCCC)COC(=O)c1ccc(O)cc1,group_B,U21_EPA_CPDat_Uv_Absorber,,,,,,
MOL_B_002154,CCCCCCCCCCC(CCCCCCCCCC)(c1ccc(O)cc1)c1ccc(O)cc1,group_B,U21_EPA_CPDat_Uv_Absorber,,,,,,
MOL_B_002155,CCCCCCCCCCC(CN1CCCCC1)N1CCCCC1,group_B,U21_EPA_CPDat_Uv_Absorber,,,,,,
MOL_B_002156,CCCCCCCCCCC(N)C(=O)N(C)[C@@H](C)C(=O)N[C@@H](C)C(=O)N1CCC[C@H]1C(=O)N[C@H](C(=O)O)C(C)C,group_B,U12_SkinPiX,,,,-6.094,,
MOL_B_002157,CCCCCCCCCCC=CC=O,group_B,U07_ICE_Sensitization;U09_HPPT,,,,,0.0,
MOL_B_002158,CCCCCCCCCCC=O,group_B,U07_ICE_Sensitization;U09_HPPT,,,,,0.0,
MOL_B_002159,CCCCCCCCCCCC#N,group_B,U07_ICE_Sensitization;U09_HPPT,,,,,0.0,
MOL_B_002160,CCCCCCCCCCCC(=O)N1CCC[C@H](N)C1=O,group_B,U21_EPA_CPDat_Uv_Absorber,,,,,,
MOL_B_002161,CCCCCCCCCCCC(=O)O,group_B,U07_ICE_Irritation;U07_ICE_Sensitization;U09_HPPT;U21_EPA_CPDat_Uv_Absorber,,,,,0.0,0.0
MOL_B_002162,CCCCCCCCCCCC(=O)OC,group_B,U07_ICE_Irritation,,,,,,0.0
MOL_B_002163,CCCCCCCCCCCC(=O)OC1CC(C)(C)N(C)C(C)(C)C1,group_B,U21_EPA_CPDat_Uv_Absorber,,,,,,
MOL_B_002164,CCCCCCCCCCCC(=O)OC1CC(C)(C)NC(C)(C)C1,group_B,U21_EPA_CPDat_Uv_Absorber,,,,,,
MOL_B_002165,CCCCCCCCCCCC(=O)OCC,group_B,U07_ICE_Sensitization;U09_HPPT,,,,,0.0,
MOL_B_002166,CCCCCCCCCCCC(=O)OCCN1CCCCC1,group_B,U21_EPA_CPDat_Uv_Absorber,,,,,,
MOL_B_002167,CCCCCCCCCCCC(=O)OCc1ccccc1,group_B,U07_ICE_Sensitization;U09_HPPT,,,,,0.0,
MOL_B_002168,CCCCCCCCCCCC(=O)Oc1cc(C(C)(C)C)c(O)c(C(C)(C)C)c1,group_B,U21_EPA_CPDat_Uv_Absorber,,,,,,
MOL_B_002169,CCCCCCCCCCCC(CN1CCCCC1)N1CCCCC1,group_B,U21_EPA_CPDat_Uv_Absorber,,,,,,
MOL_B_002170,CCCCCCCCCCCC1([N+](=O)[O-])CN(C)CC2CCCCN2C1,group_B,U21_EPA_CPDat_Uv_Absorber,,,,,,
MOL_B_002171,CCCCCCCCCCCC=O,group_B,U07_ICE_Sensitization;U09_HPPT,,,,,0.0,
MOL_B_002172,CCCCCCCCCCCCC(CN1CCCCC1)N1CCCCC1,group_B,U21_EPA_CPDat_Uv_Absorber,,,,,,
MOL_B_002173,CCCCCCCCCCCCC1CC(=O)N(C2CC(C)(C)N(C(C)=O)C(C)(C)C2)C1=O,group_B,U21_EPA_CPDat_Uv_Absorber,,,,,,
MOL_B_002174,CCCCCCCCCCCCC1CC(=O)N(C2CC(C)(C)N(C)C(C)(C)C2)C1=O,group_B,U21_EPA_CPDat_Uv_Absorber,,,,,,
MOL_B_002175,CCCCCCCCCCCCC1CC(=O)N(C2CC(C)(C)NC(C)(C)C2)C1=O,group_B,U21_EPA_CPDat_Uv_Absorber,,,,,,
MOL_B_002176,CCCCCCCCCCCCCC#N,group_B,U07_ICE_Sensitization;U09_HPPT,,,,,0.0,
MOL_B_002177,CCCCCCCCCCCCCC(=O)OC(C)C,group_B,U07_ICE_Irritation;U07_ICE_Sensitization;U09_HPPT,,,,,0.0,0.0
MOL_B_002178,CCCCCCCCCCCCCC(=O)OC1CC(C)(C)NC(C)(C)C1,group_B,U21_EPA_CPDat_Uv_Absorber,,,,,,
MOL_B_002179,CCCCCCCCCCCCCC(=O)OCC,group_B,U07_ICE_Sensitization;U09_HPPT,,,,,0.0,
MOL_B_002180,CCCCCCCCCCCCCC(CCCCCCCCCCCCC)(c1ccc(O)cc1)c1ccc(O)cc1,group_B,U21_EPA_CPDat_Uv_Absorber,,,,,,
MOL_B_002181,CCCCCCCCCCCCCC(CN1CCCCC1)N1CCCCC1,group_B,U21_EPA_CPDat_Uv_Absorber,,,,,,
MOL_B_002182,CCCCCCCCCCCCCC=O,group_B,U07_ICE_Sensitization;U09_HPPT,,,,,0.0,
MOL_B_002183,CCCCCCCCCCCCCCCC(=O)Nc1cc(C(C)(C)C)c(O)c(C(C)(C)C)c1,group_B,U21_EPA_CPDat_Uv_Absorber,,,,,,
MOL_B_002184,CCCCCCCCCCCCCCCC(=O)OC,group_B,U07_ICE_Irritation,,,,,,0.0
MOL_B_002185,CCCCCCCCCCCCCCCC(=O)OC(C)C,group_B,U07_ICE_Irritation;U07_ICE_Sensitization;U09_HPPT,,,,,0.0,0.0
MOL_B_002186,CCCCCCCCCCCCCCCC(=O)OC1CC(C)(C)NC(C)(C)C1,group_B,U21_EPA_CPDat_Uv_Absorber,,,,,,
MOL_B_002187,CCCCCCCCCCCCCCCC(=O)OC1CCNCC1,group_B,U21_EPA_CPDat_Uv_Absorber,,,,,,
MOL_B_002188,CCCCCCCCCCCCCCCC(=O)OCC(CC)CCCC,group_B,U07_ICE_Sensitization;U09_HPPT,,,,,0.0,
MOL_B_002189,CCCCCCCCCCCCCCCC(=O)OCCCN1CCCCC1,group_B,U21_EPA_CPDat_Uv_Absorber,,,,,,
MOL_B_002190,CCCCCCCCCCCCCCCCCC(=O)NC1CC(C)(C)NC(C)(C)C1,group_B,U21_EPA_CPDat_Uv_Absorber,,,,,,
MOL_B_002191,CCCCCCCCCCCCCCCCCC(=O)O,group_B,U07_ICE_Sensitization;U09_HPPT,,,,,0.0,
MOL_B_002192,CCCCCCCCCCCCCCCCCC(=O)OC,group_B,U07_ICE_Irritation,,,,,,0.0
MOL_B_002193,CCCCCCCCCCCCCCCCCC(=O)OC1CC2(C)CCC1C(C)(C)N2,group_B,U21_EPA_CPDat_Uv_Absorber,,,,,,
MOL_B_002194,CCCCCCCCCCCCCCCCCC(=O)OCC,group_B,U07_ICE_Sensitization;U09_HPPT,,,,,0.0,
MOL_B_002195,CCCCCCCCCCCCCCCCCC(=O)OCCOc1ccc(C(=O)c2ccccc2)c(O)c1,group_B,U21_EPA_CPDat_Uv_Absorber,,,,,,
MOL_B_002196,CCCCCCCCCCCCCCCCCCC(c1cc(C)c(O)c(C(C)(C)C)c1)C(CCCCCCCCCCCCCCCCCC)(C(=O)[O-])C(=O)[O-],group_B,U21_EPA_CPDat_Uv_Absorber,,,,,,
MOL_B_002197,CCCCCCCCCCCCCCCCCCCCCCCCCCOC(=O)C=Cc1ccc(O)c(OC)c1,group_B,U21_EPA_CPDat_Uv_Absorber,,,,,,
MOL_B_002198,CCCCCCCCCCCCCCCCCCCCCCCCOC(=O)C=Cc1ccc(O)c(OC)c1,group_B,U21_EPA_CPDat_Uv_Absorber,,,,,,
MOL_B_002199,CCCCCCCCCCCCCCCCCCCCCCCOC(=O)C=Cc1ccc(O)c(OC)c1,group_B,U21_EPA_CPDat_Uv_Absorber,,,,,,
MOL_B_002200,CCCCCCCCCCCCCCCCCCOC(=O)c1cc(C(C)(C)CC)c(O)c(C(C)(C)CC)c1,group_B,U21_EPA_CPDat_Uv_Absorber,,,,,,
MOL_B_002201,CCCCCCCCCCCCCCCCCCOC1CC(C)(C)NC(C)(C)C1,group_B,U21_EPA_CPDat_Uv_Absorber,,,,,,
MOL_B_002202,CCCCCCCCCCCCCCCCCCOP(=O)(Cc1cc(C(C)(C)C)c(O)c(C(C)(C)C)c1)OCCCCCCCCCCCCCCCCCC,group_B,U21_EPA_CPDat_Uv_Absorber,,,,,,
MOL_B_002203,CCCCCCCCCCCCCCCCCCOc1ccc(C(=O)c2ccccc2)c(O)c1,group_B,U21_EPA_CPDat_Uv_Absorber,,,,,,
MOL_B_002204,CCCCCCCCCCCCCCCCCCOc1ccc(C(c2ccc(OCCCCCCCCCCCCCCCCCC)cc2)c2ccc(O)c(C(=O)O)c2)cc1,group_B,U21_EPA_CPDat_Uv_Absorber,,,,,,
MOL_B_002205,CCCCCCCCCCCCCCCCCC[Si](Cl)(Cl)Cl,group_B,U07_ICE_Irritation,,,,,,1.0
MOL_B_002206,CCCCCCCCCCCCCCCCCCc1ccc(C(=O)c2ccccc2)c(O)c1,group_B,U21_EPA_CPDat_Uv_Absorber,,,,,,
MOL_B_002207,CCCCCCCCCCCCCCCCI,group_B,U07_ICE_Sensitization,,,,,1.0,
MOL_B_002208,CCCCCCCCCCCCCCCCN1C(C)(C)CC(N(C)C)CC1(C)C,group_B,U21_EPA_CPDat_Uv_Absorber,,,,,,
MOL_B_002209,CCCCCCCCCCCCCCCCO,group_B,U07_ICE_Sensitization;U09_HPPT,,,,,0.0,
MOL_B_002210,CCCCCCCCCCCCCCCCOC(=O)c1cc(C(C)(C)C)c(O)c(C(C)(C)C)c1,group_B,U21_EPA_CPDat_Uv_Absorber,,,,,,
MOL_B_002211,CCCCCCCCCCCCCCCCOC(=O)c1cc(C(C)C)c(O)c(C(C)C)c1,group_B,U21_EPA_CPDat_Uv_Absorber,,,,,,
MOL_B_002212,CCCCCCCCCCCCCCCCOC(C)=O,group_B,U07_ICE_Sensitization;U09_HPPT,,,,,0.0,
MOL_B_002213,CCCCCCCCCCCCCCCCOc1cc(O)c(NC(C)=O)cc1C(C)(C)C,group_B,U21_EPA_CPDat_Uv_Absorber,,,,,,
MOL_B_002214,CCCCCCCCCCCCCCCCOc1cc(O)cc(C(=O)OC)c1,group_B,U21_EPA_CPDat_Uv_Absorber,,,,,,
MOL_B_002215,CCCCCCCCCCCCCCCCOc1ccc(C(=O)Oc2ccc(O)cc2)cc1,group_B,U21_EPA_CPDat_Uv_Absorber,,,,,,
MOL_B_002216,CCCCCCCCCCCCCCCC[N+](C)(C)C,group_B,U07_ICE_Irritation;U07_ICE_Sensitization,,,,,0.0,1.0
MOL_B_002217,CCCCCCCCCCCCCCCC[n+]1ccccc1,group_B,U07_ICE_Sensitization;U09_HPPT,,,,,0.0,
MOL_B_002218,CCCCCCCCCCCCCCCOc1ccc(C(=O)Oc2ccc(O)cc2)cc1,group_B,U21_EPA_CPDat_Uv_Absorber,,,,,,
MOL_B_002219,CCCCCCCCCCCCCCCc1cc(O)c(C(C)(C)C)cc1C(C)(C)C,group_B,U21_EPA_CPDat_Uv_Absorber,,,,,,
MOL_B_002220,CCCCCCCCCCCCCCCc1ccc(C(=O)c2ccc(O)cc2)c(O)c1,group_B,U21_EPA_CPDat_Uv_Absorber,,,,,,
MOL_B_002221,CCCCCCCCCCCCCCCc1ccc(C(=O)c2ccccc2)c(O)c1,group_B,U21_EPA_CPDat_Uv_Absorber,,,,,,
MOL_B_002222,CCCCCCCCCCCCCCN1CCCCC1,group_B,U21_EPA_CPDat_Uv_Absorber,,,,,,
MOL_B_002223,CCCCCCCCCCCCCCO,group_B,U07_ICE_Sensitization;U09_HPPT,,,,,0.0,
MOL_B_002224,CCCCCCCCCCCCCCOC(=O)CCN1C(=O)C2(CC(C)(C)NC(C)(C)C2)OC12CCCCCCCCCCC2,group_B,U21_EPA_CPDat_Uv_Absorber,,,,,,
MOL_B_002225,CCCCCCCCCCCCCCOC(=O)CCNC1CC(C)(C)NC(C)(C)C1,group_B,U21_EPA_CPDat_Uv_Absorber,,,,,,
MOL_B_002226,CCCCCCCCCCCCCCOC(=O)c1cc(C(C)(C)C)c(O)c(C(C)(C)C)c1,group_B,U21_EPA_CPDat_Uv_Absorber,,,,,,
MOL_B_002227,CCCCCCCCCCCCCOC(=O)c1ccccc1O,group_B,U21_EPA_CPDat_Uv_Absorber,,,,,,
MOL_B_002228,CCCCCCCCCCCCCOc1ccc(C(=O)c2ccccc2)c(O)c1,group_B,U21_EPA_CPDat_Uv_Absorber,,,,,,
MOL_B_002229,CCCCCCCCCCCCN1C(=O)C(=Cc2c(C)c(C#N)c(=O)n(CC)c2N2CCC(C(=O)OCC)CC2)SC1=S,group_B,U21_EPA_CPDat_Uv_Absorber,,,,,,
MOL_B_002230,CCCCCCCCCCCCN1C(=O)NC2(CC(C)(C)NC(C)(C)C2)C1=O,group_B,U21_EPA_CPDat_Uv_Absorber,,,,,,
MOL_B_002231,CCCCCCCCCCCCN1CCC(=O)C(Sc2nn[nH]n2)C1,group_B,U21_EPA_CPDat_Uv_Absorber,,,,,,
MOL_B_002232,CCCCCCCCCCCCN1CCC(C)CC1,group_B,U21_EPA_CPDat_Uv_Absorber,,,,,,
MOL_B_002233,CCCCCCCCCCCCN1CCC(CCCC2CCN(CCCCCCCCCCCC)CC2)CC1,group_B,U21_EPA_CPDat_Uv_Absorber,,,,,,
MOL_B_002234,CCCCCCCCCCCCN1CCCCC1,group_B,U21_EPA_CPDat_Uv_Absorber,,,,,,
MOL_B_002235,CCCCCCCCCCCCNC(=O)CN1CCCCC1,group_B,U21_EPA_CPDat_Uv_Absorber,,,,,,
MOL_B_002236,CCCCCCCCCCCCO,group_B,U07_ICE_Sensitization;U09_HPPT,,,,,0.0,
MOL_B_002237,CCCCCCCCCCCCOC(=O)C=Cc1ccc(O)c(O)c1,group_B,U21_EPA_CPDat_Uv_Absorber,,,,,,
MOL_B_002238,CCCCCCCCCCCCOC(=O)C=Cc1ccc(O)c(OC)c1,group_B,U21_EPA_CPDat_Uv_Absorber,,,,,,
MOL_B_002239,CCCCCCCCCCCCOC(=O)CCN1C(=O)C2(CC(C)(C)NC(C)(C)C2)OC12CCCCCCCCCCC2,group_B,U21_EPA_CPDat_Uv_Absorber,,,,,,
MOL_B_002240,CCCCCCCCCCCCOC(=O)CCNC1CC(C)(C)NC(C)(C)C1,group_B,U21_EPA_CPDat_Uv_Absorber,,,,,,
MOL_B_002241,CCCCCCCCCCCCOC(=O)c1c(O)cccc1O,group_B,U21_EPA_CPDat_Uv_Absorber,,,,,,
MOL_B_002242,CCCCCCCCCCCCOC(=O)c1cc(C(C)(C)C)c(O)c(C(C)(C)C)c1,group_B,U21_EPA_CPDat_Uv_Absorber,,,,,,
MOL_B_002243,CCCCCCCCCCCCOC(=O)c1cc(O)c(O)c(O)c1,group_B,U07_ICE_Sensitization;U21_EPA_CPDat_Uv_Absorber,,,,,1.0,
MOL_B_002244,CCCCCCCCCCCCOC(=O)c1ccc(O)c(O)c1,group_B,U21_EPA_CPDat_Uv_Absorber,,,,,,
MOL_B_002245,CCCCCCCCCCCCOC(=O)c1ccc(O)cc1,group_B,U21_EPA_CPDat_Uv_Absorber,,,,,,
MOL_B_002246,CCCCCCCCCCCCOC(=O)c1ccc(OC)c(O)c1,group_B,U21_EPA_CPDat_Uv_Absorber,,,,,,
MOL_B_002247,CCCCCCCCCCCCOC(=O)c1ccccc1O,group_B,U21_EPA_CPDat_Uv_Absorber,,,,,,
MOL_B_002248,CCCCCCCCCCCCOC(C)=O,group_B,U07_ICE_Sensitization;U09_HPPT,,,,,0.0,
MOL_B_002249,CCCCCCCCCCCCOCCOS(=O)(=O)[O-],group_B,U07_ICE_Irritation,,,,,,0.0
MOL_B_002250,CCCCCCCCCCCCOP(OCCCCCCCCCCCC)Oc1ccc(C(C)(C)c2ccc(O)cc2)cc1,group_B,U21_EPA_CPDat_Uv_Absorber,,,,,,
MOL_B_002251,CCCCCCCCCCCCOP(Oc1ccc(C(C)(C)c2ccc(O)cc2)cc1)Oc1ccc(C(C)(C)c2ccc(O)cc2)cc1,group_B,U21_EPA_CPDat_Uv_Absorber,,,,,,
MOL_B_002252,CCCCCCCCCCCCOS(=O)(=O)O,group_B,U09_HPPT,,,,,0.0,
MOL_B_002253,CCCCCCCCCCCCOS(=O)(=O)[O-],group_B,U07_ICE_Irritation;U07_ICE_Sensitization,,,,,0.0,1.0
MOL_B_002254,CCCCCCCCCCCCOc1c(O)cc(C(=O)OC)cc1O,group_B,U21_EPA_CPDat_Uv_Absorber,,,,,,
MOL_B_002255,CCCCCCCCCCCCOc1ccc(C(=O)OC)c(O)c1,group_B,U21_EPA_CPDat_Uv_Absorber,,,,,,
MOL_B_002256,CCCCCCCCCCCCOc1ccc(C(=O)Oc2ccc(O)cc2)cc1,group_B,U21_EPA_CPDat_Uv_Absorber,,,,,,
MOL_B_002257,CCCCCCCCCCCCOc1ccc(C(=O)c2ccc(O)c(O)c2)cc1,group_B,U21_EPA_CPDat_Uv_Absorber,,,,,,
MOL_B_002258,CCCCCCCCCCCCOc1ccc(C(=O)c2ccc(O)cc2)cc1,group_B,U21_EPA_CPDat_Uv_Absorber,,,,,,
MOL_B_002259,CCCCCCCCCCCCOc1ccc(C(=O)c2ccc(O)cc2O)c(O)c1,group_B,U21_EPA_CPDat_Uv_Absorber,,,,,,
MOL_B_002260,CCCCCCCCCCCCOc1ccc(C(=O)c2ccccc2)c(O)c1,group_B,U21_EPA_CPDat_Uv_Absorber,,,,,,
MOL_B_002261,CCCCCCCCCCCCOc1ccc(C(=O)c2ccccc2)cc1,group_B,U21_EPA_CPDat_Uv_Absorber,,,,,,
MOL_B_002262,CCCCCCCCCCCCOc1ccc(C(C)=O)c(O)c1,group_B,U21_EPA_CPDat_Uv_Absorber,,,,,,
MOL_B_002263,CCCCCCCCCCCCOc1ccc(O)c(C(=O)c2ccccc2)c1,group_B,U21_EPA_CPDat_Uv_Absorber,,,,,,
MOL_B_002264,CCCCCCCCCCCCOc1ccc(OC(=O)c2ccc(O)cc2)cc1,group_B,U21_EPA_CPDat_Uv_Absorber,,,,,,
MOL_B_002265,CCCCCCCCCCCCSC(C)(CCc1cc(C(C)(C)C)c(O)c(C(C)(C)C)c1)SCCCCCCCCCCCC,group_B,U21_EPA_CPDat_Uv_Absorber,,,,,,
MOL_B_002266,CCCCCCCCCCCCSCc1cc(C(C)(C)C)c(O)c(C(C)(C)C)c1,group_B,U21_EPA_CPDat_Uv_Absorber,,,,,,
MOL_B_002267,CCCCCCCCCCCC[N+](C)(C)[O-],group_B,U07_ICE_Irritation,,,,,,0.0
MOL_B_002268,CCCCCCCCCCCC[Si](C)(C)CSc1cc(C(C)(C)C)c(O)c(C(C)(C)C)c1,group_B,U21_EPA_CPDat_Uv_Absorber,,,,,,
MOL_B_002269,CCCCCCCCCCCC[Si](Cl)(Cl)Cl,group_B,U07_ICE_Irritation,,,,,,1.0
MOL_B_002270,CCCCCCCCCCCCc1c(O)ccc(C(C)(C)C)c1C(C)(C)C,group_B,U21_EPA_CPDat_Uv_Absorber,,,,,,
MOL_B_002271,CCCCCCCCCCCCc1cc(C)c(O)cc1C(=O)OCC,group_B,U21_EPA_CPDat_Uv_Absorber,,,,,,
MOL_B_002272,CCCCCCCCCCCCc1cc(C)cc(-n2nc3ccccc3n2)c1O,group_B,U21_EPA_CPDat_Uv_Absorber,,,,,,
MOL_B_002273,CCCCCCCCCCCCc1ccc(O)c(-n2nc3ccccc3n2)c1,group_B,U21_EPA_CPDat_Uv_Absorber,,,,,,
MOL_B_002274,CCCCCCCCCCCCc1ccc(O)c(C(=O)c2ccc(Cl)cc2)c1,group_B,U21_EPA_CPDat_Uv_Absorber,,,,,,
MOL_B_002275,CCCCCCCCCCCCc1ccc(O)c(C(=O)c2ccc(Cl)cc2Cl)c1,group_B,U21_EPA_CPDat_Uv_Absorber,,,,,,
MOL_B_002276,CCCCCCCCCCCCc1ccc(O)c(C(=O)c2ccccc2Cl)c1,group_B,U21_EPA_CPDat_Uv_Absorber,,,,,,
MOL_B_002277,CCCCCCCCCCCCc1ccc(O)c(C(C)(C)C)c1,group_B,U21_EPA_CPDat_Uv_Absorber,,,,,,
MOL_B_002278,CCCCCCCCCCCCc1ccc(O)c(Cc2cc(CCCCCCCCCCCC)ccc2O)c1,group_B,U21_EPA_CPDat_Uv_Absorber,,,,,,
MOL_B_002279,CCCCCCCCCCCCc1cnc(Nc2cc(C(C)(C)C)c(O)c(C(C)(C)C)c2)s1,group_B,U21_EPA_CPDat_Uv_Absorber,,,,,,
MOL_B_002280,CCCCCCCCCCCN1CCCCC1,group_B,U21_EPA_CPDat_Uv_Absorber,,,,,,
MOL_B_002281,CCCCCCCCCCCO,group_B,U07_ICE_Irritation;U07_ICE_Sensitization;U09_HPPT,,,,,0.0,0.0
MOL_B_002282,CCCCCCCCCCCOC(=O)C=Cc1ccc(O)c(OC)c1,group_B,U21_EPA_CPDat_Uv_Absorber,,,,,,
MOL_B_002283,CCCCCCCCCCC[C@@H]1CCC[C@H](C)N1,group_B,U21_EPA_CPDat_Uv_Absorber,,,,,,
MOL_B_002284,CCCCCCCCCCN1C(C)(C)CCCC1(C)C,group_B,U21_EPA_CPDat_Uv_Absorber,,,,,,
MOL_B_002285,CCCCCCCCCCO,group_B,Flynn_PottsGuy_Benchmark;U07_ICE_Irritation,,,,-2.8,,1.0
MOL_B_002286,CCCCCCCCCCOC,group_B,U07_ICE_Sensitization;U09_HPPT,,,,,0.0,
MOL_B_002287,CCCCCCCCCCOC(=O)C=Cc1ccc(O)c(O)c1,group_B,U21_EPA_CPDat_Uv_Absorber,,,,,,
MOL_B_002288,CCCCCCCCCCOC(=O)c1cc(O)c(O)c(O)c1,group_B,U21_EPA_CPDat_Uv_Absorber,,,,,,
MOL_B_002289,CCCCCCCCCCOC(=O)c1ccc(O)c(O)c1,group_B,U21_EPA_CPDat_Uv_Absorber,,,,,,
MOL_B_002290,CCCCCCCCCCOC(=O)c1cccc(O)c1,group_B,U21_EPA_CPDat_Uv_Absorber,,,,,,
MOL_B_002291,CCCCCCCCCCOC(C)=O,group_B,U07_ICE_Sensitization;U09_HPPT,,,,,0.0,
MOL_B_002292,CCCCCCCCCCOCC(O)COc1ccc(C(=O)c2ccccc2)c(O)c1,group_B,U21_EPA_CPDat_Uv_Absorber,,,,,,
MOL_B_002293,CCCCCCCCCCOCCCN1CCC(=O)CC1,group_B,U21_EPA_CPDat_Uv_Absorber,,,,,,
MOL_B_002294,CCCCCCCCCCOc1ccc(C(=O)Nc2ccc(C(=O)c3cc(C)c(O)cc3O)cc2)cc1,group_B,U21_EPA_CPDat_Uv_Absorber,,,,,,
MOL_B_002295,CCCCCCCCCCOc1ccc(C(=O)Oc2ccc(O)cc2)cc1,group_B,U21_EPA_CPDat_Uv_Absorber,,,,,,
MOL_B_002296,CCCCCCCCCCOc1ccc(C(=O)c2ccccc2)c(O)c1,group_B,U21_EPA_CPDat_Uv_Absorber,,,,,,
MOL_B_002297,CCCCCCCCCCOc1ccc(OC(=O)c2ccc(O)cc2)cc1,group_B,U21_EPA_CPDat_Uv_Absorber,,,,,,
MOL_B_002298,CCCCCCCCCCc1cc(C(C)(C)C)c(O)c(C(C)(C)C)c1,group_B,U21_EPA_CPDat_Uv_Absorber,,,,,,
MOL_B_002299,CCCCCCCCCN1CCC(=O)CC1,group_B,U21_EPA_CPDat_Uv_Absorber,,,,,,
MOL_B_002300,CCCCCCCCCN1CCC(C(=O)O)CC1,group_B,U21_EPA_CPDat_Uv_Absorber,,,,,,
MOL_B_002301,CCCCCCCCCNC(=O)CN1CCCCC1,group_B,U21_EPA_CPDat_Uv_Absorber,,,,,,
MOL_B_002302,CCCCCCCCCO,group_B,U07_ICE_Irritation;U07_ICE_Sensitization;U09_HPPT,,,,,0.0,1.0
MOL_B_002303,CCCCCCCCCOC(=O)c1cc(O)c(O)c(O)c1,group_B,U21_EPA_CPDat_Uv_Absorber,,,,,,
MOL_B_002304,CCCCCCCCCOC(=O)c1ccc(O)cc1,group_B,U21_EPA_CPDat_Uv_Absorber,,,,,,
MOL_B_002305,CCCCCCCCCOC(=O)c1ccc(O)cc1O,group_B,U21_EPA_CPDat_Uv_Absorber,,,,,,
MOL_B_002306,CCCCCCCCCOC(=O)c1ccccc1O,group_B,U21_EPA_CPDat_Uv_Absorber,,,,,,
MOL_B_002307,CCCCCCCCCOC(C)=O,group_B,U07_ICE_Sensitization;U09_HPPT,,,,,0.0,
MOL_B_002308,CCCCCCCCCOc1ccc(C(C)=O)c(O)c1,group_B,U21_EPA_CPDat_Uv_Absorber,,,,,,
MOL_B_002309,CCCCCCCCCOc1ccc(NC(=O)OCCN2CCCCC2)cc1,group_B,U21_EPA_CPDat_Uv_Absorber,,,,,,
MOL_B_002310,CCCCCCCCCOc1ccc(OC(=O)c2ccc(O)cc2)cc1,group_B,U21_EPA_CPDat_Uv_Absorber,,,,,,
MOL_B_002311,CCCCCCCCCSc1cc(C(C)(C)C)cc(CN(C)C)c1O,group_B,U21_EPA_CPDat_Uv_Absorber,,,,,,
MOL_B_002312,CCCCCCCCCc1cc(C(C)(C)C)c(O)c(C(C)(C)C)c1,group_B,U21_EPA_CPDat_Uv_Absorber,,,,,,
MOL_B_002313,CCCCCCCCCc1cc(C(C)c2ccccc2)c(O)c(C(C)c2ccccc2)c1,group_B,U21_EPA_CPDat_Uv_Absorber,,,,,,
MOL_B_002314,CCCCCCCCCc1cc(Cl)c(O)c(C(=O)c2ccccc2)c1,group_B,U21_EPA_CPDat_Uv_Absorber,,,,,,
MOL_B_002315,CCCCCCCCCc1ccc(O)c(C(=O)c2ccccc2)c1,group_B,U21_EPA_CPDat_Uv_Absorber,,,,,,
MOL_B_002316,CCCCCCCCCc1ccc(O)c(C(C)(C)C)c1,group_B,U21_EPA_CPDat_Uv_Absorber,,,,,,
MOL_B_002317,CCCCCCCCCc1ccc(O)c(Cc2ccccc2)c1,group_B,U21_EPA_CPDat_Uv_Absorber,,,,,,
MOL_B_002318,CCCCCCCCCc1ccc(OP(Oc2ccc(CCCCCCCCC)cc2)Oc2ccc(C(C)(C)c3ccc(O)c(C(C)(C)C)c3)cc2C(C)(C)C)cc1,group_B,U21_EPA_CPDat_Uv_Absorber,,,,,,
MOL_B_002319,CCCCCCCCN(CC)c1ccc(C(=O)c2ccccc2C(=O)O)c(O)c1,group_B,U21_EPA_CPDat_Uv_Absorber,,,,,,
MOL_B_002320,CCCCCCCCN(CCCCCCCC)C(=O)c1cc(C(C)(C)C)c(O)c(C(C)(C)C)c1,group_B,U21_EPA_CPDat_Uv_Absorber,,,,,,
MOL_B_002321,CCCCCCCCN1C(=O)NC2(CC(C)(C)NC(C)(C)C2)C1=O,group_B,U21_EPA_CPDat_Uv_Absorber,,,,,,
MOL_B_002322,CCCCCCCCN1C(C)(C)CC(=O)CC1(C)C,group_B,U21_EPA_CPDat_Uv_Absorber,,,,,,
MOL_B_002323,CCCCCCCCN1CC(CC)CCC1CC,group_B,U21_EPA_CPDat_Uv_Absorber,,,,,,
MOL_B_002324,CCCCCCCCN1CCCC2(CCCCC2)C1,group_B,U21_EPA_CPDat_Uv_Absorber,,,,,,
MOL_B_002325,CCCCCCCCN1CCCCC1,group_B,U21_EPA_CPDat_Uv_Absorber,,,,,,
MOL_B_002326,CCCCCCCCNC(=O)CN1CCCCC1,group_B,U21_EPA_CPDat_Uv_Absorber,,,,,,
MOL_B_002327,CCCCCCCCNC1CC(C)(C)N(C)C(C)(C)C1,group_B,U21_EPA_CPDat_Uv_Absorber,,,,,,
MOL_B_002328,CCCCCCCCO,group_B,Flynn_PottsGuy_Benchmark;U07_ICE_Sensitization;U09_HPPT,,,,-3.07,0.0,
MOL_B_002329,CCCCCCCCOC(=O)C(C#N)=C(c1ccccc1)c1ccccc1,group_B,U21_EPA_CPDat_Uv_Absorber,,,,,,
MOL_B_002330,CCCCCCCCOC(=O)C(C)C,group_B,U07_ICE_Sensitization;U09_HPPT,,,,,0.0,
MOL_B_002331,CCCCCCCCOC(=O)C(C)c1ccc(C(C)(C)C)c(C(C)(C)C)c1O,group_B,U21_EPA_CPDat_Uv_Absorber,,,,,,
MOL_B_002332,CCCCCCCCOC(=O)C1(O)CC(C)(C)NC(C)(C)C1,group_B,U21_EPA_CPDat_Uv_Absorber,,,,,,
MOL_B_002333,CCCCCCCCOC(=O)C=Cc1ccc(O)c(O)c1,group_B,U21_EPA_CPDat_Uv_Absorber,,,,,,
MOL_B_002334,CCCCCCCCOC(=O)C=Cc1ccc(O)c(OC)c1,group_B,U21_EPA_CPDat_Uv_Absorber,,,,,,
MOL_B_002335,CCCCCCCCOC(=O)C=Cc1ccc(OC)c(OC)c1,group_B,U21_EPA_CPDat_Uv_Absorber,,,,,,
MOL_B_002336,CCCCCCCCOC(=O)C=Cc1ccccc1OC,group_B,U21_EPA_CPDat_Uv_Absorber,,,,,,
MOL_B_002337,CCCCCCCCOC(=O)CCc1cc(-n2nc3ccc(Cl)cc3n2)c(O)c(C(C)(C)C)c1,group_B,U21_EPA_CPDat_Uv_Absorber,,,,,,
MOL_B_002338,CCCCCCCCOC(=O)Nc1cc(C(C)(C)C)c(O)c(C(C)(C)C)c1,group_B,U21_EPA_CPDat_Uv_Absorber,,,,,,
MOL_B_002339,CCCCCCCCOC(=O)OCCCCCCCC,group_B,U07_ICE_Sensitization,,,,,0.0,
MOL_B_002340,CCCCCCCCOC(=O)c1cc(O)c(O)c(O)c1,group_B,U21_EPA_CPDat_Uv_Absorber,,,,,,
MOL_B_002341,CCCCCCCCOC(=O)c1cc(OC)c(O)c(OC)c1,group_B,U21_EPA_CPDat_Uv_Absorber,,,,,,
MOL_B_002342,CCCCCCCCOC(=O)c1cc(OC)ccc1O,group_B,U21_EPA_CPDat_Uv_Absorber,,,,,,
MOL_B_002343,CCCCCCCCOC(=O)c1cc(OCCCCCCCC)c(O)c(OCCCCCCCC)c1,group_B,U21_EPA_CPDat_Uv_Absorber,,,,,,
MOL_B_002344,CCCCCCCCOC(=O)c1ccc(O)c(O)c1,group_B,U21_EPA_CPDat_Uv_Absorber,,,,,,
MOL_B_002345,CCCCCCCCOC(=O)c1ccc(O)cc1,group_B,U21_EPA_CPDat_Uv_Absorber,,,,,,
MOL_B_002346,CCCCCCCCOC(=O)c1cccc(C)c1O,group_B,U21_EPA_CPDat_Uv_Absorber,,,,,,
MOL_B_002347,CCCCCCCCOC(=O)c1ccccc1O,group_B,U07_ICE_Sensitization;U09_HPPT;U21_EPA_CPDat_Uv_Absorber,,,,,0.0,
MOL_B_002348,CCCCCCCCOC(C)=O,group_B,U07_ICE_Sensitization;U09_HPPT,,,,,0.0,
MOL_B_002349,CCCCCCCCOC=O,group_B,U07_ICE_Sensitization;U09_HPPT,,,,,0.0,
MOL_B_002350,CCCCCCCCOCC(O)COc1ccc(C(=O)c2ccccc2)c(O)c1,group_B,U21_EPA_CPDat_Uv_Absorber,,,,,,
MOL_B_002351,CCCCCCCCOCCCCCCCC,group_B,U07_ICE_Sensitization,,,,,0.0,
MOL_B_002352,CCCCCCCCOCCCOC(=O)C=Cc1ccc(OC)cc1,group_B,U21_EPA_CPDat_Uv_Absorber,,,,,,
MOL_B_002353,CCCCCCCCOc1ccc(-c2nc(-c3ccc(C)cc3C)nc(-c3ccc(C)cc3C)n2)c(O)c1,group_B,U21_EPA_CPDat_Uv_Absorber,,,,,,
MOL_B_002354,CCCCCCCCOc1ccc(-c2nc(-c3ccc(OCCCCCCCC)cc3O)nc(-c3ccc(OCCCCCCCC)cc3O)n2)c(O)c1,group_B,U21_EPA_CPDat_Uv_Absorber,,,,,,
MOL_B_002355,CCCCCCCCOc1ccc(C(=NCCCn2ccnc2)c2ccccc2)c(O)c1,group_B,U21_EPA_CPDat_Uv_Absorber,,,,,,
MOL_B_002356,CCCCCCCCOc1ccc(C(=O)NC2CC(C)(C)NC(C)(C)C2)cc1,group_B,U21_EPA_CPDat_Uv_Absorber,,,,,,
MOL_B_002357,CCCCCCCCOc1ccc(C(=O)OC2CC(C)(C)NC(C)(C)C2)cc1,group_B,U21_EPA_CPDat_Uv_Absorber,,,,,,
MOL_B_002358,CCCCCCCCOc1ccc(C(=O)Oc2ccc(C(=O)CC)c(O)c2)cc1,group_B,U21_EPA_CPDat_Uv_Absorber,,,,,,
MOL_B_002359,CCCCCCCCOc1ccc(C(=O)Oc2ccc(O)cc2)cc1,group_B,U21_EPA_CPDat_Uv_Absorber,,,,,,
MOL_B_002360,CCCCCCCCOc1ccc(C(=O)c2ccc(Cl)cc2)c(O)c1,group_B,U21_EPA_CPDat_Uv_Absorber,,,,,,
MOL_B_002361,CCCCCCCCOc1ccc(C(=O)c2ccc(O)cc2O)c(O)c1,group_B,U21_EPA_CPDat_Uv_Absorber,,,,,,
MOL_B_002362,CCCCCCCCOc1ccc(C(=O)c2ccccc2)c(O)c1,group_B,U21_EPA_CPDat_Uv_Absorber,,,,,,
MOL_B_002363,CCCCCCCCOc1ccc(NC(=O)OCCN2CCCCC2)cc1,group_B,U21_EPA_CPDat_Uv_Absorber,,,,,,
MOL_B_002364,CCCCCCCCOc1cccc(N=C(O)OCCN2CCCCC2)c1,group_B,U21_EPA_CPDat_Uv_Absorber,,,,,,
MOL_B_002365,CCCCCCCCOc1ccccc1OC(=O)c1ccccc1O,group_B,U21_EPA_CPDat_Uv_Absorber,,,,,,
MOL_B_002366,CCCCCCCCSCN1CCCCC1,group_B,U21_EPA_CPDat_Uv_Absorber,,,,,,
MOL_B_002367,CCCCCCCCSCc1cc(C(C)(C)C)cc(CSCCCCCCCC)c1O,group_B,U21_EPA_CPDat_Uv_Absorber,,,,,,
MOL_B_002368,CCCCCCCCSCc1cc(C(C)(C)C)ccc1O,group_B,U21_EPA_CPDat_Uv_Absorber,,,,,,
MOL_B_002369,CCCCCCCCSc1nc(Nc2cc(C(C)(C)C)c(O)c(C(C)(C)C)c2)nc(SCCCCCCCC)n1,group_B,U21_EPA_CPDat_Uv_Absorber,,,,,,
MOL_B_002370,CCCCCCCC[C@@H](N)C(=O)N(C)[C@@H](C)C(=O)N[C@@H](C)C(=O)N1CCC[C@H]1C(=O)N[C@H](C(=O)O)C(C)C,group_B,U12_SkinPiX,,,,-5.278,,
MOL_B_002371,CCCCCCCC[C@H](N)C(=O)N(C)[C@@H](C)C(=O)N[C@@H](C)C(=O)N1CCC[C@H]1C(=O)N[C@H](C(=O)O)C(C)C,group_B,U12_SkinPiX,,,,-6.903,,
MOL_B_002372,CCCCCCCC[Si](Cl)(Cl)Cl,group_B,U07_ICE_Irritation,,,,,,1.0
MOL_B_002373,CCCCCCCCc1cc(C(C)(C)C)c(O)c(C(C)(C)C)c1,group_B,U21_EPA_CPDat_Uv_Absorber,,,,,,
MOL_B_002374,CCCCCCCCc1cc(C(C)(C)C)ccc1O,group_B,U21_EPA_CPDat_Uv_Absorber,,,,,,
MOL_B_002375,CCCCCCCCc1ccc(C(=O)c2ccc(O)cc2O)c(O)c1,group_B,U21_EPA_CPDat_Uv_Absorber,,,,,,
MOL_B_002376,CCCCCCCCc1ccc(O)c(-n2nc3ccc4ccccc4c3n2)c1,group_B,U21_EPA_CPDat_Uv_Absorber,,,,,,
MOL_B_002377,CCCCCCCCc1ccc(O)c(C(=O)c2ccc(C(C)=O)cc2O)c1O,group_B,U21_EPA_CPDat_Uv_Absorber,,,,,,
MOL_B_002378,CCCCCCCCc1ccc(O)c(C(=O)c2ccc(Cl)cc2)c1,group_B,U21_EPA_CPDat_Uv_Absorber,,,,,,
MOL_B_002379,CCCCCCCCc1ccc(O)c(C(C)(C)C)c1,group_B,U21_EPA_CPDat_Uv_Absorber,,,,,,
MOL_B_002380,CCCCCCCN,group_B,U07_ICE_Irritation,,,,,,1.0
MOL_B_002381,CCCCCCCN1CCCC2(CC=CCC2)C1CC(=O)OCC,group_B,U21_EPA_CPDat_Uv_Absorber,,,,,,
MOL_B_002382,CCCCCCCNC(=O)CN1CCCCC1,group_B,U21_EPA_CPDat_Uv_Absorber,,,,,,
MOL_B_002383,CCCCCCCO,group_B,Flynn_PottsGuy_Benchmark;U07_ICE_Sensitization;U09_HPPT,,,,-3.51,0.0,
MOL_B_002384,CCCCCCCOC(=O)C=Cc1ccc(O)c(OC)c1,group_B,U21_EPA_CPDat_Uv_Absorber,,,,,,
MOL_B_002385,CCCCCCCOC(=O)C=Cc1ccc(O)cc1,group_B,U21_EPA_CPDat_Uv_Absorber,,,,,,
MOL_B_002386,CCCCCCCOC(=O)CCC,group_B,U07_ICE_Irritation;U07_ICE_Sensitization;U09_HPPT,,,,,0.0,0.0
MOL_B_002387,CCCCCCCOC(=O)c1cc(O)cc(O)c1,group_B,U21_EPA_CPDat_Uv_Absorber,,,,,,
MOL_B_002388,CCCCCCCOC(=O)c1ccc(O)cc1,group_B,U21_EPA_CPDat_Uv_Absorber,,,,,,
MOL_B_002389,CCCCCCCOC(C)=O,group_B,U07_ICE_Sensitization;U09_HPPT,,,,,0.0,
MOL_B_002390,CCCCCCCOC=O,group_B,U07_ICE_Sensitization;U09_HPPT,,,,,0.0,
MOL_B_002391,CCCCCCCOc1ccc(C(=O)Oc2ccc(C(=O)CC)c(O)c2)cc1,group_B,U21_EPA_CPDat_Uv_Absorber,,,,,,
MOL_B_002392,CCCCCCCOc1ccc(C(=O)Oc2ccc(O)cc2)cc1,group_B,U21_EPA_CPDat_Uv_Absorber,,,,,,
MOL_B_002393,CCCCCCCOc1ccc(C=CC(=O)Oc2ccc(C#N)cc2)cc1,group_B,U21_EPA_CPDat_Uv_Absorber,,,,,,
MOL_B_002394,CCCCCCCOc1ccc(NC(=O)OCCN2CCCCC2)cc1,group_B,U21_EPA_CPDat_Uv_Absorber,,,,,,
MOL_B_002395,CCCCCCCOc1cccc(NC(=O)OC2CCN(CCCC)CC2)c1,group_B,U21_EPA_CPDat_Uv_Absorber,,,,,,
MOL_B_002396,CCCCCCCc1cc(O)cc(OC)c1C(=O)OCc1ccccc1,group_B,U21_EPA_CPDat_Uv_Absorber,,,,,,
MOL_B_002397,CCCCCCI,group_B,U07_ICE_Sensitization,,,,,1.0,
MOL_B_002398,CCCCCCN(C)c1ccc(C(=O)c2ccccc2C(=O)O)c(O)c1,group_B,U21_EPA_CPDat_Uv_Absorber,,,,,,
MOL_B_002399,CCCCCCN(CC)c1ccc(C(=O)c2ccccc2C(=O)O)c(O)c1,group_B,U21_EPA_CPDat_Uv_Absorber,,,,,,
MOL_B_002400,CCCCCCN(CCCCCC)c1ccc(C(=O)c2ccccc2C(=O)O)c(O)c1,group_B,U21_EPA_CPDat_Uv_Absorber,,,,,,
MOL_B_002401,CCCCCCN1CCC(=O)CC1,group_B,U21_EPA_CPDat_Uv_Absorber,,,,,,
MOL_B_002402,CCCCCCN1CCC(C(=O)N(C)CC)(c2ccccc2)CC1,group_B,U21_EPA_CPDat_Uv_Absorber,,,,,,
MOL_B_002403,CCCCCCN1CCCC(C(=O)N(C)CCN(C)C(=O)C2CCCN(CCCCCC)C2)C1,group_B,U21_EPA_CPDat_Uv_Absorber,,,,,,
MOL_B_002404,CCCCCCN1CCCC2(CC=CCC2)C1CC(=O)OCC,group_B,U21_EPA_CPDat_Uv_Absorber,,,,,,
MOL_B_002405,CCCCCCNC(=O)C=Cc1ccc(O)c(OC)c1,group_B,U21_EPA_CPDat_Uv_Absorber,,,,,,
MOL_B_002406,CCCCCCNC(=O)CN1CCCCC1,group_B,U21_EPA_CPDat_Uv_Absorber,,,,,,
MOL_B_002407,CCCCCCNc1ccc(C(=O)c2ccccc2C(=O)O)c(O)c1,group_B,U21_EPA_CPDat_Uv_Absorber,,,,,,
MOL_B_002408,CCCCCCO,group_B,Flynn_PottsGuy_Benchmark;U07_ICE_Irritation;U07_ICE_Sensitization;U09_HPPT,,,,-3.96,0.0,1.0
MOL_B_002409,CCCCCCOC(=O)/C=C/C(=O)OCCCCCC,group_B,U07_ICE_Sensitization,,,,,0.0,
MOL_B_002410,CCCCCCOC(=O)C(=Cc1ccc(OC)cc1)C(=O)OCCCCCC,group_B,U21_EPA_CPDat_Uv_Absorber,,,,,,
MOL_B_002411,CCCCCCOC(=O)C(C#N)=C(c1ccccc1)c1ccccc1,group_B,U21_EPA_CPDat_Uv_Absorber,,,,,,
MOL_B_002412,CCCCCCOC(=O)C(C)(C)C,group_B,U07_ICE_Sensitization;U09_HPPT,,,,,0.0,
MOL_B_002413,CCCCCCOC(=O)C(C)C,group_B,U07_ICE_Sensitization;U09_HPPT,,,,,0.0,
MOL_B_002414,CCCCCCOC(=O)C(C)CC,group_B,U07_ICE_Sensitization;U09_HPPT,,,,,0.0,
MOL_B_002415,CCCCCCOC(=O)C=CC(=O)OCCCCCC,group_B,U09_HPPT,,,,,0.0,
MOL_B_002416,CCCCCCOC(=O)C=Cc1ccc(O)c(OC)c1,group_B,U21_EPA_CPDat_Uv_Absorber,,,,,,
MOL_B_002417,CCCCCCOC(=O)C=Cc1ccc2c(c1)OCO2,group_B,U21_EPA_CPDat_Uv_Absorber,,,,,,
MOL_B_002418,CCCCCCOC(=O)CC,group_B,U07_ICE_Sensitization;U09_HPPT,,,,,0.0,
MOL_B_002419,CCCCCCOC(=O)CC(C)C,group_B,U07_ICE_Sensitization;U09_HPPT,,,,,0.0,
MOL_B_002420,CCCCCCOC(=O)CCC,group_B,U07_ICE_Sensitization;U09_HPPT,,,,,0.0,
MOL_B_002421,CCCCCCOC(=O)CCCCC,group_B,U07_ICE_Sensitization;U09_HPPT,,,,,0.0,
MOL_B_002422,CCCCCCOC(=O)c1cc(O)c(O)c(O)c1,group_B,U21_EPA_CPDat_Uv_Absorber,,,,,,
MOL_B_002423,CCCCCCOC(=O)c1cc(O)cc(O)c1,group_B,U21_EPA_CPDat_Uv_Absorber,,,,,,
MOL_B_002424,CCCCCCOC(=O)c1cc(OC)c(O)c(OC)c1,group_B,U21_EPA_CPDat_Uv_Absorber,,,,,,
MOL_B_002425,CCCCCCOC(=O)c1ccc(O)cc1,group_B,U21_EPA_CPDat_Uv_Absorber,,,,,,
MOL_B_002426,CCCCCCOC(=O)c1ccc(O)cc1C(=O)OC,group_B,U21_EPA_CPDat_Uv_Absorber,,,,,,
MOL_B_002427,CCCCCCOC(=O)c1ccc(O)cc1C(=O)OCCCCCC,group_B,U21_EPA_CPDat_Uv_Absorber,,,,,,
MOL_B_002428,CCCCCCOC(=O)c1ccc(O)cc1O,group_B,U21_EPA_CPDat_Uv_Absorber,,,,,,
MOL_B_002429,CCCCCCOC(=O)c1ccccc1,group_B,U07_ICE_Sensitization;U09_HPPT,,,,,0.0,
MOL_B_002430,CCCCCCOC(=O)c1ccccc1C(=O)c1ccc(N(CC)CC)cc1O,group_B,U01_EU_CosIng_Annex_VI;U21_EPA_CPDat_Uv_Absorber,,,,,0.0,0.0
MOL_B_002431,CCCCCCOC(=O)c1ccccc1C(=O)c1cccc(N(CC)CC)c1O,group_B,U21_EPA_CPDat_Uv_Absorber,,,,,,
MOL_B_002432,CCCCCCOC(=O)c1ccccc1O,group_B,U07_ICE_Irritation;U07_ICE_Sensitization;U09_HPPT,,,,,0.0,0.0
MOL_B_002433,CCCCCCOC(C)=O,group_B,U07_ICE_Sensitization;U09_HPPT,,,,,0.0,
MOL_B_002434,CCCCCCOC(C)OCC,group_B,U07_ICE_Sensitization;U09_HPPT,,,,,0.0,
MOL_B_002435,CCCCCCOC=O,group_B,U07_ICE_Sensitization;U09_HPPT,,,,,0.0,
MOL_B_002436,CCCCCCOCC(OC)OC,group_B,U07_ICE_Sensitization;U09_HPPT,,,,,0.0,
MOL_B_002437,CCCCCCOCCOC(=O)c1ccc(O)cc1,group_B,U21_EPA_CPDat_Uv_Absorber,,,,,,
MOL_B_002438,CCCCCCOc1cc(C(=O)c2ccccc2Cl)c(O)c2ccccc12,group_B,U21_EPA_CPDat_Uv_Absorber,,,,,,
MOL_B_002439,CCCCCCOc1cc(C)c(O)c(C)c1C,group_B,U21_EPA_CPDat_Uv_Absorber,,,,,,
MOL_B_002440,CCCCCCOc1cc(OCCCCCC)c([N+]#N)c(OCCCCCC)c1,group_B,U21_EPA_CPDat_Uv_Absorber,,,,,,
MOL_B_002441,CCCCCCOc1ccc(-c2nc(-c3ccc(OCCCCCC)c(C)c3O)nc(-c3ccc(OCCCCCC)c(C)c3O)n2)c(O)c1C,group_B,U21_EPA_CPDat_Uv_Absorber,,,,,,
MOL_B_002442,CCCCCCOc1ccc(-c2nc(-c3ccccc3)nc(-c3ccccc3)n2)c(O)c1,group_B,U21_EPA_CPDat_Uv_Absorber,,,,,,
MOL_B_002443,CCCCCCOc1ccc(C(=O)Oc2ccc(C(=O)CC)c(O)c2)cc1,group_B,U21_EPA_CPDat_Uv_Absorber,,,,,,
MOL_B_002444,CCCCCCOc1ccc(C(=O)Oc2ccc(O)c(C)c2)cc1,group_B,U21_EPA_CPDat_Uv_Absorber,,,,,,
MOL_B_002445,CCCCCCOc1ccc(C(=O)c2ccc(OCCCCCC)cc2OS(=O)(=O)c2ccccc2)c(OS(=O)(=O)c2ccccc2)c1,group_B,U21_EPA_CPDat_Uv_Absorber,,,,,,
MOL_B_002446,CCCCCCOc1ccc(C=CC(=O)Oc2ccc(C#N)cc2)cc1,group_B,U21_EPA_CPDat_Uv_Absorber,,,,,,
MOL_B_002447,CCCCCCOc1ccc(N2C(=O)CC(N3CCC(C(N)=O)CC3)C2=O)cc1,group_B,U21_EPA_CPDat_Uv_Absorber,,,,,,
MOL_B_002448,CCCCCC[C@@H](N)C(=O)N(C)[C@@H](C)C(=O)N[C@@H](C)C(=O)N1CCC[C@H]1C(=O)N[C@H](C(=O)O)C(C)C,group_B,U12_SkinPiX,,,,-6.675,,
MOL_B_002449,CCCCCC[C@@H](O)C/C=C\CCCCCCCC(=O)OCC,group_B,U07_ICE_Sensitization,,,,,0.0,
MOL_B_002450,CCCCCC[C@H](N)C(=O)N(C)[C@@H](C)C(=O)N[C@@H](C)C(=O)N1CCC[C@H]1C(=O)N[C@H](C(=O)O)C(C)C,group_B,U12_SkinPiX,,,,-7.352,,
MOL_B_002451,CCCCCCc1cc(C(C)(C)C)c(O)c(C(C)(C)C)c1,group_B,U21_EPA_CPDat_Uv_Absorber,,,,,,
MOL_B_002452,CCCCCCc1cc(C)cc(-c2cc(C)cc(C(C)(C)C)c2O)c1O,group_B,U21_EPA_CPDat_Uv_Absorber,,,,,,
MOL_B_002453,CCCCCCc1cc(Cl)cc(C(=O)c2ccc(C)cc2)c1O,group_B,U21_EPA_CPDat_Uv_Absorber,,,,,,
MOL_B_002454,CCCCCNC(=O)C=Cc1ccc(O)c(OC)c1,group_B,U21_EPA_CPDat_Uv_Absorber,,,,,,
MOL_B_002455,CCCCCOC(=O)C1(N)CCNCC1,group_B,U21_EPA_CPDat_Uv_Absorber,,,,,,
MOL_B_002456,CCCCCOC(=O)C=Cc1ccc(O)c(OC)c1,group_B,U21_EPA_CPDat_Uv_Absorber,,,,,,
MOL_B_002457,CCCCCOC(=O)CCCCC,group_B,U07_ICE_Sensitization;U09_HPPT,,,,,0.0,
MOL_B_002458,CCCCCOC(=O)c1ccc(C(=O)c2ccccc2)cc1,group_B,U21_EPA_CPDat_Uv_Absorber,,,,,,
MOL_B_002459,CCCCCOC(=O)c1ccc(O)cc1,group_B,U21_EPA_CPDat_Uv_Absorber,,,,,,
MOL_B_002460,CCCCCOC(=O)c1cccc(O)c1,group_B,U21_EPA_CPDat_Uv_Absorber,,,,,,
MOL_B_002461,CCCCCOC(=O)c1ccccc1O,group_B,U07_ICE_Sensitization;U09_HPPT;U21_EPA_CPDat_Uv_Absorber,,,,,0.0,
MOL_B_002462,CCCCCOC(C)=O,group_B,U07_ICE_Sensitization;U09_HPPT,,,,,0.0,
MOL_B_002463,CCCCCOC1=C(C)CCC1=O,group_B,U07_ICE_Sensitization;U09_HPPT,,,,,0.0,
MOL_B_002464,CCCCCOC1CCNCC1,group_B,U21_EPA_CPDat_Uv_Absorber,,,,,,
MOL_B_002465,CCCCCOc1ccc(C(=O)Oc2ccc(C(=O)CC)c(O)c2)cc1,group_B,U21_EPA_CPDat_Uv_Absorber,,,,,,
MOL_B_002466,CCCCCOc1ccc(C(=O)c2ccc(OCCCCC)cc2O)c(O)c1,group_B,U21_EPA_CPDat_Uv_Absorber,,,,,,
MOL_B_002467,CCCCCOc1ccc(OC(=O)C=Cc2ccc(C#N)cc2)cc1,group_B,U21_EPA_CPDat_Uv_Absorber,,,,,,
MOL_B_002468,CCCCCOc1ccc(S(=O)(=O)Nc2ccccc2C(=O)c2ccccc2)cc1,group_B,U21_EPA_CPDat_Uv_Absorber,,,,,,
MOL_B_002469,CCCCN,group_B,U07_ICE_Irritation,,,,,,1.0
MOL_B_002470,CCCCN(CCCC)C1CCNCC1,group_B,U21_EPA_CPDat_Uv_Absorber,,,,,,
MOL_B_002471,CCCCN(CCCC)CCCC,group_B,U07_ICE_Irritation,,,,,,0.0
MOL_B_002472,CCCCN(CCCC)CCCOC(=O)c1ccc(N)cc1,group_B,U07_ICE_Sensitization;U09_HPPT,,,,,1.0,
MOL_B_002473,CCCCN(CCCC)Cc1cc(C(C)(C)C)c(O)c(C(C)(C)C)c1,group_B,U21_EPA_CPDat_Uv_Absorber,,,,,,
MOL_B_002474,CCCCN(CCCC)c1ccccc1,group_B,U07_ICE_Sensitization,,,,,0.0,
MOL_B_002475,CCCCN(CCO)C1CC(C)(C)NC(C)(C)C1,group_B,U21_EPA_CPDat_Uv_Absorber,,,,,,
MOL_B_002476,CCCCN(Cc1ccccc1)C(=O)C1CCN(Cc2ccc(O)c(OCC)c2)CC1,group_B,U21_EPA_CPDat_Uv_Absorber,,,,,,
MOL_B_002477,CCCCN(c1nc(N(CCCC)C2CC(C)(C)NC(C)(C)C2)nc(N(CCCC)C2CC(C)(C)NC(C)(C)C2)n1)C1CC(C)(C)NC(C)(C)C1,group_B,U21_EPA_CPDat_Uv_Absorber,,,,,,
MOL_B_002478,CCCCN(c1nc(NCCCN(CCCNc2nc(N(CCCC)C3CC(C)(C)NC(C)(C)C3)nc(N(CCCC)C3CC(C)(C)NC(C)(C)C3)n2)c2nc(N(CCCC)C3CC(C)(C)NC(C)(C)C3)nc(N(CCCC)C3CC(C)(C)NC(C)(C)C3)n2)nc(N(CCCC)C2CC(C)(C)NC(C)(C)C2)n1)C1CC(C)(C)NC(C)(C)C1,group_B,U21_EPA_CPDat_Uv_Absorber,,,,,,
MOL_B_002479,CCCCN(c1nc(NCCCN(CCN(CCCNc2nc(N(CCCC)C3CC(C)(C)N(C)C(C)(C)C3)nc(N(CCCC)C3CC(C)(C)N(C)C(C)(C)C3)n2)c2nc(N(CCCC)C3CC(C)(C)N(C)C(C)(C)C3)nc(N(CCCC)C3CC(C)(C)N(C)C(C)(C)C3)n2)c2nc(N(CCCC)C3CC(C)(C)N(C)C(C)(C)C3)nc(N(CCCC)C3CC(C)(C)N(C)C(C)(C)C3)n2)nc(N(CCCC)C2CC(C)(C)N(C)C(C)(C)C2)n1)C1CC(C)(C)N(C)C(C)(C)C1,group_B,U21_EPA_CPDat_Uv_Absorber,,,,,,
MOL_B_002480,CCCCN1C(=O)NC2(CC(C)(C)N(C)C(C)(C)C2)C1=O,group_B,U21_EPA_CPDat_Uv_Absorber,,,,,,
MOL_B_002481,CCCCN1C2CCC1CC(NCCNC(C)=O)C2,group_B,U21_EPA_CPDat_Uv_Absorber,,,,,,
MOL_B_002482,CCCCN1CCC(C(=O)OCC)(c2ccccc2)CC1,group_B,U21_EPA_CPDat_Uv_Absorber,,,,,,
MOL_B_002483,CCCCN1CCC(C(N)=O)CC1,group_B,U21_EPA_CPDat_Uv_Absorber,,,,,,
MOL_B_002484,CCCCN1CCC(NC(=O)OC(C)(C)C)CC1,group_B,U21_EPA_CPDat_Uv_Absorber,,,,,,
MOL_B_002485,CCCCN1CCC(OC(C)=O)(c2ccccc2)CC1,group_B,U21_EPA_CPDat_Uv_Absorber,,,,,,
MOL_B_002486,CCCCN1CCC([N+](=O)[O-])CC1,group_B,U21_EPA_CPDat_Uv_Absorber,,,,,,
MOL_B_002487,CCCCN1CCCCC1C(=O)Nc1c(C)ccc(O)c1C,group_B,U21_EPA_CPDat_Uv_Absorber,,,,,,
MOL_B_002488,CCCCN1CCCCC1C(=O)Nc1c(C)cccc1C,group_B,U21_EPA_CPDat_Uv_Absorber,,,,,,
MOL_B_002489,CCCCN1CCCC[C@H]1C(=O)Nc1c(C)cccc1C,group_B,U21_EPA_CPDat_Uv_Absorber,,,,,,
MOL_B_002490,CCCCN1CCC[C@@H](OC(=O)Nc2c(C)cccc2C)C1,group_B,U21_EPA_CPDat_Uv_Absorber,,,,,,
MOL_B_002491,CCCCN1C[C@H](OC(=O)CCC)[C@@H](OC(=O)CCC)[C@H](OC(=O)CCC)[C@H]1COC(=O)CCC,group_B,U21_EPA_CPDat_Uv_Absorber,,,,,,
MOL_B_002492,CCCCNC(=O)C1CCNCC1,group_B,U21_EPA_CPDat_Uv_Absorber,,,,,,
MOL_B_002493,CCCCNC(=O)NC1CCNCC1,group_B,U21_EPA_CPDat_Uv_Absorber,,,,,,
MOL_B_002494,CCCCNC(=O)OCC#CI,group_B,U07_ICE_Sensitization,,,,,1.0,
MOL_B_002495,CCCCNC(=O)c1cc(C(C)(C)C)c(O)c(C(C)(C)C)c1,group_B,U21_EPA_CPDat_Uv_Absorber,,,,,,
MOL_B_002496,CCCCNC1CC(C)(C)NC(C)(C)C1,group_B,U21_EPA_CPDat_Uv_Absorber,,,,,,
MOL_B_002497,CCCCNC1CCN(C(=O)OC(C)(C)C)CC1,group_B,U21_EPA_CPDat_Uv_Absorber,,,,,,
MOL_B_002498,CCCCNCC1CCCCN1C(C)C,group_B,U21_EPA_CPDat_Uv_Absorber,,,,,,
MOL_B_002499,CCCCNCC1CCCCN1CC,group_B,U21_EPA_CPDat_Uv_Absorber,,,,,,
MOL_B_002500,CCCCNCc1cc(C)cc(C(C)(C)C)c1O,group_B,U21_EPA_CPDat_Uv_Absorber,,,,,,
MOL_B_002501,CCCCNc1ccc(C(=O)OC2CCN(C)CC2)c(Cl)c1,group_B,U21_EPA_CPDat_Uv_Absorber,,,,,,
MOL_B_002502,CCCCNc1ccc(C(=O)OCCCN2CCCCC2)c(OCCCC)c1,group_B,U21_EPA_CPDat_Uv_Absorber,,,,,,
MOL_B_002503,CCCCNc1nc(N(CCCC)CCCC)nc(N2CCCCC2)n1,group_B,U21_EPA_CPDat_Uv_Absorber,,,,,,
MOL_B_002504,CCCCOC(=O)/C=C/c1ccc(O)c(O)c1,group_B,U21_EPA_CPDat_Uv_Absorber,,,,,,
MOL_B_002505,CCCCOC(=O)C(C)C,group_B,U07_ICE_Sensitization;U09_HPPT,,,,,0.0,
MOL_B_002506,CCCCOC(=O)C(C)O,group_B,U07_ICE_Sensitization;U09_HPPT,,,,,0.0,
MOL_B_002507,CCCCOC(=O)C(C)OC(=O)CCC,group_B,U07_ICE_Sensitization;U09_HPPT,,,,,0.0,
MOL_B_002508,CCCCOC(=O)C1(N)CCNCC1,group_B,U21_EPA_CPDat_Uv_Absorber,,,,,,
MOL_B_002509,CCCCOC(=O)C1(c2ccccc2)CCN(C)CC1,group_B,U21_EPA_CPDat_Uv_Absorber,,,,,,
MOL_B_002510,CCCCOC(=O)C1CCCCN1CCCC,group_B,U21_EPA_CPDat_Uv_Absorber,,,,,,
MOL_B_002511,CCCCOC(=O)C=Cc1cc(C(C)(C)C)cc(C(C)(C)C)c1,group_B,U21_EPA_CPDat_Uv_Absorber,,,,,,
MOL_B_002512,CCCCOC(=O)C=Cc1ccc(/N=C/c2ccc(OC)cc2)cc1,group_B,U21_EPA_CPDat_Uv_Absorber,,,,,,
MOL_B_002513,CCCCOC(=O)C=Cc1ccc(O)cc1,group_B,U21_EPA_CPDat_Uv_Absorber,,,,,,
MOL_B_002514,CCCCOC(=O)C=Cc1ccc(OCCCC)c(OCCCC)c1,group_B,U21_EPA_CPDat_Uv_Absorber,,,,,,
MOL_B_002515,CCCCOC(=O)C=Cc1cccc(OC)c1,group_B,U21_EPA_CPDat_Uv_Absorber,,,,,,
MOL_B_002516,CCCCOC(=O)C=Cc1ccccc1,group_B,U07_ICE_Sensitization;U09_HPPT,,,,,0.0,
MOL_B_002517,CCCCOC(=O)C=Cc1ccccc1O,group_B,U21_EPA_CPDat_Uv_Absorber,,,,,,
MOL_B_002518,CCCCOC(=O)C=Cc1ccccc1OC,group_B,U21_EPA_CPDat_Uv_Absorber,,,,,,
MOL_B_002519,CCCCOC(=O)CC,group_B,U07_ICE_Irritation;U07_ICE_Sensitization;U09_HPPT,,,,,0.0,0.0
MOL_B_002520,CCCCOC(=O)CC(C)C,group_B,U07_ICE_Sensitization;U09_HPPT,,,,,0.0,
MOL_B_002521,CCCCOC(=O)CC(S)C(=O)OCCCC,group_B,U07_ICE_Sensitization;U09_HPPT,,,,,1.0,
MOL_B_002522,CCCCOC(=O)CCC,group_B,U07_ICE_Sensitization;U09_HPPT,,,,,0.0,
MOL_B_002523,CCCCOC(=O)CCC(C)=O,group_B,U07_ICE_Sensitization;U09_HPPT,,,,,0.0,
MOL_B_002524,CCCCOC(=O)CN1CCC(C(=O)OC(C)(C)C)CC1N,group_B,U21_EPA_CPDat_Uv_Absorber,,,,,,
MOL_B_002525,CCCCOC(=O)CO,group_B,U07_ICE_Irritation,,,,,,0.0
MOL_B_002526,CCCCOC(=O)Cc1ccccc1,group_B,U07_ICE_Sensitization;U09_HPPT,,,,,0.0,
MOL_B_002527,CCCCOC(=O)c1cc(O)c(O)c(O)c1,group_B,U21_EPA_CPDat_Uv_Absorber,,,,,,
MOL_B_002528,CCCCOC(=O)c1cc(O)c(O)c(OC)c1,group_B,U21_EPA_CPDat_Uv_Absorber,,,,,,
MOL_B_002529,CCCCOC(=O)c1cc(O)cc(O)c1,group_B,U21_EPA_CPDat_Uv_Absorber,,,,,,
MOL_B_002530,CCCCOC(=O)c1cc(O)ccc1O,group_B,U21_EPA_CPDat_Uv_Absorber,,,,,,
MOL_B_002531,CCCCOC(=O)c1ccc(C(=O)c2ccccc2)cc1,group_B,U21_EPA_CPDat_Uv_Absorber,,,,,,
MOL_B_002532,CCCCOC(=O)c1ccc(N)cc1,group_B,U12_SkinPiX,,,,-4.697,,
MOL_B_002533,CCCCOC(=O)c1ccc(O)c(O)c1,group_B,U21_EPA_CPDat_Uv_Absorber,,,,,,
MOL_B_002534,CCCCOC(=O)c1ccc(O)c(OC)c1,group_B,U21_EPA_CPDat_Uv_Absorber,,,,,,
MOL_B_002535,CCCCOC(=O)c1ccc(O)cc1,group_B,U12_SkinPiX;U21_EPA_CPDat_Uv_Absorber,,,,-5.451,,
MOL_B_002536,CCCCOC(=O)c1ccc(O)cc1O,group_B,U21_EPA_CPDat_Uv_Absorber,,,,,,
MOL_B_002537,CCCCOC(=O)c1ccccc1,group_B,U07_ICE_Sensitization;U09_HPPT,,,,,0.0,
MOL_B_002538,CCCCOC(=O)c1ccccc1C(=O)OCCCC,group_B,U07_ICE_Sensitization,,,,,0.0,
MOL_B_002539,CCCCOC(=O)c1ccccc1C(=O)OCc1ccccc1,group_B,U07_ICE_Sensitization,,,,,0.0,
MOL_B_002540,CCCCOC(=O)c1ccccc1C(c1ccc(O)cc1)c1ccc(O)cc1,group_B,U21_EPA_CPDat_Uv_Absorber,,,,,,
MOL_B_002541,CCCCOC(=O)c1ccccc1N,group_B,U07_ICE_Sensitization;U09_HPPT,,,,,0.0,
MOL_B_002542,CCCCOC(=O)c1ccccc1O,group_B,U07_ICE_Sensitization;U09_HPPT;U21_EPA_CPDat_Uv_Absorber,,,,,0.0,
MOL_B_002543,CCCCOC(C)=O,group_B,Flynn_PottsGuy_Benchmark;U07_ICE_Sensitization;U09_HPPT,,,,-4.1,0.0,
MOL_B_002544,CCCCOC(N)=O,group_B,U07_ICE_Irritation,,,,,,0.0
MOL_B_002545,CCCCOC1CCCNC1,group_B,U21_EPA_CPDat_Uv_Absorber,,,,,,
MOL_B_002546,CCCCOC1CCNCC1,group_B,U21_EPA_CPDat_Uv_Absorber,,,,,,
MOL_B_002547,CCCCOCC(C)O,group_B,U12_SkinPiX,,,,-8.16,,
MOL_B_002548,CCCCOCC(C)OCC(C)O,group_B,U07_ICE_Irritation,,,,,,0.0
MOL_B_002549,CCCCOCC1CO1,group_B,U07_ICE_Sensitization;U09_HPPT,,,,,1.0,
MOL_B_002550,CCCCOCCOC(=O)C=Cc1ccc(OC)cc1,group_B,U21_EPA_CPDat_Uv_Absorber,,,,,,
MOL_B_002551,CCCCOCCOC(C)=O,group_B,U07_ICE_Sensitization,,,,,0.0,
MOL_B_002552,CCCCOCCOCCO,group_B,U12_SkinPiX,,,,-5.725,,
MOL_B_002553,CCCCOCc1cc(C(C)(C)C)c(O)c(C(C)(C)C)c1,group_B,U21_EPA_CPDat_Uv_Absorber,,,,,,
MOL_B_002554,CCCCOCc1cc(C(C)(C)C)cc(C(C)(C)C)c1O,group_B,U21_EPA_CPDat_Uv_Absorber,,,,,,
MOL_B_002555,CCCCOCc1cc(C(C)(C)C)ccc1O,group_B,U21_EPA_CPDat_Uv_Absorber,,,,,,
MOL_B_002556,CCCCOc1cc(C(=O)NCCN(CC)CC)c2ccccc2n1,group_B,U07_ICE_Sensitization;U09_HPPT,,,,,1.0,
MOL_B_002557,CCCCOc1cc(C(=O)OC)ccc1O,group_B,U21_EPA_CPDat_Uv_Absorber,,,,,,
MOL_B_002558,CCCCOc1cc(Cc2cc(OCCCC)cc(C(C)(C)C)c2O)c(O)c(C(C)(C)C)c1,group_B,U21_EPA_CPDat_Uv_Absorber,,,,,,
MOL_B_002559,CCCCOc1cc(O)c(C(=O)c2ccccc2)cc1C(C)(C)C,group_B,U21_EPA_CPDat_Uv_Absorber,,,,,,
MOL_B_002560,CCCCOc1ccc(C(=O)Oc2ccc(C(=O)CC)c(O)c2)cc1,group_B,U21_EPA_CPDat_Uv_Absorber,,,,,,
MOL_B_002561,CCCCOc1ccc(C(=O)Oc2ccc(O)cc2)cc1,group_B,U21_EPA_CPDat_Uv_Absorber,,,,,,
MOL_B_002562,CCCCOc1ccc(C(=O)c2ccccc2)c(O)c1,group_B,U21_EPA_CPDat_Uv_Absorber,,,,,,
MOL_B_002563,CCCCOc1ccc(C(=O)c2ccccc2)c(OCCCC)c1,group_B,U21_EPA_CPDat_Uv_Absorber,,,,,,
MOL_B_002564,CCCCOc1ccc(C(=O)c2ccccc2O)c(O)c1,group_B,U21_EPA_CPDat_Uv_Absorber,,,,,,
MOL_B_002565,CCCCOc1ccc(N2C(=O)CC(N3CCCCC3)C2=O)cc1,group_B,U21_EPA_CPDat_Uv_Absorber,,,,,,
MOL_B_002566,CCCCOc1ccc(OC(=O)C=Cc2ccc(C#N)cc2)cc1,group_B,U21_EPA_CPDat_Uv_Absorber,,,,,,
MOL_B_002567,CCCCOc1ccc(OC(=O)c2ccc(O)cc2)cc1,group_B,U21_EPA_CPDat_Uv_Absorber,,,,,,
MOL_B_002568,CCCCOc1cccc(C=C(C(=O)OCC)C(=O)OCC)c1,group_B,U21_EPA_CPDat_Uv_Absorber,,,,,,
MOL_B_002569,CCCCSCCCC,group_B,U07_ICE_Sensitization;U09_HPPT,,,,,0.0,
MOL_B_002570,CCCCSCc1cc(C(C)(C)C)cc(CSCCCC)c1O,group_B,U21_EPA_CPDat_Uv_Absorber,,,,,,
MOL_B_002571,CCCCSCc1cc(C(C)(C)C)ccc1O,group_B,U21_EPA_CPDat_Uv_Absorber,,,,,,
MOL_B_002572,CCCC[C@@H](C)[C@@H](OC(=O)C[C@@H](CC(=O)O)C(=O)O)[C@H](C[C@@H](C)C[C@H](O)CCCC[C@@H](O)C[C@H](O)[C@H](C)N)OC(=O)C[C@@H](CC(=O)O)C(=O)O,group_B,U12_SkinPiX,,,,-9.0485,,
MOL_B_002573,CCCCc1cc(Cc2cc(CCCC)cc(C(C)(C)C)c2O)c(O)c(C(C)(C)C)c1,group_B,U21_EPA_CPDat_Uv_Absorber,,,,,,
MOL_B_002574,CCCCc1ccccc1,group_B,Flynn_PottsGuy_Benchmark;U07_ICE_Irritation,,,,-2.7,,1.0
MOL_B_002575,CCCCc1oc2ccccc2c1C(=O)c1ccc(O)cc1,group_B,U21_EPA_CPDat_Uv_Absorber,,,,,,
MOL_B_002576,CCCN(CCC)C1CCNCC1,group_B,U21_EPA_CPDat_Uv_Absorber,,,,,,
MOL_B_002577,CCCN(Cc1cc(C(C)(C)C)c(O)c(C(C)(C)C)c1)Cc1cc(C(C)(C)C)c(O)c(C(C)(C)C)c1,group_B,U21_EPA_CPDat_Uv_Absorber,,,,,,
MOL_B_002578,CCCN(c1cc(C(C)(C)C)c(O)c(C(C)(C)C)c1)c1cc(C(C)(C)C)c(O)c(C(C)(C)C)c1,group_B,U21_EPA_CPDat_Uv_Absorber,,,,,,
MOL_B_002579,CCCN1CCC(NC(=O)OC(C)(C)C)CC1,group_B,U21_EPA_CPDat_Uv_Absorber,,,,,,
MOL_B_002580,CCCN1CCC(O)(C(CN(C)C)c2ccc(O)cc2)CC1,group_B,U21_EPA_CPDat_Uv_Absorber,,,,,,
MOL_B_002581,CCCN1CCC(OC(=O)Nc2c(C)cccc2C)CC1,group_B,U21_EPA_CPDat_Uv_Absorber,,,,,,
MOL_B_002582,CCCN1CCCC(C(=O)OCC)C1,group_B,U21_EPA_CPDat_Uv_Absorber,,,,,,
MOL_B_002583,CCCN1CCCCC1C(=O)Nc1c(C)cc(O)cc1C,group_B,U21_EPA_CPDat_Uv_Absorber,,,,,,
MOL_B_002584,CCCN1CCCCC1C(=O)Nc1c(C)ccc(O)c1C,group_B,U21_EPA_CPDat_Uv_Absorber,,,,,,
MOL_B_002585,CCCN1CCCCC1C(=O)Nc1c(C)cccc1C,group_B,U21_EPA_CPDat_Uv_Absorber,,,,,,
MOL_B_002586,CCCN1CCCC[C@H]1C(=O)Nc1c(C)cccc1C,group_B,U21_EPA_CPDat_Uv_Absorber,,,,,,
MOL_B_002587,CCCNC(=O)C1CCNCC1,group_B,U21_EPA_CPDat_Uv_Absorber,,,,,,
MOL_B_002588,CCCNC(=O)C=CC=Cc1ccc(O)c(OC)c1,group_B,U21_EPA_CPDat_Uv_Absorber,,,,,,
MOL_B_002589,CCCNC(=O)C=Cc1ccc(O)c(OC)c1,group_B,U21_EPA_CPDat_Uv_Absorber,,,,,,
MOL_B_002590,CCCNC(=O)COC1CCCNC1,group_B,U21_EPA_CPDat_Uv_Absorber,,,,,,
MOL_B_002591,CCCNC(=O)COC1CCNCC1,group_B,U21_EPA_CPDat_Uv_Absorber,,,,,,
MOL_B_002592,CCCNC(=O)N1CCC(NCCCCCOc2ccccc2)CC1,group_B,U21_EPA_CPDat_Uv_Absorber,,,,,,
MOL_B_002593,CCCNC(=O)[C@@H]1CCCCN1,group_B,U21_EPA_CPDat_Uv_Absorber,,,,,,
MOL_B_002594,CCCNC(=O)c1ccccc1OC1CCNCC1,group_B,U21_EPA_CPDat_Uv_Absorber,,,,,,
MOL_B_002595,CCCNC1CCN(C(=O)OC(C)(C)C)CC1,group_B,U21_EPA_CPDat_Uv_Absorber,,,,,,
MOL_B_002596,CCCNC1CCN(C(C)=O)CC1,group_B,U21_EPA_CPDat_Uv_Absorber,,,,,,
MOL_B_002597,CCCOC(=O)/C(C#N)=C/c1cc(O)c(O)c([N+](=O)[O-])c1,group_B,U21_EPA_CPDat_Uv_Absorber,,,,,,
MOL_B_002598,CCCOC(=O)C(C#N)=Cc1ccc(OC)cc1,group_B,U21_EPA_CPDat_Uv_Absorber,,,,,,
MOL_B_002599,CCCOC(=O)C=Cc1cc(O)ccc1O,group_B,U21_EPA_CPDat_Uv_Absorber,,,,,,
MOL_B_002600,CCCOC(=O)C=Cc1ccc(O)c(O)c1,group_B,U21_EPA_CPDat_Uv_Absorber,,,,,,
MOL_B_002601,CCCOC(=O)C=Cc1ccc(O)c(OC)c1,group_B,U21_EPA_CPDat_Uv_Absorber,,,,,,
MOL_B_002602,CCCOC(=O)C=Cc1ccc(O)cc1,group_B,U21_EPA_CPDat_Uv_Absorber,,,,,,
MOL_B_002603,CCCOC(=O)C=Cc1ccc(OC)cc1,group_B,U21_EPA_CPDat_Uv_Absorber,,,,,,
MOL_B_002604,CCCOC(=O)C=Cc1ccccc1,group_B,U21_EPA_CPDat_Uv_Absorber,,,,,,
MOL_B_002605,CCCOC(=O)CC,group_B,U07_ICE_Sensitization;U09_HPPT,,,,,0.0,
MOL_B_002606,CCCOC(=O)[C@H](C)OC(C)(C)CC,group_B,U07_ICE_Irritation,,,,,,0.0
MOL_B_002607,CCCOC(=O)c1c(O)cccc1O,group_B,U21_EPA_CPDat_Uv_Absorber,,,,,,
MOL_B_002608,CCCOC(=O)c1cc(O)c(O)c(O)c1,group_B,U07_ICE_Sensitization;U21_EPA_CPDat_Uv_Absorber,,,,,1.0,
MOL_B_002609,CCCOC(=O)c1cc(O)c(OCC)c(O)c1,group_B,U21_EPA_CPDat_Uv_Absorber,,,,,,
MOL_B_002610,CCCOC(=O)c1cc(O)cc(O)c1,group_B,U21_EPA_CPDat_Uv_Absorber,,,,,,
MOL_B_002611,CCCOC(=O)c1cc(OC)c(O)c(OC)c1,group_B,U21_EPA_CPDat_Uv_Absorber,,,,,,
MOL_B_002612,CCCOC(=O)c1ccc(C(=O)c2ccccc2)cc1,group_B,U21_EPA_CPDat_Uv_Absorber,,,,,,
MOL_B_002613,CCCOC(=O)c1ccc(N)cc1,group_B,U12_SkinPiX,,,,-4.652,,
MOL_B_002614,CCCOC(=O)c1ccc(O)cc1,group_B,U07_ICE_Sensitization;U12_SkinPiX;U21_EPA_CPDat_Uv_Absorber,,,,-4.982,1.0,
MOL_B_002615,CCCOC(=O)c1ccc(O)cc1C(=O)OCCC,group_B,U21_EPA_CPDat_Uv_Absorber,,,,,,
MOL_B_002616,CCCOC(=O)c1ccccc1O,group_B,U21_EPA_CPDat_Uv_Absorber,,,,,,
MOL_B_002617,CCCOC(C)OCCC,group_B,U07_ICE_Sensitization;U09_HPPT,,,,,0.0,
MOL_B_002618,CCCOC(C)OCCc1ccccc1,group_B,U07_ICE_Sensitization;U09_HPPT,,,,,0.0,
MOL_B_002619,CCCOC[C@@H](C)OC(=O)c1ccc(O)cc1,group_B,U21_EPA_CPDat_Uv_Absorber,,,,,,
MOL_B_002620,CCCOc1cc(O)cc(C(=O)OC)c1,group_B,U21_EPA_CPDat_Uv_Absorber,,,,,,
MOL_B_002621,CCCOc1ccc(Br)c(C(=O)c2ccc(OC)cc2O)c1,group_B,U21_EPA_CPDat_Uv_Absorber,,,,,,
MOL_B_002622,CCCOc1ccc(C(=O)c2ccc(OCCC)cc2O)cc1,group_B,U21_EPA_CPDat_Uv_Absorber,,,,,,
MOL_B_002623,CCCOc1ccc(C(=O)c2ccccc2)c(O)c1,group_B,U21_EPA_CPDat_Uv_Absorber,,,,,,
MOL_B_002624,CCCOc1ccc(C(=O)c2ccccc2)cc1,group_B,U21_EPA_CPDat_Uv_Absorber,,,,,,
MOL_B_002625,CCCOc1ccc(C(=O)c2ccccc2)cc1OCCC,group_B,U21_EPA_CPDat_Uv_Absorber,,,,,,
MOL_B_002626,CCCOc1ccc(C(C)(C)c2ccc(O)cc2)cc1,group_B,U21_EPA_CPDat_Uv_Absorber,,,,,,
MOL_B_002627,CCCOc1ccc(C=C(C)C(=O)OCC)cc1,group_B,U21_EPA_CPDat_Uv_Absorber,,,,,,
MOL_B_002628,CCCOc1ccc(C=CC(=O)OCC)cc1,group_B,U21_EPA_CPDat_Uv_Absorber,,,,,,
MOL_B_002629,CCCOc1ccc(N2C(=O)CC(N3CCCCC3)C2=O)cc1,group_B,U21_EPA_CPDat_Uv_Absorber,,,,,,
MOL_B_002630,CCCOc1ccc(N2C(=O)CC(N3CCCCC3CC)C2=O)cc1,group_B,U21_EPA_CPDat_Uv_Absorber,,,,,,
MOL_B_002631,CCCOc1ccc(O)c(C(C)=O)c1,group_B,U21_EPA_CPDat_Uv_Absorber,,,,,,
MOL_B_002632,CCCOc1cccc(C=C(C(=O)OCC)C(=O)OCC)c1,group_B,U21_EPA_CPDat_Uv_Absorber,,,,,,
MOL_B_002633,CCCOc1ccccc1C(C(=O)c1ccccc1)c1ccccc1OCCC,group_B,U21_EPA_CPDat_Uv_Absorber,,,,,,
MOL_B_002634,CCCSCc1cc(C(C)(C)C)c(O)c(C(C)(C)C)c1,group_B,U21_EPA_CPDat_Uv_Absorber,,,,,,
MOL_B_002635,CCCSSCCC,group_B,U07_ICE_Irritation,,,,,,0.0
MOL_B_002636,CCC[CH2][Sn]([CH2]CCC)([O]C(=O)COc1ccc(C(=O)c2ccccc2)c(O)c1)[O]C(=O)COc1ccc(C(=O)c2ccccc2)c(O)c1,group_B,U21_EPA_CPDat_Uv_Absorber,,,,,,
MOL_B_002637,CCCc1c(COc2cccc(Cc3nn[nH]n3)c2)ccc(C(C)=O)c1O,group_B,U21_EPA_CPDat_Uv_Absorber,,,,,,
MOL_B_002638,CCCc1c(O)ccc(C(=O)c2ccccc2)c1O,group_B,U21_EPA_CPDat_Uv_Absorber,,,,,,
MOL_B_002639,CCCc1cc(C(=O)c2ccc(OC)cc2)ccc1O,group_B,U21_EPA_CPDat_Uv_Absorber,,,,,,
MOL_B_002640,CCCc1cc(C(C)c2cc(CCC)cc(C(C)(C)C)c2O)c(O)c(C(C)(C)C)c1,group_B,U21_EPA_CPDat_Uv_Absorber,,,,,,
MOL_B_002641,CCCc1cc(C(c2cc(CCC)cc(C(C)(C)C)c2O)C2CCCCC2)c(O)c(C(C)(C)C)c1,group_B,U21_EPA_CPDat_Uv_Absorber,,,,,,
MOL_B_002642,CCCc1cc(Cc2cc(CCC)cc(C(C)(C)C)c2O)c(O)c(C(C)(C)C)c1,group_B,U21_EPA_CPDat_Uv_Absorber,,,,,,
MOL_B_002643,CCCc1cc(Cl)cc(C(=O)c2ccc(Cl)cc2)c1O,group_B,U21_EPA_CPDat_Uv_Absorber,,,,,,
MOL_B_002644,CCCc1ccc(O)c(C(=O)c2ccc(Cl)cc2)c1,group_B,U21_EPA_CPDat_Uv_Absorber,,,,,,
MOL_B_002645,CCCc1ccc(O)c(OC)c1,group_B,U07_ICE_Sensitization;U09_HPPT,,,,,0.0,
MOL_B_002646,CCCc1ccc(OC)cc1,group_B,U07_ICE_Sensitization;U09_HPPT,,,,,0.0,
MOL_B_002647,CCCc1ccc2c(c1)OCO2,group_B,U07_ICE_Sensitization;U09_HPPT,,,,,0.0,
MOL_B_002648,CCCn1c(=O)n(C2CCNCC2)c2ccccc21,group_B,U21_EPA_CPDat_Uv_Absorber,,,,,,
MOL_B_002649,CCN(C(=O)COC(=O)C=Cc1ccc(OC)cc1OC)C1CCS(=O)(=O)C1,group_B,U21_EPA_CPDat_Uv_Absorber,,,,,,
MOL_B_002650,CCN(C(=O)OC(C)(C)C)C1CCNCC1,group_B,U21_EPA_CPDat_Uv_Absorber,,,,,,
MOL_B_002651,CCN(C(C)=O)C1CC(C)(C)NC(C)(C)C1,group_B,U21_EPA_CPDat_Uv_Absorber,,,,,,
MOL_B_002652,CCN(C)C(=O)COC1CCCNC1,group_B,U21_EPA_CPDat_Uv_Absorber,,,,,,
MOL_B_002653,CCN(C)C(=O)COC1CCNCC1,group_B,U21_EPA_CPDat_Uv_Absorber,,,,,,
MOL_B_002654,CCN(CC(=O)N[C@@H](CC(=O)O)C(=O)N[C@@H](CC1CCCCC1)C(N)=O)C(=O)CCCC1CCNCC1,group_B,U21_EPA_CPDat_Uv_Absorber,,,,,,
MOL_B_002655,CCN(CC)C(=O)C1(C)CCNCC1,group_B,U21_EPA_CPDat_Uv_Absorber,,,,,,
MOL_B_002656,CCN(CC)C(=O)COC(=O)c1ccccc1O,group_B,U21_EPA_CPDat_Uv_Absorber,,,,,,
MOL_B_002657,CCN(CC)C(=O)COc1ccc(C(=O)c2ccccc2)cc1,group_B,U21_EPA_CPDat_Uv_Absorber,,,,,,
MOL_B_002658,CCN(CC)C(=O)Oc1ccc(C(=O)c2ccccc2)cc1,group_B,U21_EPA_CPDat_Uv_Absorber,,,,,,
MOL_B_002659,CCN(CC)C(=O)c1ccc(C(=O)c2ccccc2)cc1,group_B,U21_EPA_CPDat_Uv_Absorber,,,,,,
MOL_B_002660,CCN(CC)C(=O)c1ccc(C=C2CC3CCC(C2)N3)cc1,group_B,U21_EPA_CPDat_Uv_Absorber,,,,,,
MOL_B_002661,CCN(CC)C(=O)c1cccc(C)c1,group_B,U07_ICE_Sensitization,,,,,0.0,
MOL_B_002662,CCN(CC)CC(=O)Nc1c(C)cccc1C,group_B,U07_ICE_Sensitization;U09_HPPT;U12_SkinPiX,,,,-7.077500000000001,0.0,
MOL_B_002663,CCN(CC)CCC#N,group_B,U07_ICE_Irritation,,,,,,0.0
MOL_B_002664,CCN(CC)CCCC(C)Nc1c2ccc(Cl)cc2nc2ccc(OC)cc12,group_B,U07_ICE_Sensitization;U09_HPPT,,,,,1.0,
MOL_B_002665,CCN(CC)CCCC(C)Nc1ccnc2cc(Cl)ccc12,group_B,U07_ICE_Sensitization;U09_HPPT,,,,,1.0,
MOL_B_002666,CCN(CC)CCCCC1CCNCC1,group_B,U21_EPA_CPDat_Uv_Absorber,,,,,,
MOL_B_002667,CCN(CC)CCCOC(=O)C=Cc1ccccc1,group_B,U21_EPA_CPDat_Uv_Absorber,,,,,,
MOL_B_002668,CCN(CC)CCOC(=O)/C=C/c1cc(OC)c(OC)c(OC)c1,group_B,U21_EPA_CPDat_Uv_Absorber,,,,,,
MOL_B_002669,CCN(CC)CCOC(=O)/C=C/c1ccc(OC)cc1,group_B,U21_EPA_CPDat_Uv_Absorber,,,,,,
MOL_B_002670,CCN(CC)CCOC(=O)/C=C/c1ccccc1,group_B,U21_EPA_CPDat_Uv_Absorber,,,,,,
MOL_B_002671,CCN(CC)CCOC(=O)C=C(c1ccccc1)c1ccccc1,group_B,U21_EPA_CPDat_Uv_Absorber,,,,,,
MOL_B_002672,CCN(CC)CCOC(=O)CCC1CCNCC1,group_B,U21_EPA_CPDat_Uv_Absorber,,,,,,
MOL_B_002673,CCN(CC)CCOC(=O)c1ccc(N)cc1,group_B,U07_ICE_Sensitization;U09_HPPT,,,,,1.0,
MOL_B_002674,CCN(CC)CCOC(=O)c1cccc(-c2ccccc2)c1O,group_B,U21_EPA_CPDat_Uv_Absorber,,,,,,
MOL_B_002675,CCN(CC)CCOc1cc(OC)ccc1C(=O)c1ccccc1,group_B,U21_EPA_CPDat_Uv_Absorber,,,,,,
MOL_B_002676,CCN(CC)Cc1cc(C(C)(C)C)cc(Sc2cc(C(C)(C)C)cc(CN(CC)CC)c2O)c1O,group_B,U21_EPA_CPDat_Uv_Absorber,,,,,,
MOL_B_002677,CCN(CC)c1ccc(C(=O)c2ccc(C)cc2C(=O)O)c(O)c1,group_B,U21_EPA_CPDat_Uv_Absorber,,,,,,
MOL_B_002678,CCN(CC)c1ccc(C(=O)c2ccccc2)c(O)c1,group_B,U21_EPA_CPDat_Uv_Absorber,,,,,,
MOL_B_002679,CCN(CC)c1ccc(C=C(C#N)C(=O)OC)cc1,group_B,U21_EPA_CPDat_Uv_Absorber,,,,,,
MOL_B_002680,CCN(CC)c1ccc(N)c(C)c1,group_B,U07_ICE_Sensitization;U09_HPPT,,,,,1.0,
MOL_B_002681,CCN(CC)c1nc(N(C=NC2CC(C)(C)NC(C)(C)C2)C2CC(C)(C)NC(C)(C)C2)nc(N(C=NC2CC(C)(C)NC(C)(C)C2)C2CC(C)(C)NC(C)(C)C2)n1,group_B,U21_EPA_CPDat_Uv_Absorber,,,,,,
MOL_B_002682,CCN(CC1CCNCC1)C(=O)OC(C)(C)C,group_B,U21_EPA_CPDat_Uv_Absorber,,,,,,
MOL_B_002683,CCN(CC1CCNCC1)C(C)=O,group_B,U21_EPA_CPDat_Uv_Absorber,,,,,,
MOL_B_002684,CCN(CCNS(C)(=O)=O)c1ccc(N)c(C)c1,group_B,U07_ICE_Sensitization,,,,,1.0,
MOL_B_002685,CCN(CCOCCOC(=O)c1ccc(N)cc1)CCOCCOC(=O)c1ccc(N)cc1,group_B,U01_EU_CosIng_Annex_VI,,,,,0.0,0.0
MOL_B_002686,CCN(Cc1ccccc1)c1ccc(C(=O)c2ccccc2C(=O)O)c(O)c1,group_B,U21_EPA_CPDat_Uv_Absorber,,,,,,
MOL_B_002687,CCN(c1ccc(C)cc1)c1ccc(C(=O)c2ccccc2C(=O)O)c(O)c1,group_B,U21_EPA_CPDat_Uv_Absorber,,,,,,
MOL_B_002688,CCN1C(=O)OC2(CCCNC2)C1=O,group_B,U21_EPA_CPDat_Uv_Absorber,,,,,,
MOL_B_002689,CCNC(=O)C1CCCNC1,group_B,U21_EPA_CPDat_Uv_Absorber,,,,,,
MOL_B_002690,CCNC(=O)C1CCNCC1,group_B,U21_EPA_CPDat_Uv_Absorber,,,,,,
MOL_B_002691,CCNC(=O)C=Cc1ccc(O)c(OC)c1,group_B,U21_EPA_CPDat_Uv_Absorber,,,,,,
MOL_B_002692,CCNC(=O)COC1CCCNC1,group_B,U21_EPA_CPDat_Uv_Absorber,,,,,,
MOL_B_002693,CCNC(=O)COC1CCNCC1,group_B,U21_EPA_CPDat_Uv_Absorber,,,,,,
MOL_B_002694,CCNC(=O)NC1CC(C)(CC)NC(C)(CC)C1C,group_B,U21_EPA_CPDat_Uv_Absorber,,,,,,
MOL_B_002695,CCNC(=O)OC1CCNCC1,group_B,U21_EPA_CPDat_Uv_Absorber,,,,,,
MOL_B_002696,CCNC(=O)c1ccc(C(Br)=C2CC3CCC(C2)N3)cc1,group_B,U21_EPA_CPDat_Uv_Absorber,,,,,,
MOL_B_002697,CCNC(=O)c1ccc(C(C#N)=C2CC3CCC(C2)N3)cc1,group_B,U21_EPA_CPDat_Uv_Absorber,,,,,,
MOL_B_002698,CCNC(=O)c1ccc(C=C2CC3CCC(C2)N3)cc1,group_B,U21_EPA_CPDat_Uv_Absorber,,,,,,
MOL_B_002699,CCNC1(C(N)=O)CCN(Cc2ccccc2)CC1,group_B,U21_EPA_CPDat_Uv_Absorber,,,,,,
MOL_B_002700,CCNC1CCCN(C(=O)OC(C)(C)C)C1,group_B,U21_EPA_CPDat_Uv_Absorber,,,,,,
MOL_B_002701,CCNC1CCN(C(=O)OC(C)(C)C)CC1,group_B,U21_EPA_CPDat_Uv_Absorber,,,,,,
MOL_B_002702,CCNC1CCN(C(C)=O)CC1,group_B,U21_EPA_CPDat_Uv_Absorber,,,,,,
MOL_B_002703,CCNc1nc(Cl)nc(NCC)n1,group_B,U12_SkinPiX,,,,-5.875,,
MOL_B_002704,CCNc1nc(Nc2ccc(C=Cc3ccc(Nc4nc(NCC)nc(Nc5cc(S(=O)(=O)[O-])ccc5S(=O)(=O)[O-])n4)cc3S(=O)(=O)[O-])c(S(=O)(=O)[O-])c2)nc(Nc2cc(S(=O)(=O)[O-])ccc2S(=O)(=O)[O-])n1,group_B,U21_EPA_CPDat_Uv_Absorber,,,,,,
MOL_B_002705,CCNc1nc(Nc2ccccc2)nc(Nc2ccc(C=Cc3ccc(Nc4nc(NCC)nc(Nc5ccccc5)n4)cc3S(=O)(=O)[O-])c(S(=O)(=O)[O-])c2)n1,group_B,U21_EPA_CPDat_Uv_Absorber,,,,,,
MOL_B_002706,CCO,group_B,Flynn_PottsGuy_Benchmark;U07_ICE_Irritation;U07_ICE_Sensitization;U09_HPPT,,,,-5.85,0.0,0.0
MOL_B_002707,CCO/C(C)=N/c1ccc(Cl)cc1C(=O)c1ccccc1,group_B,U21_EPA_CPDat_Uv_Absorber,,,,,,
MOL_B_002708,CCO/C(C)=N/c1ccccc1C(=O)c1ccccc1,group_B,U21_EPA_CPDat_Uv_Absorber,,,,,,
MOL_B_002709,CCOC(=O)/C(=C/c1ccccc1)Cn1cncn1,group_B,U21_EPA_CPDat_Uv_Absorber,,,,,,
MOL_B_002710,CCOC(=O)/C(=C\c1ccc(OC)c(OC)c1)C(=O)O,group_B,U21_EPA_CPDat_Uv_Absorber,,,,,,
MOL_B_002711,CCOC(=O)/C(=C\c1ccc(OC)c(OC)c1)N=CO,group_B,U21_EPA_CPDat_Uv_Absorber,,,,,,
MOL_B_002712,CCOC(=O)/C(=C\c1ccc(OC)cc1)N=CO,group_B,U21_EPA_CPDat_Uv_Absorber,,,,,,
MOL_B_002713,CCOC(=O)/C(C#N)=C(\O)c1ccccc1,group_B,U21_EPA_CPDat_Uv_Absorber,,,,,,
MOL_B_002714,CCOC(=O)/C(C#N)=C/c1cc(O)c(O)c([N+](=O)[O-])c1,group_B,U21_EPA_CPDat_Uv_Absorber,,,,,,
MOL_B_002715,CCOC(=O)/C(C#N)=C/c1ccc(B2OC(C)(C)C(C)(C)O2)cc1,group_B,U21_EPA_CPDat_Uv_Absorber,,,,,,
MOL_B_002716,CCOC(=O)/C(C#N)=C/c1ccc(Br)cc1,group_B,U21_EPA_CPDat_Uv_Absorber,,,,,,
MOL_B_002717,CCOC(=O)/C(C#N)=C/c1ccc(C(C)(C)C)cc1,group_B,U21_EPA_CPDat_Uv_Absorber,,,,,,
MOL_B_002718,CCOC(=O)/C(C#N)=C\c1cc(OC)ccc1OC,group_B,U21_EPA_CPDat_Uv_Absorber,,,,,,
MOL_B_002719,CCOC(=O)/C(C#N)=C\c1ccc(F)cc1,group_B,U21_EPA_CPDat_Uv_Absorber,,,,,,
MOL_B_002720,CCOC(=O)/C(C#N)=C\c1ccc(NC(C)=O)cc1,group_B,U21_EPA_CPDat_Uv_Absorber,,,,,,
MOL_B_002721,CCOC(=O)/C(C#N)=C\c1ccccc1OC,group_B,U21_EPA_CPDat_Uv_Absorber,,,,,,
MOL_B_002722,CCOC(=O)/C(C)=C\c1ccc(OC)c(OC)c1,group_B,U21_EPA_CPDat_Uv_Absorber,,,,,,
MOL_B_002723,CCOC(=O)/C=C(/OC(=O)c1ccc(OC)cc1)c1ccccc1,group_B,U21_EPA_CPDat_Uv_Absorber,,,,,,
MOL_B_002724,CCOC(=O)/C=C(C)/C=C/C=C(C)/C=C/c1c(C)cc(OC)c(C)c1C,group_B,U21_EPA_CPDat_Uv_Absorber,,,,,,
MOL_B_002725,CCOC(=O)/C=C(\C)CCC=C(C)C,group_B,U07_ICE_Sensitization,,,,,0.0,
MOL_B_002726,CCOC(=O)/C=C/C(=O)OCC,group_B,U07_ICE_Sensitization,,,,,1.0,
MOL_B_002727,CCOC(=O)/C=C/c1cc(/C=C/C(=O)OCC)cc(C(O)c2ccc(OC)cc2)c1,group_B,U21_EPA_CPDat_Uv_Absorber,,,,,,
MOL_B_002728,CCOC(=O)/C=C/c1cc(F)ccc1O,group_B,U21_EPA_CPDat_Uv_Absorber,,,,,,
MOL_B_002729,CCOC(=O)/C=C/c1ccc(/C=C/C(=O)OCC)cc1,group_B,U21_EPA_CPDat_Uv_Absorber,,,,,,
MOL_B_002730,CCOC(=O)/C=C/c1ccc(O)c(O)c1,group_B,U21_EPA_CPDat_Uv_Absorber,,,,,,
MOL_B_002731,CCOC(=O)/C=C/c1ccc(OCC)cc1,group_B,U21_EPA_CPDat_Uv_Absorber,,,,,,
MOL_B_002732,CCOC(=O)/C=C/c1cccc(O)c1,group_B,U21_EPA_CPDat_Uv_Absorber,,,,,,
MOL_B_002733,CCOC(=O)/C=C/c1ccccc1B1OC(C)(C)C(C)(C)O1,group_B,U21_EPA_CPDat_Uv_Absorber,,,,,,
MOL_B_002734,CCOC(=O)/C=C\C(=O)OCC,group_B,U07_ICE_Sensitization;U12_SkinPiX,,,,-5.105,1.0,
MOL_B_002735,CCOC(=O)C#Cc1ccc(C(C)(C)C)cc1O,group_B,U21_EPA_CPDat_Uv_Absorber,,,,,,
MOL_B_002736,CCOC(=O)C(=C(c1ccc(F)cc1)c1ccc(F)cc1)C(C)C,group_B,U21_EPA_CPDat_Uv_Absorber,,,,,,
MOL_B_002737,CCOC(=O)C(=C(c1ccccc1)c1ccccc1)C(CC)(CC)C(=O)OCC,group_B,U21_EPA_CPDat_Uv_Absorber,,,,,,
MOL_B_002738,CCOC(=O)C(=CC(C)=Cc1ccccc1)C(=O)OCC,group_B,U21_EPA_CPDat_Uv_Absorber,,,,,,
MOL_B_002739,CCOC(=O)C(=CC=Cc1ccccc1)N=C=S,group_B,U21_EPA_CPDat_Uv_Absorber,,,,,,
MOL_B_002740,CCOC(=O)C(=CC=Cc1ccccc1)N=[N+]=[N-],group_B,U21_EPA_CPDat_Uv_Absorber,,,,,,
MOL_B_002741,CCOC(=O)C(=Cc1cc(OC)ccc1OC)C(=O)OCC,group_B,U21_EPA_CPDat_Uv_Absorber,,,,,,
MOL_B_002742,CCOC(=O)C(=Cc1cc([N+](=O)[O-])c(O)c([N+](=O)[O-])c1)C(=O)OCC,group_B,U21_EPA_CPDat_Uv_Absorber,,,,,,
MOL_B_002743,CCOC(=O)C(=Cc1cc([N+](=O)[O-])c(Oc2ccc(OC)cc2)c([N+](=O)[O-])c1)C(=O)OCC,group_B,U21_EPA_CPDat_Uv_Absorber,,,,,,
MOL_B_002744,CCOC(=O)C(=Cc1ccc(C=C(C(=O)OCC)C(=O)OCC)cc1)C(=O)OCC,group_B,U21_EPA_CPDat_Uv_Absorber,,,,,,
MOL_B_002745,CCOC(=O)C(=Cc1ccc(F)cc1)C(=O)OCC,group_B,U21_EPA_CPDat_Uv_Absorber,,,,,,
MOL_B_002746,CCOC(=O)C(=Cc1ccc(O)cc1)C(=O)OCC,group_B,U21_EPA_CPDat_Uv_Absorber,,,,,,
MOL_B_002747,CCOC(=O)C(=Cc1ccc(OC)c(OC)c1)[N+](=O)[O-],group_B,U21_EPA_CPDat_Uv_Absorber,,,,,,
MOL_B_002748,CCOC(=O)C(=Cc1ccc(OC)cc1)C(=O)OCC,group_B,U21_EPA_CPDat_Uv_Absorber,,,,,,
MOL_B_002749,CCOC(=O)C(=Cc1ccc(OC)cc1)OCC,group_B,U21_EPA_CPDat_Uv_Absorber,,,,,,
MOL_B_002750,CCOC(=O)C(=Cc1ccc([N+](=O)[O-])cc1)C(=O)OCC,group_B,U21_EPA_CPDat_Uv_Absorber,,,,,,
MOL_B_002751,CCOC(=O)C(=Cc1ccc([N+](=O)[O-])cc1[N+](=O)[O-])C(=O)OCC,group_B,U21_EPA_CPDat_Uv_Absorber,,,,,,
MOL_B_002752,CCOC(=O)C(=Cc1cccc(F)c1)C(=O)OCC,group_B,U21_EPA_CPDat_Uv_Absorber,,,,,,
MOL_B_002753,CCOC(=O)C(=Cc1cccc(OCC)c1)C(=O)OCC,group_B,U21_EPA_CPDat_Uv_Absorber,,,,,,
MOL_B_002754,CCOC(=O)C(=Cc1cccc([N+](=O)[O-])c1)C(=O)OCC,group_B,U21_EPA_CPDat_Uv_Absorber,,,,,,
MOL_B_002755,CCOC(=O)C(=Cc1ccccc1)C(=O)OCC,group_B,U21_EPA_CPDat_Uv_Absorber,,,,,,
MOL_B_002756,CCOC(=O)C(=Cc1ccccc1)C(=O)[O-],group_B,U21_EPA_CPDat_Uv_Absorber,,,,,,
MOL_B_002757,CCOC(=O)C(=Cc1ccccc1)N=[N+]=[N-],group_B,U21_EPA_CPDat_Uv_Absorber,,,,,,
MOL_B_002758,CCOC(=O)C(=Cc1ccccc1F)C(=O)OCC,group_B,U21_EPA_CPDat_Uv_Absorber,,,,,,
MOL_B_002759,CCOC(=O)C(=O)c1ccc(O)cc1O,group_B,U21_EPA_CPDat_Uv_Absorber,,,,,,
MOL_B_002760,CCOC(=O)C(Br)=CC=Cc1ccccc1,group_B,U21_EPA_CPDat_Uv_Absorber,,,,,,
MOL_B_002761,CCOC(=O)C(C#N)=C(C#N)c1ccc(N(CCOC(=O)c2ccccc2)CCOC(=O)c2ccccc2)cc1,group_B,U21_EPA_CPDat_Uv_Absorber,,,,,,
MOL_B_002762,CCOC(=O)C(C#N)=C(C(=O)c1ccccc1)c1ccccc1,group_B,U21_EPA_CPDat_Uv_Absorber,,,,,,
MOL_B_002763,CCOC(=O)C(C#N)=C(C)C=Cc1ccccc1,group_B,U21_EPA_CPDat_Uv_Absorber,,,,,,
MOL_B_002764,CCOC(=O)C(C#N)=C(C)c1ccc(OC)cc1,group_B,U21_EPA_CPDat_Uv_Absorber,,,,,,
MOL_B_002765,CCOC(=O)C(C#N)=C(C)c1ccc2cc(OC)ccc2c1,group_B,U21_EPA_CPDat_Uv_Absorber,,,,,,
MOL_B_002766,CCOC(=O)C(C#N)=C(C)c1cccc(Br)c1,group_B,U21_EPA_CPDat_Uv_Absorber,,,,,,
MOL_B_002767,CCOC(=O)C(C#N)=C(C)c1ccccc1Cl,group_B,U21_EPA_CPDat_Uv_Absorber,,,,,,
MOL_B_002768,CCOC(=O)C(C#N)=C(C)c1ccccc1OC,group_B,U21_EPA_CPDat_Uv_Absorber,,,,,,
MOL_B_002769,CCOC(=O)C(C#N)=C(CSC#N)c1ccccc1,group_B,U21_EPA_CPDat_Uv_Absorber,,,,,,
MOL_B_002770,CCOC(=O)C(C#N)=C(c1ccccc1)N(N)c1ccccc1,group_B,U21_EPA_CPDat_Uv_Absorber,,,,,,
MOL_B_002771,CCOC(=O)C(C#N)=C(c1ccccc1)c1ccccc1,group_B,U21_EPA_CPDat_Uv_Absorber,,,,,,
MOL_B_002772,CCOC(=O)C(C#N)=C(c1ccccc1)c1cccs1,group_B,U21_EPA_CPDat_Uv_Absorber,,,,,,
MOL_B_002773,CCOC(=O)C(C#N)=CC=C(Cl)C=Cc1ccccc1,group_B,U21_EPA_CPDat_Uv_Absorber,,,,,,
MOL_B_002774,CCOC(=O)C(C#N)=CC=C(Nc1ccccc1)c1ccccc1,group_B,U21_EPA_CPDat_Uv_Absorber,,,,,,
MOL_B_002775,CCOC(=O)C(C#N)=Cc1cc(OC)c(OC)c(OC)c1,group_B,U21_EPA_CPDat_Uv_Absorber,,,,,,
MOL_B_002776,CCOC(=O)C(C#N)=Cc1ccc(I)cc1,group_B,U21_EPA_CPDat_Uv_Absorber,,,,,,
MOL_B_002777,CCOC(=O)C(C#N)=Cc1ccc(N(CCOC(=O)c2ccccc2)CCOC(=O)c2ccccc2)cc1,group_B,U21_EPA_CPDat_Uv_Absorber,,,,,,
MOL_B_002778,CCOC(=O)C(C#N)=Cc1ccc(N(c2ccccc2)c2ccccc2)cc1,group_B,U21_EPA_CPDat_Uv_Absorber,,,,,,
MOL_B_002779,CCOC(=O)C(C#N)=Cc1ccc(O)c(OCC)c1,group_B,U21_EPA_CPDat_Uv_Absorber,,,,,,
MOL_B_002780,CCOC(=O)C(C#N)=Cc1ccc(S)cc1,group_B,U21_EPA_CPDat_Uv_Absorber,,,,,,
MOL_B_002781,CCOC(=O)C(C#N)=Cc1ccc(SC)cc1,group_B,U21_EPA_CPDat_Uv_Absorber,,,,,,
MOL_B_002782,CCOC(=O)C(C#N)=Cc1ccc2c(c1)c1ccccc1n2CC,group_B,U21_EPA_CPDat_Uv_Absorber,,,,,,
MOL_B_002783,CCOC(=O)C(C#N)=Cc1ccc2ccc3cc(OC)cc4ccc1c2c34,group_B,U21_EPA_CPDat_Uv_Absorber,,,,,,
MOL_B_002784,CCOC(=O)C(C#N)=Cc1ccccc1,group_B,U21_EPA_CPDat_Uv_Absorber,,,,,,
MOL_B_002785,CCOC(=O)C(C#N)=Cc1ccccc1O,group_B,U21_EPA_CPDat_Uv_Absorber,,,,,,
MOL_B_002786,CCOC(=O)C(C(=O)OCC)=C(C)c1ccc(OC)cc1,group_B,U21_EPA_CPDat_Uv_Absorber,,,,,,
MOL_B_002787,CCOC(=O)C(C(=O)OCC)=C(Cl)c1ccc([N+](=O)[O-])cc1,group_B,U21_EPA_CPDat_Uv_Absorber,,,,,,
MOL_B_002788,CCOC(=O)C(C(=O)OCC)=C(F)c1ccc([N+](=O)[O-])cc1,group_B,U21_EPA_CPDat_Uv_Absorber,,,,,,
MOL_B_002789,CCOC(=O)C(C(=O)OCC)=C(N)c1ccc(OC)cc1,group_B,U21_EPA_CPDat_Uv_Absorber,,,,,,
MOL_B_002790,CCOC(=O)C(C(=O)OCC)=C(N)c1ccccc1,group_B,U21_EPA_CPDat_Uv_Absorber,,,,,,
MOL_B_002791,CCOC(=O)C(C(=O)OCC)=C(O)c1ccccc1[N+](=O)[O-],group_B,U21_EPA_CPDat_Uv_Absorber,,,,,,
MOL_B_002792,CCOC(=O)C(C(=O)OCC)=C(SC)c1ccccc1,group_B,U21_EPA_CPDat_Uv_Absorber,,,,,,
MOL_B_002793,CCOC(=O)C(C(=O)OCC)N1CCC(C)CC1,group_B,U21_EPA_CPDat_Uv_Absorber,,,,,,
MOL_B_002794,CCOC(=O)C(C)=C(C)c1ccc(C#N)cc1,group_B,U21_EPA_CPDat_Uv_Absorber,,,,,,
MOL_B_002795,CCOC(=O)C(C)=C(c1ccccc1)c1ccccc1,group_B,U21_EPA_CPDat_Uv_Absorber,,,,,,
MOL_B_002796,CCOC(=O)C(C)=C=C(c1ccccc1)c1ccccc1,group_B,U21_EPA_CPDat_Uv_Absorber,,,,,,
MOL_B_002797,CCOC(=O)C(C)=C=Cc1ccccc1,group_B,U21_EPA_CPDat_Uv_Absorber,,,,,,
MOL_B_002798,CCOC(=O)C(C)=Cc1cc(OC)c(OC)c(OC)c1,group_B,U21_EPA_CPDat_Uv_Absorber,,,,,,
MOL_B_002799,CCOC(=O)C(C)=Cc1ccc(OC)cc1,group_B,U21_EPA_CPDat_Uv_Absorber,,,,,,
MOL_B_002800,CCOC(=O)C(C)=Cc1cccc(C#N)c1,group_B,U21_EPA_CPDat_Uv_Absorber,,,,,,
MOL_B_002801,CCOC(=O)C(C)C,group_B,U07_ICE_Sensitization;U09_HPPT,,,,,0.0,
MOL_B_002802,CCOC(=O)C(C)O,group_B,U07_ICE_Sensitization;U09_HPPT,,,,,0.0,
MOL_B_002803,CCOC(=O)C(C)S(=O)(=O)/C(=C\N1CCCCC1)CC,group_B,U21_EPA_CPDat_Uv_Absorber,,,,,,
MOL_B_002804,CCOC(=O)C(C=Cc1ccccc1)=CC=O,group_B,U21_EPA_CPDat_Uv_Absorber,,,,,,
MOL_B_002805,CCOC(=O)C(CCN1CCCCC1)C(=O)OCC,group_B,U21_EPA_CPDat_Uv_Absorber,,,,,,
MOL_B_002806,CCOC(=O)C(F)=CC=Cc1ccccc1,group_B,U21_EPA_CPDat_Uv_Absorber,,,,,,
MOL_B_002807,CCOC(=O)C(N=C=S)=C(c1ccccc1)c1ccccc1,group_B,U21_EPA_CPDat_Uv_Absorber,,,,,,
MOL_B_002808,CCOC(=O)C(NC(=O)c1ccccc1)=C(c1ccccc1)c1ccccc1,group_B,U21_EPA_CPDat_Uv_Absorber,,,,,,
MOL_B_002809,CCOC(=O)C([N+]#N)=C([O-])C=C(c1ccccc1)c1ccccc1,group_B,U21_EPA_CPDat_Uv_Absorber,,,,,,
MOL_B_002810,CCOC(=O)C([N+]#N)=C([O-])C=Cc1ccc(OC)cc1,group_B,U21_EPA_CPDat_Uv_Absorber,,,,,,
MOL_B_002811,CCOC(=O)C([N+]#N)=C([O-])C=Cc1ccccc1,group_B,U21_EPA_CPDat_Uv_Absorber,,,,,,
MOL_B_002812,CCOC(=O)C1(C)CCCCN1,group_B,U21_EPA_CPDat_Uv_Absorber,,,,,,
MOL_B_002813,CCOC(=O)C1(N(C(C)=O)c2ccccc2)CCNCC1,group_B,U21_EPA_CPDat_Uv_Absorber,,,,,,
MOL_B_002814,CCOC(=O)C1(NC(=O)OC(C)(C)C)CCNCC1,group_B,U21_EPA_CPDat_Uv_Absorber,,,,,,
MOL_B_002815,CCOC(=O)C1=C(C)C=CCC1(C)C,group_B,U07_ICE_Sensitization;U09_HPPT,,,,,0.0,
MOL_B_002816,CCOC(=O)C1=C(C)NC(C)=C(C(=O)OCC)C1c1ccccc1/C=C/C(=O)OC(C)(C)C,group_B,U21_EPA_CPDat_Uv_Absorber,,,,,,
MOL_B_002817,CCOC(=O)C1=C(C)NC(C)=C(C(=O)OCC)C1c1ccccc1/C=C\C(=O)OC(C)(C)C,group_B,U21_EPA_CPDat_Uv_Absorber,,,,,,
MOL_B_002818,CCOC(=O)C1CC(C)(C)NC(C)(C)C1,group_B,U21_EPA_CPDat_Uv_Absorber,,,,,,
MOL_B_002819,CCOC(=O)C1CCC(C)NC1,group_B,U21_EPA_CPDat_Uv_Absorber,,,,,,
MOL_B_002820,CCOC(=O)C1CCNCC1,group_B,U21_EPA_CPDat_Uv_Absorber,,,,,,
MOL_B_002821,CCOC(=O)C1OC1(C)c1ccccc1,group_B,U07_ICE_Sensitization;U09_HPPT,,,,,0.0,
MOL_B_002822,CCOC(=O)C1OC1c1ccccc1,group_B,U07_ICE_Sensitization;U09_HPPT,,,,,0.0,
MOL_B_002823,CCOC(=O)C=C(C)CCC=C(C)C,group_B,U09_HPPT,,,,,0.0,
MOL_B_002824,CCOC(=O)C=C(C)c1cc(OC)c(OC)c(OC)c1,group_B,U21_EPA_CPDat_Uv_Absorber,,,,,,
MOL_B_002825,CCOC(=O)C=C(C)c1ccc2cc(OC)ccc2c1,group_B,U21_EPA_CPDat_Uv_Absorber,,,,,,
MOL_B_002826,CCOC(=O)C=C(C=Cc1ccccc1)c1ccccc1,group_B,U21_EPA_CPDat_Uv_Absorber,,,,,,
MOL_B_002827,CCOC(=O)C=C(OC)c1ccccc1,group_B,U21_EPA_CPDat_Uv_Absorber,,,,,,
MOL_B_002828,CCOC(=O)C=C(OCC)c1ccccc1,group_B,U21_EPA_CPDat_Uv_Absorber,,,,,,
MOL_B_002829,CCOC(=O)C=C(c1ccc(Cl)cc1)c1ccc(Cl)cc1,group_B,U21_EPA_CPDat_Uv_Absorber,,,,,,
MOL_B_002830,CCOC(=O)C=C(c1ccccc1)c1ccc(Br)cc1,group_B,U21_EPA_CPDat_Uv_Absorber,,,,,,
MOL_B_002831,CCOC(=O)C=C(c1ccccc1)c1ccc(Cl)c(Cl)c1,group_B,U21_EPA_CPDat_Uv_Absorber,,,,,,
MOL_B_002832,CCOC(=O)C=C(c1ccccc1)c1ccccc1,group_B,U21_EPA_CPDat_Uv_Absorber,,,,,,
MOL_B_002833,CCOC(=O)C=CC(=O)OCC,group_B,U09_HPPT,,,,,1.0,
MOL_B_002834,CCOC(=O)C=CC(C=CC(=O)OCC)=CC=Cc1ccccc1,group_B,U21_EPA_CPDat_Uv_Absorber,,,,,,
MOL_B_002835,CCOC(=O)C=CC(C=CC(=O)OCC)=Cc1ccc([N+](=O)[O-])cc1,group_B,U21_EPA_CPDat_Uv_Absorber,,,,,,
MOL_B_002836,CCOC(=O)C=CC(C=CC(=O)OCC)=Cc1ccccc1,group_B,U21_EPA_CPDat_Uv_Absorber,,,,,,
MOL_B_002837,CCOC(=O)C=CC=Cc1ccc(Cl)cc1,group_B,U21_EPA_CPDat_Uv_Absorber,,,,,,
MOL_B_002838,CCOC(=O)C=CC=Cc1ccc(O)c(OC)c1,group_B,U21_EPA_CPDat_Uv_Absorber,,,,,,
MOL_B_002839,CCOC(=O)C=CC=Cc1ccc2c(c1)OCO2,group_B,U21_EPA_CPDat_Uv_Absorber,,,,,,
MOL_B_002840,CCOC(=O)C=CC=Cc1ccccc1,group_B,U21_EPA_CPDat_Uv_Absorber,,,,,,
MOL_B_002841,CCOC(=O)C=Cc1c(OC)cc(OC)cc1OC,group_B,U21_EPA_CPDat_Uv_Absorber,,,,,,
MOL_B_002842,CCOC(=O)C=Cc1c(OC)ccc2ccc(OC)cc12,group_B,U21_EPA_CPDat_Uv_Absorber,,,,,,
MOL_B_002843,CCOC(=O)C=Cc1c2ccccc2cc2ccccc12,group_B,U21_EPA_CPDat_Uv_Absorber,,,,,,
MOL_B_002844,CCOC(=O)C=Cc1cc(Br)cc(Br)c1OC,group_B,U21_EPA_CPDat_Uv_Absorber,,,,,,
MOL_B_002845,CCOC(=O)C=Cc1cc(OC)c(OCC)c(OC)c1,group_B,U21_EPA_CPDat_Uv_Absorber,,,,,,
MOL_B_002846,CCOC(=O)C=Cc1cc2c(cc1[N+](=O)[O-])OCO2,group_B,U21_EPA_CPDat_Uv_Absorber,,,,,,
MOL_B_002847,CCOC(=O)C=Cc1ccc(B(O)O)cc1,group_B,U21_EPA_CPDat_Uv_Absorber,,,,,,
MOL_B_002848,CCOC(=O)C=Cc1ccc(C#N)cc1[N+](=O)[O-],group_B,U21_EPA_CPDat_Uv_Absorber,,,,,,
MOL_B_002849,CCOC(=O)C=Cc1ccc(C(=N)N)cc1,group_B,U21_EPA_CPDat_Uv_Absorber,,,,,,
MOL_B_002850,CCOC(=O)C=Cc1ccc(C(=O)OC)cc1,group_B,U21_EPA_CPDat_Uv_Absorber,,,,,,
MOL_B_002851,CCOC(=O)C=Cc1ccc(C(=O)c2ccc(C)cc2)cc1,group_B,U21_EPA_CPDat_Uv_Absorber,,,,,,
MOL_B_002852,CCOC(=O)C=Cc1ccc(C(C)(C)C)cc1,group_B,U21_EPA_CPDat_Uv_Absorber,,,,,,
MOL_B_002853,CCOC(=O)C=Cc1ccc(C(C)=O)cc1,group_B,U21_EPA_CPDat_Uv_Absorber,,,,,,
MOL_B_002854,CCOC(=O)C=Cc1ccc(C2OCCO2)cc1,group_B,U21_EPA_CPDat_Uv_Absorber,,,,,,
MOL_B_002855,CCOC(=O)C=Cc1ccc(C=CC(=O)OC)cc1,group_B,U21_EPA_CPDat_Uv_Absorber,,,,,,
MOL_B_002856,CCOC(=O)C=Cc1ccc(C=CC(=O)OCC)cc1,group_B,U21_EPA_CPDat_Uv_Absorber,,,,,,
MOL_B_002857,CCOC(=O)C=Cc1ccc(C=Cc2ccc(C=CC(=O)OCC)cc2)cc1,group_B,U21_EPA_CPDat_Uv_Absorber,,,,,,
MOL_B_002858,CCOC(=O)C=Cc1ccc(F)c(Oc2ccccc2)c1,group_B,U21_EPA_CPDat_Uv_Absorber,,,,,,
MOL_B_002859,CCOC(=O)C=Cc1ccc(N=Cc2ccc(OC)cc2)cc1,group_B,U21_EPA_CPDat_Uv_Absorber,,,,,,
MOL_B_002860,CCOC(=O)C=Cc1ccc(NC(C)=O)cc1,group_B,U21_EPA_CPDat_Uv_Absorber,,,,,,
MOL_B_002861,CCOC(=O)C=Cc1ccc(O)c([N+](=O)[O-])c1,group_B,U21_EPA_CPDat_Uv_Absorber,,,,,,
MOL_B_002862,CCOC(=O)C=Cc1ccc(OC)c(OC)c1,group_B,U21_EPA_CPDat_Uv_Absorber,,,,,,
MOL_B_002863,CCOC(=O)C=Cc1ccc(OC)c(OC)c1Cl,group_B,U21_EPA_CPDat_Uv_Absorber,,,,,,
MOL_B_002864,CCOC(=O)C=Cc1ccc(OC)c(OC)c1OC,group_B,U21_EPA_CPDat_Uv_Absorber,,,,,,
MOL_B_002865,CCOC(=O)C=Cc1ccc(OC)c2ccccc12,group_B,U21_EPA_CPDat_Uv_Absorber,,,,,,
MOL_B_002866,CCOC(=O)C=Cc1ccc(OC)cc1,group_B,U21_EPA_CPDat_Uv_Absorber,,,,,,
MOL_B_002867,CCOC(=O)C=Cc1ccc(OC)cc1F,group_B,U21_EPA_CPDat_Uv_Absorber,,,,,,
MOL_B_002868,CCOC(=O)C=Cc1ccc(OC)cc1O,group_B,U21_EPA_CPDat_Uv_Absorber,,,,,,
MOL_B_002869,CCOC(=O)C=Cc1ccc(OC)cc1OC,group_B,U21_EPA_CPDat_Uv_Absorber,,,,,,
MOL_B_002870,CCOC(=O)C=Cc1ccc(OCC(=O)Nc2cccc(C(=O)O)c2)cc1,group_B,U21_EPA_CPDat_Uv_Absorber,,,,,,
MOL_B_002871,CCOC(=O)C=Cc1ccc(OCC(=O)c2ccc(OC)c(OC)c2)c(OC)c1,group_B,U21_EPA_CPDat_Uv_Absorber,,,,,,
MOL_B_002872,CCOC(=O)C=Cc1ccc(OCC)cc1,group_B,U21_EPA_CPDat_Uv_Absorber,,,,,,
MOL_B_002873,CCOC(=O)C=Cc1ccc(OCC=C(C)C)cc1,group_B,U21_EPA_CPDat_Uv_Absorber,,,,,,
MOL_B_002874,CCOC(=O)C=Cc1ccc(Oc2ccccc2)cc1,group_B,U21_EPA_CPDat_Uv_Absorber,,,,,,
MOL_B_002875,CCOC(=O)C=Cc1ccc(S)cc1,group_B,U21_EPA_CPDat_Uv_Absorber,,,,,,
MOL_B_002876,CCOC(=O)C=Cc1ccc(SC)cc1,group_B,U21_EPA_CPDat_Uv_Absorber,,,,,,
MOL_B_002877,CCOC(=O)C=Cc1ccc(Sc2ccccc2)cc1Cl,group_B,U21_EPA_CPDat_Uv_Absorber,,,,,,
MOL_B_002878,CCOC(=O)C=Cc1ccc([N+](=O)[O-])cc1,group_B,U21_EPA_CPDat_Uv_Absorber,,,,,,
MOL_B_002879,CCOC(=O)C=Cc1ccc2c(OC)cccc2c1,group_B,U21_EPA_CPDat_Uv_Absorber,,,,,,
MOL_B_002880,CCOC(=O)C=Cc1ccc2c(c1)CCO2,group_B,U21_EPA_CPDat_Uv_Absorber,,,,,,
MOL_B_002881,CCOC(=O)C=Cc1ccc2ccccc2c1,group_B,U21_EPA_CPDat_Uv_Absorber,,,,,,
MOL_B_002882,CCOC(=O)C=Cc1cccc(Br)c1,group_B,U21_EPA_CPDat_Uv_Absorber,,,,,,
MOL_B_002883,CCOC(=O)C=Cc1cccc(C(=O)OCC)c1,group_B,U21_EPA_CPDat_Uv_Absorber,,,,,,
MOL_B_002884,CCOC(=O)C=Cc1cccc(C(=O)c2ccc(C)cc2)c1,group_B,U21_EPA_CPDat_Uv_Absorber,,,,,,
MOL_B_002885,CCOC(=O)C=Cc1cccc(C(=O)c2ccc(Cl)cc2)c1,group_B,U21_EPA_CPDat_Uv_Absorber,,,,,,
MOL_B_002886,CCOC(=O)C=Cc1cccc(C(=O)c2ccc(OC)cc2)c1,group_B,U21_EPA_CPDat_Uv_Absorber,,,,,,
MOL_B_002887,CCOC(=O)C=Cc1cccc(C(=O)c2ccccc2)c1,group_B,U21_EPA_CPDat_Uv_Absorber,,,,,,
MOL_B_002888,CCOC(=O)C=Cc1cccc(OC)c1O,group_B,U21_EPA_CPDat_Uv_Absorber,,,,,,
MOL_B_002889,CCOC(=O)C=Cc1cccc2ccccc12,group_B,U21_EPA_CPDat_Uv_Absorber,,,,,,
MOL_B_002890,CCOC(=O)C=Cc1ccccc1,group_B,U07_ICE_Sensitization;U09_HPPT;U21_EPA_CPDat_Uv_Absorber,,,,,0.0,
MOL_B_002891,CCOC(=O)C=Cc1ccccc1C(=O)O,group_B,U21_EPA_CPDat_Uv_Absorber,,,,,,
MOL_B_002892,CCOC(=O)C=Cc1ccccc1N1CCCC1,group_B,U21_EPA_CPDat_Uv_Absorber,,,,,,
MOL_B_002893,CCOC(=O)C=Cc1ccccc1NC(C)=O,group_B,U21_EPA_CPDat_Uv_Absorber,,,,,,
MOL_B_002894,CCOC(=O)C=Cc1ccccc1OCC,group_B,U21_EPA_CPDat_Uv_Absorber,,,,,,
MOL_B_002895,CCOC(=O)C=Cc1ccccc1Oc1ccccc1,group_B,U21_EPA_CPDat_Uv_Absorber,,,,,,
MOL_B_002896,CCOC(=O)C=Cc1ccccc1S,group_B,U21_EPA_CPDat_Uv_Absorber,,,,,,
MOL_B_002897,CCOC(=O)CC,group_B,U07_ICE_Sensitization;U09_HPPT,,,,,0.0,
MOL_B_002898,CCOC(=O)CC(=O)OCC,group_B,U07_ICE_Sensitization;U09_HPPT,,,,,0.0,
MOL_B_002899,CCOC(=O)CC(=O)c1ccccc1,group_B,U07_ICE_Sensitization,,,,,0.0,
MOL_B_002900,CCOC(=O)CC(C)=O,group_B,U07_ICE_Sensitization;U09_HPPT,,,,,0.0,
MOL_B_002901,CCOC(=O)CC(C)C,group_B,U07_ICE_Sensitization;U09_HPPT,,,,,0.0,
MOL_B_002902,CCOC(=O)CC(O)(CC(=O)OCC)C(=O)OCC,group_B,U07_ICE_Sensitization;U09_HPPT,,,,,0.0,
MOL_B_002903,CCOC(=O)CC(SP(=S)(OC)OC)C(=O)OCC,group_B,U07_ICE_Sensitization;U09_HPPT,,,,,1.0,
MOL_B_002904,CCOC(=O)CC1(C)OCCO1,group_B,U07_ICE_Sensitization;U09_HPPT,,,,,0.0,
MOL_B_002905,CCOC(=O)CC1CCCCN1CC(=O)OCC,group_B,U21_EPA_CPDat_Uv_Absorber,,,,,,
MOL_B_002906,CCOC(=O)CC1CCCCN1CCCC#N,group_B,U21_EPA_CPDat_Uv_Absorber,,,,,,
MOL_B_002907,CCOC(=O)CC1CCN(C)CC1,group_B,U21_EPA_CPDat_Uv_Absorber,,,,,,
MOL_B_002908,CCOC(=O)CC1CCNCC1,group_B,U21_EPA_CPDat_Uv_Absorber,,,,,,
MOL_B_002909,CCOC(=O)CCC(=O)OCC,group_B,U07_ICE_Sensitization;U09_HPPT,,,,,0.0,
MOL_B_002910,CCOC(=O)CCC(C)=O,group_B,U07_ICE_Sensitization;U09_HPPT,,,,,0.0,
MOL_B_002911,CCOC(=O)CCC1CCNCC1,group_B,U21_EPA_CPDat_Uv_Absorber,,,,,,
MOL_B_002912,CCOC(=O)CCCC1CCNCC1,group_B,U21_EPA_CPDat_Uv_Absorber,,,,,,
MOL_B_002913,CCOC(=O)CCCCCC(=O)c1ccc(CN2CCC3(CC2)OCCO3)cc1,group_B,U21_EPA_CPDat_Uv_Absorber,,,,,,
MOL_B_002914,CCOC(=O)CCCCCC(=O)c1ccc(CN2CCCCC2)cc1,group_B,U21_EPA_CPDat_Uv_Absorber,,,,,,
MOL_B_002915,CCOC(=O)CCCCCC(=O)c1cccc(CN2CCC3(CC2)OCCO3)c1,group_B,U21_EPA_CPDat_Uv_Absorber,,,,,,
MOL_B_002916,CCOC(=O)CCCCCC(=O)c1cccc(CN2CCCCC2)c1,group_B,U21_EPA_CPDat_Uv_Absorber,,,,,,
MOL_B_002917,CCOC(=O)CCCCCC(=O)c1ccccc1CN1CCC2(CC1)OCCO2,group_B,U21_EPA_CPDat_Uv_Absorber,,,,,,
MOL_B_002918,CCOC(=O)CCCCCC(=O)c1ccccc1CN1CCCCC1,group_B,U21_EPA_CPDat_Uv_Absorber,,,,,,
MOL_B_002919,CCOC(=O)CCCCCCC(=O)c1ccc(CN2CCC3(CC2)OCCO3)cc1,group_B,U21_EPA_CPDat_Uv_Absorber,,,,,,
MOL_B_002920,CCOC(=O)CCCCCCC(=O)c1ccc(CN2CCCCC2)cc1,group_B,U21_EPA_CPDat_Uv_Absorber,,,,,,
MOL_B_002921,CCOC(=O)CCCCCCC(=O)c1cccc(CN2CCC3(CC2)OCCO3)c1,group_B,U21_EPA_CPDat_Uv_Absorber,,,,,,
MOL_B_002922,CCOC(=O)CCCCCCC(=O)c1cccc(CN2CCCCC2)c1,group_B,U21_EPA_CPDat_Uv_Absorber,,,,,,
MOL_B_002923,CCOC(=O)CCCCCCC(=O)c1ccccc1CN1CCC2(CC1)OCCO2,group_B,U21_EPA_CPDat_Uv_Absorber,,,,,,
MOL_B_002924,CCOC(=O)CCCCCCC(=O)c1ccccc1CN1CCCCC1,group_B,U21_EPA_CPDat_Uv_Absorber,,,,,,
MOL_B_002925,CCOC(=O)CCCCCCCCC(=O)OCC,group_B,U07_ICE_Sensitization;U09_HPPT,,,,,0.0,
MOL_B_002926,CCOC(=O)CCCCCCN1CCCCC1,group_B,U21_EPA_CPDat_Uv_Absorber,,,,,,
MOL_B_002927,CCOC(=O)CCCCN1CCCCC1,group_B,U21_EPA_CPDat_Uv_Absorber,,,,,,
MOL_B_002928,CCOC(=O)CCCN1C2CCC1CC(=O)C2,group_B,U21_EPA_CPDat_Uv_Absorber,,,,,,
MOL_B_002929,CCOC(=O)CCCN1CCCCC1,group_B,U21_EPA_CPDat_Uv_Absorber,,,,,,
MOL_B_002930,CCOC(=O)CCN1CCC2(CC1)OCCO2,group_B,U21_EPA_CPDat_Uv_Absorber,,,,,,
MOL_B_002931,CCOC(=O)CCN1CCCC(C(=O)OCC)C1,group_B,U21_EPA_CPDat_Uv_Absorber,,,,,,
MOL_B_002932,CCOC(=O)CCN1CCCC(C)C1,group_B,U21_EPA_CPDat_Uv_Absorber,,,,,,
MOL_B_002933,CCOC(=O)CCN1CCCCC1,group_B,U21_EPA_CPDat_Uv_Absorber,,,,,,
MOL_B_002934,CCOC(=O)CCN1CCCCC1CC(=O)OCC,group_B,U21_EPA_CPDat_Uv_Absorber,,,,,,
MOL_B_002935,CCOC(=O)CC[C@@H]1CCCNC1,group_B,U21_EPA_CPDat_Uv_Absorber,,,,,,
MOL_B_002936,CCOC(=O)CN1CCC(C(=O)OCC)CC1,group_B,U21_EPA_CPDat_Uv_Absorber,,,,,,
MOL_B_002937,CCOC(=O)CN1CCCCC1,group_B,U21_EPA_CPDat_Uv_Absorber,,,,,,
MOL_B_002938,CCOC(=O)Cc1ccccc1,group_B,U07_ICE_Sensitization;U09_HPPT,,,,,0.0,
MOL_B_002939,CCOC(=O)N(CC)CCCCC1CCNCC1,group_B,U21_EPA_CPDat_Uv_Absorber,,,,,,
MOL_B_002940,CCOC(=O)N(c1ccccc1)C1(COC)CCNCC1,group_B,U21_EPA_CPDat_Uv_Absorber,,,,,,
MOL_B_002941,CCOC(=O)N1CCC(NC(C)C)CC1,group_B,U21_EPA_CPDat_Uv_Absorber,,,,,,
MOL_B_002942,CCOC(=O)N1CCC(NC)CC1,group_B,U21_EPA_CPDat_Uv_Absorber,,,,,,
MOL_B_002943,CCOC(=O)N1CCC(NCCCCCOc2ccccc2)CC1,group_B,U21_EPA_CPDat_Uv_Absorber,,,,,,
MOL_B_002944,CCOC(=O)N1CCC(NCCNC(=O)c2ccccc2C)CC1,group_B,U21_EPA_CPDat_Uv_Absorber,,,,,,
MOL_B_002945,CCOC(=O)OC1CCCCC1C(C)(C)C,group_B,U07_ICE_Sensitization;U09_HPPT,,,,,0.0,
MOL_B_002946,CCOC(=O)Oc1ccc(C(C)(C)c2ccc(O)cc2)cc1,group_B,U21_EPA_CPDat_Uv_Absorber,,,,,,
MOL_B_002947,CCOC(=O)[C@H]1CCCCN1,group_B,U21_EPA_CPDat_Uv_Absorber,,,,,,
MOL_B_002948,CCOC(=O)[C@H]1CCCNC1,group_B,U21_EPA_CPDat_Uv_Absorber,,,,,,
MOL_B_002949,CCOC(=O)[C@H]1CC[C@H](C(=O)OCC)CC1,group_B,U07_ICE_Irritation,,,,,,0.0
MOL_B_002950,CCOC(=O)[N+]1(C2CCNCC2)CCCCC1,group_B,U21_EPA_CPDat_Uv_Absorber,,,,,,
MOL_B_002951,CCOC(=O)\C=C(C)/C=C/C=C(C)/C=C/c1c(C)cc(OC)c(C)c1C,group_B,U21_EPA_CPDat_Uv_Absorber,,,,,,
MOL_B_002952,CCOC(=O)c1c(C(=O)OCC)c(O)c2ccccc2c1O,group_B,U21_EPA_CPDat_Uv_Absorber,,,,,,
MOL_B_002953,CCOC(=O)c1c(C)c(C)c(O)c(C)c1O,group_B,U21_EPA_CPDat_Uv_Absorber,,,,,,
MOL_B_002954,CCOC(=O)c1c(C)cc(-c2ccccc2)cc1O,group_B,U21_EPA_CPDat_Uv_Absorber,,,,,,
MOL_B_002955,CCOC(=O)c1c(C)cc(O)c(C(=O)OCC)c1O,group_B,U21_EPA_CPDat_Uv_Absorber,,,,,,
MOL_B_002956,CCOC(=O)c1c(C)cc(O)cc1C,group_B,U21_EPA_CPDat_Uv_Absorber,,,,,,
MOL_B_002957,CCOC(=O)c1c(C)cc(O)cc1O,group_B,U21_EPA_CPDat_Uv_Absorber,,,,,,
MOL_B_002958,CCOC(=O)c1c(C)cc(OC)cc1O,group_B,U21_EPA_CPDat_Uv_Absorber,,,,,,
MOL_B_002959,CCOC(=O)c1c(C)cc(OCc2ccccc2)cc1O,group_B,U21_EPA_CPDat_Uv_Absorber,,,,,,
MOL_B_002960,CCOC(=O)c1c(C)cccc1O,group_B,U21_EPA_CPDat_Uv_Absorber,,,,,,
MOL_B_002961,CCOC(=O)c1c(O)c(C(=O)OCC)c(O)c([N+](=O)[O-])c1O,group_B,U21_EPA_CPDat_Uv_Absorber,,,,,,
MOL_B_002962,CCOC(=O)c1c(O)cc(-c2ccccc2)c2ccccc12,group_B,U21_EPA_CPDat_Uv_Absorber,,,,,,
MOL_B_002963,CCOC(=O)c1c(O)cc(C)c(C(C)=O)c1O,group_B,U21_EPA_CPDat_Uv_Absorber,,,,,,
MOL_B_002964,CCOC(=O)c1c(O)cc(O)c(O)c1C,group_B,U21_EPA_CPDat_Uv_Absorber,,,,,,
MOL_B_002965,CCOC(=O)c1c(O)cc(O)cc1O,group_B,U21_EPA_CPDat_Uv_Absorber,,,,,,
MOL_B_002966,CCOC(=O)c1c(O)cc(OC)c(OC)c1C,group_B,U21_EPA_CPDat_Uv_Absorber,,,,,,
MOL_B_002967,CCOC(=O)c1c(O)ccc2ccccc12,group_B,U21_EPA_CPDat_Uv_Absorber,,,,,,
MOL_B_002968,CCOC(=O)c1c(O)cccc1Cl,group_B,U21_EPA_CPDat_Uv_Absorber,,,,,,
MOL_B_002969,CCOC(=O)c1c(O)cccc1O,group_B,U21_EPA_CPDat_Uv_Absorber,,,,,,
MOL_B_002970,CCOC(=O)c1c(O)cccc1OCC,group_B,U21_EPA_CPDat_Uv_Absorber,,,,,,
MOL_B_002971,CCOC(=O)c1cc(Br)ccc1O,group_B,U21_EPA_CPDat_Uv_Absorber,,,,,,
MOL_B_002972,CCOC(=O)c1cc(C(=O)Nc2ccc(OC)cc2)ccc1O,group_B,U21_EPA_CPDat_Uv_Absorber,,,,,,
MOL_B_002973,CCOC(=O)c1cc(C(=O)Nc2ccc(OCC)cc2)ccc1O,group_B,U21_EPA_CPDat_Uv_Absorber,,,,,,
MOL_B_002974,CCOC(=O)c1cc(C(=O)Nc2ccccc2)ccc1O,group_B,U21_EPA_CPDat_Uv_Absorber,,,,,,
MOL_B_002975,CCOC(=O)c1cc(C(=O)c2ccccc2O)c[nH]1,group_B,U21_EPA_CPDat_Uv_Absorber,,,,,,
MOL_B_002976,CCOC(=O)c1cc(C(=O)c2ccccc2O)ccc1O,group_B,U21_EPA_CPDat_Uv_Absorber,,,,,,
MOL_B_002977,CCOC(=O)c1cc(C(C)(C)C)c(O)c(C(C)(C)C)c1,group_B,U21_EPA_CPDat_Uv_Absorber,,,,,,
MOL_B_002978,CCOC(=O)c1cc(C(C)c2ccccc2)cc(C(C)c2ccccc2)c1O,group_B,U21_EPA_CPDat_Uv_Absorber,,,,,,
MOL_B_002979,CCOC(=O)c1cc(C)c(O)c(C)c1,group_B,U21_EPA_CPDat_Uv_Absorber,,,,,,
MOL_B_002980,CCOC(=O)c1cc(C)ccc1O,group_B,U21_EPA_CPDat_Uv_Absorber,,,,,,
MOL_B_002981,CCOC(=O)c1cc(C2CCCCC2)cc(C(=O)OCC)c1O,group_B,U21_EPA_CPDat_Uv_Absorber,,,,,,
MOL_B_002982,CCOC(=O)c1cc(F)ccc1O,group_B,U21_EPA_CPDat_Uv_Absorber,,,,,,
MOL_B_002983,CCOC(=O)c1cc(I)ccc1O,group_B,U21_EPA_CPDat_Uv_Absorber,,,,,,
MOL_B_002984,CCOC(=O)c1cc(NC(=O)Cc2cccs2)ccc1O,group_B,U21_EPA_CPDat_Uv_Absorber,,,,,,
MOL_B_002985,CCOC(=O)c1cc(NC(=O)Cc2ccsc2)ccc1O,group_B,U21_EPA_CPDat_Uv_Absorber,,,,,,
MOL_B_002986,CCOC(=O)c1cc(NC(=O)c2cccs2)ccc1O,group_B,U21_EPA_CPDat_Uv_Absorber,,,,,,
MOL_B_002987,CCOC(=O)c1cc(NC(=O)c2ccsc2)ccc1O,group_B,U21_EPA_CPDat_Uv_Absorber,,,,,,
MOL_B_002988,CCOC(=O)c1cc(O)c(C(=O)OCC)cc1O,group_B,U21_EPA_CPDat_Uv_Absorber,,,,,,
MOL_B_002989,CCOC(=O)c1cc(O)c(O)c(OC(=O)c2cc(O)c(O)c(O)c2)c1,group_B,U21_EPA_CPDat_Uv_Absorber,,,,,,
MOL_B_002990,CCOC(=O)c1cc(O)c2ccccc2c1,group_B,U21_EPA_CPDat_Uv_Absorber,,,,,,
MOL_B_002991,CCOC(=O)c1cc(O)c2ccccc2c1O,group_B,U21_EPA_CPDat_Uv_Absorber,,,,,,
MOL_B_002992,CCOC(=O)c1cc(O)c2ccsc2c1,group_B,U21_EPA_CPDat_Uv_Absorber,,,,,,
MOL_B_002993,CCOC(=O)c1cc(O)c2sccc2c1,group_B,U21_EPA_CPDat_Uv_Absorber,,,,,,
MOL_B_002994,CCOC(=O)c1cc(O)cc(Br)c1,group_B,U21_EPA_CPDat_Uv_Absorber,,,,,,
MOL_B_002995,CCOC(=O)c1cc(O)cc(C(=O)OCC)c1,group_B,U21_EPA_CPDat_Uv_Absorber,,,,,,
MOL_B_002996,CCOC(=O)c1cc(O)cc(OCc2ccccc2)c1,group_B,U21_EPA_CPDat_Uv_Absorber,,,,,,
MOL_B_002997,CCOC(=O)c1cc(O)ccc1Br,group_B,U21_EPA_CPDat_Uv_Absorber,,,,,,
MOL_B_002998,CCOC(=O)c1cc(O)ccc1Cl,group_B,U21_EPA_CPDat_Uv_Absorber,,,,,,
MOL_B_002999,CCOC(=O)c1cc(O)ccc1O,group_B,U21_EPA_CPDat_Uv_Absorber,,,,,,
MOL_B_003000,CCOC(=O)c1cc(OC)c(O)c(OC)c1,group_B,U21_EPA_CPDat_Uv_Absorber,,,,,,
MOL_B_003001,CCOC(=O)c1cc(OC)c(O)c([N+](=O)[O-])c1,group_B,U21_EPA_CPDat_Uv_Absorber,,,,,,
MOL_B_003002,CCOC(=O)c1cc(OC)ccc1O,group_B,U21_EPA_CPDat_Uv_Absorber,,,,,,
MOL_B_003003,CCOC(=O)c1cc(OCC)ccc1O,group_B,U21_EPA_CPDat_Uv_Absorber,,,,,,
MOL_B_003004,CCOC(=O)c1cc([N+](=O)[O-])cc([N+](=O)[O-])c1O,group_B,U21_EPA_CPDat_Uv_Absorber,,,,,,
MOL_B_003005,CCOC(=O)c1cc2c(c(C(=O)OCC)c1O)CCCC2,group_B,U21_EPA_CPDat_Uv_Absorber,,,,,,
MOL_B_003006,CCOC(=O)c1cc2cc(O)ccc2cc1O,group_B,U21_EPA_CPDat_Uv_Absorber,,,,,,
MOL_B_003007,CCOC(=O)c1cc2ccccc2c(O)c1C(=O)OCC,group_B,U21_EPA_CPDat_Uv_Absorber,,,,,,
MOL_B_003008,CCOC(=O)c1cc2ccccc2cc1O,group_B,U21_EPA_CPDat_Uv_Absorber,,,,,,
MOL_B_003009,CCOC(=O)c1ccc(-c2cc(O)cc(C#N)c2)cc1,group_B,U21_EPA_CPDat_Uv_Absorber,,,,,,
MOL_B_003010,CCOC(=O)c1ccc(-c2cc(O)cc(C(=O)O)c2)cc1,group_B,U21_EPA_CPDat_Uv_Absorber,,,,,,
MOL_B_003011,CCOC(=O)c1ccc(-c2cc(O)cc(OC)c2)cc1,group_B,U21_EPA_CPDat_Uv_Absorber,,,,,,
MOL_B_003012,CCOC(=O)c1ccc(-c2ccc(C#N)c(O)c2)cc1,group_B,U21_EPA_CPDat_Uv_Absorber,,,,,,
MOL_B_003013,CCOC(=O)c1ccc(-c2ccc(C(=O)O)c(O)c2)cc1,group_B,U21_EPA_CPDat_Uv_Absorber,,,,,,
MOL_B_003014,CCOC(=O)c1ccc(-c2ccc(C(=O)O)cc2O)cc1,group_B,U21_EPA_CPDat_Uv_Absorber,,,,,,
MOL_B_003015,CCOC(=O)c1ccc(-c2ccc(O)c(C#N)c2)cc1,group_B,U21_EPA_CPDat_Uv_Absorber,,,,,,
MOL_B_003016,CCOC(=O)c1ccc(-c2ccc(O)c(OC)c2)cc1,group_B,U21_EPA_CPDat_Uv_Absorber,,,,,,
MOL_B_003017,CCOC(=O)c1ccc(-c2ccc(O)c([N+](=O)[O-])c2)cc1,group_B,U21_EPA_CPDat_Uv_Absorber,,,,,,
MOL_B_003018,CCOC(=O)c1ccc(-c2ccc(O)cc2)cc1,group_B,U21_EPA_CPDat_Uv_Absorber,,,,,,
MOL_B_003019,CCOC(=O)c1ccc(-c2ccc(O)cc2)cc1F,group_B,U21_EPA_CPDat_Uv_Absorber,,,,,,
MOL_B_003020,CCOC(=O)c1ccc(-c2ccc(OC)c(O)c2)cc1,group_B,U21_EPA_CPDat_Uv_Absorber,,,,,,
MOL_B_003021,CCOC(=O)c1ccc(-c2cccc(O)c2)cc1,group_B,U21_EPA_CPDat_Uv_Absorber,,,,,,
MOL_B_003022,CCOC(=O)c1ccc(-c2cccc(O)c2)cc1F,group_B,U21_EPA_CPDat_Uv_Absorber,,,,,,
MOL_B_003023,CCOC(=O)c1ccc(-c2ccccc2O)cc1,group_B,U21_EPA_CPDat_Uv_Absorber,,,,,,
MOL_B_003024,CCOC(=O)c1ccc(-c2ccccc2O)cc1F,group_B,U21_EPA_CPDat_Uv_Absorber,,,,,,
MOL_B_003025,CCOC(=O)c1ccc(Br)c(O)c1,group_B,U21_EPA_CPDat_Uv_Absorber,,,,,,
MOL_B_003026,CCOC(=O)c1ccc(C(=O)OCC)c(O)c1,group_B,U21_EPA_CPDat_Uv_Absorber,,,,,,
MOL_B_003027,CCOC(=O)c1ccc(C(=O)c2ccc(OC)cc2)cc1,group_B,U21_EPA_CPDat_Uv_Absorber,,,,,,
MOL_B_003028,CCOC(=O)c1ccc(C(=O)c2ccccc2)cc1,group_B,U21_EPA_CPDat_Uv_Absorber,,,,,,
MOL_B_003029,CCOC(=O)c1ccc(C(=O)c2ccccc2OC)cc1,group_B,U21_EPA_CPDat_Uv_Absorber,,,,,,
MOL_B_003030,CCOC(=O)c1ccc(C)cc1O,group_B,U21_EPA_CPDat_Uv_Absorber,,,,,,
MOL_B_003031,CCOC(=O)c1ccc(F)c(O)c1,group_B,U21_EPA_CPDat_Uv_Absorber,,,,,,
MOL_B_003032,CCOC(=O)c1ccc(F)cc1O,group_B,U21_EPA_CPDat_Uv_Absorber,,,,,,
MOL_B_003033,CCOC(=O)c1ccc(I)c(O)c1,group_B,U21_EPA_CPDat_Uv_Absorber,,,,,,
MOL_B_003034,CCOC(=O)c1ccc(NC(=O)C2CCCNC2)cc1,group_B,U21_EPA_CPDat_Uv_Absorber,,,,,,
MOL_B_003035,CCOC(=O)c1ccc(NC(=O)C2CCNCC2)cc1,group_B,U21_EPA_CPDat_Uv_Absorber,,,,,,
MOL_B_003036,CCOC(=O)c1ccc(NC(=O)c2cc(OC)ccc2O)cc1,group_B,U21_EPA_CPDat_Uv_Absorber,,,,,,
MOL_B_003037,CCOC(=O)c1ccc(O)c(Br)c1,group_B,U21_EPA_CPDat_Uv_Absorber,,,,,,
MOL_B_003038,CCOC(=O)c1ccc(O)c(C#N)c1,group_B,U21_EPA_CPDat_Uv_Absorber,,,,,,
MOL_B_003039,CCOC(=O)c1ccc(O)c(C(=O)OCC)c1,group_B,U21_EPA_CPDat_Uv_Absorber,,,,,,
MOL_B_003040,CCOC(=O)c1ccc(O)c(C(C)=O)c1,group_B,U21_EPA_CPDat_Uv_Absorber,,,,,,
MOL_B_003041,CCOC(=O)c1ccc(O)c(Cl)c1,group_B,U21_EPA_CPDat_Uv_Absorber,,,,,,
MOL_B_003042,CCOC(=O)c1ccc(O)c(I)c1,group_B,U21_EPA_CPDat_Uv_Absorber,,,,,,
MOL_B_003043,CCOC(=O)c1ccc(O)c(O)c1,group_B,U21_EPA_CPDat_Uv_Absorber,,,,,,
MOL_B_003044,CCOC(=O)c1ccc(O)c(OC)c1,group_B,U21_EPA_CPDat_Uv_Absorber,,,,,,
MOL_B_003045,CCOC(=O)c1ccc(O)c([N+](=O)[O-])c1,group_B,U21_EPA_CPDat_Uv_Absorber,,,,,,
MOL_B_003046,CCOC(=O)c1ccc(O)c2c(C(=O)OCC)cccc12,group_B,U21_EPA_CPDat_Uv_Absorber,,,,,,
MOL_B_003047,CCOC(=O)c1ccc(O)cc1,group_B,U12_SkinPiX;U21_EPA_CPDat_Uv_Absorber,,,,-5.413,,
MOL_B_003048,CCOC(=O)c1ccc(O)cc1C,group_B,U21_EPA_CPDat_Uv_Absorber,,,,,,
MOL_B_003049,CCOC(=O)c1ccc(O)cc1O,group_B,U21_EPA_CPDat_Uv_Absorber,,,,,,
MOL_B_003050,CCOC(=O)c1ccc(O)cc1[N+](=O)[O-],group_B,U21_EPA_CPDat_Uv_Absorber,,,,,,
MOL_B_003051,CCOC(=O)c1ccc(OC)c(O)c1,group_B,U21_EPA_CPDat_Uv_Absorber,,,,,,
MOL_B_003052,CCOC(=O)c1ccc(OC)cc1,group_B,U07_ICE_Sensitization;U09_HPPT,,,,,0.0,
MOL_B_003053,CCOC(=O)c1ccc(OCC2CCN(C)CC2)c(OC)c1,group_B,U21_EPA_CPDat_Uv_Absorber,,,,,,
MOL_B_003054,CCOC(=O)c1ccc([N+](=O)[O-])c(O)c1,group_B,U21_EPA_CPDat_Uv_Absorber,,,,,,
MOL_B_003055,CCOC(=O)c1ccc([N+](=O)[O-])cc1C=CN1CCCCC1,group_B,U21_EPA_CPDat_Uv_Absorber,,,,,,
MOL_B_003056,CCOC(=O)c1ccc2cc(O)ccc2c1,group_B,U21_EPA_CPDat_Uv_Absorber,,,,,,
MOL_B_003057,CCOC(=O)c1ccc2ccccc2c1O,group_B,U21_EPA_CPDat_Uv_Absorber,,,,,,
MOL_B_003058,CCOC(=O)c1cccc(-c2ccccc2C(=O)c2ccccc2)c1,group_B,U21_EPA_CPDat_Uv_Absorber,,,,,,
MOL_B_003059,CCOC(=O)c1cccc(C(=O)OCC)c1O,group_B,U21_EPA_CPDat_Uv_Absorber,,,,,,
MOL_B_003060,CCOC(=O)c1cccc(C(=O)c2ccc(OC)cc2)c1,group_B,U21_EPA_CPDat_Uv_Absorber,,,,,,
MOL_B_003061,CCOC(=O)c1cccc(C(=O)c2cccc(OC)c2)c1,group_B,U21_EPA_CPDat_Uv_Absorber,,,,,,
MOL_B_003062,CCOC(=O)c1cccc(C(=O)c2ccccc2OC)c1,group_B,U21_EPA_CPDat_Uv_Absorber,,,,,,
MOL_B_003063,CCOC(=O)c1cccc(Cl)c1O,group_B,U21_EPA_CPDat_Uv_Absorber,,,,,,
MOL_B_003064,CCOC(=O)c1cccc(NC(=O)c2ccccc2)c1O,group_B,U21_EPA_CPDat_Uv_Absorber,,,,,,
MOL_B_003065,CCOC(=O)c1cccc(O)c1C,group_B,U21_EPA_CPDat_Uv_Absorber,,,,,,
MOL_B_003066,CCOC(=O)c1cccc(O)c1C(=O)C(C)(C)C,group_B,U21_EPA_CPDat_Uv_Absorber,,,,,,
MOL_B_003067,CCOC(=O)c1cccc(O)c1F,group_B,U21_EPA_CPDat_Uv_Absorber,,,,,,
MOL_B_003068,CCOC(=O)c1cccc(O)c1O,group_B,U21_EPA_CPDat_Uv_Absorber,,,,,,
MOL_B_003069,CCOC(=O)c1cccc2cc(O)ccc12,group_B,U21_EPA_CPDat_Uv_Absorber,,,,,,
MOL_B_003070,CCOC(=O)c1ccccc1,group_B,Flynn_PottsGuy_Benchmark;U07_ICE_Sensitization;U09_HPPT,,,,-3.8,0.0,
MOL_B_003071,CCOC(=O)c1ccccc1C(=O)c1ccc(O)cc1,group_B,U21_EPA_CPDat_Uv_Absorber,,,,,,
MOL_B_003072,CCOC(=O)c1ccccc1C(=O)c1ccc(OC)cc1,group_B,U21_EPA_CPDat_Uv_Absorber,,,,,,
MOL_B_003073,CCOC(=O)c1ccccc1C(=O)c1cccc(OC)c1,group_B,U21_EPA_CPDat_Uv_Absorber,,,,,,
MOL_B_003074,CCOC(=O)c1ccccc1C(=O)c1ccccc1OC,group_B,U21_EPA_CPDat_Uv_Absorber,,,,,,
MOL_B_003075,CCOC(=O)c1ccccc1C(c1ccc(O)cc1)c1ccc(O)cc1,group_B,U21_EPA_CPDat_Uv_Absorber,,,,,,
MOL_B_003076,CCOC(=O)c1ccccc1N,group_B,U07_ICE_Sensitization;U09_HPPT,,,,,0.0,
MOL_B_003077,CCOC(=O)c1ccccc1NC(=O)c1cc(C(C)C)cc(C(C)C)c1O,group_B,U21_EPA_CPDat_Uv_Absorber,,,,,,
MOL_B_003078,CCOC(=O)c1ccccc1NC(=O)c1ccccc1O,group_B,U21_EPA_CPDat_Uv_Absorber,,,,,,
MOL_B_003079,CCOC(=O)c1ccccc1O,group_B,U07_ICE_Sensitization;U09_HPPT;U21_EPA_CPDat_Uv_Absorber,,,,,0.0,
MOL_B_003080,CCOC(=O)c1coc(C2CCNCC2)n1,group_B,U21_EPA_CPDat_Uv_Absorber,,,,,,
MOL_B_003081,CCOC(C)OCC,group_B,U07_ICE_Sensitization;U09_HPPT,,,,,0.0,
MOL_B_003082,CCOC(C)OCCc1ccccc1,group_B,U07_ICE_Sensitization;U09_HPPT,,,,,0.0,
MOL_B_003083,CCOC(C=C(C)CCC=C(C)C)OCC,group_B,U07_ICE_Sensitization;U09_HPPT,,,,,0.0,
MOL_B_003084,CCOC(CCCNC1CCCN(C(=O)OC(C)(C)C)C1)OCC,group_B,U21_EPA_CPDat_Uv_Absorber,,,,,,
MOL_B_003085,CCOC(CNC1CCCN(C(=O)OC(C)(C)C)C1)OCC,group_B,U21_EPA_CPDat_Uv_Absorber,,,,,,
MOL_B_003086,CCOC(OCC)(c1ccccc1)c1cc(C(C)(C)C)c(O)c(C(C)(C)C)c1,group_B,U21_EPA_CPDat_Uv_Absorber,,,,,,
MOL_B_003087,CCOC(OCC)C(C)Cc1ccc(C(C)C)cc1,group_B,U07_ICE_Sensitization;U09_HPPT,,,,,0.0,
MOL_B_003088,CCOC(OCC)OCC,group_B,U07_ICE_Sensitization;U09_HPPT,,,,,0.0,
MOL_B_003089,CCOC1CC(C)CC(C)(C)C1,group_B,U07_ICE_Sensitization;U09_HPPT,,,,,0.0,
MOL_B_003090,CCOC=C1N=C(c2ccccc2)OC1=O,group_B,U07_ICE_Sensitization,,,,,1.0,
MOL_B_003091,CCOC=O,group_B,U07_ICE_Sensitization;U09_HPPT,,,,,0.0,
MOL_B_003092,CCOCC1(N(C(=O)CC)c2ccccc2)CCNCC1,group_B,U21_EPA_CPDat_Uv_Absorber,,,,,,
MOL_B_003093,CCOCC=C(C)CCC=C(C)C,group_B,U07_ICE_Sensitization;U09_HPPT,,,,,0.0,
MOL_B_003094,CCOCCC(C)CCC=C(C)C,group_B,U07_ICE_Sensitization;U09_HPPT,,,,,0.0,
MOL_B_003095,CCOCCCCOC(=O)c1ccccc1O,group_B,U21_EPA_CPDat_Uv_Absorber,,,,,,
MOL_B_003096,CCOCCCC[C@H]1CCC[C@@H](C)N1,group_B,U21_EPA_CPDat_Uv_Absorber,,,,,,
MOL_B_003097,CCOCCCC[C@H]1CCC[C@H](C)N1,group_B,U21_EPA_CPDat_Uv_Absorber,,,,,,
MOL_B_003098,CCOCCO,group_B,U07_ICE_Irritation,,,,,,0.0
MOL_B_003099,CCOCCOC(=O)C=Cc1ccc(OC)cc1,group_B,U21_EPA_CPDat_Uv_Absorber,,,,,,
MOL_B_003100,CCOCCOCCO,group_B,U07_ICE_Sensitization;U09_HPPT,,,,,0.0,
MOL_B_003101,CCOCOC1CCCCCCCCCCC1,group_B,U07_ICE_Sensitization;U09_HPPT,,,,,0.0,
MOL_B_003102,CCOCOc1cc(O)c(C(=O)C=Cc2ccc(OCOCC)c(OCOCC)c2)c(OCOCC)c1,group_B,U21_EPA_CPDat_Uv_Absorber,,,,,,
MOL_B_003103,CCOCc1cc(C(C)(C)C)c(O)c(C(C)(C)C)c1,group_B,U21_EPA_CPDat_Uv_Absorber,,,,,,
MOL_B_003104,CCOCc1ccccc1OC,group_B,U07_ICE_Sensitization;U09_HPPT,,,,,0.0,
MOL_B_003105,CCOP(=O)(OCC)c1ccc(C(=O)c2ccccc2)cc1,group_B,U21_EPA_CPDat_Uv_Absorber,,,,,,
MOL_B_003106,CCO[Si](CCCOc1ccc(C(=O)c2ccc(O)cc2O)cc1)(OCC)OCC,group_B,U21_EPA_CPDat_Uv_Absorber,,,,,,
MOL_B_003107,CCOc1c(C(C)(C)C)ccc(C(C)(C)C)c1O,group_B,U21_EPA_CPDat_Uv_Absorber,,,,,,
MOL_B_003108,CCOc1c(OCC)c(=O)c1=O,group_B,U07_ICE_Sensitization,,,,,0.0,
MOL_B_003109,CCOc1cc(-c2cc(OCC)c(C(C)(C)C)cc2O)c(O)cc1C(C)(C)C,group_B,U21_EPA_CPDat_Uv_Absorber,,,,,,
MOL_B_003110,CCOc1cc(-c2cc(OCC)cc(C(C)(C)C)c2O)c(O)c(C(C)(C)C)c1,group_B,U21_EPA_CPDat_Uv_Absorber,,,,,,
MOL_B_003111,CCOc1cc(C(C)(C)C)c(O)c(C(C)(C)C)c1,group_B,U21_EPA_CPDat_Uv_Absorber,,,,,,
MOL_B_003112,CCOc1cc(C(C)(C)C)c(O)cc1C(C)(C)C,group_B,U21_EPA_CPDat_Uv_Absorber,,,,,,
MOL_B_003113,CCOc1cc(C=CC(=O)O)ccc1O,group_B,U21_EPA_CPDat_Uv_Absorber,,,,,,
MOL_B_003114,CCOc1cc(C=O)ccc1O,group_B,U07_ICE_Sensitization;U09_HPPT,,,,,0.0,
MOL_B_003115,CCOc1cc(C=O)ccc1OC(C)=O,group_B,U07_ICE_Sensitization;U09_HPPT,,,,,0.0,
MOL_B_003116,CCOc1cc(CN2CCC(Cc3ccccc3)CC2)ccc1O,group_B,U21_EPA_CPDat_Uv_Absorber,,,,,,
MOL_B_003117,CCOc1cc(O)c(C(=O)C=Cc2ccccc2)cc1OC,group_B,U21_EPA_CPDat_Uv_Absorber,,,,,,
MOL_B_003118,CCOc1cc(O)cc(C(=O)OC)c1,group_B,U21_EPA_CPDat_Uv_Absorber,,,,,,
MOL_B_003119,CCOc1cc(O)cc(C(=O)OC)c1C(=O)OC,group_B,U21_EPA_CPDat_Uv_Absorber,,,,,,
MOL_B_003120,CCOc1cc(OCC)c(C(=O)c2ccccc2)cc1OCC,group_B,U21_EPA_CPDat_Uv_Absorber,,,,,,
MOL_B_003121,CCOc1cc([N+](=O)[O-])c(OCC)cc1C(=O)c1ccccc1,group_B,U21_EPA_CPDat_Uv_Absorber,,,,,,
MOL_B_003122,CCOc1ccc(C(=O)OC2CCN(C)CC2)cc1,group_B,U21_EPA_CPDat_Uv_Absorber,,,,,,
MOL_B_003123,CCOc1ccc(C(=O)Oc2ccc(O)cc2)cc1,group_B,U21_EPA_CPDat_Uv_Absorber,,,,,,
MOL_B_003124,CCOc1ccc(C(=O)c2ccc(C=CC(=O)O)cc2)cc1,group_B,U21_EPA_CPDat_Uv_Absorber,,,,,,
MOL_B_003125,CCOc1ccc(C(=O)c2ccc(OCC)cc2O)c(O)c1,group_B,U21_EPA_CPDat_Uv_Absorber,,,,,,
MOL_B_003126,CCOc1ccc(C(=O)c2ccccc2)c(-c2ccsc2)c1,group_B,U21_EPA_CPDat_Uv_Absorber,,,,,,
MOL_B_003127,CCOc1ccc(C(=O)c2ccccc2)c(O)c1,group_B,U21_EPA_CPDat_Uv_Absorber,,,,,,
MOL_B_003128,CCOc1ccc(C(=O)c2ccccc2)c(OCC)c1,group_B,U21_EPA_CPDat_Uv_Absorber,,,,,,
MOL_B_003129,CCOc1ccc(C(=O)c2ccccc2)c(OCC)c1OCC,group_B,U21_EPA_CPDat_Uv_Absorber,,,,,,
MOL_B_003130,CCOc1ccc(C(=O)c2ccccc2)c(OS(=O)(=O)c2ccc(C)cc2)c1,group_B,U21_EPA_CPDat_Uv_Absorber,,,,,,
MOL_B_003131,CCOc1ccc(C(=O)c2ccccc2)c2c(O)cccc12,group_B,U21_EPA_CPDat_Uv_Absorber,,,,,,
MOL_B_003132,CCOc1ccc(C(C)=O)c(O)c1,group_B,U21_EPA_CPDat_Uv_Absorber,,,,,,
MOL_B_003133,CCOc1ccc(C=CC(=O)Oc2ccc([N+](=O)[O-])cc2)cc1,group_B,U21_EPA_CPDat_Uv_Absorber,,,,,,
MOL_B_003134,CCOc1ccc(C=CC(=O)c2ccc(O)cc2)cc1,group_B,U21_EPA_CPDat_Uv_Absorber,,,,,,
MOL_B_003135,CCOc1ccc(C=O)cc1,group_B,U07_ICE_Sensitization;U09_HPPT,,,,,0.0,
MOL_B_003136,CCOc1ccc(C=O)cc1OCC,group_B,U07_ICE_Sensitization;U09_HPPT,,,,,0.0,
MOL_B_003137,CCOc1ccc(NC(=S)Nc2ccc([N+](=O)[O-])cc2C(=O)c2ccccc2)cc1,group_B,U21_EPA_CPDat_Uv_Absorber,,,,,,
MOL_B_003138,CCOc1ccc(Nc2cccc(C(=O)c3ccccc3)c2)cc1,group_B,U21_EPA_CPDat_Uv_Absorber,,,,,,
MOL_B_003139,CCOc1ccc(O)c(C(C)(C)C)c1,group_B,U21_EPA_CPDat_Uv_Absorber,,,,,,
MOL_B_003140,CCOc1ccc(O)c(C(C)=O)c1,group_B,U21_EPA_CPDat_Uv_Absorber,,,,,,
MOL_B_003141,CCOc1ccc(O)cc1C(C)(C)C,group_B,U21_EPA_CPDat_Uv_Absorber,,,,,,
MOL_B_003142,CCOc1ccc(OC(=O)C=Cc2ccccc2)cc1,group_B,U21_EPA_CPDat_Uv_Absorber,,,,,,
MOL_B_003143,CCOc1ccc(OC(=O)c2ccccc2O)cc1,group_B,U21_EPA_CPDat_Uv_Absorber,,,,,,
MOL_B_003144,CCOc1ccc2c(C)cc(=O)oc2c1,group_B,U07_ICE_Sensitization;U09_HPPT,,,,,1.0,
MOL_B_003145,CCOc1ccc2ccc(=O)oc2c1,group_B,U12_SkinPiX,,,,-4.27,,
MOL_B_003146,CCOc1ccc2ccccc2c1,group_B,U07_ICE_Sensitization;U09_HPPT,,,,,0.0,
MOL_B_003147,CCOc1cccc(C(=O)c2ccccc2)c1,group_B,U21_EPA_CPDat_Uv_Absorber,,,,,,
MOL_B_003148,CCOc1ccccc1C(=O)NCN1CCCCC1,group_B,U21_EPA_CPDat_Uv_Absorber,,,,,,
MOL_B_003149,CCOc1ccccc1C=CC(=O)OC,group_B,U21_EPA_CPDat_Uv_Absorber,,,,,,
MOL_B_003150,CCOc1ccccc1C=CC(=O)c1ccc(O)cc1O,group_B,U21_EPA_CPDat_Uv_Absorber,,,,,,
MOL_B_003151,CCOc1nc2ccccc2nc1C(=O)c1ccccc1O,group_B,U21_EPA_CPDat_Uv_Absorber,,,,,,
MOL_B_003152,CCS(=O)c1ccc(C(=O)c2ccccc2)cc1[N+](=O)[O-],group_B,U21_EPA_CPDat_Uv_Absorber,,,,,,
MOL_B_003153,CCSCC(=O)OCCOc1ccc(C(=O)c2ccccc2)c(O)c1,group_B,U21_EPA_CPDat_Uv_Absorber,,,,,,
MOL_B_003154,CCSCSc1cc(C(C)(C)C)ccc1O,group_B,U21_EPA_CPDat_Uv_Absorber,,,,,,
MOL_B_003155,CCSc1cc(C(C)(C)C)ccc1O,group_B,U21_EPA_CPDat_Uv_Absorber,,,,,,
MOL_B_003156,CCSc1nc(-c2cc(C(C)(C)C)c(O)c(C(C)(C)C)c2)cs1,group_B,U21_EPA_CPDat_Uv_Absorber,,,,,,
MOL_B_003157,CC[C@H](C)COC(=O)/C=C/c1ccc(/N=C/c2ccc(OC)cc2)cc1,group_B,U21_EPA_CPDat_Uv_Absorber,,,,,,
MOL_B_003158,CC[C@H](C)COC(=O)c1ccc(O)cc1,group_B,U21_EPA_CPDat_Uv_Absorber,,,,,,
MOL_B_003159,CC[C@H](C)[C@H](NC(=O)[C@H](C)NC(=O)[C@H](C)NC(=O)[C@H](Cc1ccccc1)NC(=O)[C@@H](N)CC(N)=O)C(=O)N[C@@H](CC(C)C)C(=O)O,group_B,U07_ICE_Sensitization,,,,,0.0,
MOL_B_003160,CC[C@H](c1ccccc1)[C@@H](C(=O)c1ccc(O)cc1)c1ccccc1,group_B,U21_EPA_CPDat_Uv_Absorber,,,,,,
MOL_B_003161,CC[C@H]1CC[C@@]2(CCC(=O)O2)CC1,group_B,U07_ICE_Sensitization,,,,,0.0,
MOL_B_003162,CC[C@H]1OC(=O)[C@H](C)[C@@H](O[C@H]2C[C@@](C)(OC)[C@@H](O)[C@H](C)O2)[C@H](C)[C@@H](O[C@@H]2O[C@H](C)C[C@H](N(C)C)[C@H]2O)[C@](C)(O)C[C@@H](C)C(=O)[C@H](C)[C@@H](O)[C@]1(C)O,group_B,U07_ICE_Sensitization,,,,,0.0,
MOL_B_003163,CCc1[nH]cnc1-c1cc(C(C)(C)C)c(O)c(C(C)(C)C)c1,group_B,U21_EPA_CPDat_Uv_Absorber,,,,,,
MOL_B_003164,CCc1c(C)cc(O)c(C(=O)OC)c1C,group_B,U21_EPA_CPDat_Uv_Absorber,,,,,,
MOL_B_003165,CCc1c(C2CCNCC2)o[nH]c1=O,group_B,U21_EPA_CPDat_Uv_Absorber,,,,,,
MOL_B_003166,CCc1cc(C(=O)CCN2CCCCC2)ccc1O,group_B,U21_EPA_CPDat_Uv_Absorber,,,,,,
MOL_B_003167,CCc1cc(C(=O)c2ccccc2C(=O)O)ccc1O,group_B,U21_EPA_CPDat_Uv_Absorber,,,,,,
MOL_B_003168,CCc1cc(C(CC)c2cc(CC)cc(C(C)(C)C)c2O)c(O)c(C(C)(C)C)c1,group_B,U21_EPA_CPDat_Uv_Absorber,,,,,,
MOL_B_003169,CCc1cc(C(c2cc(CC)cc(C(C)(C)C)c2O)C2CCCCC2)c(O)c(C(C)(C)C)c1,group_B,U21_EPA_CPDat_Uv_Absorber,,,,,,
MOL_B_003170,CCc1cc(Cc2cc(CC)cc(C(C)(C)C)c2O)c(O)c(C(C)(C)C)c1,group_B,U21_EPA_CPDat_Uv_Absorber,,,,,,
MOL_B_003171,CCc1cc(O)c(C(=O)c2ccc(Cl)cc2)cc1CC,group_B,U21_EPA_CPDat_Uv_Absorber,,,,,,
MOL_B_003172,CCc1cc(O)c(C(C)(C)C)cc1Cc1cc(C(C)(C)C)c(O)cc1CC,group_B,U21_EPA_CPDat_Uv_Absorber,,,,,,
MOL_B_003173,CCc1cc(O)ccc1C(=O)c1ccc(Cl)cc1,group_B,U21_EPA_CPDat_Uv_Absorber,,,,,,
MOL_B_003174,CCc1cc2c(cc1C(C)=O)C(C)(C)CCC2(C)C,group_B,U07_ICE_Sensitization;U09_HPPT,,,,,0.0,
MOL_B_003175,CCc1cc2c(cc1C=O)C(C)(C)CCC2(C)C,group_B,U07_ICE_Sensitization;U09_HPPT,,,,,0.0,
MOL_B_003176,CCc1ccc(C(=O)c2ccc(Cl)cc2)c(O)c1,group_B,U21_EPA_CPDat_Uv_Absorber,,,,,,
MOL_B_003177,CCc1ccc(C(=O)c2ccc(F)cc2)c(O)c1,group_B,U21_EPA_CPDat_Uv_Absorber,,,,,,
MOL_B_003178,CCc1ccc(C(=O)c2cccc(F)c2)c(O)c1,group_B,U21_EPA_CPDat_Uv_Absorber,,,,,,
MOL_B_003179,CCc1ccc(CC(C)(C)C=O)cc1,group_B,U07_ICE_Sensitization;U09_HPPT,,,,,0.0,
MOL_B_003180,CCc1ccc(O)c(C(=O)c2ccc(C(F)(F)F)cc2)c1,group_B,U21_EPA_CPDat_Uv_Absorber,,,,,,
MOL_B_003181,CCc1ccc(O)c(C(=O)c2ccc(C)cc2)c1,group_B,U21_EPA_CPDat_Uv_Absorber,,,,,,
MOL_B_003182,CCc1ccc(O)c(C(=O)c2ccc(Cl)cc2)c1,group_B,U21_EPA_CPDat_Uv_Absorber,,,,,,
MOL_B_003183,CCc1ccc(O)c(C(=O)c2ccc(Cl)cc2Cl)c1,group_B,U21_EPA_CPDat_Uv_Absorber,,,,,,
MOL_B_003184,CCc1ccc(O)c(C(=O)c2cccc(C(=O)O)c2)c1,group_B,U21_EPA_CPDat_Uv_Absorber,,,,,,
MOL_B_003185,CCc1ccc(O)c(C(=O)c2cccc(Cl)c2)c1,group_B,U21_EPA_CPDat_Uv_Absorber,,,,,,
MOL_B_003186,CCc1ccc(O)c(C(=O)c2ccccc2C(=O)O)c1,group_B,U21_EPA_CPDat_Uv_Absorber,,,,,,
MOL_B_003187,CCc1ccc(O)c(C(=O)c2ccccc2C(=O)OC)c1,group_B,U21_EPA_CPDat_Uv_Absorber,,,,,,
MOL_B_003188,CCc1ccc(O)c(C(=O)c2cnn(-c3ccccc3)c2)c1,group_B,U21_EPA_CPDat_Uv_Absorber,,,,,,
MOL_B_003189,CCc1cccc(C(=O)c2ccc(Cl)cc2)c1O,group_B,U21_EPA_CPDat_Uv_Absorber,,,,,,
MOL_B_003190,CCc1cccc(C(=O)c2ccc(Cl)cc2Cl)c1O,group_B,U21_EPA_CPDat_Uv_Absorber,,,,,,
MOL_B_003191,CCc1cccc(C(=O)c2ccccc2)c1O,group_B,U21_EPA_CPDat_Uv_Absorber,,,,,,
MOL_B_003192,CCc1noc(C(C)c2cccc(C(=O)c3ccccc3)c2)n1,group_B,U21_EPA_CPDat_Uv_Absorber,,,,,,
MOL_B_003193,CCc1occc(=O)c1O,group_B,U07_ICE_Sensitization,,,,,0.0,
MOL_B_003194,CCc1sc(SC)nc1-c1cc(C(C)(C)C)c(O)c(C(C)(C)C)c1,group_B,U21_EPA_CPDat_Uv_Absorber,,,,,,
MOL_B_003195,CCc1sc2ccccc2c1C(=O)c1ccc(O)cc1,group_B,U21_EPA_CPDat_Uv_Absorber,,,,,,
MOL_B_003196,CCn1cc(C(=O)c2cc(Br)ccc2O)cn1,group_B,U21_EPA_CPDat_Uv_Absorber,,,,,,
MOL_B_003197,CCn1cc(C(=O)c2cc(C)ccc2O)cn1,group_B,U21_EPA_CPDat_Uv_Absorber,,,,,,
MOL_B_003198,CCn1cc(C(=O)c2cc(Cl)ccc2O)cn1,group_B,U21_EPA_CPDat_Uv_Absorber,,,,,,
MOL_B_003199,CCn1cc(C(=O)c2cc(F)ccc2O)cn1,group_B,U21_EPA_CPDat_Uv_Absorber,,,,,,
MOL_B_003200,CCn1cc(C(=O)c2ccccc2O)cn1,group_B,U21_EPA_CPDat_Uv_Absorber,,,,,,
MOL_B_003201,CN(C(=O)OC(C)(C)C)C1CCCNC1,group_B,U21_EPA_CPDat_Uv_Absorber,,,,,,
MOL_B_003202,CN(C(=O)OC(C)(C)C)C1CCNCC1,group_B,U21_EPA_CPDat_Uv_Absorber,,,,,,
MOL_B_003203,CN(C(=O)OC(C)(C)C)[C@@H]1CCCNC1,group_B,U21_EPA_CPDat_Uv_Absorber,,,,,,
MOL_B_003204,CN(C(=O)OC(C)(C)C)[C@H]1CCCNC1,group_B,U21_EPA_CPDat_Uv_Absorber,,,,,,
MOL_B_003205,CN(C(=O)c1ccccc1)C1CCNCC1,group_B,U21_EPA_CPDat_Uv_Absorber,,,,,,
MOL_B_003206,CN(C)/C=N/c1ccc(Cl)cc1C(=O)c1ccccc1,group_B,U21_EPA_CPDat_Uv_Absorber,,,,,,
MOL_B_003207,CN(C)C(=O)C1CCNCC1,group_B,U21_EPA_CPDat_Uv_Absorber,,,,,,
MOL_B_003208,CN(C)C(=O)C=Cc1ccc(O)cc1,group_B,U21_EPA_CPDat_Uv_Absorber,,,,,,
MOL_B_003209,CN(C)C(=O)CC1CCNCC1,group_B,U21_EPA_CPDat_Uv_Absorber,,,,,,
MOL_B_003210,CN(C)C(=O)CCC1CCNCC1,group_B,U21_EPA_CPDat_Uv_Absorber,,,,,,
MOL_B_003211,CN(C)C(=O)COC(=O)c1ccc(O)cc1,group_B,U21_EPA_CPDat_Uv_Absorber,,,,,,
MOL_B_003212,CN(C)C(=O)COC(=O)c1ccccc1O,group_B,U21_EPA_CPDat_Uv_Absorber,,,,,,
MOL_B_003213,CN(C)C(=O)COC1CCNCC1,group_B,U21_EPA_CPDat_Uv_Absorber,,,,,,
MOL_B_003214,CN(C)C(=O)CS,group_B,U07_ICE_Sensitization;U09_HPPT,,,,,1.0,
MOL_B_003215,CN(C)C(=O)Cl,group_B,U07_ICE_Irritation,,,,,,1.0
MOL_B_003216,CN(C)C(=O)Nc1cccc(C(=O)c2ccccc2)c1,group_B,U21_EPA_CPDat_Uv_Absorber,,,,,,
MOL_B_003217,CN(C)C(=O)c1ccccc1OC1CCNCC1,group_B,U21_EPA_CPDat_Uv_Absorber,,,,,,
MOL_B_003218,CN(C)C(=S)SSC(=S)N(C)C,group_B,U07_ICE_Sensitization;U09_HPPT;U12_SkinPiX,,,,-5.406499999999999,1.0,
MOL_B_003219,CN(C)CCC(c1ccc(Cl)cc1)c1ccccn1,group_B,U09_HPPT,,,,,0.0,
MOL_B_003220,CN(C)CCCN,group_B,U07_ICE_Sensitization,,,,,1.0,
MOL_B_003221,CN(C)CCCNCCCN,group_B,U07_ICE_Irritation,,,,,,1.0
MOL_B_003222,CN(C)CCN(Cc1ccccc1)c1ccccn1,group_B,U07_ICE_Sensitization;U09_HPPT,,,,,0.0,
MOL_B_003223,CN(C)CCNC(=O)C1CCNCC1,group_B,U21_EPA_CPDat_Uv_Absorber,,,,,,
MOL_B_003224,CN(C)CCOC(=O)/C=C/c1ccccc1,group_B,U21_EPA_CPDat_Uv_Absorber,,,,,,
MOL_B_003225,CN(C)CCOC(=O)c1ccc(C(=O)c2ccccc2)cc1,group_B,U21_EPA_CPDat_Uv_Absorber,,,,,,
MOL_B_003226,CN(C)CCOC(c1ccccc1)c1ccccc1,group_B,U07_ICE_Sensitization;U09_HPPT,,,,,0.0,
MOL_B_003227,CN(C)Cc1cc(C(C)(C)C)c(O)c(C(C)(C)C)c1,group_B,U21_EPA_CPDat_Uv_Absorber,,,,,,
MOL_B_003228,CN(C)Cc1cc(C(C)(C)C)ccc1O,group_B,U21_EPA_CPDat_Uv_Absorber,,,,,,
MOL_B_003229,CN(C)Cc1cccc(C(C)(C)C)c1O,group_B,U21_EPA_CPDat_Uv_Absorber,,,,,,
MOL_B_003230,CN(C)Cc1ccccc1,group_B,U07_ICE_Irritation,,,,,,1.0
MOL_B_003231,CN(C)Oc1ccc(C(=O)c2ccccc2)cc1,group_B,U21_EPA_CPDat_Uv_Absorber,,,,,,
MOL_B_003232,CN(C)c1ccc(C(=O)c2ccc(O)cc2)c(C(=O)O)c1,group_B,U21_EPA_CPDat_Uv_Absorber,,,,,,
MOL_B_003233,CN(C)c1ccc(C(=O)c2ccc(O)cc2)cc1,group_B,U21_EPA_CPDat_Uv_Absorber,,,,,,
MOL_B_003234,CN(C)c1ccc(C(=O)c2ccc(O)cc2O)cc1,group_B,U21_EPA_CPDat_Uv_Absorber,,,,,,
MOL_B_003235,CN(C)c1ccc(C(=O)c2ccccc2C(=O)O)c(O)c1,group_B,U21_EPA_CPDat_Uv_Absorber,,,,,,
MOL_B_003236,CN(C)c1ccc(N=O)cc1,group_B,U07_ICE_Sensitization,,,,,1.0,
MOL_B_003237,CN(C)c1cccc(C(=O)c2ccccc2)c1N(C)C,group_B,U21_EPA_CPDat_Uv_Absorber,,,,,,
MOL_B_003238,CN(CC(=O)c1ccc(O)c(O)c1)Cc1ccccc1,group_B,U21_EPA_CPDat_Uv_Absorber,,,,,,
MOL_B_003239,CN(CC(=O)c1cccc(O)c1)Cc1ccccc1,group_B,U21_EPA_CPDat_Uv_Absorber,,,,,,
MOL_B_003240,CN(CC1CCCNC1)C(=O)OC(C)(C)C,group_B,U21_EPA_CPDat_Uv_Absorber,,,,,,
MOL_B_003241,CN(CC1CCNCC1)C(=O)OC(C)(C)C,group_B,U21_EPA_CPDat_Uv_Absorber,,,,,,
MOL_B_003242,CN(CC1CCNCC1)C(=O)c1ccccc1,group_B,U21_EPA_CPDat_Uv_Absorber,,,,,,
MOL_B_003243,CN(CCC1CCNCC1)C(=O)OC(C)(C)C,group_B,U21_EPA_CPDat_Uv_Absorber,,,,,,
MOL_B_003244,CN(CCCCCCCCCCC(=O)O)C1CC(C)(C)N([O])C(C)(C)C1,group_B,U21_EPA_CPDat_Uv_Absorber,,,,,,
MOL_B_003245,CN(Cc1cc(C(C)(C)C)c(O)c(C(C)(C)C)c1)Cc1cc(C(C)(C)C)c(O)c(C(C)(C)C)c1,group_B,U21_EPA_CPDat_Uv_Absorber,,,,,,
MOL_B_003246,CN(Cc1ccccc1)c1ccc(C(=O)c2ccc(C(=O)O)cc2)c(O)c1,group_B,U21_EPA_CPDat_Uv_Absorber,,,,,,
MOL_B_003247,CN(Cc1ccccc1)c1ccc(C(=O)c2ccccc2C(=O)O)c(O)c1,group_B,U21_EPA_CPDat_Uv_Absorber,,,,,,
MOL_B_003248,CN(c1cc(C(C)(C)C)c(O)c(C(C)(C)C)c1)c1cc(C(C)(C)C)c(O)c(C(C)(C)C)c1,group_B,U21_EPA_CPDat_Uv_Absorber,,,,,,
MOL_B_003249,CN(c1ccccc1)c1ccc(C(=O)c2ccc(N(C)c3ccccc3)cc2)cc1,group_B,U21_EPA_CPDat_Uv_Absorber,,,,,,
MOL_B_003250,CN1C(=O)OC2(CCNCC2)c2ccccc21,group_B,U21_EPA_CPDat_Uv_Absorber,,,,,,
MOL_B_003251,CN1C(C)(C)CC(NC(=O)c2ccccc2)CC1(C)C,group_B,U21_EPA_CPDat_Uv_Absorber,,,,,,
MOL_B_003252,CN1C(C)(C)CC(NCCCCCCNC2CC(C)(C)N(C)C(C)(C)C2)CC1(C)C,group_B,U21_EPA_CPDat_Uv_Absorber,,,,,,
MOL_B_003253,CN1C(C)(C)CC(OC(=O)CC(=O)OC2CC(C)(C)N(C)C(C)(C)C2)CC1(C)C,group_B,U21_EPA_CPDat_Uv_Absorber,,,,,,
MOL_B_003254,CN1C(C)(C)CC(OC(=O)CC(C(=O)OC2CC(C)(C)N(C)C(C)(C)C2)C(CC(=O)OC2CC(C)(C)N(C)C(C)(C)C2)C(=O)OC2CC(C)(C)N(C)C(C)(C)C2)CC1(C)C,group_B,U21_EPA_CPDat_Uv_Absorber,,,,,,
MOL_B_003255,CN1C(C)(C)CC(OC(=O)CCC(=O)OC2CC(C)(C)N(C)C(C)(C)C2)CC1(C)C,group_B,U21_EPA_CPDat_Uv_Absorber,,,,,,
MOL_B_003256,CN1C(C)(C)CC(OC(=O)CCCCCCC(=O)OC2CC(C)(C)N(C)C(C)(C)C2)CC1(C)C,group_B,U21_EPA_CPDat_Uv_Absorber,,,,,,
MOL_B_003257,CN1C(C)(C)CC(OC(=O)CCCCCCCCC(=O)O)CC1(C)C,group_B,U21_EPA_CPDat_Uv_Absorber,,,,,,
MOL_B_003258,CN1C(C)(C)CC(OC(=O)CCCCCCCCC(=O)OC2CC(C)(C)N(C)C(C)(C)C2)CC1(C)C,group_B,U21_EPA_CPDat_Uv_Absorber,,,,,,
MOL_B_003259,CN1CCC(CNC(=O)CCCCCCCCC(=O)NCC2(c3ccccc3)CCN(C)CC2)(c2ccccc2)CC1,group_B,U21_EPA_CPDat_Uv_Absorber,,,,,,
MOL_B_003260,CN1CCC(CNC(=O)c2ccc(C(=O)NCC3CCN(C)CC3)cc2)CC1,group_B,U21_EPA_CPDat_Uv_Absorber,,,,,,
MOL_B_003261,CN1CCC(NC(=O)c2ccccc2)CC1,group_B,U21_EPA_CPDat_Uv_Absorber,,,,,,
MOL_B_003262,CN1CCC2=C(C1)C(c1ccccc1)c1ccccc12,group_B,U07_ICE_Sensitization;U09_HPPT,,,,,1.0,
MOL_B_003263,CN1CCCC(C(=O)N(C)CCCCCCN(C)C(=O)C2CCCN(C)C2)C1,group_B,U21_EPA_CPDat_Uv_Absorber,,,,,,
MOL_B_003264,CN1CCCC(NC=O)C1,group_B,U21_EPA_CPDat_Uv_Absorber,,,,,,
MOL_B_003265,CN1CCCC1=O,group_B,Flynn_PottsGuy_Benchmark,,,,-5.65,,
MOL_B_003266,CN1CCCC2(CCCNC2)C1=O,group_B,U21_EPA_CPDat_Uv_Absorber,,,,,,
MOL_B_003267,CN1CCCC2(CCNCC2)C1=O,group_B,U21_EPA_CPDat_Uv_Absorber,,,,,,
MOL_B_003268,CN1CCC[C@H]1c1cccnc1,group_B,U12_SkinPiX,,,,-6.826333333333333,,
MOL_B_003269,CN1CCN(C2CCNCC2)C1=O,group_B,U21_EPA_CPDat_Uv_Absorber,,,,,,
MOL_B_003270,CN1CCNC(c2ccccc2)C1,group_B,U07_ICE_Irritation,,,,,,1.0
MOL_B_003271,CN1CC[C@]23c4c5ccc(O)c4O[C@H]2C(=O)CC[C@@]3(O)[C@H]1C5,group_B,U12_SkinPiX,,,,-7.733111659,,
MOL_B_003272,CN1CC[C@]23c4c5ccc(O)c4O[C@H]2C(=O)CC[C@H]3[C@H]1C5,group_B,U12_SkinPiX,,,,-8.004117488,,
MOL_B_003273,CN1CC[C@]23c4c5ccc(O)c4O[C@H]2[C@@H](O)CC[C@H]3[C@H]1C5,group_B,U12_SkinPiX,,,,-7.722811771,,
MOL_B_003274,CN1CN(C)C2(CCNCC2)C1=O,group_B,U21_EPA_CPDat_Uv_Absorber,,,,,,
MOL_B_003275,CN1CNC2(CCN(CCCC(=O)c3cccs3)CC2)C1=O,group_B,U21_EPA_CPDat_Uv_Absorber,,,,,,
MOL_B_003276,CN1OC2CCNCC2C1=O,group_B,U21_EPA_CPDat_Uv_Absorber,,,,,,
MOL_B_003277,CN=C(O)c1ccccc1C(=O)c1ccccc1,group_B,U21_EPA_CPDat_Uv_Absorber,,,,,,
MOL_B_003278,CNC(=O)C1(c2ccccc2)CCNCC1,group_B,U21_EPA_CPDat_Uv_Absorber,,,,,,
MOL_B_003279,CNC(=O)C1CCCCN1,group_B,U21_EPA_CPDat_Uv_Absorber,,,,,,
MOL_B_003280,CNC(=O)C1CCCNC1,group_B,U21_EPA_CPDat_Uv_Absorber,,,,,,
MOL_B_003281,CNC(=O)C1CCNCC1,group_B,U21_EPA_CPDat_Uv_Absorber,,,,,,
MOL_B_003282,CNC(=O)C=Cc1ccc(O)c(OC)c1,group_B,U21_EPA_CPDat_Uv_Absorber,,,,,,
MOL_B_003283,CNC(=O)CC1CCNCC1,group_B,U21_EPA_CPDat_Uv_Absorber,,,,,,
MOL_B_003284,CNC(=O)COC1CCNCC1,group_B,U21_EPA_CPDat_Uv_Absorber,,,,,,
MOL_B_003285,CNC(=O)Nc1ccc(C(=O)c2ccccc2)cc1,group_B,U21_EPA_CPDat_Uv_Absorber,,,,,,
MOL_B_003286,CNC(=O)c1cc(C(C)(C)C)c(O)c(C(C)(C)C)c1,group_B,U21_EPA_CPDat_Uv_Absorber,,,,,,
MOL_B_003287,CNC(=O)c1ccc(C2CCNCC2)cc1,group_B,U21_EPA_CPDat_Uv_Absorber,,,,,,
MOL_B_003288,CNC(=O)c1ccc(C=C2CC3CCC(C2)N3)cc1,group_B,U21_EPA_CPDat_Uv_Absorber,,,,,,
MOL_B_003289,CNC1(C(N)=O)CCN(Cc2ccccc2)CC1,group_B,U21_EPA_CPDat_Uv_Absorber,,,,,,
MOL_B_003290,CNC1C(OC2C(OC3C(O)C(O)C(NC(=N)N)C(O)C3NC(=N)N)OC(C)C2(O)C=O)OC(CO)C(O)C1O,group_B,U09_HPPT,,,,,1.0,
MOL_B_003291,CNC1CCCCN1C(=O)OC(C)(C)C,group_B,U21_EPA_CPDat_Uv_Absorber,,,,,,
MOL_B_003292,CNC1CCCN(C(=O)OC(C)(C)C)C1,group_B,U21_EPA_CPDat_Uv_Absorber,,,,,,
MOL_B_003293,CNC1CCCN(C(C)=O)C1,group_B,U21_EPA_CPDat_Uv_Absorber,,,,,,
MOL_B_003294,CNC1CCN(C(=O)OC(C)(C)C)CC1,group_B,U21_EPA_CPDat_Uv_Absorber,,,,,,
MOL_B_003295,CNC1CCN(C(C)=O)CC1,group_B,U21_EPA_CPDat_Uv_Absorber,,,,,,
MOL_B_003296,CNC1CCN(c2ccc([N+](=O)[O-])cc2NC(C)=O)CC1,group_B,U21_EPA_CPDat_Uv_Absorber,,,,,,
MOL_B_003297,CN[C@@H]1CCCN(C(=O)OC(C)(C)C)C1,group_B,U21_EPA_CPDat_Uv_Absorber,,,,,,
MOL_B_003298,CN[C@@H]1[C@H](O[C@H]2[C@H](O[C@H]3[C@H](O)[C@@H](O)[C@H](NC(=N)N)[C@@H](O)[C@@H]3NC(=N)N)O[C@@H](C)[C@]2(O)C=O)O[C@@H](CO)[C@H](O)[C@H]1O,group_B,U07_ICE_Sensitization,,,,,1.0,
MOL_B_003299,CN[C@H]1CCCN(C(=O)OC(C)(C)C)C1,group_B,U21_EPA_CPDat_Uv_Absorber,,,,,,
MOL_B_003300,CN[C@H]1CN(C(=O)OC(C)(C)C)CC[C@H]1C,group_B,U21_EPA_CPDat_Uv_Absorber,,,,,,
MOL_B_003301,CNc1ccc(C(=O)c2ccc(Cl)cc2)cc1O,group_B,U21_EPA_CPDat_Uv_Absorber,,,,,,
MOL_B_003302,CNc1ccc(C(=O)c2ccccc2)cc1O,group_B,U21_EPA_CPDat_Uv_Absorber,,,,,,
MOL_B_003303,CNc1ccc(OC)c(C(=O)NC2CCN(Cc3ccccc3)CC2)c1,group_B,U21_EPA_CPDat_Uv_Absorber,,,,,,
MOL_B_003304,CNc1ccccc1C(=O)OC,group_B,U07_ICE_Sensitization;U09_HPPT,,,,,0.0,
MOL_B_003305,CNc1nc(Nc2ccccc2)nc(Nc2ccc(C=Cc3ccc(Nc4nc(NC)nc(Nc5ccccc5)n4)cc3S(=O)(=O)O)c(S(=O)(=O)O)c2)n1,group_B,U21_EPA_CPDat_Uv_Absorber,,,,,,
MOL_B_003306,CNc1nc(Nc2ccccc2)nc(Nc2ccc(C=Cc3ccc(Nc4nc(NC)nc(Nc5ccccc5)n4)cc3S(=O)(=O)[O-])c(S(=O)(=O)[O-])c2)n1,group_B,U21_EPA_CPDat_Uv_Absorber,,,,,,
MOL_B_003307,COC(=Cc1ccc(O)c(O)c1)C(=O)O,group_B,U21_EPA_CPDat_Uv_Absorber,,,,,,
MOL_B_003308,COC(=O)/C(=C\c1ccc(Cl)cc1)CN1CCCCC1,group_B,U21_EPA_CPDat_Uv_Absorber,,,,,,
MOL_B_003309,COC(=O)/C(=C\c1ccccc1)CN1CCCCC1,group_B,U21_EPA_CPDat_Uv_Absorber,,,,,,
MOL_B_003310,COC(=O)/C(C#N)=C\c1ccc([N+](=O)[O-])cc1,group_B,U21_EPA_CPDat_Uv_Absorber,,,,,,
MOL_B_003311,COC(=O)/C=C(/C(=O)OC)c1ccc(OC)cc1,group_B,U21_EPA_CPDat_Uv_Absorber,,,,,,
MOL_B_003312,COC(=O)/C=C(/C)C(=O)OC,group_B,U07_ICE_Sensitization,,,,,1.0,
MOL_B_003313,COC(=O)/C=C(/OC(=O)c1ccccc1)c1ccccc1,group_B,U21_EPA_CPDat_Uv_Absorber,,,,,,
MOL_B_003314,COC(=O)/C=C/C(=O)OC,group_B,U07_ICE_Sensitization,,,,,1.0,
MOL_B_003315,COC(=O)/C=C/c1ccc(C(=O)OC)cc1,group_B,U21_EPA_CPDat_Uv_Absorber,,,,,,
MOL_B_003316,COC(=O)/C=C/c1ccc(OC)cc1F,group_B,U21_EPA_CPDat_Uv_Absorber,,,,,,
MOL_B_003317,COC(=O)/C=C/c1ccccc1,group_B,U21_EPA_CPDat_Uv_Absorber,,,,,,
MOL_B_003318,COC(=O)C(=C(C(=O)OC)c1ccc(OC)cc1)c1ccc(OC)cc1,group_B,U21_EPA_CPDat_Uv_Absorber,,,,,,
MOL_B_003319,COC(=O)C(=C(C)C)c1ccccc1,group_B,U21_EPA_CPDat_Uv_Absorber,,,,,,
MOL_B_003320,COC(=O)C(=CC=C(c1ccccc1)c1ccccc1)C(=O)OC,group_B,U21_EPA_CPDat_Uv_Absorber,,,,,,
MOL_B_003321,COC(=O)C(=Cc1cc(OC)c(OC)c(OC)c1)N=[N+]=[N-],group_B,U21_EPA_CPDat_Uv_Absorber,,,,,,
MOL_B_003322,COC(=O)C(=Cc1ccc(Cl)cc1)C(=O)OC,group_B,U21_EPA_CPDat_Uv_Absorber,,,,,,
MOL_B_003323,COC(=O)C(=Cc1ccc(F)cc1)C(=O)OC,group_B,U21_EPA_CPDat_Uv_Absorber,,,,,,
MOL_B_003324,COC(=O)C(=Cc1ccc(O)cc1)C(=O)OC,group_B,U21_EPA_CPDat_Uv_Absorber,,,,,,
MOL_B_003325,COC(=O)C(=Cc1ccc(OC)c(OC)c1)C(=Cc1ccc(OC)c(OC)c1)C(=O)OC,group_B,U21_EPA_CPDat_Uv_Absorber,,,,,,
MOL_B_003326,COC(=O)C(=Cc1ccc(OC)c(OC)c1)C(=O)OC,group_B,U21_EPA_CPDat_Uv_Absorber,,,,,,
MOL_B_003327,COC(=O)C(=Cc1ccc(OC)cc1)C(=O)OC,group_B,U21_EPA_CPDat_Uv_Absorber,,,,,,
MOL_B_003328,COC(=O)C(=Cc1ccc(OC)cc1)N=[N+]=[N-],group_B,U21_EPA_CPDat_Uv_Absorber,,,,,,
MOL_B_003329,COC(=O)C(=Cc1ccc(OC)cc1)OC,group_B,U21_EPA_CPDat_Uv_Absorber,,,,,,
MOL_B_003330,COC(=O)C(=Cc1ccc([N+](=O)[O-])cc1)C(=O)OC,group_B,U21_EPA_CPDat_Uv_Absorber,,,,,,
MOL_B_003331,COC(=O)C(=Cc1cccc(OC)c1)N=[N+]=[N-],group_B,U21_EPA_CPDat_Uv_Absorber,,,,,,
MOL_B_003332,COC(=O)C(=Cc1ccccc1)C(=Cc1ccccc1)C(=O)OC,group_B,U21_EPA_CPDat_Uv_Absorber,,,,,,
MOL_B_003333,COC(=O)C(=Cc1ccccc1)CC#Cc1ccccc1,group_B,U21_EPA_CPDat_Uv_Absorber,,,,,,
MOL_B_003334,COC(=O)C(=Cc1ccccc1)CN=[N+]=[N-],group_B,U21_EPA_CPDat_Uv_Absorber,,,,,,
MOL_B_003335,COC(=O)C(=O)c1ccc(O)cc1,group_B,U21_EPA_CPDat_Uv_Absorber,,,,,,
MOL_B_003336,COC(=O)C(=O)c1ccc(O)cc1O,group_B,U21_EPA_CPDat_Uv_Absorber,,,,,,
MOL_B_003337,COC(=O)C(C#N)=C(C#N)c1ccc(N(CCOC(=O)c2ccccc2)CCOC(=O)c2ccccc2)cc1,group_B,U21_EPA_CPDat_Uv_Absorber,,,,,,
MOL_B_003338,COC(=O)C(C#N)=C(C)c1ccc2cc(OC)ccc2c1,group_B,U21_EPA_CPDat_Uv_Absorber,,,,,,
MOL_B_003339,COC(=O)C(C#N)=C(Cl)c1ccccc1,group_B,U21_EPA_CPDat_Uv_Absorber,,,,,,
MOL_B_003340,COC(=O)C(C#N)=C(OC)c1ccccc1,group_B,U21_EPA_CPDat_Uv_Absorber,,,,,,
MOL_B_003341,COC(=O)C(C#N)=C(c1ccccc1)C(C)C,group_B,U21_EPA_CPDat_Uv_Absorber,,,,,,
MOL_B_003342,COC(=O)C(C#N)=C(c1ccccc1)c1ccccc1,group_B,U21_EPA_CPDat_Uv_Absorber,,,,,,
MOL_B_003343,COC(=O)C(C#N)=CC(C)=Cc1ccccc1,group_B,U21_EPA_CPDat_Uv_Absorber,,,,,,
MOL_B_003344,COC(=O)C(C#N)=Cc1cc(Br)ccc1OC,group_B,U21_EPA_CPDat_Uv_Absorber,,,,,,
MOL_B_003345,COC(=O)C(C#N)=Cc1cc(OC)c(O)c(OC)c1,group_B,U21_EPA_CPDat_Uv_Absorber,,,,,,
MOL_B_003346,COC(=O)C(C#N)=Cc1cc(OC)ccc1OC,group_B,U21_EPA_CPDat_Uv_Absorber,,,,,,
MOL_B_003347,COC(=O)C(C#N)=Cc1ccc(O)cc1,group_B,U21_EPA_CPDat_Uv_Absorber,,,,,,
MOL_B_003348,COC(=O)C(C#N)=Cc1ccc(OC)c(OC)c1,group_B,U21_EPA_CPDat_Uv_Absorber,,,,,,
MOL_B_003349,COC(=O)C(C#N)=Cc1ccc([N+](=O)[O-])cc1,group_B,U21_EPA_CPDat_Uv_Absorber,,,,,,
MOL_B_003350,COC(=O)C(C#N)=Cc1cccc(OC)c1,group_B,U21_EPA_CPDat_Uv_Absorber,,,,,,
MOL_B_003351,COC(=O)C(C#N)=Cc1cccc([N+](=O)[O-])c1,group_B,U21_EPA_CPDat_Uv_Absorber,,,,,,
MOL_B_003352,COC(=O)C(C#N)=Cc1cccc2ccccc12,group_B,U21_EPA_CPDat_Uv_Absorber,,,,,,
MOL_B_003353,COC(=O)C(C#N)=Cc1ccccc1OC,group_B,U21_EPA_CPDat_Uv_Absorber,,,,,,
MOL_B_003354,COC(=O)C(C(=O)OC)=C(Br)c1ccc([N+](=O)[O-])cc1,group_B,U21_EPA_CPDat_Uv_Absorber,,,,,,
MOL_B_003355,COC(=O)C(C(=O)OC)=C(N=[N+]=[N-])c1ccc([N+](=O)[O-])cc1,group_B,U21_EPA_CPDat_Uv_Absorber,,,,,,
MOL_B_003356,COC(=O)C(C)(C)C,group_B,U07_ICE_Irritation,,,,,,0.0
MOL_B_003357,COC(=O)C(C)(C)Oc1cccc(C(=O)c2ccccc2)c1,group_B,U21_EPA_CPDat_Uv_Absorber,,,,,,
MOL_B_003358,COC(=O)C(C)=C(C)c1ccccc1,group_B,U21_EPA_CPDat_Uv_Absorber,,,,,,
MOL_B_003359,COC(=O)C(C)=C(c1ccccc1)C(C)(C)C,group_B,U21_EPA_CPDat_Uv_Absorber,,,,,,
MOL_B_003360,COC(=O)C(C)=CC=CC=Cc1ccccc1,group_B,U21_EPA_CPDat_Uv_Absorber,,,,,,
MOL_B_003361,COC(=O)C(C)=CCCC=C(c1ccccc1)c1ccccc1,group_B,U21_EPA_CPDat_Uv_Absorber,,,,,,
MOL_B_003362,COC(=O)C(C)=O,group_B,U07_ICE_Sensitization,,,,,0.0,
MOL_B_003363,COC(=O)C(Cc1cc(C(C)(C)C)c(O)c(C(C)(C)C)c1)(Cc1cc(C(C)(C)C)c(O)c(C(C)(C)C)c1)C(=O)OC,group_B,U21_EPA_CPDat_Uv_Absorber,,,,,,
MOL_B_003364,COC(=O)C1(C)CC=CCC1,group_B,U07_ICE_Sensitization;U09_HPPT,,,,,0.0,
MOL_B_003365,COC(=O)C1(C)CCCCN1,group_B,U21_EPA_CPDat_Uv_Absorber,,,,,,
MOL_B_003366,COC(=O)C1(NC(=O)OC(C)(C)C)CCNCC1,group_B,U21_EPA_CPDat_Uv_Absorber,,,,,,
MOL_B_003367,COC(=O)C1CC(C)(C)NC(C)(C)C1,group_B,U21_EPA_CPDat_Uv_Absorber,,,,,,
MOL_B_003368,COC(=O)C1CC(C)CCN1,group_B,U21_EPA_CPDat_Uv_Absorber,,,,,,
MOL_B_003369,COC(=O)C1CC(N(C)C(=O)OC(C)(C)C)CCN1,group_B,U21_EPA_CPDat_Uv_Absorber,,,,,,
MOL_B_003370,COC(=O)C1CC(NC(=O)OC(C)(C)C)CCN1,group_B,U21_EPA_CPDat_Uv_Absorber,,,,,,
MOL_B_003371,COC(=O)C1CCC(C(=O)OC)NC1,group_B,U21_EPA_CPDat_Uv_Absorber,,,,,,
MOL_B_003372,COC(=O)C1CCC(C)NC1,group_B,U21_EPA_CPDat_Uv_Absorber,,,,,,
MOL_B_003373,COC(=O)C1CCC2(CCNCC2)OC1,group_B,U21_EPA_CPDat_Uv_Absorber,,,,,,
MOL_B_003374,COC(=O)C1CCCCN1,group_B,U21_EPA_CPDat_Uv_Absorber,,,,,,
MOL_B_003375,COC(=O)C1CCCNC1C,group_B,U21_EPA_CPDat_Uv_Absorber,,,,,,
MOL_B_003376,COC(=O)C1CCCNC1C(=O)OC,group_B,U21_EPA_CPDat_Uv_Absorber,,,,,,
MOL_B_003377,COC(=O)C1CNCC(OC)C1,group_B,U21_EPA_CPDat_Uv_Absorber,,,,,,
MOL_B_003378,COC(=O)C1NCCCC1c1cnc[nH]1,group_B,U21_EPA_CPDat_Uv_Absorber,,,,,,
MOL_B_003379,COC(=O)C=C(C(=O)OC)c1ccccc1N1CCCCC1,group_B,U21_EPA_CPDat_Uv_Absorber,,,,,,
MOL_B_003380,COC(=O)C=C(C)C(=O)OC,group_B,U09_HPPT,,,,,1.0,
MOL_B_003381,COC(=O)C=C(C)c1ccc(OC)cc1,group_B,U21_EPA_CPDat_Uv_Absorber,,,,,,
MOL_B_003382,COC(=O)C=C(c1ccccc1)c1ccc(OC)cc1,group_B,U21_EPA_CPDat_Uv_Absorber,,,,,,
MOL_B_003383,COC(=O)C=C(c1ccccc1)c1ccccc1,group_B,U21_EPA_CPDat_Uv_Absorber,,,,,,
MOL_B_003384,COC(=O)C=CC(C=CC(=O)OC)=C(c1ccccc1)c1ccccc1,group_B,U21_EPA_CPDat_Uv_Absorber,,,,,,
MOL_B_003385,COC(=O)C=CC(C=O)=C(c1ccccc1)c1ccccc1,group_B,U21_EPA_CPDat_Uv_Absorber,,,,,,
MOL_B_003386,COC(=O)C=CC(C=O)=C(c1ccccc1)c1cccs1,group_B,U21_EPA_CPDat_Uv_Absorber,,,,,,
MOL_B_003387,COC(=O)C=CC=Cc1cccc(OC)c1,group_B,U21_EPA_CPDat_Uv_Absorber,,,,,,
MOL_B_003388,COC(=O)C=CC=Cc1ccccc1,group_B,U21_EPA_CPDat_Uv_Absorber,,,,,,
MOL_B_003389,COC(=O)C=Cc1c(OC)cc(OC)cc1OC,group_B,U21_EPA_CPDat_Uv_Absorber,,,,,,
MOL_B_003390,COC(=O)C=Cc1c(OC)ccc2ccc(OC)cc12,group_B,U21_EPA_CPDat_Uv_Absorber,,,,,,
MOL_B_003391,COC(=O)C=Cc1c(OC)ccc2ccccc12,group_B,U21_EPA_CPDat_Uv_Absorber,,,,,,
MOL_B_003392,COC(=O)C=Cc1c(OC)cccc1OC,group_B,U21_EPA_CPDat_Uv_Absorber,,,,,,
MOL_B_003393,COC(=O)C=Cc1cc(Br)c(OC)c(Br)c1,group_B,U21_EPA_CPDat_Uv_Absorber,,,,,,
MOL_B_003394,COC(=O)C=Cc1cc(C)cc(C)c1O,group_B,U21_EPA_CPDat_Uv_Absorber,,,,,,
MOL_B_003395,COC(=O)C=Cc1cc(I)c(O)c(OC)c1,group_B,U21_EPA_CPDat_Uv_Absorber,,,,,,
MOL_B_003396,COC(=O)C=Cc1cc(O)cc(O)c1,group_B,U21_EPA_CPDat_Uv_Absorber,,,,,,
MOL_B_003397,COC(=O)C=Cc1cc(OC)c(OS(=O)(=O)O)c(OC)c1,group_B,U21_EPA_CPDat_Uv_Absorber,,,,,,
MOL_B_003398,COC(=O)C=Cc1ccc(-c2cn[nH]n2)cc1,group_B,U21_EPA_CPDat_Uv_Absorber,,,,,,
MOL_B_003399,COC(=O)C=Cc1ccc(C#N)cc1OC,group_B,U21_EPA_CPDat_Uv_Absorber,,,,,,
MOL_B_003400,COC(=O)C=Cc1ccc(C=CC(=O)OC)cc1,group_B,U21_EPA_CPDat_Uv_Absorber,,,,,,
MOL_B_003401,COC(=O)C=Cc1ccc(C=NN)cc1,group_B,U21_EPA_CPDat_Uv_Absorber,,,,,,
MOL_B_003402,COC(=O)C=Cc1ccc(N(c2ccccc2)c2ccccc2)cc1,group_B,U21_EPA_CPDat_Uv_Absorber,,,,,,
MOL_B_003403,COC(=O)C=Cc1ccc(N=[N+]=[N-])cc1,group_B,U21_EPA_CPDat_Uv_Absorber,,,,,,
MOL_B_003404,COC(=O)C=Cc1ccc(O)c(Cl)c1,group_B,U21_EPA_CPDat_Uv_Absorber,,,,,,
MOL_B_003405,COC(=O)C=Cc1ccc(O)c(F)c1,group_B,U21_EPA_CPDat_Uv_Absorber,,,,,,
MOL_B_003406,COC(=O)C=Cc1ccc(O)c(OS(=O)(=O)O)c1,group_B,U21_EPA_CPDat_Uv_Absorber,,,,,,
MOL_B_003407,COC(=O)C=Cc1ccc(OC)c(OC)c1Cl,group_B,U21_EPA_CPDat_Uv_Absorber,,,,,,
MOL_B_003408,COC(=O)C=Cc1ccc(OC)c(OC)c1OC,group_B,U21_EPA_CPDat_Uv_Absorber,,,,,,
MOL_B_003409,COC(=O)C=Cc1ccc(OC)c(OC2CCCC2)c1,group_B,U21_EPA_CPDat_Uv_Absorber,,,,,,
MOL_B_003410,COC(=O)C=Cc1ccc(OC)c2ccccc12,group_B,U21_EPA_CPDat_Uv_Absorber,,,,,,
MOL_B_003411,COC(=O)C=Cc1ccc(OC)cc1OC,group_B,U21_EPA_CPDat_Uv_Absorber,,,,,,
MOL_B_003412,COC(=O)C=Cc1ccc(OCc2ccccc2)cc1O,group_B,U21_EPA_CPDat_Uv_Absorber,,,,,,
MOL_B_003413,COC(=O)C=Cc1ccc(OS(=O)(=O)O)c(O)c1,group_B,U21_EPA_CPDat_Uv_Absorber,,,,,,
MOL_B_003414,COC(=O)C=Cc1ccc(OS(=O)(=O)O)c(OC)c1,group_B,U21_EPA_CPDat_Uv_Absorber,,,,,,
MOL_B_003415,COC(=O)C=Cc1ccc2c(c1)OCO2,group_B,U21_EPA_CPDat_Uv_Absorber,,,,,,
MOL_B_003416,COC(=O)C=Cc1ccc2cc(OC)ccc2c1,group_B,U21_EPA_CPDat_Uv_Absorber,,,,,,
MOL_B_003417,COC(=O)C=Cc1cccc(C#N)c1,group_B,U21_EPA_CPDat_Uv_Absorber,,,,,,
MOL_B_003418,COC(=O)C=Cc1cccc(C(=O)OC)c1,group_B,U21_EPA_CPDat_Uv_Absorber,,,,,,
MOL_B_003419,COC(=O)C=Cc1cccc(OC)c1O,group_B,U21_EPA_CPDat_Uv_Absorber,,,,,,
MOL_B_003420,COC(=O)C=Cc1cccc(Oc2ccccc2)c1,group_B,U21_EPA_CPDat_Uv_Absorber,,,,,,
MOL_B_003421,COC(=O)C=Cc1ccccc1,group_B,U07_ICE_Sensitization;U09_HPPT;U21_EPA_CPDat_Uv_Absorber,,,,,0.0,
MOL_B_003422,COC(=O)C=Cc1ccccc1C#N,group_B,U21_EPA_CPDat_Uv_Absorber,,,,,,
MOL_B_003423,COC(=O)C=Cc1ccccc1C(=O)OC,group_B,U21_EPA_CPDat_Uv_Absorber,,,,,,
MOL_B_003424,COC(=O)C=Cc1ccccc1C=CC(=O)OC,group_B,U21_EPA_CPDat_Uv_Absorber,,,,,,
MOL_B_003425,COC(=O)CC(=O)OC,group_B,U07_ICE_Sensitization;U09_HPPT,,,,,0.0,
MOL_B_003426,COC(=O)CC(C(=O)OC)=C(c1ccccc1)c1ccccc1,group_B,U21_EPA_CPDat_Uv_Absorber,,,,,,
MOL_B_003427,COC(=O)CC(C)=O,group_B,U07_ICE_Sensitization;U09_HPPT,,,,,0.0,
MOL_B_003428,COC(=O)CCBr,group_B,U07_ICE_Sensitization,,,,,1.0,
MOL_B_003429,COC(=O)CCC(=O)OC,group_B,U07_ICE_Sensitization;U09_HPPT,,,,,0.0,
MOL_B_003430,COC(=O)CCC(=O)OCCN1C(C)(C)CC(O)CC1(C)C,group_B,U21_EPA_CPDat_Uv_Absorber,,,,,,
MOL_B_003431,COC(=O)CCC1CCNCC1,group_B,U21_EPA_CPDat_Uv_Absorber,,,,,,
MOL_B_003432,COC(=O)CCCC1CCNCC1,group_B,U21_EPA_CPDat_Uv_Absorber,,,,,,
MOL_B_003433,COC(=O)CCCCCCCCC(=O)OC1CC(C)(C)N(C)C(C)(C)C1,group_B,U21_EPA_CPDat_Uv_Absorber,,,,,,
MOL_B_003434,COC(=O)CCCCCCCCCCC1CCCCN1,group_B,U21_EPA_CPDat_Uv_Absorber,,,,,,
MOL_B_003435,COC(=O)CCCCCCCCCCC1CCCCN1C,group_B,U21_EPA_CPDat_Uv_Absorber,,,,,,
MOL_B_003436,COC(=O)CCCCCCCCCCOc1ccc(C(=O)c2ccc(O)cc2)cc1,group_B,U21_EPA_CPDat_Uv_Absorber,,,,,,
MOL_B_003437,COC(=O)CCCCCN1C[C@@H](O)[C@H](O)[C@H](O)[C@@H]1C,group_B,U21_EPA_CPDat_Uv_Absorber,,,,,,
MOL_B_003438,COC(=O)CCCN1CCCCC1,group_B,U21_EPA_CPDat_Uv_Absorber,,,,,,
MOL_B_003439,COC(=O)CCN1CCCCC1,group_B,U21_EPA_CPDat_Uv_Absorber,,,,,,
MOL_B_003440,COC(=O)CC[C@H]1CCCNC1,group_B,U21_EPA_CPDat_Uv_Absorber,,,,,,
MOL_B_003441,COC(=O)CCc1cc(-n2nc3ccccc3n2)c(O)c(C(C)(C)C)c1,group_B,U21_EPA_CPDat_Uv_Absorber,,,,,,
MOL_B_003442,COC(=O)Cc1ccccc1,group_B,U07_ICE_Sensitization;U09_HPPT,,,,,0.0,
MOL_B_003443,COC(=O)OC,group_B,U07_ICE_Sensitization;U09_HPPT,,,,,0.0,
MOL_B_003444,COC(=O)OC1CCCCCCC1,group_B,U07_ICE_Sensitization;U09_HPPT,,,,,0.0,
MOL_B_003445,COC(=O)Oc1ccc(C(C)(C)c2ccc(O)cc2)cc1,group_B,U21_EPA_CPDat_Uv_Absorber,,,,,,
MOL_B_003446,COC(=O)[C@@H]1CCCNC1,group_B,U21_EPA_CPDat_Uv_Absorber,,,,,,
MOL_B_003447,COC(=O)[C@@H]1CCN[C@H](C(=O)OC)C1,group_B,U21_EPA_CPDat_Uv_Absorber,,,,,,
MOL_B_003448,COC(=O)[C@@H]1CC[C@@H](C(=O)OC)NC1,group_B,U21_EPA_CPDat_Uv_Absorber,,,,,,
MOL_B_003449,COC(=O)[C@H]1CCCNC1,group_B,U21_EPA_CPDat_Uv_Absorber,,,,,,
MOL_B_003450,COC(=O)[C@H]1CNCC[C@@H]1NC(=O)OC(C)(C)C,group_B,U21_EPA_CPDat_Uv_Absorber,,,,,,
MOL_B_003451,COC(=O)[C@H]1CNCC[C@H]1NC(=O)OC(C)(C)C,group_B,U21_EPA_CPDat_Uv_Absorber,,,,,,
MOL_B_003452,COC(=O)[C@H]1CNC[C@H](C)C1,group_B,U21_EPA_CPDat_Uv_Absorber,,,,,,
MOL_B_003453,COC(=O)[C@H]1[C@H](C)C=CCC1(C)C,group_B,U07_ICE_Sensitization,,,,,0.0,
MOL_B_003454,COC(=O)c1c(C(=O)OC)c(-c2ccccc2)c2ccccc2c1O,group_B,U21_EPA_CPDat_Uv_Absorber,,,,,,
MOL_B_003455,COC(=O)c1c(C)c(C)c(O)c(C)c1O,group_B,U21_EPA_CPDat_Uv_Absorber,,,,,,
MOL_B_003456,COC(=O)c1c(C)cc(C)c(C(=O)OC)c1O,group_B,U21_EPA_CPDat_Uv_Absorber,,,,,,
MOL_B_003457,COC(=O)c1c(C)cc(C)c(O)c1C(=O)OC,group_B,U21_EPA_CPDat_Uv_Absorber,,,,,,
MOL_B_003458,COC(=O)c1c(C)cc(C)c([N+](=O)[O-])c1O,group_B,U21_EPA_CPDat_Uv_Absorber,,,,,,
MOL_B_003459,COC(=O)c1c(C)cc(C)cc1O,group_B,U21_EPA_CPDat_Uv_Absorber,,,,,,
MOL_B_003460,COC(=O)c1c(C)cc(O)c(C)c1O,group_B,U21_EPA_CPDat_Uv_Absorber,,,,,,
MOL_B_003461,COC(=O)c1c(C)cc(O)cc1C,group_B,U21_EPA_CPDat_Uv_Absorber,,,,,,
MOL_B_003462,COC(=O)c1c(C)cc(O)cc1O,group_B,U21_EPA_CPDat_Uv_Absorber,,,,,,
MOL_B_003463,COC(=O)c1c(C)cc(O)cc1OC,group_B,U21_EPA_CPDat_Uv_Absorber,,,,,,
MOL_B_003464,COC(=O)c1c(C)cc(OC(=O)c2c(C)cc(OC)c(C)c2O)c(C)c1O,group_B,U21_EPA_CPDat_Uv_Absorber,,,,,,
MOL_B_003465,COC(=O)c1c(C)cc(OCc2ccccc2)cc1O,group_B,U21_EPA_CPDat_Uv_Absorber,,,,,,
MOL_B_003466,COC(=O)c1c(C)ccc(O)c1C,group_B,U21_EPA_CPDat_Uv_Absorber,,,,,,
MOL_B_003467,COC(=O)c1c(C)ccc(O)c1O,group_B,U21_EPA_CPDat_Uv_Absorber,,,,,,
MOL_B_003468,COC(=O)c1c(C)cccc1O,group_B,U21_EPA_CPDat_Uv_Absorber,,,,,,
MOL_B_003469,COC(=O)c1c(F)cc(O)cc1F,group_B,U21_EPA_CPDat_Uv_Absorber,,,,,,
MOL_B_003470,COC(=O)c1c(O)cc(Br)cc1F,group_B,U21_EPA_CPDat_Uv_Absorber,,,,,,
MOL_B_003471,COC(=O)c1c(O)cc(C)cc1O,group_B,U21_EPA_CPDat_Uv_Absorber,,,,,,
MOL_B_003472,COC(=O)c1c(O)cc(F)cc1F,group_B,U21_EPA_CPDat_Uv_Absorber,,,,,,
MOL_B_003473,COC(=O)c1c(O)cc(O)c(C)c1O,group_B,U21_EPA_CPDat_Uv_Absorber,,,,,,
MOL_B_003474,COC(=O)c1c(O)cc(O)c(O)c1C(=O)OC,group_B,U21_EPA_CPDat_Uv_Absorber,,,,,,
MOL_B_003475,COC(=O)c1c(O)cc(O)cc1O,group_B,U21_EPA_CPDat_Uv_Absorber,,,,,,
MOL_B_003476,COC(=O)c1c(O)cc(OC)c(C)c1O,group_B,U21_EPA_CPDat_Uv_Absorber,,,,,,
MOL_B_003477,COC(=O)c1c(O)ccc(O)c1O,group_B,U21_EPA_CPDat_Uv_Absorber,,,,,,
MOL_B_003478,COC(=O)c1c(O)ccc(Oc2ccccc2)c1C(=O)OC,group_B,U21_EPA_CPDat_Uv_Absorber,,,,,,
MOL_B_003479,COC(=O)c1c(O)ccc2c1CCCC2,group_B,U21_EPA_CPDat_Uv_Absorber,,,,,,
MOL_B_003480,COC(=O)c1c(O)ccc2ccccc12,group_B,U21_EPA_CPDat_Uv_Absorber,,,,,,
MOL_B_003481,COC(=O)c1c(O)cccc1Br,group_B,U21_EPA_CPDat_Uv_Absorber,,,,,,
MOL_B_003482,COC(=O)c1c(O)cccc1F,group_B,U21_EPA_CPDat_Uv_Absorber,,,,,,
MOL_B_003483,COC(=O)c1c(O)cccc1OCc1ccccc1,group_B,U21_EPA_CPDat_Uv_Absorber,,,,,,
MOL_B_003484,COC(=O)c1c(OC)cc(OC)c(C)c1O,group_B,U21_EPA_CPDat_Uv_Absorber,,,,,,
MOL_B_003485,COC(=O)c1c(OC)cc(OC)c(O)c1C(=O)OC,group_B,U21_EPA_CPDat_Uv_Absorber,,,,,,
MOL_B_003486,COC(=O)c1cc(-c2cc(O)cc(Br)c2)ccc1Cl,group_B,U21_EPA_CPDat_Uv_Absorber,,,,,,
MOL_B_003487,COC(=O)c1cc(-c2cc(O)cc(Br)c2)ccc1F,group_B,U21_EPA_CPDat_Uv_Absorber,,,,,,
MOL_B_003488,COC(=O)c1cc(-c2cc(O)cc(C#N)c2)cs1,group_B,U21_EPA_CPDat_Uv_Absorber,,,,,,
MOL_B_003489,COC(=O)c1cc(-c2cc(O)cc(C(=O)O)c2)cs1,group_B,U21_EPA_CPDat_Uv_Absorber,,,,,,
MOL_B_003490,COC(=O)c1cc(-c2cc(O)cc(Cl)c2)ccc1Cl,group_B,U21_EPA_CPDat_Uv_Absorber,,,,,,
MOL_B_003491,COC(=O)c1cc(-c2cc(O)cc(Cl)c2)ccc1F,group_B,U21_EPA_CPDat_Uv_Absorber,,,,,,
MOL_B_003492,COC(=O)c1cc(-c2cc(O)cc(F)c2)ccc1Cl,group_B,U21_EPA_CPDat_Uv_Absorber,,,,,,
MOL_B_003493,COC(=O)c1cc(-c2cc(O)cc(F)c2)ccc1F,group_B,U21_EPA_CPDat_Uv_Absorber,,,,,,
MOL_B_003494,COC(=O)c1cc(-c2ccc(C#N)c(O)c2)cs1,group_B,U21_EPA_CPDat_Uv_Absorber,,,,,,
MOL_B_003495,COC(=O)c1cc(-c2ccc(C(=O)O)c(O)c2)cs1,group_B,U21_EPA_CPDat_Uv_Absorber,,,,,,
MOL_B_003496,COC(=O)c1cc(-c2ccc(C(=O)O)cc2O)cs1,group_B,U21_EPA_CPDat_Uv_Absorber,,,,,,
MOL_B_003497,COC(=O)c1cc(-c2ccc(Cl)c(O)c2)ccc1Cl,group_B,U21_EPA_CPDat_Uv_Absorber,,,,,,
MOL_B_003498,COC(=O)c1cc(-c2ccc(Cl)c(O)c2)ccc1F,group_B,U21_EPA_CPDat_Uv_Absorber,,,,,,
MOL_B_003499,COC(=O)c1cc(-c2ccc(F)c(O)c2)ccc1Cl,group_B,U21_EPA_CPDat_Uv_Absorber,,,,,,
MOL_B_003500,COC(=O)c1cc(-c2ccc(F)c(O)c2)ccc1F,group_B,U21_EPA_CPDat_Uv_Absorber,,,,,,
MOL_B_003501,COC(=O)c1cc(-c2ccc(O)c(C#N)c2)cs1,group_B,U21_EPA_CPDat_Uv_Absorber,,,,,,
MOL_B_003502,COC(=O)c1cc(-c2ccc(O)c(Cl)c2)ccc1Cl,group_B,U21_EPA_CPDat_Uv_Absorber,,,,,,
MOL_B_003503,COC(=O)c1cc(-c2ccc(O)c(Cl)c2)ccc1F,group_B,U21_EPA_CPDat_Uv_Absorber,,,,,,
MOL_B_003504,COC(=O)c1cc(-c2ccc(O)c(F)c2)ccc1Cl,group_B,U21_EPA_CPDat_Uv_Absorber,,,,,,
MOL_B_003505,COC(=O)c1cc(-c2ccc(O)c(F)c2)ccc1F,group_B,U21_EPA_CPDat_Uv_Absorber,,,,,,
MOL_B_003506,COC(=O)c1cc(-c2ccc(O)cc2)ccc1Cl,group_B,U21_EPA_CPDat_Uv_Absorber,,,,,,
MOL_B_003507,COC(=O)c1cc(-c2ccc(O)cc2)ccc1F,group_B,U21_EPA_CPDat_Uv_Absorber,,,,,,
MOL_B_003508,COC(=O)c1cc(-c2cccc(O)c2)ccc1Cl,group_B,U21_EPA_CPDat_Uv_Absorber,,,,,,
MOL_B_003509,COC(=O)c1cc(-c2cccc(O)c2)ccc1F,group_B,U21_EPA_CPDat_Uv_Absorber,,,,,,
MOL_B_003510,COC(=O)c1cc(-c2ccccc2O)ccc1Cl,group_B,U21_EPA_CPDat_Uv_Absorber,,,,,,
MOL_B_003511,COC(=O)c1cc(-c2ccccc2O)ccc1F,group_B,U21_EPA_CPDat_Uv_Absorber,,,,,,
MOL_B_003512,COC(=O)c1cc(Br)c(O)c(C(=O)OC)c1,group_B,U21_EPA_CPDat_Uv_Absorber,,,,,,
MOL_B_003513,COC(=O)c1cc(Br)c(O)c(C(C)=O)c1,group_B,U21_EPA_CPDat_Uv_Absorber,,,,,,
MOL_B_003514,COC(=O)c1cc(Br)c(O)cc1O,group_B,U21_EPA_CPDat_Uv_Absorber,,,,,,
MOL_B_003515,COC(=O)c1cc(Br)cc(O)c1O,group_B,U21_EPA_CPDat_Uv_Absorber,,,,,,
MOL_B_003516,COC(=O)c1cc(Br)ccc1O,group_B,U21_EPA_CPDat_Uv_Absorber,,,,,,
MOL_B_003517,COC(=O)c1cc(C#N)ccc1O,group_B,U21_EPA_CPDat_Uv_Absorber,,,,,,
MOL_B_003518,COC(=O)c1cc(C(=O)C=O)ccc1O,group_B,U21_EPA_CPDat_Uv_Absorber,,,,,,
MOL_B_003519,COC(=O)c1cc(C(=O)Cl)ccc1O,group_B,U21_EPA_CPDat_Uv_Absorber,,,,,,
MOL_B_003520,COC(=O)c1cc(C(=O)NC2CCCCC2)ccc1O,group_B,U21_EPA_CPDat_Uv_Absorber,,,,,,
MOL_B_003521,COC(=O)c1cc(C(=O)Nc2ccc(O)cc2)ccc1O,group_B,U21_EPA_CPDat_Uv_Absorber,,,,,,
MOL_B_003522,COC(=O)c1cc(C(=O)c2ccccc2O)c[nH]1,group_B,U21_EPA_CPDat_Uv_Absorber,,,,,,
MOL_B_003523,COC(=O)c1cc(C(=O)c2ccccc2O)cs1,group_B,U21_EPA_CPDat_Uv_Absorber,,,,,,
MOL_B_003524,COC(=O)c1cc(C(C)(C)C)cc(C(C)(C)C)c1O,group_B,U21_EPA_CPDat_Uv_Absorber,,,,,,
MOL_B_003525,COC(=O)c1cc(C(C)=O)c(O)cc1Nc1ccccc1,group_B,U21_EPA_CPDat_Uv_Absorber,,,,,,
MOL_B_003526,COC(=O)c1cc(C(C)=O)cc([N+](=O)[O-])c1O,group_B,U21_EPA_CPDat_Uv_Absorber,,,,,,
MOL_B_003527,COC(=O)c1cc(C(C)=O)ccc1O,group_B,U21_EPA_CPDat_Uv_Absorber,,,,,,
MOL_B_003528,COC(=O)c1cc(C(C)C)c(O)cc1O,group_B,U21_EPA_CPDat_Uv_Absorber,,,,,,
MOL_B_003529,COC(=O)c1cc(C(C)c2ccccc2)cc(C(C)c2ccccc2)c1O,group_B,U21_EPA_CPDat_Uv_Absorber,,,,,,
MOL_B_003530,COC(=O)c1cc(C(C)c2ccccc2)ccc1O,group_B,U21_EPA_CPDat_Uv_Absorber,,,,,,
MOL_B_003531,COC(=O)c1cc(C(N)=O)ccc1O,group_B,U21_EPA_CPDat_Uv_Absorber,,,,,,
MOL_B_003532,COC(=O)c1cc(C(c2ccc(O)c(C(=O)OC)c2)c2ccc(O)c(C(=O)OC)c2)ccc1O,group_B,U21_EPA_CPDat_Uv_Absorber,,,,,,
MOL_B_003533,COC(=O)c1cc(C)c(O)c(C(=O)OC)c1,group_B,U21_EPA_CPDat_Uv_Absorber,,,,,,
MOL_B_003534,COC(=O)c1cc(C)c(O)c(C)c1,group_B,U21_EPA_CPDat_Uv_Absorber,,,,,,
MOL_B_003535,COC(=O)c1cc(C)c(O)cc1C,group_B,U21_EPA_CPDat_Uv_Absorber,,,,,,
MOL_B_003536,COC(=O)c1cc(C)cc(C(=O)OC)c1O,group_B,U21_EPA_CPDat_Uv_Absorber,,,,,,
MOL_B_003537,COC(=O)c1cc(C)cc(O)c1,group_B,U21_EPA_CPDat_Uv_Absorber,,,,,,
MOL_B_003538,COC(=O)c1cc(C)cc(O)c1O,group_B,U21_EPA_CPDat_Uv_Absorber,,,,,,
MOL_B_003539,COC(=O)c1cc(C)ccc1O,group_B,U21_EPA_CPDat_Uv_Absorber,,,,,,
MOL_B_003540,COC(=O)c1cc(C23CC4CC(CC(C4)C2)C3)ccc1O,group_B,U21_EPA_CPDat_Uv_Absorber,,,,,,
MOL_B_003541,COC(=O)c1cc(C2CC2)cc(C(=O)OC)c1O,group_B,U21_EPA_CPDat_Uv_Absorber,,,,,,
MOL_B_003542,COC(=O)c1cc(C2CCCCC2)c(O)c(C2CCCCC2)c1,group_B,U21_EPA_CPDat_Uv_Absorber,,,,,,
MOL_B_003543,COC(=O)c1cc(C2CCCCCC2)cc(C(=O)OC)c1O,group_B,U21_EPA_CPDat_Uv_Absorber,,,,,,
MOL_B_003544,COC(=O)c1cc(C=O)ccc1O,group_B,U21_EPA_CPDat_Uv_Absorber,,,,,,
MOL_B_003545,COC(=O)c1cc(Cc2cccc3ccccc23)ccc1O,group_B,U21_EPA_CPDat_Uv_Absorber,,,,,,
MOL_B_003546,COC(=O)c1cc(Cl)c(O)cc1O,group_B,U21_EPA_CPDat_Uv_Absorber,,,,,,
MOL_B_003547,COC(=O)c1cc(Cl)ccc1O,group_B,U21_EPA_CPDat_Uv_Absorber,,,,,,
MOL_B_003548,COC(=O)c1cc(F)cc(-c2cc(O)cc(Br)c2)c1,group_B,U21_EPA_CPDat_Uv_Absorber,,,,,,
MOL_B_003549,COC(=O)c1cc(F)cc(-c2cc(O)cc(Cl)c2)c1,group_B,U21_EPA_CPDat_Uv_Absorber,,,,,,
MOL_B_003550,COC(=O)c1cc(F)cc(-c2cc(O)cc(F)c2)c1,group_B,U21_EPA_CPDat_Uv_Absorber,,,,,,
MOL_B_003551,COC(=O)c1cc(F)cc(-c2ccc(Cl)c(O)c2)c1,group_B,U21_EPA_CPDat_Uv_Absorber,,,,,,
MOL_B_003552,COC(=O)c1cc(F)cc(-c2ccc(F)c(O)c2)c1,group_B,U21_EPA_CPDat_Uv_Absorber,,,,,,
MOL_B_003553,COC(=O)c1cc(F)cc(-c2ccc(O)c(Cl)c2)c1,group_B,U21_EPA_CPDat_Uv_Absorber,,,,,,
MOL_B_003554,COC(=O)c1cc(F)cc(-c2ccc(O)c(F)c2)c1,group_B,U21_EPA_CPDat_Uv_Absorber,,,,,,
MOL_B_003555,COC(=O)c1cc(F)cc(-c2ccc(O)cc2)c1,group_B,U21_EPA_CPDat_Uv_Absorber,,,,,,
MOL_B_003556,COC(=O)c1cc(F)cc(-c2cccc(O)c2)c1,group_B,U21_EPA_CPDat_Uv_Absorber,,,,,,
MOL_B_003557,COC(=O)c1cc(F)cc(-c2ccccc2O)c1,group_B,U21_EPA_CPDat_Uv_Absorber,,,,,,
MOL_B_003558,COC(=O)c1cc(F)ccc1O,group_B,U21_EPA_CPDat_Uv_Absorber,,,,,,
MOL_B_003559,COC(=O)c1cc(I)c(O)cc1O,group_B,U21_EPA_CPDat_Uv_Absorber,,,,,,
MOL_B_003560,COC(=O)c1cc(N=O)ccc1O,group_B,U21_EPA_CPDat_Uv_Absorber,,,,,,
MOL_B_003561,COC(=O)c1cc(NC(=O)c2cccs2)ccc1O,group_B,U21_EPA_CPDat_Uv_Absorber,,,,,,
MOL_B_003562,COC(=O)c1cc(NC(C)=O)ccc1O,group_B,U21_EPA_CPDat_Uv_Absorber,,,,,,
MOL_B_003563,COC(=O)c1cc(O)c(Br)c(O)c1,group_B,U21_EPA_CPDat_Uv_Absorber,,,,,,
MOL_B_003564,COC(=O)c1cc(O)c(C(=O)OC)c(C(=O)OC)c1,group_B,U21_EPA_CPDat_Uv_Absorber,,,,,,
MOL_B_003565,COC(=O)c1cc(O)c(C)c(O)c1,group_B,U21_EPA_CPDat_Uv_Absorber,,,,,,
MOL_B_003566,COC(=O)c1cc(O)c(I)c(O)c1,group_B,U21_EPA_CPDat_Uv_Absorber,,,,,,
MOL_B_003567,COC(=O)c1cc(O)c(NC(C)=O)c(O)c1,group_B,U21_EPA_CPDat_Uv_Absorber,,,,,,
MOL_B_003568,COC(=O)c1cc(O)c(O)c(Br)c1,group_B,U21_EPA_CPDat_Uv_Absorber,,,,,,
MOL_B_003569,COC(=O)c1cc(O)c(O)c(Cl)c1,group_B,U21_EPA_CPDat_Uv_Absorber,,,,,,
MOL_B_003570,COC(=O)c1cc(O)c(O)c(O)c1,group_B,U21_EPA_CPDat_Uv_Absorber,,,,,,
MOL_B_003571,COC(=O)c1cc(O)c(O)c(OC(C)C)c1,group_B,U21_EPA_CPDat_Uv_Absorber,,,,,,
MOL_B_003572,COC(=O)c1cc(O)c(O)c(OC)c1,group_B,U21_EPA_CPDat_Uv_Absorber,,,,,,
MOL_B_003573,COC(=O)c1cc(O)c(O)c([N+](=O)[O-])c1,group_B,U21_EPA_CPDat_Uv_Absorber,,,,,,
MOL_B_003574,COC(=O)c1cc(O)c(O)cc1C(=O)OC,group_B,U21_EPA_CPDat_Uv_Absorber,,,,,,
MOL_B_003575,COC(=O)c1cc(O)c(OC)c(O)c1,group_B,U21_EPA_CPDat_Uv_Absorber,,,,,,
MOL_B_003576,COC(=O)c1cc(O)c(OC)c(OC)c1,group_B,U21_EPA_CPDat_Uv_Absorber,,,,,,
MOL_B_003577,COC(=O)c1cc(O)c(OC)cc1[N+](=O)[O-],group_B,U21_EPA_CPDat_Uv_Absorber,,,,,,
MOL_B_003578,COC(=O)c1cc(O)c2c(c1)CCCC2,group_B,U21_EPA_CPDat_Uv_Absorber,,,,,,
MOL_B_003579,COC(=O)c1cc(O)c2ccccc2c1-c1ccccc1,group_B,U21_EPA_CPDat_Uv_Absorber,,,,,,
MOL_B_003580,COC(=O)c1cc(O)c2ccccc2c1O,group_B,U21_EPA_CPDat_Uv_Absorber,,,,,,
MOL_B_003581,COC(=O)c1cc(O)cc(C#N)c1,group_B,U21_EPA_CPDat_Uv_Absorber,,,,,,
MOL_B_003582,COC(=O)c1cc(O)cc(C(=O)Cl)c1,group_B,U21_EPA_CPDat_Uv_Absorber,,,,,,
MOL_B_003583,COC(=O)c1cc(O)cc(C(=O)O)c1,group_B,U21_EPA_CPDat_Uv_Absorber,,,,,,
MOL_B_003584,COC(=O)c1cc(O)cc(C(=O)OC)c1,group_B,U21_EPA_CPDat_Uv_Absorber,,,,,,
MOL_B_003585,COC(=O)c1cc(O)cc(C(C)(C)C)c1,group_B,U21_EPA_CPDat_Uv_Absorber,,,,,,
MOL_B_003586,COC(=O)c1cc(O)cc(Cl)c1,group_B,U21_EPA_CPDat_Uv_Absorber,,,,,,
MOL_B_003587,COC(=O)c1cc(O)cc(F)c1,group_B,U21_EPA_CPDat_Uv_Absorber,,,,,,
MOL_B_003588,COC(=O)c1cc(O)cc(I)c1,group_B,U21_EPA_CPDat_Uv_Absorber,,,,,,
MOL_B_003589,COC(=O)c1cc(O)cc(NC(C)=O)c1,group_B,U21_EPA_CPDat_Uv_Absorber,,,,,,
MOL_B_003590,COC(=O)c1cc(O)cc(O)c1,group_B,U21_EPA_CPDat_Uv_Absorber,,,,,,
MOL_B_003591,COC(=O)c1cc(O)cc(O)c1C(=O)OC,group_B,U21_EPA_CPDat_Uv_Absorber,,,,,,
MOL_B_003592,COC(=O)c1cc(O)cc(O)c1O,group_B,U21_EPA_CPDat_Uv_Absorber,,,,,,
MOL_B_003593,COC(=O)c1cc(O)cc(OC(C)C)c1,group_B,U21_EPA_CPDat_Uv_Absorber,,,,,,
MOL_B_003594,COC(=O)c1cc(O)cc(OC)c1,group_B,U21_EPA_CPDat_Uv_Absorber,,,,,,
MOL_B_003595,COC(=O)c1cc(O)cc(OC)c1C(=O)OC,group_B,U21_EPA_CPDat_Uv_Absorber,,,,,,
MOL_B_003596,COC(=O)c1cc(O)cc(OC)c1C(=O)c1c(O)c(Cl)c(C)c(Cl)c1O,group_B,U21_EPA_CPDat_Uv_Absorber,,,,,,
MOL_B_003597,COC(=O)c1cc(O)cc(OC)c1C(=O)c1c(O)cc(C)cc1O,group_B,U21_EPA_CPDat_Uv_Absorber,,,,,,
MOL_B_003598,COC(=O)c1cc(O)cc(OCc2ccccc2)c1,group_B,U21_EPA_CPDat_Uv_Absorber,,,,,,
MOL_B_003599,COC(=O)c1cc(O)cc2ccccc12,group_B,U21_EPA_CPDat_Uv_Absorber,,,,,,
MOL_B_003600,COC(=O)c1cc(O)ccc1C,group_B,U21_EPA_CPDat_Uv_Absorber,,,,,,
MOL_B_003601,COC(=O)c1cc(O)ccc1Cl,group_B,U21_EPA_CPDat_Uv_Absorber,,,,,,
MOL_B_003602,COC(=O)c1cc(O)ccc1F,group_B,U21_EPA_CPDat_Uv_Absorber,,,,,,
MOL_B_003603,COC(=O)c1cc(O)ccc1I,group_B,U21_EPA_CPDat_Uv_Absorber,,,,,,
MOL_B_003604,COC(=O)c1cc(O)ccc1NC(=O)C=Cc1ccc(O)c(O)c1,group_B,U21_EPA_CPDat_Uv_Absorber,,,,,,
MOL_B_003605,COC(=O)c1cc(O)ccc1O,group_B,U21_EPA_CPDat_Uv_Absorber,,,,,,
MOL_B_003606,COC(=O)c1cc(O)ccc1OC,group_B,U21_EPA_CPDat_Uv_Absorber,,,,,,
MOL_B_003607,COC(=O)c1cc(O)ccc1OCc1ccccc1,group_B,U21_EPA_CPDat_Uv_Absorber,,,,,,
MOL_B_003608,COC(=O)c1cc(O)ccc1[N+](=O)[O-],group_B,U21_EPA_CPDat_Uv_Absorber,,,,,,
MOL_B_003609,COC(=O)c1cc(OC)c(O)c([N+](=O)[O-])c1,group_B,U21_EPA_CPDat_Uv_Absorber,,,,,,
MOL_B_003610,COC(=O)c1cc(OC)c(O)cc1N=[N+]=[N-],group_B,U21_EPA_CPDat_Uv_Absorber,,,,,,
MOL_B_003611,COC(=O)c1cc(OC)c(O)cc1[N+](=O)[O-],group_B,U21_EPA_CPDat_Uv_Absorber,,,,,,
MOL_B_003612,COC(=O)c1cc(OC)cc(O)c1C(=O)OC,group_B,U21_EPA_CPDat_Uv_Absorber,,,,,,
MOL_B_003613,COC(=O)c1cc(OC)cc(O)c1[N+](=O)[O-],group_B,U21_EPA_CPDat_Uv_Absorber,,,,,,
MOL_B_003614,COC(=O)c1cc(OC)cc(OC)c1C(=O)c1ccccc1,group_B,U21_EPA_CPDat_Uv_Absorber,,,,,,
MOL_B_003615,COC(=O)c1cc(OC)cc([N+](=O)[O-])c1O,group_B,U21_EPA_CPDat_Uv_Absorber,,,,,,
MOL_B_003616,COC(=O)c1cc(OC)ccc1O,group_B,U21_EPA_CPDat_Uv_Absorber,,,,,,
MOL_B_003617,COC(=O)c1cc(OCc2cc(O)cc(COc3cc(C(=O)OC)cc(C(=O)OC)c3)c2)cc(C(=O)OC)c1,group_B,U21_EPA_CPDat_Uv_Absorber,,,,,,
MOL_B_003618,COC(=O)c1cc(OCc2ccc(C(=O)c3ccccc3)cc2)cc(OCc2ccc(C(=O)c3ccccc3)cc2)c1,group_B,U21_EPA_CPDat_Uv_Absorber,,,,,,
MOL_B_003619,COC(=O)c1cc(OCc2ccccc2)ccc1O,group_B,U21_EPA_CPDat_Uv_Absorber,,,,,,
MOL_B_003620,COC(=O)c1cc(Oc2ccc(O)c(C(=O)OC)c2)ccc1O,group_B,U21_EPA_CPDat_Uv_Absorber,,,,,,
MOL_B_003621,COC(=O)c1cc(S(=O)(=O)Cl)ccc1O,group_B,U21_EPA_CPDat_Uv_Absorber,,,,,,
MOL_B_003622,COC(=O)c1cc(S(C)(=O)=O)ccc1O,group_B,U21_EPA_CPDat_Uv_Absorber,,,,,,
MOL_B_003623,COC(=O)c1cc([N+](=O)[O-])c(NC(C)=O)cc1O,group_B,U21_EPA_CPDat_Uv_Absorber,,,,,,
MOL_B_003624,COC(=O)c1cc([N+](=O)[O-])c(O)c([N+](=O)[O-])c1,group_B,U21_EPA_CPDat_Uv_Absorber,,,,,,
MOL_B_003625,COC(=O)c1cc([N+](=O)[O-])c(O)cc1O,group_B,U21_EPA_CPDat_Uv_Absorber,,,,,,
MOL_B_003626,COC(=O)c1cc([N+](=O)[O-])cc([N+](=O)[O-])c1O,group_B,U21_EPA_CPDat_Uv_Absorber,,,,,,
MOL_B_003627,COC(=O)c1cc([N+](=O)[O-])ccc1O,group_B,U21_EPA_CPDat_Uv_Absorber,,,,,,
MOL_B_003628,COC(=O)c1cc2cccc(O)c2cc1O,group_B,U21_EPA_CPDat_Uv_Absorber,,,,,,
MOL_B_003629,COC(=O)c1cc2ccccc2c(N=O)c1O,group_B,U21_EPA_CPDat_Uv_Absorber,,,,,,
MOL_B_003630,COC(=O)c1cc2ccccc2cc1O,group_B,U21_EPA_CPDat_Uv_Absorber,,,,,,
MOL_B_003631,COC(=O)c1ccc(-c2cc(C)cc(O)c2)cc1,group_B,U21_EPA_CPDat_Uv_Absorber,,,,,,
MOL_B_003632,COC(=O)c1ccc(-c2cc(O)cc(Br)c2)cc1,group_B,U21_EPA_CPDat_Uv_Absorber,,,,,,
MOL_B_003633,COC(=O)c1ccc(-c2cc(O)cc(Br)c2)cc1Cl,group_B,U21_EPA_CPDat_Uv_Absorber,,,,,,
MOL_B_003634,COC(=O)c1ccc(-c2cc(O)cc(Br)c2)cc1F,group_B,U21_EPA_CPDat_Uv_Absorber,,,,,,
MOL_B_003635,COC(=O)c1ccc(-c2cc(O)cc(C#N)c2)cc1,group_B,U21_EPA_CPDat_Uv_Absorber,,,,,,
MOL_B_003636,COC(=O)c1ccc(-c2cc(O)cc(C(=O)O)c2)cc1,group_B,U21_EPA_CPDat_Uv_Absorber,,,,,,
MOL_B_003637,COC(=O)c1ccc(-c2cc(O)cc(Cl)c2)cc1,group_B,U21_EPA_CPDat_Uv_Absorber,,,,,,
MOL_B_003638,COC(=O)c1ccc(-c2cc(O)cc(Cl)c2)cc1Cl,group_B,U21_EPA_CPDat_Uv_Absorber,,,,,,
MOL_B_003639,COC(=O)c1ccc(-c2cc(O)cc(Cl)c2)cc1F,group_B,U21_EPA_CPDat_Uv_Absorber,,,,,,
MOL_B_003640,COC(=O)c1ccc(-c2cc(O)cc(F)c2)cc1,group_B,U21_EPA_CPDat_Uv_Absorber,,,,,,
MOL_B_003641,COC(=O)c1ccc(-c2cc(O)cc(F)c2)cc1Cl,group_B,U21_EPA_CPDat_Uv_Absorber,,,,,,
MOL_B_003642,COC(=O)c1ccc(-c2cc(O)cc(F)c2)cc1F,group_B,U21_EPA_CPDat_Uv_Absorber,,,,,,
MOL_B_003643,COC(=O)c1ccc(-c2cc(O)cc(OC)c2)cc1,group_B,U21_EPA_CPDat_Uv_Absorber,,,,,,
MOL_B_003644,COC(=O)c1ccc(-c2ccc(C#N)c(O)c2)cc1,group_B,U21_EPA_CPDat_Uv_Absorber,,,,,,
MOL_B_003645,COC(=O)c1ccc(-c2ccc(C(=O)O)c(O)c2)cc1,group_B,U21_EPA_CPDat_Uv_Absorber,,,,,,
MOL_B_003646,COC(=O)c1ccc(-c2ccc(C(=O)O)cc2O)cc1,group_B,U21_EPA_CPDat_Uv_Absorber,,,,,,
MOL_B_003647,COC(=O)c1ccc(-c2ccc(C)c(O)c2)cc1,group_B,U21_EPA_CPDat_Uv_Absorber,,,,,,
MOL_B_003648,COC(=O)c1ccc(-c2ccc(C=O)c(O)c2)cc1,group_B,U21_EPA_CPDat_Uv_Absorber,,,,,,
MOL_B_003649,COC(=O)c1ccc(-c2ccc(Cl)c(O)c2)cc1,group_B,U21_EPA_CPDat_Uv_Absorber,,,,,,
MOL_B_003650,COC(=O)c1ccc(-c2ccc(Cl)c(O)c2)cc1Cl,group_B,U21_EPA_CPDat_Uv_Absorber,,,,,,
MOL_B_003651,COC(=O)c1ccc(-c2ccc(Cl)c(O)c2)cc1F,group_B,U21_EPA_CPDat_Uv_Absorber,,,,,,
MOL_B_003652,COC(=O)c1ccc(-c2ccc(F)c(O)c2)cc1,group_B,U21_EPA_CPDat_Uv_Absorber,,,,,,
MOL_B_003653,COC(=O)c1ccc(-c2ccc(F)c(O)c2)cc1Cl,group_B,U21_EPA_CPDat_Uv_Absorber,,,,,,
MOL_B_003654,COC(=O)c1ccc(-c2ccc(F)c(O)c2)cc1F,group_B,U21_EPA_CPDat_Uv_Absorber,,,,,,
MOL_B_003655,COC(=O)c1ccc(-c2ccc(O)c(C#N)c2)cc1,group_B,U21_EPA_CPDat_Uv_Absorber,,,,,,
MOL_B_003656,COC(=O)c1ccc(-c2ccc(O)c(C)c2)cc1,group_B,U21_EPA_CPDat_Uv_Absorber,,,,,,
MOL_B_003657,COC(=O)c1ccc(-c2ccc(O)c(C=O)c2)cc1,group_B,U21_EPA_CPDat_Uv_Absorber,,,,,,
MOL_B_003658,COC(=O)c1ccc(-c2ccc(O)c(Cl)c2)cc1,group_B,U21_EPA_CPDat_Uv_Absorber,,,,,,
MOL_B_003659,COC(=O)c1ccc(-c2ccc(O)c(Cl)c2)cc1Cl,group_B,U21_EPA_CPDat_Uv_Absorber,,,,,,
MOL_B_003660,COC(=O)c1ccc(-c2ccc(O)c(Cl)c2)cc1F,group_B,U21_EPA_CPDat_Uv_Absorber,,,,,,
MOL_B_003661,COC(=O)c1ccc(-c2ccc(O)c(F)c2)cc1,group_B,U21_EPA_CPDat_Uv_Absorber,,,,,,
MOL_B_003662,COC(=O)c1ccc(-c2ccc(O)c(F)c2)cc1Cl,group_B,U21_EPA_CPDat_Uv_Absorber,,,,,,
MOL_B_003663,COC(=O)c1ccc(-c2ccc(O)c(F)c2)cc1F,group_B,U21_EPA_CPDat_Uv_Absorber,,,,,,
MOL_B_003664,COC(=O)c1ccc(-c2ccc(O)c(OC)c2)cc1,group_B,U21_EPA_CPDat_Uv_Absorber,,,,,,
MOL_B_003665,COC(=O)c1ccc(-c2ccc(O)c([N+](=O)[O-])c2)cc1,group_B,U21_EPA_CPDat_Uv_Absorber,,,,,,
MOL_B_003666,COC(=O)c1ccc(-c2ccc(O)cc2)c(F)c1,group_B,U21_EPA_CPDat_Uv_Absorber,,,,,,
MOL_B_003667,COC(=O)c1ccc(-c2ccc(O)cc2)cc1,group_B,U21_EPA_CPDat_Uv_Absorber,,,,,,
MOL_B_003668,COC(=O)c1ccc(-c2ccc(O)cc2)cc1Cl,group_B,U21_EPA_CPDat_Uv_Absorber,,,,,,
MOL_B_003669,COC(=O)c1ccc(-c2ccc(O)cc2)cc1F,group_B,U21_EPA_CPDat_Uv_Absorber,,,,,,
MOL_B_003670,COC(=O)c1ccc(-c2ccc(OC)c(O)c2)cc1,group_B,U21_EPA_CPDat_Uv_Absorber,,,,,,
MOL_B_003671,COC(=O)c1ccc(-c2cccc(C=O)c2O)cc1,group_B,U21_EPA_CPDat_Uv_Absorber,,,,,,
MOL_B_003672,COC(=O)c1ccc(-c2cccc(O)c2)c(F)c1,group_B,U21_EPA_CPDat_Uv_Absorber,,,,,,
MOL_B_003673,COC(=O)c1ccc(-c2cccc(O)c2)cc1,group_B,U21_EPA_CPDat_Uv_Absorber,,,,,,
MOL_B_003674,COC(=O)c1ccc(-c2cccc(O)c2)cc1Cl,group_B,U21_EPA_CPDat_Uv_Absorber,,,,,,
MOL_B_003675,COC(=O)c1ccc(-c2cccc(O)c2)cc1F,group_B,U21_EPA_CPDat_Uv_Absorber,,,,,,
MOL_B_003676,COC(=O)c1ccc(-c2ccccc2)c(O)c1,group_B,U21_EPA_CPDat_Uv_Absorber,,,,,,
MOL_B_003677,COC(=O)c1ccc(-c2ccccc2)cc1O,group_B,U21_EPA_CPDat_Uv_Absorber,,,,,,
MOL_B_003678,COC(=O)c1ccc(-c2ccccc2O)c(F)c1,group_B,U21_EPA_CPDat_Uv_Absorber,,,,,,
MOL_B_003679,COC(=O)c1ccc(-c2ccccc2O)cc1,group_B,U21_EPA_CPDat_Uv_Absorber,,,,,,
MOL_B_003680,COC(=O)c1ccc(-c2ccccc2O)cc1Cl,group_B,U21_EPA_CPDat_Uv_Absorber,,,,,,
MOL_B_003681,COC(=O)c1ccc(-c2ccccc2O)cc1F,group_B,U21_EPA_CPDat_Uv_Absorber,,,,,,
MOL_B_003682,COC(=O)c1ccc(Br)c(O)c1,group_B,U21_EPA_CPDat_Uv_Absorber,,,,,,
MOL_B_003683,COC(=O)c1ccc(Br)cc1O,group_B,U21_EPA_CPDat_Uv_Absorber,,,,,,
MOL_B_003684,COC(=O)c1ccc(C#N)c(O)c1,group_B,U21_EPA_CPDat_Uv_Absorber,,,,,,
MOL_B_003685,COC(=O)c1ccc(C(=O)O)c(O)c1,group_B,U21_EPA_CPDat_Uv_Absorber,,,,,,
MOL_B_003686,COC(=O)c1ccc(C(C)=O)c(O)c1,group_B,U21_EPA_CPDat_Uv_Absorber,,,,,,
MOL_B_003687,COC(=O)c1ccc(C(C)=O)cc1O,group_B,U21_EPA_CPDat_Uv_Absorber,,,,,,
MOL_B_003688,COC(=O)c1ccc(C)c(C(=O)OC)c1O,group_B,U21_EPA_CPDat_Uv_Absorber,,,,,,
MOL_B_003689,COC(=O)c1ccc(C)cc1,group_B,U07_ICE_Sensitization;U09_HPPT,,,,,1.0,
MOL_B_003690,COC(=O)c1ccc(C)cc1O,group_B,U21_EPA_CPDat_Uv_Absorber,,,,,,
MOL_B_003691,COC(=O)c1ccc(C2(c3ccc(O)cc3)CC3CCC2C3)cc1,group_B,U21_EPA_CPDat_Uv_Absorber,,,,,,
MOL_B_003692,COC(=O)c1ccc(C2CCCCN2)cc1OC,group_B,U21_EPA_CPDat_Uv_Absorber,,,,,,
MOL_B_003693,COC(=O)c1ccc(C=O)c(O)c1,group_B,U21_EPA_CPDat_Uv_Absorber,,,,,,
MOL_B_003694,COC(=O)c1ccc(C=O)cc1O,group_B,U21_EPA_CPDat_Uv_Absorber,,,,,,
MOL_B_003695,COC(=O)c1ccc(Cl)c(-c2ccc(O)cc2)c1,group_B,U21_EPA_CPDat_Uv_Absorber,,,,,,
MOL_B_003696,COC(=O)c1ccc(Cl)c(-c2cccc(O)c2)c1,group_B,U21_EPA_CPDat_Uv_Absorber,,,,,,
MOL_B_003697,COC(=O)c1ccc(Cl)c(-c2ccccc2O)c1,group_B,U21_EPA_CPDat_Uv_Absorber,,,,,,
MOL_B_003698,COC(=O)c1ccc(Cl)c(O)c1,group_B,U21_EPA_CPDat_Uv_Absorber,,,,,,
MOL_B_003699,COC(=O)c1ccc(F)c(-c2ccc(O)cc2)c1,group_B,U21_EPA_CPDat_Uv_Absorber,,,,,,
MOL_B_003700,COC(=O)c1ccc(F)c(-c2cccc(O)c2)c1,group_B,U21_EPA_CPDat_Uv_Absorber,,,,,,
MOL_B_003701,COC(=O)c1ccc(F)c(-c2ccccc2O)c1,group_B,U21_EPA_CPDat_Uv_Absorber,,,,,,
MOL_B_003702,COC(=O)c1ccc(F)c(O)c1,group_B,U21_EPA_CPDat_Uv_Absorber,,,,,,
MOL_B_003703,COC(=O)c1ccc(F)c(O)c1O,group_B,U21_EPA_CPDat_Uv_Absorber,,,,,,
MOL_B_003704,COC(=O)c1ccc(F)cc1O,group_B,U21_EPA_CPDat_Uv_Absorber,,,,,,
MOL_B_003705,COC(=O)c1ccc(I)c(O)c1,group_B,U21_EPA_CPDat_Uv_Absorber,,,,,,
MOL_B_003706,COC(=O)c1ccc(I)cc1O,group_B,U21_EPA_CPDat_Uv_Absorber,,,,,,
MOL_B_003707,COC(=O)c1ccc(N)c(C(=O)c2ccccc2)c1,group_B,U21_EPA_CPDat_Uv_Absorber,,,,,,
MOL_B_003708,COC(=O)c1ccc(N)cc1,group_B,U07_ICE_Sensitization;U09_HPPT;U12_SkinPiX,,,,-4.735,1.0,
MOL_B_003709,COC(=O)c1ccc(NC(C)=O)cc1O,group_B,U21_EPA_CPDat_Uv_Absorber,,,,,,
MOL_B_003710,COC(=O)c1ccc(O)c(Br)c1,group_B,U21_EPA_CPDat_Uv_Absorber,,,,,,
MOL_B_003711,COC(=O)c1ccc(O)c(C#N)c1,group_B,U21_EPA_CPDat_Uv_Absorber,,,,,,
MOL_B_003712,COC(=O)c1ccc(O)c(C(=O)OC)c1,group_B,U21_EPA_CPDat_Uv_Absorber,,,,,,
MOL_B_003713,COC(=O)c1ccc(O)c(C(=O)OC)c1C(=O)OC,group_B,U21_EPA_CPDat_Uv_Absorber,,,,,,
MOL_B_003714,COC(=O)c1ccc(O)c(C(=O)c2cccc(OC)c2)c1,group_B,U21_EPA_CPDat_Uv_Absorber,,,,,,
MOL_B_003715,COC(=O)c1ccc(O)c(C(C)(C)C)c1,group_B,U21_EPA_CPDat_Uv_Absorber,,,,,,
MOL_B_003716,COC(=O)c1ccc(O)c(C(C)=O)c1,group_B,U21_EPA_CPDat_Uv_Absorber,,,,,,
MOL_B_003717,COC(=O)c1ccc(O)c(C(C)C)c1O,group_B,U21_EPA_CPDat_Uv_Absorber,,,,,,
MOL_B_003718,COC(=O)c1ccc(O)c(C)c1,group_B,U21_EPA_CPDat_Uv_Absorber,,,,,,
MOL_B_003719,COC(=O)c1ccc(O)c(C)c1O,group_B,U21_EPA_CPDat_Uv_Absorber,,,,,,
MOL_B_003720,COC(=O)c1ccc(O)c(C=C(C)C)c1,group_B,U21_EPA_CPDat_Uv_Absorber,,,,,,
MOL_B_003721,COC(=O)c1ccc(O)c(C=O)c1,group_B,U21_EPA_CPDat_Uv_Absorber,,,,,,
MOL_B_003722,COC(=O)c1ccc(O)c(Cc2cccc3ccccc23)c1,group_B,U21_EPA_CPDat_Uv_Absorber,,,,,,
MOL_B_003723,COC(=O)c1ccc(O)c(Cl)c1,group_B,U21_EPA_CPDat_Uv_Absorber,,,,,,
MOL_B_003724,COC(=O)c1ccc(O)c(F)c1,group_B,U21_EPA_CPDat_Uv_Absorber,,,,,,
MOL_B_003725,COC(=O)c1ccc(O)c(I)c1,group_B,U21_EPA_CPDat_Uv_Absorber,,,,,,
MOL_B_003726,COC(=O)c1ccc(O)c(OCC2CC2)c1,group_B,U21_EPA_CPDat_Uv_Absorber,,,,,,
MOL_B_003727,COC(=O)c1ccc(O)c([N+](=O)[O-])c1,group_B,U21_EPA_CPDat_Uv_Absorber,,,,,,
MOL_B_003728,COC(=O)c1ccc(O)c([N+](=O)[O-])c1O,group_B,U21_EPA_CPDat_Uv_Absorber,,,,,,
MOL_B_003729,COC(=O)c1ccc(O)c2ccccc12,group_B,U21_EPA_CPDat_Uv_Absorber,,,,,,
MOL_B_003730,COC(=O)c1ccc(O)cc1Br,group_B,U21_EPA_CPDat_Uv_Absorber,,,,,,
MOL_B_003731,COC(=O)c1ccc(O)cc1C,group_B,U21_EPA_CPDat_Uv_Absorber,,,,,,
MOL_B_003732,COC(=O)c1ccc(O)cc1C(=O)OC,group_B,U21_EPA_CPDat_Uv_Absorber,,,,,,
MOL_B_003733,COC(=O)c1ccc(O)cc1Cl,group_B,U21_EPA_CPDat_Uv_Absorber,,,,,,
MOL_B_003734,COC(=O)c1ccc(O)cc1F,group_B,U21_EPA_CPDat_Uv_Absorber,,,,,,
MOL_B_003735,COC(=O)c1ccc(O)cc1O,group_B,U21_EPA_CPDat_Uv_Absorber,,,,,,
MOL_B_003736,COC(=O)c1ccc(O)cc1OC,group_B,U21_EPA_CPDat_Uv_Absorber,,,,,,
MOL_B_003737,COC(=O)c1ccc(O)cc1[N+](=O)[O-],group_B,U21_EPA_CPDat_Uv_Absorber,,,,,,
MOL_B_003738,COC(=O)c1ccc(OC)c(C)c1O,group_B,U21_EPA_CPDat_Uv_Absorber,,,,,,
MOL_B_003739,COC(=O)c1ccc(OC)c(O)c1,group_B,U21_EPA_CPDat_Uv_Absorber,,,,,,
MOL_B_003740,COC(=O)c1ccc(OC)c(O)c1-c1c(C(=O)OC)ccc(OC)c1O,group_B,U21_EPA_CPDat_Uv_Absorber,,,,,,
MOL_B_003741,COC(=O)c1ccc(OC)c(O)c1O,group_B,U21_EPA_CPDat_Uv_Absorber,,,,,,
MOL_B_003742,COC(=O)c1ccc(OC)c(OCc2ccccc2)c1O,group_B,U21_EPA_CPDat_Uv_Absorber,,,,,,
MOL_B_003743,COC(=O)c1ccc(OC)cc1,group_B,U07_ICE_Sensitization;U09_HPPT,,,,,0.0,
MOL_B_003744,COC(=O)c1ccc(OC)cc1O,group_B,U21_EPA_CPDat_Uv_Absorber,,,,,,
MOL_B_003745,COC(=O)c1ccc(OC2CCNCC2)cc1,group_B,U21_EPA_CPDat_Uv_Absorber,,,,,,
MOL_B_003746,COC(=O)c1ccc(OCC(=O)c2ccc(O)cc2O)cc1,group_B,U21_EPA_CPDat_Uv_Absorber,,,,,,
MOL_B_003747,COC(=O)c1ccc(OCC(F)F)cc1O,group_B,U21_EPA_CPDat_Uv_Absorber,,,,,,
MOL_B_003748,COC(=O)c1ccc(OCC2CCN(C)CC2)c(OC)c1,group_B,U21_EPA_CPDat_Uv_Absorber,,,,,,
MOL_B_003749,COC(=O)c1ccc(OCc2ccc(OC)cc2)cc1O,group_B,U21_EPA_CPDat_Uv_Absorber,,,,,,
MOL_B_003750,COC(=O)c1ccc(SC)cc1O,group_B,U21_EPA_CPDat_Uv_Absorber,,,,,,
MOL_B_003751,COC(=O)c1ccc([N+](=O)[O-])c(OC)c1O,group_B,U21_EPA_CPDat_Uv_Absorber,,,,,,
MOL_B_003752,COC(=O)c1ccc([N+](=O)[O-])cc1O,group_B,U21_EPA_CPDat_Uv_Absorber,,,,,,
MOL_B_003753,COC(=O)c1ccc2c(C3CCCCC3)c(-c3ccccc3O)[nH]c2c1,group_B,U21_EPA_CPDat_Uv_Absorber,,,,,,
MOL_B_003754,COC(=O)c1ccc2c(c1)[nH]c(=O)n2C1CCNCC1,group_B,U21_EPA_CPDat_Uv_Absorber,,,,,,
MOL_B_003755,COC(=O)c1ccc2ccc(O)cc2c1,group_B,U21_EPA_CPDat_Uv_Absorber,,,,,,
MOL_B_003756,COC(=O)c1ccc2ccc(O)cc2c1C(=O)OC,group_B,U21_EPA_CPDat_Uv_Absorber,,,,,,
MOL_B_003757,COC(=O)c1ccc2ccccc2c1O,group_B,U21_EPA_CPDat_Uv_Absorber,,,,,,
MOL_B_003758,COC(=O)c1ccc2sccc2c1O,group_B,U21_EPA_CPDat_Uv_Absorber,,,,,,
MOL_B_003759,COC(=O)c1cccc(-c2cc(C)cc(O)c2)c1,group_B,U21_EPA_CPDat_Uv_Absorber,,,,,,
MOL_B_003760,COC(=O)c1cccc(-c2cc(O)cc(Br)c2)c1,group_B,U21_EPA_CPDat_Uv_Absorber,,,,,,
MOL_B_003761,COC(=O)c1cccc(-c2cc(O)cc(C#N)c2)c1,group_B,U21_EPA_CPDat_Uv_Absorber,,,,,,
MOL_B_003762,COC(=O)c1cccc(-c2cc(O)cc(C(=O)O)c2)c1,group_B,U21_EPA_CPDat_Uv_Absorber,,,,,,
MOL_B_003763,COC(=O)c1cccc(-c2cc(O)cc(Cl)c2)c1,group_B,U21_EPA_CPDat_Uv_Absorber,,,,,,
MOL_B_003764,COC(=O)c1cccc(-c2cc(O)cc(F)c2)c1,group_B,U21_EPA_CPDat_Uv_Absorber,,,,,,
MOL_B_003765,COC(=O)c1cccc(-c2cc(O)cc(OC)c2)c1,group_B,U21_EPA_CPDat_Uv_Absorber,,,,,,
MOL_B_003766,COC(=O)c1cccc(-c2ccc(C#N)c(O)c2)c1,group_B,U21_EPA_CPDat_Uv_Absorber,,,,,,
MOL_B_003767,COC(=O)c1cccc(-c2ccc(C(=O)O)c(O)c2)c1,group_B,U21_EPA_CPDat_Uv_Absorber,,,,,,
MOL_B_003768,COC(=O)c1cccc(-c2ccc(C(=O)O)cc2O)c1,group_B,U21_EPA_CPDat_Uv_Absorber,,,,,,
MOL_B_003769,COC(=O)c1cccc(-c2ccc(C)c(O)c2)c1,group_B,U21_EPA_CPDat_Uv_Absorber,,,,,,
MOL_B_003770,COC(=O)c1cccc(-c2ccc(C=O)c(O)c2)c1,group_B,U21_EPA_CPDat_Uv_Absorber,,,,,,
MOL_B_003771,COC(=O)c1cccc(-c2ccc(Cl)c(O)c2)c1,group_B,U21_EPA_CPDat_Uv_Absorber,,,,,,
MOL_B_003772,COC(=O)c1cccc(-c2ccc(F)c(O)c2)c1,group_B,U21_EPA_CPDat_Uv_Absorber,,,,,,
MOL_B_003773,COC(=O)c1cccc(-c2ccc(O)c(C#N)c2)c1,group_B,U21_EPA_CPDat_Uv_Absorber,,,,,,
MOL_B_003774,COC(=O)c1cccc(-c2ccc(O)c(C)c2)c1,group_B,U21_EPA_CPDat_Uv_Absorber,,,,,,
MOL_B_003775,COC(=O)c1cccc(-c2ccc(O)c(C=O)c2)c1,group_B,U21_EPA_CPDat_Uv_Absorber,,,,,,
MOL_B_003776,COC(=O)c1cccc(-c2ccc(O)c(Cl)c2)c1,group_B,U21_EPA_CPDat_Uv_Absorber,,,,,,
MOL_B_003777,COC(=O)c1cccc(-c2ccc(O)c(F)c2)c1,group_B,U21_EPA_CPDat_Uv_Absorber,,,,,,
MOL_B_003778,COC(=O)c1cccc(-c2ccc(O)c(OC)c2)c1,group_B,U21_EPA_CPDat_Uv_Absorber,,,,,,
MOL_B_003779,COC(=O)c1cccc(-c2ccc(O)c([N+](=O)[O-])c2)c1,group_B,U21_EPA_CPDat_Uv_Absorber,,,,,,
MOL_B_003780,COC(=O)c1cccc(-c2ccc(O)cc2)c1,group_B,U21_EPA_CPDat_Uv_Absorber,,,,,,
MOL_B_003781,COC(=O)c1cccc(-c2ccc(OC)c(O)c2)c1,group_B,U21_EPA_CPDat_Uv_Absorber,,,,,,
MOL_B_003782,COC(=O)c1cccc(-c2cccc(C=O)c2O)c1,group_B,U21_EPA_CPDat_Uv_Absorber,,,,,,
MOL_B_003783,COC(=O)c1cccc(-c2cccc(O)c2)c1,group_B,U21_EPA_CPDat_Uv_Absorber,,,,,,
MOL_B_003784,COC(=O)c1cccc(-c2ccccc2O)c1,group_B,U21_EPA_CPDat_Uv_Absorber,,,,,,
MOL_B_003785,COC(=O)c1cccc(Br)c1O,group_B,U21_EPA_CPDat_Uv_Absorber,,,,,,
MOL_B_003786,COC(=O)c1cccc(C(=O)Cl)c1O,group_B,U21_EPA_CPDat_Uv_Absorber,,,,,,
MOL_B_003787,COC(=O)c1cccc(C(=O)OC)c1O,group_B,U21_EPA_CPDat_Uv_Absorber,,,,,,
MOL_B_003788,COC(=O)c1cccc(C)c1O,group_B,U21_EPA_CPDat_Uv_Absorber,,,,,,
MOL_B_003789,COC(=O)c1cccc(C2CCNCC2)c1,group_B,U21_EPA_CPDat_Uv_Absorber,,,,,,
MOL_B_003790,COC(=O)c1cccc(Cl)c1O,group_B,U21_EPA_CPDat_Uv_Absorber,,,,,,
MOL_B_003791,COC(=O)c1cccc(F)c1O,group_B,U21_EPA_CPDat_Uv_Absorber,,,,,,
MOL_B_003792,COC(=O)c1cccc(NC(=O)c2ccc([N+](=O)[O-])cc2)c1O,group_B,U21_EPA_CPDat_Uv_Absorber,,,,,,
MOL_B_003793,COC(=O)c1cccc(O)c1,group_B,U21_EPA_CPDat_Uv_Absorber,,,,,,
MOL_B_003794,COC(=O)c1cccc(O)c1C,group_B,U21_EPA_CPDat_Uv_Absorber,,,,,,
MOL_B_003795,COC(=O)c1cccc(O)c1C(=O)OC,group_B,U21_EPA_CPDat_Uv_Absorber,,,,,,
MOL_B_003796,COC(=O)c1cccc(O)c1C=O,group_B,U21_EPA_CPDat_Uv_Absorber,,,,,,
MOL_B_003797,COC(=O)c1cccc(O)c1Cl,group_B,U21_EPA_CPDat_Uv_Absorber,,,,,,
MOL_B_003798,COC(=O)c1cccc(O)c1O,group_B,U21_EPA_CPDat_Uv_Absorber,,,,,,
MOL_B_003799,COC(=O)c1cccc(O)c1OC,group_B,U21_EPA_CPDat_Uv_Absorber,,,,,,
MOL_B_003800,COC(=O)c1cccc(O)c1[N+](=O)[O-],group_B,U21_EPA_CPDat_Uv_Absorber,,,,,,
MOL_B_003801,COC(=O)c1cccc(OC2CCN(C(C)C)CC2)c1,group_B,U21_EPA_CPDat_Uv_Absorber,,,,,,
MOL_B_003802,COC(=O)c1cccc(OC2CCNCC2)c1,group_B,U21_EPA_CPDat_Uv_Absorber,,,,,,
MOL_B_003803,COC(=O)c1cccc(OCC2CCN(C(C)C)CC2)c1,group_B,U21_EPA_CPDat_Uv_Absorber,,,,,,
MOL_B_003804,COC(=O)c1cccc(OCC2CCNCC2)c1,group_B,U21_EPA_CPDat_Uv_Absorber,,,,,,
MOL_B_003805,COC(=O)c1cccc([N+](=O)[O-])c1O,group_B,U21_EPA_CPDat_Uv_Absorber,,,,,,
MOL_B_003806,COC(=O)c1cccc2c(O)cccc12,group_B,U21_EPA_CPDat_Uv_Absorber,,,,,,
MOL_B_003807,COC(=O)c1cccc2cc(O)ccc12,group_B,U21_EPA_CPDat_Uv_Absorber,,,,,,
MOL_B_003808,COC(=O)c1cccc2ccc(O)cc12,group_B,U21_EPA_CPDat_Uv_Absorber,,,,,,
MOL_B_003809,COC(=O)c1cccc2cccc(O)c12,group_B,U21_EPA_CPDat_Uv_Absorber,,,,,,
MOL_B_003810,COC(=O)c1ccccc1-c1ccc(O)cc1,group_B,U21_EPA_CPDat_Uv_Absorber,,,,,,
MOL_B_003811,COC(=O)c1ccccc1/N=C/CC(C)CCCC(C)(C)O,group_B,U07_ICE_Sensitization,,,,,0.0,
MOL_B_003812,COC(=O)c1ccccc1C(=O)c1c(O)cccc1OC,group_B,U21_EPA_CPDat_Uv_Absorber,,,,,,
MOL_B_003813,COC(=O)c1ccccc1C(=O)c1c(OC)cccc1OC,group_B,U21_EPA_CPDat_Uv_Absorber,,,,,,
MOL_B_003814,COC(=O)c1ccccc1C(=O)c1cc(C)c(O)c(C)c1,group_B,U21_EPA_CPDat_Uv_Absorber,,,,,,
MOL_B_003815,COC(=O)c1ccccc1C(=O)c1cccc(OC)c1,group_B,U21_EPA_CPDat_Uv_Absorber,,,,,,
MOL_B_003816,COC(=O)c1ccccc1C(=O)c1ccccc1,group_B,U21_EPA_CPDat_Uv_Absorber,,,,,,
MOL_B_003817,COC(=O)c1ccccc1C(c1ccc(O)cc1)c1ccc(O)cc1,group_B,U21_EPA_CPDat_Uv_Absorber,,,,,,
MOL_B_003818,COC(=O)c1ccccc1N,group_B,U07_ICE_Sensitization;U09_HPPT,,,,,0.0,
MOL_B_003819,COC(=O)c1ccccc1N=CC(C)Cc1ccc(C(C)C)cc1,group_B,U07_ICE_Sensitization;U09_HPPT,,,,,0.0,
MOL_B_003820,COC(=O)c1ccccc1N=CC=C(C)CCC=C(C)C,group_B,U07_ICE_Sensitization;U09_HPPT,,,,,0.0,
MOL_B_003821,COC(=O)c1ccccc1N=CC=Cc1ccccc1,group_B,U07_ICE_Sensitization,,,,,1.0,
MOL_B_003822,COC(=O)c1ccccc1N=Cc1ccc(O)c(OC)c1,group_B,U21_EPA_CPDat_Uv_Absorber,,,,,,
MOL_B_003823,COC(=O)c1ccccc1N=NC(C)Cc1ccc(C(C)(C)C)cc1,group_B,U07_ICE_Sensitization;U09_HPPT,,,,,0.0,
MOL_B_003824,COC(=O)c1ccccc1NC(=O)c1cc(O)ccc1O,group_B,U21_EPA_CPDat_Uv_Absorber,,,,,,
MOL_B_003825,COC(=O)c1ccccc1OC,group_B,U07_ICE_Sensitization;U09_HPPT,,,,,0.0,
MOL_B_003826,COC(=O)c1ccco1,group_B,U07_ICE_Sensitization;U09_HPPT,,,,,0.0,
MOL_B_003827,COC(C)(C)CCCC(C)C(C)O,group_B,U07_ICE_Sensitization;U09_HPPT,,,,,0.0,
MOL_B_003828,COC(C)(C)CCCC(C)CC=O,group_B,U07_ICE_Sensitization;U09_HPPT,,,,,0.0,
MOL_B_003829,COC(C)=O,group_B,U07_ICE_Sensitization;U09_HPPT,,,,,0.0,
MOL_B_003830,COC(C=C(C)CCC=C(C)C)OC,group_B,U07_ICE_Sensitization;U09_HPPT,,,,,0.0,
MOL_B_003831,COC(C=Cc1ccccc1)OC,group_B,U07_ICE_Sensitization;U09_HPPT,,,,,0.0,
MOL_B_003832,COC(CC(C)CCCC(C)(C)O)OC,group_B,U07_ICE_Sensitization;U09_HPPT,,,,,0.0,
MOL_B_003833,COC(CO)c1ccccc1,group_B,U07_ICE_Sensitization;U09_HPPT,,,,,0.0,
MOL_B_003834,COC(Cc1ccccc1)OC,group_B,U07_ICE_Sensitization;U09_HPPT,,,,,0.0,
MOL_B_003835,COC(OC)C(C)Cc1ccc(C(C)C)cc1,group_B,U07_ICE_Sensitization;U09_HPPT,,,,,0.0,
MOL_B_003836,COC(OC)C(C)c1ccccc1,group_B,U07_ICE_Sensitization;U09_HPPT,,,,,0.0,
MOL_B_003837,COC(OC)[Si]Oc1ccc(C(=O)c2ccc(O[Si]C(OC)OC)cc2O)c(O)c1,group_B,U21_EPA_CPDat_Uv_Absorber,,,,,,
MOL_B_003838,COC(OC)c1ccccc1,group_B,U07_ICE_Sensitization;U09_HPPT,,,,,0.0,
MOL_B_003839,COC1(C)CCC23CC1C(C)(C)C2CCC3C,group_B,U09_HPPT,,,,,0.0,
MOL_B_003840,COC1(C)CCCCCCCCCCC1,group_B,U07_ICE_Sensitization;U09_HPPT,,,,,0.0,
MOL_B_003841,COC1=CC(=O)CC(C)C12Oc1c(Cl)c(OC)cc(OC)c1C2=O,group_B,U09_HPPT,,,,,1.0,
MOL_B_003842,COC1=CC(=O)C[C@@H](C)[C@]12Oc1c(Cl)c(OC)cc(OC)c1C2=O,group_B,U07_ICE_Sensitization,,,,,1.0,
MOL_B_003843,COC1CC2CC1C1CC(C=O)CC21,group_B,U07_ICE_Sensitization;U09_HPPT,,,,,0.0,
MOL_B_003844,COC1CC2CCC1(C)C2(C)C,group_B,U09_HPPT,,,,,0.0,
MOL_B_003845,COC1CNCCC1N,group_B,U21_EPA_CPDat_Uv_Absorber,,,,,,
MOL_B_003846,COCC(C)Cc1ccccc1,group_B,U07_ICE_Sensitization;U09_HPPT,,,,,0.0,
MOL_B_003847,COCC(C)NC(=O)C1CCNCC1,group_B,U21_EPA_CPDat_Uv_Absorber,,,,,,
MOL_B_003848,COCC(C)O,group_B,U12_SkinPiX,,,,-7.571,,
MOL_B_003849,COCC(COC)(CC(C)C)C(C)C,group_B,U07_ICE_Irritation,,,,,,0.0
MOL_B_003850,COCCCN,group_B,U07_ICE_Irritation,,,,,,1.0
MOL_B_003851,COCCCNC1CCCN(C(=O)OC(C)(C)C)C1,group_B,U21_EPA_CPDat_Uv_Absorber,,,,,,
MOL_B_003852,COCCCNC1CCN(C(=O)OC(C)(C)C)CC1,group_B,U21_EPA_CPDat_Uv_Absorber,,,,,,
MOL_B_003853,COCCNC(=O)C1CCCNC1,group_B,U21_EPA_CPDat_Uv_Absorber,,,,,,
MOL_B_003854,COCCNC1CCCN(C(=O)OC(C)(C)C)C1,group_B,U21_EPA_CPDat_Uv_Absorber,,,,,,
MOL_B_003855,COCCNC1CCN(C(=O)OC(C)(C)C)CC1,group_B,U21_EPA_CPDat_Uv_Absorber,,,,,,
MOL_B_003856,COCCNC1CCN(C(C)=O)CC1,group_B,U21_EPA_CPDat_Uv_Absorber,,,,,,
MOL_B_003857,COCCOC(=O)CS,group_B,U07_ICE_Sensitization;U09_HPPT,,,,,1.0,
MOL_B_003858,COCCOC(=O)NC1CCNCC1,group_B,U21_EPA_CPDat_Uv_Absorber,,,,,,
MOL_B_003859,COCCOCCO,group_B,U07_ICE_Sensitization;U09_HPPT,,,,,0.0,
MOL_B_003860,COCCOCCOC(=O)c1cc(O)c(O)c(OC(=O)c2cc(O)c(O)c(O)c2)c1,group_B,U21_EPA_CPDat_Uv_Absorber,,,,,,
MOL_B_003861,COCCOCCOC(=O)c1ccc(O)cc1,group_B,U21_EPA_CPDat_Uv_Absorber,,,,,,
MOL_B_003862,COCCOCCOCCOC(=O)c1cc(O)c(O)c(OC(=O)c2cc(O)c(O)c(O)c2)c1,group_B,U21_EPA_CPDat_Uv_Absorber,,,,,,
MOL_B_003863,COCCOCCOCCOC(=O)c1ccc(O)cc1,group_B,U21_EPA_CPDat_Uv_Absorber,,,,,,
MOL_B_003864,COCCc1cc(O)cc(O)c1C(=O)c1ccccc1,group_B,U21_EPA_CPDat_Uv_Absorber,,,,,,
MOL_B_003865,COCCc1ccccc1,group_B,U07_ICE_Sensitization;U09_HPPT,,,,,0.0,
MOL_B_003866,COCOC(=O)c1cc(O)c(O)c(O)c1,group_B,U21_EPA_CPDat_Uv_Absorber,,,,,,
MOL_B_003867,COCOC(=O)c1ccccc1O,group_B,U21_EPA_CPDat_Uv_Absorber,,,,,,
MOL_B_003868,COCOC1CCCCCCCCCCC1,group_B,U07_ICE_Sensitization;U09_HPPT,,,,,0.0,
MOL_B_003869,COCOc1c(OC)cccc1C(=O)c1ccc(O)cc1,group_B,U21_EPA_CPDat_Uv_Absorber,,,,,,
MOL_B_003870,COCOc1cc(OC)ccc1C(=O)c1ccc(O)cc1,group_B,U21_EPA_CPDat_Uv_Absorber,,,,,,
MOL_B_003871,COCOc1ccc(C(=O)C=Cc2ccccc2)c(O)c1,group_B,U21_EPA_CPDat_Uv_Absorber,,,,,,
MOL_B_003872,COCOc1ccc(C(=O)c2ccc(OC)cc2)cc1,group_B,U21_EPA_CPDat_Uv_Absorber,,,,,,
MOL_B_003873,COCOc1ccc(C(C)=O)c(O)c1,group_B,U21_EPA_CPDat_Uv_Absorber,,,,,,
MOL_B_003874,COCOc1ccc(C=CC(=O)OC)cc1OCOC,group_B,U21_EPA_CPDat_Uv_Absorber,,,,,,
MOL_B_003875,COCOc1ccc(C=CC(=O)c2ccccc2O)cc1,group_B,U21_EPA_CPDat_Uv_Absorber,,,,,,
MOL_B_003876,COCOc1ccc(OC)cc1C(=O)c1ccc(O)cc1,group_B,U21_EPA_CPDat_Uv_Absorber,,,,,,
MOL_B_003877,COCOc1cccc(C(=O)c2cccc(OCOC)c2)c1,group_B,U21_EPA_CPDat_Uv_Absorber,,,,,,
MOL_B_003878,COCOc1ccccc1C(=O)c1ccc(O)cc1,group_B,U21_EPA_CPDat_Uv_Absorber,,,,,,
MOL_B_003879,COCc1cc(C(C)(C)C)cc(C(C)(C)C)c1O,group_B,U21_EPA_CPDat_Uv_Absorber,,,,,,
MOL_B_003880,COCc1cc(C(C)(C)C)cc(COC)c1O,group_B,U21_EPA_CPDat_Uv_Absorber,,,,,,
MOL_B_003881,CON(C)C(=O)Nc1ccc(C(=O)c2ccccc2)c(Cl)c1,group_B,U21_EPA_CPDat_Uv_Absorber,,,,,,
MOL_B_003882,CON(C)C(=O)Nc1ccc(C(=O)c2ccccc2)cc1,group_B,U21_EPA_CPDat_Uv_Absorber,,,,,,
MOL_B_003883,CONC(=O)Nc1ccc(C(=O)c2ccccc2)c(Cl)c1,group_B,U21_EPA_CPDat_Uv_Absorber,,,,,,
MOL_B_003884,COP(=O)(OC)OC=C(Cl)Cl,group_B,U12_SkinPiX,,,,-4.809666666666667,,
MOL_B_003885,COP1Oc2c(C(C)(C)C)cc(C(C)(C)C)c(O)c2O1,group_B,U21_EPA_CPDat_Uv_Absorber,,,,,,
MOL_B_003886,COS(C)(=O)=O,group_B,U07_ICE_Sensitization;U12_SkinPiX,,,,-5.605499999999999,1.0,
MOL_B_003887,CO[13c]1[13cH][13c](/C=C/C(=O)O)ccc1O,group_B,U21_EPA_CPDat_Uv_Absorber,,,,,,
MOL_B_003888,CO[C@@H]1C[C@H]2CC[C@]1(C)C2(C)C,group_B,U07_ICE_Sensitization,,,,,0.0,
MOL_B_003889,CO[C@]1(C)CC[C@@]23C[C@@H]1C(C)(C)[C@@H]2CC[C@H]3C,group_B,U07_ICE_Sensitization,,,,,0.0,
MOL_B_003890,CO[Si](CCCCl)(OC)OC,group_B,U07_ICE_Irritation,,,,,,0.0
MOL_B_003891,CO[Si](CCCOc1ccc(C(=O)c2ccccc2)c(O)c1)(OC)OC,group_B,U21_EPA_CPDat_Uv_Absorber,,,,,,
MOL_B_003892,COc1c(-c2ccccc2)c(C(=O)c2ccc(O)cc2)n2ccccc12,group_B,U21_EPA_CPDat_Uv_Absorber,,,,,,
MOL_B_003893,COc1c(C(=O)CCc2ccccc2)cc(C)c(O)c1C,group_B,U21_EPA_CPDat_Uv_Absorber,,,,,,
MOL_B_003894,COc1c(C(=O)c2cc(C(C)(C)C)cc(C(C)(C)C)c2OC)cc(C(C)(C)C)cc1C(C)(C)C,group_B,U21_EPA_CPDat_Uv_Absorber,,,,,,
MOL_B_003895,COc1c(C(=O)c2ccccc2)ccc(O)c1O,group_B,U21_EPA_CPDat_Uv_Absorber,,,,,,
MOL_B_003896,COc1c(C(=O)c2ccccc2)ccc2c1OCO2,group_B,U21_EPA_CPDat_Uv_Absorber,,,,,,
MOL_B_003897,COc1c(C(=O)c2ccccc2)ccc2ccccc12,group_B,U21_EPA_CPDat_Uv_Absorber,,,,,,
MOL_B_003898,COc1c(C(C)(C)C)cc(C(C)(C)C)c(O)c1O,group_B,U21_EPA_CPDat_Uv_Absorber,,,,,,
MOL_B_003899,COc1c(C(C)(C)C)cc(O)cc1C(C)(C)C,group_B,U21_EPA_CPDat_Uv_Absorber,,,,,,
MOL_B_003900,COc1c(C(C)(C)C)cc([N+](=O)[O-])c(C)c1[N+](=O)[O-],group_B,U07_ICE_Sensitization;U09_HPPT,,,,,0.0,
MOL_B_003901,COc1c(C(C)=O)ccc(O)c1C,group_B,U21_EPA_CPDat_Uv_Absorber,,,,,,
MOL_B_003902,COc1c(C(C)=O)ccc(O)c1O,group_B,U21_EPA_CPDat_Uv_Absorber,,,,,,
MOL_B_003903,COc1c(C)c(O)c(Cc2c(O)c(C)c(OC)c(C(=O)C(C)C)c2O)c(O)c1C(=O)C(C)C,group_B,U21_EPA_CPDat_Uv_Absorber,,,,,,
MOL_B_003904,COc1c(C)cnc(CCl)c1C,group_B,U07_ICE_Irritation,,,,,,1.0
MOL_B_003905,COc1c(CC#N)cccc1C(=O)c1ccccc1,group_B,U21_EPA_CPDat_Uv_Absorber,,,,,,
MOL_B_003906,COc1c(O)c(C=CC(=O)O)cc2ccoc12,group_B,U21_EPA_CPDat_Uv_Absorber,,,,,,
MOL_B_003907,COc1c(O)c(O)c(C(=O)C=Cc2ccccc2)c(O)c1OC,group_B,U21_EPA_CPDat_Uv_Absorber,,,,,,
MOL_B_003908,COc1c(O)cc(C(=O)c2ccccc2)cc1S(=O)(=O)O,group_B,U21_EPA_CPDat_Uv_Absorber,,,,,,
MOL_B_003909,COc1c(O)cc(C(C)=O)c(O)c1OC,group_B,U21_EPA_CPDat_Uv_Absorber,,,,,,
MOL_B_003910,COc1c(O)cc(O)c(C(=O)C=Cc2ccccc2)c1O,group_B,U21_EPA_CPDat_Uv_Absorber,,,,,,
MOL_B_003911,COc1c(O)cc(O)c(C(=O)C=Cc2ccccc2)c1OC,group_B,U21_EPA_CPDat_Uv_Absorber,,,,,,
MOL_B_003912,COc1c(O)ccc(C(=O)C=Cc2ccccc2)c1O,group_B,U21_EPA_CPDat_Uv_Absorber,,,,,,
MOL_B_003913,COc1c(O)ccc(C(=O)c2ccccc2)c1OC,group_B,U21_EPA_CPDat_Uv_Absorber,,,,,,
MOL_B_003914,COc1c(O)ccc(C(C)=O)c1O,group_B,U21_EPA_CPDat_Uv_Absorber,,,,,,
MOL_B_003915,COc1c(O)cccc1C(C)(C)C,group_B,U21_EPA_CPDat_Uv_Absorber,,,,,,
MOL_B_003916,COc1c(OCc2ccccc2)cc(C(C)=O)c(O)c1OC,group_B,U21_EPA_CPDat_Uv_Absorber,,,,,,
MOL_B_003917,COc1cc(-c2cc(OC)c(C(C)(C)C)cc2O)c(O)c(C(C)(C)C)c1,group_B,U21_EPA_CPDat_Uv_Absorber,,,,,,
MOL_B_003918,COc1cc(-c2cc(OC)c(C(C)(C)C)cc2O)c(O)cc1C(C)(C)C,group_B,U21_EPA_CPDat_Uv_Absorber,,,,,,
MOL_B_003919,COc1cc(-c2ccc(C(C)(C)C)cc2)ccc1O,group_B,U21_EPA_CPDat_Uv_Absorber,,,,,,
MOL_B_003920,COc1cc(-c2ccc(C(C)=O)cc2)ccc1O,group_B,U21_EPA_CPDat_Uv_Absorber,,,,,,
MOL_B_003921,COc1cc(-c2cccc(C(C)=O)c2)ccc1O,group_B,U21_EPA_CPDat_Uv_Absorber,,,,,,
MOL_B_003922,COc1cc(/C=C/C(=O)NCCCCNC(=O)/C=C/c2ccc(O)cc2)ccc1O,group_B,U21_EPA_CPDat_Uv_Absorber,,,,,,
MOL_B_003923,COc1cc(/C=C/C(=O)O)cc([N+](=O)[O-])c1O,group_B,U21_EPA_CPDat_Uv_Absorber,,,,,,
MOL_B_003924,COc1cc(/C=C/C(=O)OCC[N+](C)(C)C)cc(OC)c1O,group_B,U21_EPA_CPDat_Uv_Absorber,,,,,,
MOL_B_003925,COc1cc(/C=C/C(=O)OCCc2ccccc2)ccc1O,group_B,U21_EPA_CPDat_Uv_Absorber,,,,,,
MOL_B_003926,COc1cc(/C=C\C(=O)OC/C=C/c2ccc3c(c2)OCO3)cc(OC)c1OC,group_B,U21_EPA_CPDat_Uv_Absorber,,,,,,
MOL_B_003927,COc1cc(Br)c(C(=O)c2ccccc2)cc1OC,group_B,U21_EPA_CPDat_Uv_Absorber,,,,,,
MOL_B_003928,COc1cc(C#Cc2cc(C(C)(C)C)cc(C(C)(C)C)c2)c(C#Cc2cc(C(C)(C)C)cc(C(C)(C)C)c2)cc1O,group_B,U21_EPA_CPDat_Uv_Absorber,,,,,,
MOL_B_003929,COc1cc(C(=O)C(=O)O)ccc1O,group_B,U21_EPA_CPDat_Uv_Absorber,,,,,,
MOL_B_003930,COc1cc(C(=O)C(C)c2ccc(O)cc2)c(O)cc1O,group_B,U21_EPA_CPDat_Uv_Absorber,,,,,,
MOL_B_003931,COc1cc(C(=O)C(c2ccc(O)cc2)C(OC)OC)c(O)cc1O,group_B,U21_EPA_CPDat_Uv_Absorber,,,,,,
MOL_B_003932,COc1cc(C(=O)CC(=O)c2ccccc2O)cc(OC)c1OC,group_B,U21_EPA_CPDat_Uv_Absorber,,,,,,
MOL_B_003933,COc1cc(C(=O)CN(Cc2ccccc2)Cc2ccccc2)ccc1O,group_B,U21_EPA_CPDat_Uv_Absorber,,,,,,
MOL_B_003934,COc1cc(C(=O)COc2ccccc2OC)ccc1O,group_B,U21_EPA_CPDat_Uv_Absorber,,,,,,
MOL_B_003935,COc1cc(C(=O)NC2CCCNC2)cc(O)c1OC,group_B,U21_EPA_CPDat_Uv_Absorber,,,,,,
MOL_B_003936,COc1cc(C(=O)NC2CCCNC2)cc(OC)c1O,group_B,U21_EPA_CPDat_Uv_Absorber,,,,,,
MOL_B_003937,COc1cc(C(=O)NC2CCCNC2)cc(OC)c1OC,group_B,U21_EPA_CPDat_Uv_Absorber,,,,,,
MOL_B_003938,COc1cc(C(=O)NC2CCCNC2)cc(OS(=O)(=O)O)c1OC,group_B,U21_EPA_CPDat_Uv_Absorber,,,,,,
MOL_B_003939,COc1cc(C(=O)NC2CCN(C)CC2)ccc1[N+](=O)[O-],group_B,U21_EPA_CPDat_Uv_Absorber,,,,,,
MOL_B_003940,COc1cc(C(=O)OC(C)(C)C)cc(OC)c1O,group_B,U21_EPA_CPDat_Uv_Absorber,,,,,,
MOL_B_003941,COc1cc(C(=O)OC2CCN(C)CC2)cc(OC)c1OC,group_B,U21_EPA_CPDat_Uv_Absorber,,,,,,
MOL_B_003942,COc1cc(C(=O)OCCCCN=C(N)N)cc(OC)c1O,group_B,U21_EPA_CPDat_Uv_Absorber,,,,,,
MOL_B_003943,COc1cc(C(=O)Oc2ccccc2)cc(OC)c1O,group_B,U21_EPA_CPDat_Uv_Absorber,,,,,,
MOL_B_003944,COc1cc(C(=O)c2cc(Cl)ccc2O)cc(OC)c1OC,group_B,U21_EPA_CPDat_Uv_Absorber,,,,,,
MOL_B_003945,COc1cc(C(=O)c2ccc(C)cc2)cc([N+](=O)[O-])c1O,group_B,U21_EPA_CPDat_Uv_Absorber,,,,,,
MOL_B_003946,COc1cc(C(=O)c2ccc(Cl)cc2)cc(OC)c1O,group_B,U21_EPA_CPDat_Uv_Absorber,,,,,,
MOL_B_003947,COc1cc(C(=O)c2ccc(O)c(O)c2O)cc(OC)c1OC,group_B,U21_EPA_CPDat_Uv_Absorber,,,,,,
MOL_B_003948,COc1cc(C(=O)c2ccccc2)c(OC)c2ccccc12,group_B,U21_EPA_CPDat_Uv_Absorber,,,,,,
MOL_B_003949,COc1cc(C(=O)c2ccccc2)cc(OC)c1OC,group_B,U21_EPA_CPDat_Uv_Absorber,,,,,,
MOL_B_003950,COc1cc(C(=O)c2ccccc2)ccc1Cl,group_B,U21_EPA_CPDat_Uv_Absorber,,,,,,
MOL_B_003951,COc1cc(C(=O)c2ccccc2)ccc1F,group_B,U21_EPA_CPDat_Uv_Absorber,,,,,,
MOL_B_003952,COc1cc(C(=O)c2ccccc2)ccc1OCc1ccccc1,group_B,U21_EPA_CPDat_Uv_Absorber,,,,,,
MOL_B_003953,COc1cc(C(=O)c2ccccc2C(=O)O)ccc1O,group_B,U21_EPA_CPDat_Uv_Absorber,,,,,,
MOL_B_003954,COc1cc(C(C)(C)C)c(O)c(C(C)(C)C)c1,group_B,U21_EPA_CPDat_Uv_Absorber,,,,,,
MOL_B_003955,COc1cc(C(C)(C)C)c(O)cc1C(C)(C)C,group_B,U21_EPA_CPDat_Uv_Absorber,,,,,,
MOL_B_003956,COc1cc(C(C)(C)C)cc(OC)c1O,group_B,U21_EPA_CPDat_Uv_Absorber,,,,,,
MOL_B_003957,COc1cc(C(C)(C)C)ccc1O,group_B,U21_EPA_CPDat_Uv_Absorber,,,,,,
MOL_B_003958,COc1cc(C(C)(C)CC(C)(C)C)c(O)c(O)c1C(C)(C)CC(C)(C)C,group_B,U21_EPA_CPDat_Uv_Absorber,,,,,,
MOL_B_003959,COc1cc(C(C)(C)CC(C)(C)C)c(O)cc1C(C)(C)CC(C)(C)C,group_B,U21_EPA_CPDat_Uv_Absorber,,,,,,
MOL_B_003960,COc1cc(C(C)(C)c2ccc(O)c(OC)c2)ccc1O,group_B,U21_EPA_CPDat_Uv_Absorber,,,,,,
MOL_B_003961,COc1cc(C(C)(C)c2ccc(O)cc2)ccc1O,group_B,U21_EPA_CPDat_Uv_Absorber,,,,,,
MOL_B_003962,COc1cc(C(C)=O)c(O)c(OC)c1OC,group_B,U21_EPA_CPDat_Uv_Absorber,,,,,,
MOL_B_003963,COc1cc(C(C)=O)c(O)cc1C,group_B,U21_EPA_CPDat_Uv_Absorber,,,,,,
MOL_B_003964,COc1cc(C(C)=O)c(O)cc1O,group_B,U21_EPA_CPDat_Uv_Absorber,,,,,,
MOL_B_003965,COc1cc(C(C)=O)cc(O)c1O,group_B,U21_EPA_CPDat_Uv_Absorber,,,,,,
MOL_B_003966,COc1cc(C(C)=O)cc(O)c1OC,group_B,U21_EPA_CPDat_Uv_Absorber,,,,,,
MOL_B_003967,COc1cc(C(C)=O)cc(OC)c1O,group_B,U21_EPA_CPDat_Uv_Absorber,,,,,,
MOL_B_003968,COc1cc(C(C)c2ccc(O)c(OC)c2)ccc1O,group_B,U21_EPA_CPDat_Uv_Absorber,,,,,,
MOL_B_003969,COc1cc(C(C)c2ccccc2)c(O)c(C(C)c2ccccc2)c1,group_B,U21_EPA_CPDat_Uv_Absorber,,,,,,
MOL_B_003970,COc1cc(C(C)c2ccccc2)c(O)cc1C(C)c1ccccc1,group_B,U21_EPA_CPDat_Uv_Absorber,,,,,,
MOL_B_003971,COc1cc(C(c2ccc(O)c(OC)c2)c2ccccc2C(=O)O)ccc1O,group_B,U21_EPA_CPDat_Uv_Absorber,,,,,,
MOL_B_003972,COc1cc(C(c2ccccc2)c2ccccc2C(=O)O)ccc1O,group_B,U21_EPA_CPDat_Uv_Absorber,,,,,,
MOL_B_003973,COc1cc(C)c(C(=O)OC(C)(C)C)c(O)c1,group_B,U21_EPA_CPDat_Uv_Absorber,,,,,,
MOL_B_003974,COc1cc(C)c(C(=O)c2c(C)cc(O)cc2O)c(O)c1,group_B,U21_EPA_CPDat_Uv_Absorber,,,,,,
MOL_B_003975,COc1cc(C)c(C(=O)c2c(O)cc(C)cc2O)c(O)c1,group_B,U21_EPA_CPDat_Uv_Absorber,,,,,,
MOL_B_003976,COc1cc(C)c(C(=O)c2ccccc2)c(C)c1,group_B,U21_EPA_CPDat_Uv_Absorber,,,,,,
MOL_B_003977,COc1cc(C)cc(C(C)(C)C)c1O,group_B,U21_EPA_CPDat_Uv_Absorber,,,,,,
MOL_B_003978,COc1cc(C)ccc1O,group_B,U07_ICE_Sensitization,,,,,1.0,
MOL_B_003979,COc1cc(C=C(C#N)C(=O)O)ccc1O,group_B,U21_EPA_CPDat_Uv_Absorber,,,,,,
MOL_B_003980,COc1cc(C=C(C)C(=O)O)ccc1O,group_B,U21_EPA_CPDat_Uv_Absorber,,,,,,
MOL_B_003981,COc1cc(C=C(C=O)N2CCC(=O)CC2)ccc1O,group_B,U21_EPA_CPDat_Uv_Absorber,,,,,,
MOL_B_003982,COc1cc(C=C(O)C(=O)O)ccc1O,group_B,U21_EPA_CPDat_Uv_Absorber,,,,,,
MOL_B_003983,COc1cc(C=C(S)C(=O)O)ccc1O,group_B,U21_EPA_CPDat_Uv_Absorber,,,,,,
MOL_B_003984,COc1cc(C=CC(=O)Cl)ccc1O,group_B,U21_EPA_CPDat_Uv_Absorber,,,,,,
MOL_B_003985,COc1cc(C=CC(=O)O)c(Br)cc1O,group_B,U21_EPA_CPDat_Uv_Absorber,,,,,,
MOL_B_003986,COc1cc(C=CC(=O)O)cc(I)c1O,group_B,U21_EPA_CPDat_Uv_Absorber,,,,,,
MOL_B_003987,COc1cc(C=CC(=O)O)cc(OC)c1O,group_B,U21_EPA_CPDat_Uv_Absorber,,,,,,
MOL_B_003988,COc1cc(C=CC(=O)OC2CNCCN2)ccc1O,group_B,U21_EPA_CPDat_Uv_Absorber,,,,,,
MOL_B_003989,COc1cc(C=CC(=O)OCC(C)C)ccc1O,group_B,U21_EPA_CPDat_Uv_Absorber,,,,,,
MOL_B_003990,COc1cc(C=CC(=O)OCc2ccccc2)ccc1O,group_B,U21_EPA_CPDat_Uv_Absorber,,,,,,
MOL_B_003991,COc1cc(C=CC(=O)OCc2csc(-c3ccccc3)n2)ccc1OCC#N,group_B,U21_EPA_CPDat_Uv_Absorber,,,,,,
MOL_B_003992,COc1cc(C=CC(=O)c2ccc(O)cc2)ccc1O,group_B,U21_EPA_CPDat_Uv_Absorber,,,,,,
MOL_B_003993,COc1cc(C=CC(=O)c2ccc(O)cc2O)cc(OC)c1OC,group_B,U21_EPA_CPDat_Uv_Absorber,,,,,,
MOL_B_003994,COc1cc(C=CC(N)=O)cc(OC)c1O,group_B,U21_EPA_CPDat_Uv_Absorber,,,,,,
MOL_B_003995,COc1cc(C=CC=CC(=O)O)ccc1O,group_B,U21_EPA_CPDat_Uv_Absorber,,,,,,
MOL_B_003996,COc1cc(C=CCC=Cc2ccc(O)c(OC)c2)ccc1O,group_B,U21_EPA_CPDat_Uv_Absorber,,,,,,
MOL_B_003997,COc1cc(C=O)c(O)c(C(C)(C)C)c1,group_B,U21_EPA_CPDat_Uv_Absorber,,,,,,
MOL_B_003998,COc1cc(C=O)c(O)c(C(C)(C)c2ccccc2)c1,group_B,U21_EPA_CPDat_Uv_Absorber,,,,,,
MOL_B_003999,COc1cc(C=O)ccc1O,group_B,U07_ICE_Sensitization;U09_HPPT;U12_SkinPiX,,,,-5.7055,0.0,
MOL_B_004000,COc1cc(CC(=O)c2ccc(O)cc2O)ccc1O,group_B,U21_EPA_CPDat_Uv_Absorber,,,,,,
MOL_B_004001,COc1cc(CCC(C)=O)ccc1O,group_B,U07_ICE_Sensitization;U09_HPPT,,,,,0.0,
MOL_B_004002,COc1cc(CNC(=O)CCN2CCCCC2)ccc1O,group_B,U21_EPA_CPDat_Uv_Absorber,,,,,,
MOL_B_004003,COc1cc(Cc2ccc3c(c2)C(=O)c2ccccc2C3=O)ccc1O,group_B,U21_EPA_CPDat_Uv_Absorber,,,,,,
MOL_B_004004,COc1cc(Cl)c(C(=O)c2ccccc2)cc1OC,group_B,U21_EPA_CPDat_Uv_Absorber,,,,,,
MOL_B_004005,COc1cc(Cl)ccc1C(=O)c1ccccc1,group_B,U21_EPA_CPDat_Uv_Absorber,,,,,,
MOL_B_004006,COc1cc(I)cc(C=CC(=O)O)c1O,group_B,U21_EPA_CPDat_Uv_Absorber,,,,,,
MOL_B_004007,COc1cc(NC(=O)Nc2ccccc2)c(O)c(C(C)(C)C)c1,group_B,U21_EPA_CPDat_Uv_Absorber,,,,,,
MOL_B_004008,COc1cc(NC(C)=O)c(Cl)cc1C(=O)NC1CCNCC1,group_B,U21_EPA_CPDat_Uv_Absorber,,,,,,
MOL_B_004009,COc1cc(Nc2cc(C(C)(C)C)cc(C(C)(C)C)c2O)cc(OC)c1,group_B,U21_EPA_CPDat_Uv_Absorber,,,,,,
MOL_B_004010,COc1cc(Nc2ccccc2C(=O)c2ccccc2)ccc1O,group_B,U21_EPA_CPDat_Uv_Absorber,,,,,,
MOL_B_004011,COc1cc(O)c(C(=O)/C=C/c2cc(OC)c(OC)cc2OC)c(OC)c1,group_B,U21_EPA_CPDat_Uv_Absorber,,,,,,
MOL_B_004012,COc1cc(O)c(C(=O)C=Cc2ccc(OC)c(OC)c2)c(OC)c1,group_B,U21_EPA_CPDat_Uv_Absorber,,,,,,
MOL_B_004013,COc1cc(O)c(C(=O)CC(=O)c2ccccc2)c(OC)c1,group_B,U21_EPA_CPDat_Uv_Absorber,,,,,,
MOL_B_004014,COc1cc(O)c(C(=O)Oc2ccccc2)cc1OC,group_B,U21_EPA_CPDat_Uv_Absorber,,,,,,
MOL_B_004015,COc1cc(O)c(C(=O)c2cc(O)cc(O)c2)c(O)c1,group_B,U21_EPA_CPDat_Uv_Absorber,,,,,,
MOL_B_004016,COc1cc(O)c(C(=O)c2cc(S(=O)(=O)O)c(OC)cc2O)cc1S(=O)(=O)O,group_B,U21_EPA_CPDat_Uv_Absorber,,,,,,
MOL_B_004017,COc1cc(O)c(C(=O)c2cc(S(=O)(=O)[O-])c(OC)cc2O)cc1S(=O)(=O)[O-],group_B,U21_EPA_CPDat_Uv_Absorber,,,,,,
MOL_B_004018,COc1cc(O)c(C(=O)c2ccc(C)cc2)c(OC)c1,group_B,U21_EPA_CPDat_Uv_Absorber,,,,,,
MOL_B_004019,COc1cc(O)c(C(=O)c2ccc(OC)c(OC)c2)c(OC)c1,group_B,U21_EPA_CPDat_Uv_Absorber,,,,,,
MOL_B_004020,COc1cc(O)c(C(=O)c2ccc(OC)c(OC)c2)cc1O,group_B,U21_EPA_CPDat_Uv_Absorber,,,,,,
MOL_B_004021,COc1cc(O)c(C(=O)c2ccc(OC)c(S(=O)(=O)[O-])c2O)c(S(=O)(=O)[O-])c1,group_B,U21_EPA_CPDat_Uv_Absorber,,,,,,
MOL_B_004022,COc1cc(O)c(C(=O)c2cccc(O)c2O)c(OC)c1,group_B,U21_EPA_CPDat_Uv_Absorber,,,,,,
MOL_B_004023,COc1cc(O)c(C(=O)c2ccccc2)c(O)c1,group_B,U21_EPA_CPDat_Uv_Absorber,,,,,,
MOL_B_004024,COc1cc(O)c(C(=O)c2ccccc2)cc1Br,group_B,U21_EPA_CPDat_Uv_Absorber,,,,,,
MOL_B_004025,COc1cc(O)c(C(=O)c2ccccc2)cc1Cc1cc(C(=O)c2ccccc2)c(O)cc1OC,group_B,U21_EPA_CPDat_Uv_Absorber,,,,,,
MOL_B_004026,COc1cc(O)c(C(=O)c2ccccc2)cc1O,group_B,U21_EPA_CPDat_Uv_Absorber,,,,,,
MOL_B_004027,COc1cc(O)c(C(=O)c2ccccc2N)c(OC)c1,group_B,U21_EPA_CPDat_Uv_Absorber,,,,,,
MOL_B_004028,COc1cc(O)c(C(=O)c2ccccc2[N+](=O)[O-])c(OC)c1,group_B,U21_EPA_CPDat_Uv_Absorber,,,,,,
MOL_B_004029,COc1cc(O)c(C(C)=O)cc1Cc1ccccc1,group_B,U21_EPA_CPDat_Uv_Absorber,,,,,,
MOL_B_004030,COc1cc(O)c(C(C)=O)cc1O,group_B,U21_EPA_CPDat_Uv_Absorber,,,,,,
MOL_B_004031,COc1cc(O)c(C(C)=O)cc1OC,group_B,U21_EPA_CPDat_Uv_Absorber,,,,,,
MOL_B_004032,COc1cc(O)c(C(C)=O)cc1OCc1ccccc1,group_B,U21_EPA_CPDat_Uv_Absorber,,,,,,
MOL_B_004033,COc1cc(O)c(C(C)c2ccccc2)cc1C(C)c1ccccc1,group_B,U21_EPA_CPDat_Uv_Absorber,,,,,,
MOL_B_004034,COc1cc(O)c(C=CC(=O)O)cc1OC,group_B,U21_EPA_CPDat_Uv_Absorber,,,,,,
MOL_B_004035,COc1cc(O)c(Cc2ccccc2O)c(O)c1C(=O)CCc1ccccc1,group_B,U21_EPA_CPDat_Uv_Absorber,,,,,,
MOL_B_004036,COc1cc(O)c(OC)c(O)c1C(=O)C=Cc1ccccc1,group_B,U21_EPA_CPDat_Uv_Absorber,,,,,,
MOL_B_004037,COc1cc(O)c(S(=O)(=O)O)cc1C(=O)c1ccccc1,group_B,U21_EPA_CPDat_Uv_Absorber,,,,,,
MOL_B_004038,COc1cc(O)cc(-c2ccc(C(C)(C)C)cc2)c1,group_B,U21_EPA_CPDat_Uv_Absorber,,,,,,
MOL_B_004039,COc1cc(O)cc(-c2ccc(C(C)=O)cc2)c1,group_B,U21_EPA_CPDat_Uv_Absorber,,,,,,
MOL_B_004040,COc1cc(O)cc(-c2cccc(C(C)=O)c2)c1,group_B,U21_EPA_CPDat_Uv_Absorber,,,,,,
MOL_B_004041,COc1cc(O)cc(O)c1C(=O)c1cccc(O)c1,group_B,U21_EPA_CPDat_Uv_Absorber,,,,,,
MOL_B_004042,COc1cc(O)ccc1C(=O)C=Cc1ccc(O)cc1,group_B,U21_EPA_CPDat_Uv_Absorber,,,,,,
MOL_B_004043,COc1cc(O)ccc1C(=O)C=Cc1ccccc1,group_B,U21_EPA_CPDat_Uv_Absorber,,,,,,
MOL_B_004044,COc1cc(O)ccc1C(C)(C)C,group_B,U21_EPA_CPDat_Uv_Absorber,,,,,,
MOL_B_004045,COc1cc(O)ccc1C(C)c1ccccc1,group_B,U21_EPA_CPDat_Uv_Absorber,,,,,,
MOL_B_004046,COc1cc(O)ccc1CCC(c1ccc(O)cc1)c1cc(CCC(=O)c2ccc(O)cc2)c(O)cc1O,group_B,U21_EPA_CPDat_Uv_Absorber,,,,,,
MOL_B_004047,COc1cc(OC(=O)C=Cc2ccccc2)cc(OC)c1OC,group_B,U21_EPA_CPDat_Uv_Absorber,,,,,,
MOL_B_004048,COc1cc(OC)c(C(=O)/C=C/c2ccccc2O)c(O)c1OC,group_B,U21_EPA_CPDat_Uv_Absorber,,,,,,
MOL_B_004049,COc1cc(OC)c(C(=O)C=Cc2ccc(O)cc2)c(OC)c1,group_B,U21_EPA_CPDat_Uv_Absorber,,,,,,
MOL_B_004050,COc1cc(OC)c(C(=O)C=Cc2ccc(O)cc2)cc1C(=O)O,group_B,U21_EPA_CPDat_Uv_Absorber,,,,,,
MOL_B_004051,COc1cc(OC)c(C(=O)c2c(C)cc(O)cc2OC)c(O)c1Cl,group_B,U21_EPA_CPDat_Uv_Absorber,,,,,,
MOL_B_004052,COc1cc(OC)c(C(=O)c2ccc(OC)c(OC)c2O)c(OC)c1,group_B,U21_EPA_CPDat_Uv_Absorber,,,,,,
MOL_B_004053,COc1cc(OC)c(C(=O)c2ccccc2)c(OC)c1,group_B,U21_EPA_CPDat_Uv_Absorber,,,,,,
MOL_B_004054,COc1cc(OC)c(C(=O)c2ccccc2)cc1OC,group_B,U21_EPA_CPDat_Uv_Absorber,,,,,,
MOL_B_004055,COc1cc(OC)c(O)c(C(C)=O)c1,group_B,U21_EPA_CPDat_Uv_Absorber,,,,,,
MOL_B_004056,COc1cc(OC)c(OC)c(OC)c1/C=C/C(=O)c1c(O)c(OC)c(OC)c(OC)c1OC,group_B,U21_EPA_CPDat_Uv_Absorber,,,,,,
MOL_B_004057,COc1cc(OC)cc(C(=O)NC2CN3CCC2CC3)c1,group_B,U21_EPA_CPDat_Uv_Absorber,,,,,,
MOL_B_004058,COc1cc(OC)cc(C(=O)c2cc(OC)c(OC)c(OC)c2)c1,group_B,U21_EPA_CPDat_Uv_Absorber,,,,,,
MOL_B_004059,COc1cc(OC)cc(C(=O)c2cc(OC)cc(OC)c2)c1,group_B,U21_EPA_CPDat_Uv_Absorber,,,,,,
MOL_B_004060,COc1cc(OC)cc(C(=O)c2ccc(OC)c(OC)c2)c1,group_B,U21_EPA_CPDat_Uv_Absorber,,,,,,
MOL_B_004061,COc1cc(OC)cc(OC(=O)C=Cc2ccccc2)c1,group_B,U21_EPA_CPDat_Uv_Absorber,,,,,,
MOL_B_004062,COc1cc(OO)c(O)c(C(C)(C)C)c1,group_B,U21_EPA_CPDat_Uv_Absorber,,,,,,
MOL_B_004063,COc1cc(OP([O-])[O-])c(C(=O)c2ccccc2OP(Oc2ccccc2-c2ccccc2)Oc2ccccc2-c2ccccc2)c(-c2ccccc2-c2ccccc2)c1-c1ccccc1-c1ccccc1,group_B,U21_EPA_CPDat_Uv_Absorber,,,,,,
MOL_B_004064,COc1cc(S(=O)(=O)O)c(C)cc1N,group_B,U07_ICE_Irritation,,,,,,0.0
MOL_B_004065,COc1cc(SC)ccc1C(=O)c1ccccc1,group_B,U21_EPA_CPDat_Uv_Absorber,,,,,,
MOL_B_004066,COc1cc([N+](=O)[O-])c(OC)cc1C(=O)c1ccccc1,group_B,U21_EPA_CPDat_Uv_Absorber,,,,,,
MOL_B_004067,COc1cc2c(c3oc(=O)c4c(c13)CCC4=O)[C@@H]1C=CO[C@@H]1O2,group_B,U12_SkinPiX,,,,-7.2315,,
MOL_B_004068,COc1ccc(-c2cc(-c3ccccc3)c3c(c2C(=O)c2ccccc2)-c2ccccc2C3)cc1,group_B,U21_EPA_CPDat_Uv_Absorber,,,,,,
MOL_B_004069,COc1ccc(-c2cc(-c3ccccc3)cc(-c3ccccc3)c2C(=O)c2ccccc2)cc1,group_B,U21_EPA_CPDat_Uv_Absorber,,,,,,
MOL_B_004070,COc1ccc(-c2ccc(C(=O)c3ccccc3)cc2)cc1,group_B,U21_EPA_CPDat_Uv_Absorber,,,,,,
MOL_B_004071,COc1ccc(-c2ccc(C(C)(C)C)cc2)cc1O,group_B,U21_EPA_CPDat_Uv_Absorber,,,,,,
MOL_B_004072,COc1ccc(-c2ccc(C(C)=O)cc2)cc1O,group_B,U21_EPA_CPDat_Uv_Absorber,,,,,,
MOL_B_004073,COc1ccc(-c2cccc(C(C)=O)c2)cc1O,group_B,U21_EPA_CPDat_Uv_Absorber,,,,,,
MOL_B_004074,COc1ccc(-c2ncc(C(=O)c3ccccc3O)cn2)cc1,group_B,U21_EPA_CPDat_Uv_Absorber,,,,,,
MOL_B_004075,COc1ccc(/C(C)=C\C(=O)O)c(O)c1OC,group_B,U21_EPA_CPDat_Uv_Absorber,,,,,,
MOL_B_004076,COc1ccc(/C=C/C(=O)[O-])cc1O,group_B,U21_EPA_CPDat_Uv_Absorber,,,,,,
MOL_B_004077,COc1ccc(/C=C/C(=O)c2c(O)cc(O)cc2O)cc1O,group_B,U21_EPA_CPDat_Uv_Absorber,,,,,,
MOL_B_004078,COc1ccc(/C=C/C(=O)c2c(O)cc(OC)c(O)c2OC)cc1,group_B,U21_EPA_CPDat_Uv_Absorber,,,,,,
MOL_B_004079,COc1ccc(/C=C/C(=O)c2c(O)cc(OC)c(OC)c2OC)cc1,group_B,U21_EPA_CPDat_Uv_Absorber,,,,,,
MOL_B_004080,COc1ccc(/C=C/C(=O)c2c(O)cc(OC)cc2OC)c(OC)c1,group_B,U21_EPA_CPDat_Uv_Absorber,,,,,,
MOL_B_004081,COc1ccc(/C=C/C(=O)c2c(O)ccc(OC)c2OC)cc1,group_B,U21_EPA_CPDat_Uv_Absorber,,,,,,
MOL_B_004082,COc1ccc(/C=C/C(=O)c2ccc(OC)c(OC)c2O)cc1OC,group_B,U21_EPA_CPDat_Uv_Absorber,,,,,,
MOL_B_004083,COc1ccc(/C=C/C(C)=O)cc1,group_B,U07_ICE_Sensitization,,,,,1.0,
MOL_B_004084,COc1ccc(/C=C/COC(=O)/C=C/c2ccc(OC)c(OC)c2)cc1OC,group_B,U21_EPA_CPDat_Uv_Absorber,,,,,,
MOL_B_004085,COc1ccc(/C=C\C(=O)OCCCCOC(=O)/C=C/c2ccc(OC)cc2)cc1,group_B,U21_EPA_CPDat_Uv_Absorber,,,,,,
MOL_B_004086,COc1ccc(/C=C\C(=O)OCCOC(=O)/C=C/c2ccc(OC)cc2)cc1,group_B,U21_EPA_CPDat_Uv_Absorber,,,,,,
MOL_B_004087,COc1ccc(Br)c(C(=O)c2ccccc2)c1,group_B,U21_EPA_CPDat_Uv_Absorber,,,,,,
MOL_B_004088,COc1ccc(C(=CC(=O)c2ccccc2)c2ccccc2)cc1,group_B,U21_EPA_CPDat_Uv_Absorber,,,,,,
MOL_B_004089,COc1ccc(C(=O)/C=C/c2ccc(OC)c(OC)c2OC)c(O)c1,group_B,U21_EPA_CPDat_Uv_Absorber,,,,,,
MOL_B_004090,COc1ccc(C(=O)C(=O)c2c(O)cc(O)cc2O)c(OC)c1,group_B,U21_EPA_CPDat_Uv_Absorber,,,,,,
MOL_B_004091,COc1ccc(C(=O)C(=O)c2c(O)cc(OC)cc2OC)c(OC)c1,group_B,U21_EPA_CPDat_Uv_Absorber,,,,,,
MOL_B_004092,COc1ccc(C(=O)C(=O)c2ccc(O)cc2O)c(O)c1,group_B,U21_EPA_CPDat_Uv_Absorber,,,,,,
MOL_B_004093,COc1ccc(C(=O)C(=O)c2ccc(OC)cc2O)cc1,group_B,U21_EPA_CPDat_Uv_Absorber,,,,,,
MOL_B_004094,COc1ccc(C(=O)C(=O)c2cccc(O)c2)cc1,group_B,U21_EPA_CPDat_Uv_Absorber,,,,,,
MOL_B_004095,COc1ccc(C(=O)C(C)c2ccc(O)cc2)cc1,group_B,U21_EPA_CPDat_Uv_Absorber,,,,,,
MOL_B_004096,COc1ccc(C(=O)C(c2ccccc2)c2ccccc2)cc1OC,group_B,U21_EPA_CPDat_Uv_Absorber,,,,,,
MOL_B_004097,COc1ccc(C(=O)C=Cc2cc(OC)c(OC)c(OC)c2)c(O)c1,group_B,U21_EPA_CPDat_Uv_Absorber,,,,,,
MOL_B_004098,COc1ccc(C(=O)C=Cc2ccc(O)cc2)c(O)c1,group_B,U21_EPA_CPDat_Uv_Absorber,,,,,,
MOL_B_004099,COc1ccc(C(=O)C=Cc2ccc(O)cc2)cc1OC,group_B,U21_EPA_CPDat_Uv_Absorber,,,,,,
MOL_B_004100,COc1ccc(C(=O)C=Cc2cccc(O)c2)c(O)c1,group_B,U21_EPA_CPDat_Uv_Absorber,,,,,,
MOL_B_004101,COc1ccc(C(=O)C=Cc2cccc(O)c2)cc1,group_B,U21_EPA_CPDat_Uv_Absorber,,,,,,
MOL_B_004102,COc1ccc(C(=O)CC(=O)c2cc(C)ccc2O)cc1,group_B,U21_EPA_CPDat_Uv_Absorber,,,,,,
MOL_B_004103,COc1ccc(C(=O)CC(=O)c2ccc(O)cc2)cc1,group_B,U21_EPA_CPDat_Uv_Absorber,,,,,,
MOL_B_004104,COc1ccc(C(=O)CC(=O)c2ccccc2O)cc1,group_B,U21_EPA_CPDat_Uv_Absorber,,,,,,
MOL_B_004105,COc1ccc(C(=O)CC(=O)c2ccccc2O)cc1OC,group_B,U21_EPA_CPDat_Uv_Absorber,,,,,,
MOL_B_004106,COc1ccc(C(=O)CC(C)C)cc1O,group_B,U21_EPA_CPDat_Uv_Absorber,,,,,,
MOL_B_004107,COc1ccc(C(=O)CC(c2ccccc2)c2ccccc2)cc1,group_B,U21_EPA_CPDat_Uv_Absorber,,,,,,
MOL_B_004108,COc1ccc(C(=O)CC=C(c2ccc(OC)cc2)c2ccc(OC)cc2)cc1,group_B,U21_EPA_CPDat_Uv_Absorber,,,,,,
MOL_B_004109,COc1ccc(C(=O)CS(C)=O)c(O)c1,group_B,U21_EPA_CPDat_Uv_Absorber,,,,,,
MOL_B_004110,COc1ccc(C(=O)CSC(c2ccccc2)(c2ccccc2)c2ccccc2)c(OC)c1,group_B,U21_EPA_CPDat_Uv_Absorber,,,,,,
MOL_B_004111,COc1ccc(C(=O)Cc2ccc(O)cc2)c(O)c1,group_B,U21_EPA_CPDat_Uv_Absorber,,,,,,
MOL_B_004112,COc1ccc(C(=O)Cc2ccccc2)c(O)c1,group_B,U21_EPA_CPDat_Uv_Absorber,,,,,,
MOL_B_004113,COc1ccc(C(=O)Cc2cnn(-c3ccccc3)c2)c(O)c1,group_B,U21_EPA_CPDat_Uv_Absorber,,,,,,
MOL_B_004114,COc1ccc(C(=O)N(C)CC#N)c(C(=O)c2ccccc2)c1,group_B,U21_EPA_CPDat_Uv_Absorber,,,,,,
MOL_B_004115,COc1ccc(C(=O)NC2CCN(C)CC2)cc1,group_B,U21_EPA_CPDat_Uv_Absorber,,,,,,
MOL_B_004116,COc1ccc(C(=O)NC2CN3CCC2CC3)c(OC)c1,group_B,U21_EPA_CPDat_Uv_Absorber,,,,,,
MOL_B_004117,COc1ccc(C(=O)NC2CN3CCC2CC3)cc1,group_B,U21_EPA_CPDat_Uv_Absorber,,,,,,
MOL_B_004118,COc1ccc(C(=O)Nc2ccccc2CC2CCCCN2)cc1,group_B,U21_EPA_CPDat_Uv_Absorber,,,,,,
MOL_B_004119,COc1ccc(C(=O)O)c(C(C(=O)c2ccccc2)c2ccccc2)c1,group_B,U21_EPA_CPDat_Uv_Absorber,,,,,,
MOL_B_004120,COc1ccc(C(=O)Oc2c(C)c(C)c(O)c(C)c2C)cc1,group_B,U21_EPA_CPDat_Uv_Absorber,,,,,,
MOL_B_004121,COc1ccc(C(=O)Oc2cc(O)cc(OC)c2C(=O)O)cc1OC,group_B,U21_EPA_CPDat_Uv_Absorber,,,,,,
MOL_B_004122,COc1ccc(C(=O)Oc2ccc(O)c(C)c2)cc1,group_B,U21_EPA_CPDat_Uv_Absorber,,,,,,
MOL_B_004123,COc1ccc(C(=O)Oc2ccc(O)cc2)cc1,group_B,U21_EPA_CPDat_Uv_Absorber,,,,,,
MOL_B_004124,COc1ccc(C(=O)Oc2ccc(O)cc2C)cc1,group_B,U21_EPA_CPDat_Uv_Absorber,,,,,,
MOL_B_004125,COc1ccc(C(=O)Oc2ccccc2)c(O)c1,group_B,U21_EPA_CPDat_Uv_Absorber,,,,,,
MOL_B_004126,COc1ccc(C(=O)c2c(-c3ccccc3)ccc3ccccc23)cc1,group_B,U21_EPA_CPDat_Uv_Absorber,,,,,,
MOL_B_004127,COc1ccc(C(=O)c2c(OCc3ccccc3)cc(OCc3ccccc3)cc2OCc2ccccc2)c(OC)c1OC,group_B,U21_EPA_CPDat_Uv_Absorber,,,,,,
MOL_B_004128,COc1ccc(C(=O)c2cc(OC)c(OC)c(OC)c2)c(O)c1,group_B,U21_EPA_CPDat_Uv_Absorber,,,,,,
MOL_B_004129,COc1ccc(C(=O)c2cc(OC)c(OC)cc2C(=O)c2ccc(OC)c(OC)c2)cc1OC,group_B,U21_EPA_CPDat_Uv_Absorber,,,,,,
MOL_B_004130,COc1ccc(C(=O)c2cc(OC)cc(OC)c2)cc1,group_B,U21_EPA_CPDat_Uv_Absorber,,,,,,
MOL_B_004131,COc1ccc(C(=O)c2cc(OC)ccc2O)cc1,group_B,U21_EPA_CPDat_Uv_Absorber,,,,,,
MOL_B_004132,COc1ccc(C(=O)c2cc(OC)ccc2OC)c(O)c1,group_B,U21_EPA_CPDat_Uv_Absorber,,,,,,
MOL_B_004133,COc1ccc(C(=O)c2cc(S(=O)(=O)O)c(OC)cc2O)c(O)c1,group_B,U21_EPA_CPDat_Uv_Absorber,,,,,,
MOL_B_004134,COc1ccc(C(=O)c2cc([N+](=O)[O-])c(OC)cc2O)cc1,group_B,U21_EPA_CPDat_Uv_Absorber,,,,,,
MOL_B_004135,COc1ccc(C(=O)c2ccc(-c3ccccc3)cc2)cc1,group_B,U21_EPA_CPDat_Uv_Absorber,,,,,,
MOL_B_004136,COc1ccc(C(=O)c2ccc(-c3nc4ccccc4o3)cc2)c(O)c1,group_B,U21_EPA_CPDat_Uv_Absorber,,,,,,
MOL_B_004137,COc1ccc(C(=O)c2ccc(C#N)cc2)cc1,group_B,U21_EPA_CPDat_Uv_Absorber,,,,,,
MOL_B_004138,COc1ccc(C(=O)c2ccc(C(=N)N)cc2)cc1,group_B,U21_EPA_CPDat_Uv_Absorber,,,,,,
MOL_B_004139,COc1ccc(C(=O)c2ccc(C(=O)c3ccc(OC)cc3)cc2)cc1,group_B,U21_EPA_CPDat_Uv_Absorber,,,,,,
MOL_B_004140,COc1ccc(C(=O)c2ccc(C(C)(C)C)cc2)cc1,group_B,U21_EPA_CPDat_Uv_Absorber,,,,,,
MOL_B_004141,COc1ccc(C(=O)c2ccc(C(C)(C)C)cc2)cc1OC,group_B,U21_EPA_CPDat_Uv_Absorber,,,,,,
MOL_B_004142,COc1ccc(C(=O)c2ccc(C)cc2)c(O)c1,group_B,U21_EPA_CPDat_Uv_Absorber,,,,,,
MOL_B_004143,COc1ccc(C(=O)c2ccc(C)cc2O)cc1,group_B,U21_EPA_CPDat_Uv_Absorber,,,,,,
MOL_B_004144,COc1ccc(C(=O)c2ccc(Cl)nc2)c(O)c1,group_B,U21_EPA_CPDat_Uv_Absorber,,,,,,
MOL_B_004145,COc1ccc(C(=O)c2ccc(F)cc2)c(O)c1,group_B,U21_EPA_CPDat_Uv_Absorber,,,,,,
MOL_B_004146,COc1ccc(C(=O)c2ccc(F)cc2F)c(O)c1,group_B,U21_EPA_CPDat_Uv_Absorber,,,,,,
MOL_B_004147,COc1ccc(C(=O)c2ccc(N)cc2)c(O)c1,group_B,U21_EPA_CPDat_Uv_Absorber,,,,,,
MOL_B_004148,COc1ccc(C(=O)c2ccc(O)c(Cl)c2Cl)cc1,group_B,U21_EPA_CPDat_Uv_Absorber,,,,,,
MOL_B_004149,COc1ccc(C(=O)c2ccc(O)cc2)c(OC)c1,group_B,U21_EPA_CPDat_Uv_Absorber,,,,,,
MOL_B_004150,COc1ccc(C(=O)c2ccc(O)cc2O)c(O)c1,group_B,U21_EPA_CPDat_Uv_Absorber,,,,,,
MOL_B_004151,COc1ccc(C(=O)c2ccc(OC)c3cccc(O)c23)cc1OC,group_B,U21_EPA_CPDat_Uv_Absorber,,,,,,
MOL_B_004152,COc1ccc(C(=O)c2ccc(OC)cc2O)c(O)c1,group_B,U21_EPA_CPDat_Uv_Absorber,,,,,,
MOL_B_004153,COc1ccc(C(=O)c2ccc(OC)cc2OC)c(OC)c1,group_B,U21_EPA_CPDat_Uv_Absorber,,,,,,
MOL_B_004154,COc1ccc(C(=O)c2ccc(OCc3ccccc3)cc2)c(O)c1,group_B,U21_EPA_CPDat_Uv_Absorber,,,,,,
MOL_B_004155,COc1ccc(C(=O)c2ccc(Oc3ccccc3)cc2)cc1,group_B,U21_EPA_CPDat_Uv_Absorber,,,,,,
MOL_B_004156,COc1ccc(C(=O)c2ccc(Sc3ccccc3)cc2)cc1,group_B,U21_EPA_CPDat_Uv_Absorber,,,,,,
MOL_B_004157,COc1ccc(C(=O)c2cccc(C#N)c2)cc1,group_B,U21_EPA_CPDat_Uv_Absorber,,,,,,
MOL_B_004158,COc1ccc(C(=O)c2cccc(C(=N)N)c2)cc1,group_B,U21_EPA_CPDat_Uv_Absorber,,,,,,
MOL_B_004159,COc1ccc(C(=O)c2cccc(Cl)c2)c(O)c1,group_B,U21_EPA_CPDat_Uv_Absorber,,,,,,
MOL_B_004160,COc1ccc(C(=O)c2cccc(NS(=O)(=O)N(C)C)c2)cc1,group_B,U21_EPA_CPDat_Uv_Absorber,,,,,,
MOL_B_004161,COc1ccc(C(=O)c2cccc(O)c2)c(OC)c1,group_B,U21_EPA_CPDat_Uv_Absorber,,,,,,
MOL_B_004162,COc1ccc(C(=O)c2cccc(OC)c2)cc1,group_B,U21_EPA_CPDat_Uv_Absorber,,,,,,
MOL_B_004163,COc1ccc(C(=O)c2ccccc2)c(O)c1Cc1c(OC)ccc(C(=O)c2ccccc2)c1O,group_B,U21_EPA_CPDat_Uv_Absorber,,,,,,
MOL_B_004164,COc1ccc(C(=O)c2ccccc2)c([N+](=O)[O-])c1O,group_B,U21_EPA_CPDat_Uv_Absorber,,,,,,
MOL_B_004165,COc1ccc(C(=O)c2ccccc2)c2c1OCO2,group_B,U21_EPA_CPDat_Uv_Absorber,,,,,,
MOL_B_004166,COc1ccc(C(=O)c2ccccc2)cc1C,group_B,U21_EPA_CPDat_Uv_Absorber,,,,,,
MOL_B_004167,COc1ccc(C(=O)c2ccccc2)cc1Cl,group_B,U21_EPA_CPDat_Uv_Absorber,,,,,,
MOL_B_004168,COc1ccc(C(=O)c2ccccc2)cc1OC1CCCC1,group_B,U21_EPA_CPDat_Uv_Absorber,,,,,,
MOL_B_004169,COc1ccc(C(=O)c2ccccc2)cc1S(=O)(=O)Cl,group_B,U21_EPA_CPDat_Uv_Absorber,,,,,,
MOL_B_004170,COc1ccc(C(=O)c2ccccc2C#N)cc1,group_B,U21_EPA_CPDat_Uv_Absorber,,,,,,
MOL_B_004171,COc1ccc(C(=O)c2ccccc2C(=O)N(C)c2ccccc2)c(O)c1,group_B,U21_EPA_CPDat_Uv_Absorber,,,,,,
MOL_B_004172,COc1ccc(C(=O)c2ccccc2C(=O)O)c(O)c1,group_B,U21_EPA_CPDat_Uv_Absorber,,,,,,
MOL_B_004173,COc1ccc(C(=O)c2ccccc2C)c(O)c1,group_B,U21_EPA_CPDat_Uv_Absorber,,,,,,
MOL_B_004174,COc1ccc(C(=O)c2ccccc2F)c(O)c1,group_B,U21_EPA_CPDat_Uv_Absorber,,,,,,
MOL_B_004175,COc1ccc(C(=O)c2ccccc2O)c(O)c1,group_B,U21_EPA_CPDat_Uv_Absorber,,,,,,
MOL_B_004176,COc1ccc(C(=O)c2ccccc2O)cc1,group_B,U21_EPA_CPDat_Uv_Absorber,,,,,,
MOL_B_004177,COc1ccc(C(=O)c2ccccc2OC)c(O)c1,group_B,U21_EPA_CPDat_Uv_Absorber,,,,,,
MOL_B_004178,COc1ccc(C(=O)c2ccccc2OC)c(OC)c1,group_B,U21_EPA_CPDat_Uv_Absorber,,,,,,
MOL_B_004179,COc1ccc(C(=O)c2ccsc2)c(O)c1OC,group_B,U21_EPA_CPDat_Uv_Absorber,,,,,,
MOL_B_004180,COc1ccc(C(=O)c2coc3ccc(O)cc23)cc1,group_B,U21_EPA_CPDat_Uv_Absorber,,,,,,
MOL_B_004181,COc1ccc(C(=O)c2oc3cc(O)c(C(C)=O)cc3c2C)cc1,group_B,U21_EPA_CPDat_Uv_Absorber,,,,,,
MOL_B_004182,COc1ccc(C(C(=O)c2ccccc2)(c2ccccc2)c2ccc(OC)cc2)cc1,group_B,U21_EPA_CPDat_Uv_Absorber,,,,,,
MOL_B_004183,COc1ccc(C(C(=O)c2ccccc2)(c2ccccc2)c2ccccc2)cc1C(C(=O)c1ccccc1)(c1ccccc1)c1ccccc1,group_B,U21_EPA_CPDat_Uv_Absorber,,,,,,
MOL_B_004184,COc1ccc(C(C(=O)c2ccccc2)c2ccc(OC)c(OC)c2)cc1OC,group_B,U21_EPA_CPDat_Uv_Absorber,,,,,,
MOL_B_004185,COc1ccc(C(C(=O)c2ccccc2)c2ccc(OC)cc2)cc1,group_B,U21_EPA_CPDat_Uv_Absorber,,,,,,
MOL_B_004186,COc1ccc(C(C)(C)C)cc1C(=O)c1cc(C(C)(C)C)ccc1OC,group_B,U21_EPA_CPDat_Uv_Absorber,,,,,,
MOL_B_004187,COc1ccc(C(C)(C)C)cc1C(=O)c1ccc(Cl)cc1,group_B,U21_EPA_CPDat_Uv_Absorber,,,,,,
MOL_B_004188,COc1ccc(C(C)(C)C)cc1O,group_B,U21_EPA_CPDat_Uv_Absorber,,,,,,
MOL_B_004189,COc1ccc(C(C)(C)c2ccc(O)cc2)cc1,group_B,U21_EPA_CPDat_Uv_Absorber,,,,,,
MOL_B_004190,COc1ccc(C(C)=O)c(O)c1,group_B,U21_EPA_CPDat_Uv_Absorber,,,,,,
MOL_B_004191,COc1ccc(C(C)=O)c(O)c1OCc1ccccc1,group_B,U21_EPA_CPDat_Uv_Absorber,,,,,,
MOL_B_004192,COc1ccc(C(C)=O)cc1,group_B,U07_ICE_Sensitization;U09_HPPT,,,,,0.0,
MOL_B_004193,COc1ccc(C(C)C(=O)c2ccc(O)cc2O)cc1,group_B,U21_EPA_CPDat_Uv_Absorber,,,,,,
MOL_B_004194,COc1ccc(C(C)c2ccccc2)c(O)c1,group_B,U21_EPA_CPDat_Uv_Absorber,,,,,,
MOL_B_004195,COc1ccc(C(c2ccc(O)cc2)C(C)(C)C)cc1,group_B,U21_EPA_CPDat_Uv_Absorber,,,,,,
MOL_B_004196,COc1ccc(C(c2ccc(O)cc2)C(c2ccccc2)c2ccccc2)cc1,group_B,U21_EPA_CPDat_Uv_Absorber,,,,,,
MOL_B_004197,COc1ccc(C)cc1,group_B,U07_ICE_Sensitization;U09_HPPT,,,,,0.0,
MOL_B_004198,COc1ccc(C)cc1C(=O)c1cc(C)ccc1O,group_B,U21_EPA_CPDat_Uv_Absorber,,,,,,
MOL_B_004199,COc1ccc(C)cc1[N+](=O)[O-],group_B,U07_ICE_Sensitization,,,,,1.0,
MOL_B_004200,COc1ccc(C2(CNC(=O)OC(C)(C)C)CCNCC2)cc1,group_B,U21_EPA_CPDat_Uv_Absorber,,,,,,
MOL_B_004201,COc1ccc(C=C(C(=O)OC2CC(C)(C)N(C)C(C)(C)C2)C(=O)OC2CC(C)(C)N(C)C(C)(C)C2)cc1,group_B,U21_EPA_CPDat_Uv_Absorber,,,,,,
MOL_B_004202,COc1ccc(C=CC(=O)O)c(Br)c1O,group_B,U21_EPA_CPDat_Uv_Absorber,,,,,,
MOL_B_004203,COc1ccc(C=CC(=O)O)c(O)c1,group_B,U21_EPA_CPDat_Uv_Absorber,,,,,,
MOL_B_004204,COc1ccc(C=CC(=O)OC(C)(C)C)cc1,group_B,U21_EPA_CPDat_Uv_Absorber,,,,,,
MOL_B_004205,COc1ccc(C=CC(=O)OC(C)C)c(OC)c1,group_B,U21_EPA_CPDat_Uv_Absorber,,,,,,
MOL_B_004206,COc1ccc(C=CC(=O)OCC=C(C)C)cc1OC,group_B,U21_EPA_CPDat_Uv_Absorber,,,,,,
MOL_B_004207,COc1ccc(C=CC(=O)OCCC(C)C)cc1,group_B,U01_EU_CosIng_Annex_VI;U21_EPA_CPDat_Uv_Absorber,,,,,0.0,0.0
MOL_B_004208,COc1ccc(C=CC(=O)OCCCC(C)C)cc1,group_B,U21_EPA_CPDat_Uv_Absorber,,,,,,
MOL_B_004209,COc1ccc(C=CC(=O)Oc2ccc(-c3ccccc3)cc2)cc1,group_B,U21_EPA_CPDat_Uv_Absorber,,,,,,
MOL_B_004210,COc1ccc(C=CC(=O)Oc2ccc(C#N)cc2)cc1,group_B,U21_EPA_CPDat_Uv_Absorber,,,,,,
MOL_B_004211,COc1ccc(C=CC(=O)Oc2ccc(OC)cc2)cc1,group_B,U21_EPA_CPDat_Uv_Absorber,,,,,,
MOL_B_004212,COc1ccc(C=CC(=O)Oc2ccccc2)cc1,group_B,U21_EPA_CPDat_Uv_Absorber,,,,,,
MOL_B_004213,COc1ccc(C=CC(=O)Oc2ccccc2C(C)=O)cc1,group_B,U21_EPA_CPDat_Uv_Absorber,,,,,,
MOL_B_004214,COc1ccc(C=CC(=O)c2c(O)cccc2O)cc1,group_B,U21_EPA_CPDat_Uv_Absorber,,,,,,
MOL_B_004215,COc1ccc(C=CC(=O)c2cc(C)ccc2O)cc1,group_B,U21_EPA_CPDat_Uv_Absorber,,,,,,
MOL_B_004216,COc1ccc(C=CC(=O)c2cc(OC)ccc2O)cc1,group_B,U21_EPA_CPDat_Uv_Absorber,,,,,,
MOL_B_004217,COc1ccc(C=CC(=O)c2ccc(O)cc2)c(OC)c1OC,group_B,U21_EPA_CPDat_Uv_Absorber,,,,,,
MOL_B_004218,COc1ccc(C=CC(=O)c2ccccc2)cc1O,group_B,U21_EPA_CPDat_Uv_Absorber,,,,,,
MOL_B_004219,COc1ccc(C=Cc2cccc(O)c2C(=O)O)cc1O,group_B,U21_EPA_CPDat_Uv_Absorber,,,,,,
MOL_B_004220,COc1ccc(C=O)cc1Cl,group_B,U07_ICE_Sensitization,,,,,1.0,
MOL_B_004221,COc1ccc(C=O)cc1OC,group_B,U07_ICE_Sensitization;U09_HPPT,,,,,0.0,
MOL_B_004222,COc1ccc(CC(=O)c2cc(C)c(O)cc2O)cc1,group_B,U21_EPA_CPDat_Uv_Absorber,,,,,,
MOL_B_004223,COc1ccc(CC(=O)c2cc(O)c(O)cc2O)cc1OC,group_B,U21_EPA_CPDat_Uv_Absorber,,,,,,
MOL_B_004224,COc1ccc(CC(=O)c2cc(O)ccc2O)cc1,group_B,U21_EPA_CPDat_Uv_Absorber,,,,,,
MOL_B_004225,COc1ccc(CC(=O)c2cc(OC)c(OC)c(OC)c2)cc1O,group_B,U21_EPA_CPDat_Uv_Absorber,,,,,,
MOL_B_004226,COc1ccc(CC(=O)c2ccc(O)c(O)c2O)cc1OC,group_B,U21_EPA_CPDat_Uv_Absorber,,,,,,
MOL_B_004227,COc1ccc(CC(=O)c2ccc(O)c(OC)c2O)cc1,group_B,U21_EPA_CPDat_Uv_Absorber,,,,,,
MOL_B_004228,COc1ccc(CC(=O)c2ccc(O)cc2O)c(OC)c1,group_B,U21_EPA_CPDat_Uv_Absorber,,,,,,
MOL_B_004229,COc1ccc(CC(=O)c2ccc(O)cc2O)cc1O,group_B,U21_EPA_CPDat_Uv_Absorber,,,,,,
MOL_B_004230,COc1ccc(CC(=O)c2ccc(O)cc2O)cc1OC,group_B,U21_EPA_CPDat_Uv_Absorber,,,,,,
MOL_B_004231,COc1ccc(CC(=O)c2ccc(OC)c(OC)c2O)cc1OC,group_B,U21_EPA_CPDat_Uv_Absorber,,,,,,
MOL_B_004232,COc1ccc(CC(C)=O)cc1,group_B,U07_ICE_Sensitization;U09_HPPT,,,,,0.0,
MOL_B_004233,COc1ccc(CC(C)C=O)cc1,group_B,U07_ICE_Sensitization;U09_HPPT,,,,,0.0,
MOL_B_004234,COc1ccc(CC(N)C(=O)NC2C(CO)OC(n3cnc4c(N(C)C)ncnc43)C2O)cc1,group_B,U09_HPPT,,,,,0.0,
MOL_B_004235,COc1ccc(CCC(C)=O)cc1,group_B,U07_ICE_Sensitization;U09_HPPT,,,,,0.0,
MOL_B_004236,COc1ccc(CNC(=O)C2CCNCC2)cc1,group_B,U21_EPA_CPDat_Uv_Absorber,,,,,,
MOL_B_004237,COc1ccc(CO)cc1,group_B,U07_ICE_Sensitization;U09_HPPT,,,,,0.0,
MOL_B_004238,COc1ccc(COC(=O)Cc2ccccc2)cc1,group_B,U07_ICE_Sensitization;U09_HPPT,,,,,0.0,
MOL_B_004239,COc1ccc(COC(=O)c2ccc(O)cc2)cc1,group_B,U21_EPA_CPDat_Uv_Absorber,,,,,,
MOL_B_004240,COc1ccc(COC(=O)c2ccccc2O)cc1,group_B,U21_EPA_CPDat_Uv_Absorber,,,,,,
MOL_B_004241,COc1ccc(COC(C)=O)cc1,group_B,U07_ICE_Sensitization;U09_HPPT,,,,,0.0,
MOL_B_004242,COc1ccc(COC=O)cc1,group_B,U07_ICE_Sensitization;U09_HPPT,,,,,0.0,
MOL_B_004243,COc1ccc(C[C@H](N)C(=O)N[C@H]2[C@@H](O)[C@H](n3cnc4c(N(C)C)ncnc43)O[C@@H]2CO)cc1,group_B,U07_ICE_Sensitization,,,,,0.0,
MOL_B_004244,COc1ccc(Cc2cc(C(C)=O)c(O)c(Cc3ccc(OC)cc3)c2O)cc1,group_B,U21_EPA_CPDat_Uv_Absorber,,,,,,
MOL_B_004245,COc1ccc(Cc2nccc3cc(OC)c(OC)cc23)cc1OC,group_B,U12_SkinPiX,,,,-6.604,,
MOL_B_004246,COc1ccc(F)cc1-c1cc(NC(=O)[C@@H]2CCCNC2)ncc1Cl,group_B,U21_EPA_CPDat_Uv_Absorber,,,,,,
MOL_B_004247,COc1ccc(NC(=O)C2CCCNC2)cc1,group_B,U21_EPA_CPDat_Uv_Absorber,,,,,,
MOL_B_004248,COc1ccc(NC(=O)C2CCNCC2)cc1,group_B,U21_EPA_CPDat_Uv_Absorber,,,,,,
MOL_B_004249,COc1ccc(NC(=O)C=Cc2ccc(O)c(O)c2)cc1OC,group_B,U21_EPA_CPDat_Uv_Absorber,,,,,,
MOL_B_004250,COc1ccc(NC(=O)CCCCN2CCCCC2)cc1,group_B,U21_EPA_CPDat_Uv_Absorber,,,,,,
MOL_B_004251,COc1ccc(NC(=O)CCCN2CCCCC2)cc1,group_B,U21_EPA_CPDat_Uv_Absorber,,,,,,
MOL_B_004252,COc1ccc(NC(=O)c2ccc(-c3ccccc3)cc2)cc1C1CCNCC1,group_B,U21_EPA_CPDat_Uv_Absorber,,,,,,
MOL_B_004253,COc1ccc(Nc2cc(C(C)(C)C)c(O)c(C(C)(C)C)c2)cc1,group_B,U21_EPA_CPDat_Uv_Absorber,,,,,,
MOL_B_004254,COc1ccc(Nc2ccc(C(=O)c3ccccc3)cc2)cc1,group_B,U21_EPA_CPDat_Uv_Absorber,,,,,,
MOL_B_004255,COc1ccc(Nc2nc(NCCCCCO)nc(N(C)C3CCNCC3)n2)cc1Cl,group_B,U21_EPA_CPDat_Uv_Absorber,,,,,,
MOL_B_004256,COc1ccc(O)c(C(=O)C#Cc2ccccc2)c1,group_B,U21_EPA_CPDat_Uv_Absorber,,,,,,
MOL_B_004257,COc1ccc(O)c(C(=O)C2CC2)c1,group_B,U21_EPA_CPDat_Uv_Absorber,,,,,,
MOL_B_004258,COc1ccc(O)c(C(=O)C2CCCCC2)c1,group_B,U21_EPA_CPDat_Uv_Absorber,,,,,,
MOL_B_004259,COc1ccc(O)c(C(=O)CC(=O)c2ccc(C)cc2)c1,group_B,U21_EPA_CPDat_Uv_Absorber,,,,,,
MOL_B_004260,COc1ccc(O)c(C(=O)CC(=O)c2cccc(C)c2)c1,group_B,U21_EPA_CPDat_Uv_Absorber,,,,,,
MOL_B_004261,COc1ccc(O)c(C(=O)Cc2ccccc2)c1,group_B,U21_EPA_CPDat_Uv_Absorber,,,,,,
MOL_B_004262,COc1ccc(O)c(C(=O)OCc2ccccc2)c1OC,group_B,U21_EPA_CPDat_Uv_Absorber,,,,,,
MOL_B_004263,COc1ccc(O)c(C(=O)c2ccc(O)cc2)c1,group_B,U21_EPA_CPDat_Uv_Absorber,,,,,,
MOL_B_004264,COc1ccc(O)c(C(=O)c2ccccc2)c1,group_B,U21_EPA_CPDat_Uv_Absorber,,,,,,
MOL_B_004265,COc1ccc(O)c(C(=O)c2ccccc2SC(C)=O)c1,group_B,U21_EPA_CPDat_Uv_Absorber,,,,,,
MOL_B_004266,COc1ccc(O)c(C(=O)c2cn[nH]c2)c1,group_B,U21_EPA_CPDat_Uv_Absorber,,,,,,
MOL_B_004267,COc1ccc(O)c(C(=O)c2cnn(-c3ccccc3)c2)c1,group_B,U21_EPA_CPDat_Uv_Absorber,,,,,,
MOL_B_004268,COc1ccc(O)c(C(C)(C)C)c1,group_B,U21_EPA_CPDat_Uv_Absorber,,,,,,
MOL_B_004269,COc1ccc(O)c(C(C)c2ccccc2)c1,group_B,U21_EPA_CPDat_Uv_Absorber,,,,,,
MOL_B_004270,COc1ccc(O)c(C=CC(=O)O)c1,group_B,U21_EPA_CPDat_Uv_Absorber,,,,,,
MOL_B_004271,COc1ccc(O)c(C=CC(=O)c2ccccc2C(=O)O)c1,group_B,U21_EPA_CPDat_Uv_Absorber,,,,,,
MOL_B_004272,COc1ccc(O)cc1C(=O)c1ccc(O)cc1O,group_B,U21_EPA_CPDat_Uv_Absorber,,,,,,
MOL_B_004273,COc1ccc(O)cc1C(C)(C)C,group_B,U21_EPA_CPDat_Uv_Absorber,,,,,,
MOL_B_004274,COc1ccc(O)cc1C(C)=O,group_B,U21_EPA_CPDat_Uv_Absorber,,,,,,
MOL_B_004275,COc1ccc(OC(=O)c2ccc(O)cc2)cc1,group_B,U21_EPA_CPDat_Uv_Absorber,,,,,,
MOL_B_004276,COc1ccc(OC(=O)c2ccccc2O)cc1,group_B,U21_EPA_CPDat_Uv_Absorber,,,,,,
MOL_B_004277,COc1ccc(OC(C)=O)c(C(=O)c2ccccc2O)c1,group_B,U21_EPA_CPDat_Uv_Absorber,,,,,,
MOL_B_004278,COc1ccc(OC)c(C(=O)C=Cc2ccc(O)cc2)c1,group_B,U21_EPA_CPDat_Uv_Absorber,,,,,,
MOL_B_004279,COc1ccc(OC)c(C(=O)c2cc(OC)c(OC)cc2O)c1,group_B,U21_EPA_CPDat_Uv_Absorber,,,,,,
MOL_B_004280,COc1ccc(OC)c(C(=O)c2ccccc2)c1C(=O)c1ccccc1,group_B,U21_EPA_CPDat_Uv_Absorber,,,,,,
MOL_B_004281,COc1ccc(OC)c(C(=O)c2ccccc2OC)c1,group_B,U21_EPA_CPDat_Uv_Absorber,,,,,,
MOL_B_004282,COc1ccc(OC)c(C(=O)c2coc3ccc(O)cc23)c1,group_B,U21_EPA_CPDat_Uv_Absorber,,,,,,
MOL_B_004283,COc1ccc(OC)c(C(C)(C)C)c1,group_B,U07_ICE_Sensitization;U09_HPPT,,,,,0.0,
MOL_B_004284,COc1ccc(OC)c(CC(=O)c2ccc(O)cc2O)c1,group_B,U21_EPA_CPDat_Uv_Absorber,,,,,,
MOL_B_004285,COc1ccc(OCC(=O)c2ccc(O)cc2O)cc1,group_B,U21_EPA_CPDat_Uv_Absorber,,,,,,
MOL_B_004286,COc1ccc(OCCOC(=O)c2ccc(O)cc2)cc1,group_B,U21_EPA_CPDat_Uv_Absorber,,,,,,
MOL_B_004287,COc1ccc(OCCOC(=O)c2ccc(O)cc2O)cc1,group_B,U21_EPA_CPDat_Uv_Absorber,,,,,,
MOL_B_004288,COc1ccc(S)c(C(=O)c2ccccc2)c1,group_B,U21_EPA_CPDat_Uv_Absorber,,,,,,
MOL_B_004289,COc1ccc([C@@H](C)C(=O)c2ccc(O)cc2O)cc1,group_B,U21_EPA_CPDat_Uv_Absorber,,,,,,
MOL_B_004290,COc1ccc([N+](=O)[O-])cc1C(=O)c1ccccc1,group_B,U21_EPA_CPDat_Uv_Absorber,,,,,,
MOL_B_004291,COc1ccc2[nH]c(-c3cc(C(C)(C)C)c(O)c(C(C)(C)C)c3)c(C)c2c1,group_B,U21_EPA_CPDat_Uv_Absorber,,,,,,
MOL_B_004292,COc1ccc2c(C)c(-c3cc(C(C)(C)C)c(O)c(C(C)(C)C)c3)[nH]c2c1,group_B,U21_EPA_CPDat_Uv_Absorber,,,,,,
MOL_B_004293,COc1ccc2c3c1O[C@H]1C(=O)CC[C@@]4(O)[C@@H](C2)N(C)CC[C@]314,group_B,U12_SkinPiX,,,,-6.59002208,,
MOL_B_004294,COc1ccc2c3c1O[C@H]1C(=O)CC[C@H]4[C@@H](C2)N(C)CC[C@]314,group_B,U12_SkinPiX,,,,-6.456,,
MOL_B_004295,COc1ccc2c3c1O[C@H]1[C@@H](O)CC[C@H]4[C@@H](C2)N(C)CC[C@@]341,group_B,U12_SkinPiX,,,,-6.190685426,,
MOL_B_004296,COc1ccc2ccc(=O)oc2c1,group_B,U07_ICE_Sensitization;U09_HPPT,,,,,1.0,
MOL_B_004297,COc1ccc2ccccc2c1,group_B,U07_ICE_Sensitization;U09_HPPT,,,,,0.0,
MOL_B_004298,COc1ccc2nn(-c3cc(OCCC[Si]C=C(C)C)cc(C(C)(C)C)c3O)nc2c1,group_B,U21_EPA_CPDat_Uv_Absorber,,,,,,
MOL_B_004299,COc1cccc(-c2ccc(C(C)=O)c(O)c2)c1,group_B,U21_EPA_CPDat_Uv_Absorber,,,,,,
MOL_B_004300,COc1cccc(C(=O)CC(=O)c2cc(C)ccc2O)c1,group_B,U21_EPA_CPDat_Uv_Absorber,,,,,,
MOL_B_004301,COc1cccc(C(=O)CC(=O)c2cccc(C(C)(C)C)c2)c1,group_B,U21_EPA_CPDat_Uv_Absorber,,,,,,
MOL_B_004302,COc1cccc(C(=O)CS(C)=O)c1O,group_B,U21_EPA_CPDat_Uv_Absorber,,,,,,
MOL_B_004303,COc1cccc(C(=O)NC2CN3CCC2CC3)c1,group_B,U21_EPA_CPDat_Uv_Absorber,,,,,,
MOL_B_004304,COc1cccc(C(=O)c2c(O)cc(O)cc2O)c1,group_B,U21_EPA_CPDat_Uv_Absorber,,,,,,
MOL_B_004305,COc1cccc(C(=O)c2cc(C(=O)O)ccc2O)c1,group_B,U21_EPA_CPDat_Uv_Absorber,,,,,,
MOL_B_004306,COc1cccc(C(=O)c2cc(C(=O)c3cccc(OC)c3)cc(C(=O)c3cccc(OC)c3)c2)c1,group_B,U21_EPA_CPDat_Uv_Absorber,,,,,,
MOL_B_004307,COc1cccc(C(=O)c2ccc(-c3ccccc3)cc2)c1,group_B,U21_EPA_CPDat_Uv_Absorber,,,,,,
MOL_B_004308,COc1cccc(C(=O)c2ccc(C#N)cc2)c1,group_B,U21_EPA_CPDat_Uv_Absorber,,,,,,
MOL_B_004309,COc1cccc(C(=O)c2ccc(OC)c(OC)c2)c1,group_B,U21_EPA_CPDat_Uv_Absorber,,,,,,
MOL_B_004310,COc1cccc(C(=O)c2ccc(OC)cc2O)c1,group_B,U21_EPA_CPDat_Uv_Absorber,,,,,,
MOL_B_004311,COc1cccc(C(=O)c2cccc(C#N)c2)c1,group_B,U21_EPA_CPDat_Uv_Absorber,,,,,,
MOL_B_004312,COc1cccc(C(=O)c2cccc(OC)c2)c1,group_B,U21_EPA_CPDat_Uv_Absorber,,,,,,
MOL_B_004313,COc1cccc(C(=O)c2ccccc2)c1,group_B,U21_EPA_CPDat_Uv_Absorber,,,,,,
MOL_B_004314,COc1cccc(C(=O)c2ccccc2)c1OC,group_B,U21_EPA_CPDat_Uv_Absorber,,,,,,
MOL_B_004315,COc1cccc(C(=O)c2ccccc2C#N)c1,group_B,U21_EPA_CPDat_Uv_Absorber,,,,,,
MOL_B_004316,COc1cccc(C(=O)c2ccccc2OC)c1,group_B,U21_EPA_CPDat_Uv_Absorber,,,,,,
MOL_B_004317,COc1cccc(C(C(=O)c2ccccc2)c2cccc(OC)c2)c1,group_B,U21_EPA_CPDat_Uv_Absorber,,,,,,
MOL_B_004318,COc1cccc(C(C)(C)C)c1O,group_B,U21_EPA_CPDat_Uv_Absorber,,,,,,
MOL_B_004319,COc1cccc(C2(CNC(=O)OC(C)(C)C)CCNCC2)c1,group_B,U21_EPA_CPDat_Uv_Absorber,,,,,,
MOL_B_004320,COc1cccc(C=CC(=O)OCc2ccccc2)c1O,group_B,U21_EPA_CPDat_Uv_Absorber,,,,,,
MOL_B_004321,COc1cccc(C=CC(=O)c2ccc(OC)cc2O)c1,group_B,U21_EPA_CPDat_Uv_Absorber,,,,,,
MOL_B_004322,COc1cccc(C=CC(=O)c2ccccc2C(=O)O)c1O,group_B,U21_EPA_CPDat_Uv_Absorber,,,,,,
MOL_B_004323,COc1cccc(CC(=O)c2ccc(O)cc2O)c1,group_B,U21_EPA_CPDat_Uv_Absorber,,,,,,
MOL_B_004324,COc1cccc(O)c1C(=O)OCc1ccccc1,group_B,U21_EPA_CPDat_Uv_Absorber,,,,,,
MOL_B_004325,COc1cccc(O)c1C(=O)c1csc(C(=O)O)c1,group_B,U21_EPA_CPDat_Uv_Absorber,,,,,,
MOL_B_004326,COc1cccc(O)c1C=CC(=O)O,group_B,U21_EPA_CPDat_Uv_Absorber,,,,,,
MOL_B_004327,COc1cccc(OC)c1,group_B,U07_ICE_Sensitization;U09_HPPT,,,,,0.0,
MOL_B_004328,COc1cccc(OC)c1C(=O)c1ccccc1,group_B,U21_EPA_CPDat_Uv_Absorber,,,,,,
MOL_B_004329,COc1cccc(OCC(=O)c2ccc(O)cc2O)c1,group_B,U21_EPA_CPDat_Uv_Absorber,,,,,,
MOL_B_004330,COc1cccc2[nH]c(C)c(-c3cc(C(C)(C)C)c(O)c(C(C)(C)C)c3)c12,group_B,U21_EPA_CPDat_Uv_Absorber,,,,,,
MOL_B_004331,COc1cccc2c(C)c(-c3cc(C(C)(C)C)c(O)c(C(C)(C)C)c3)[nH]c12,group_B,U21_EPA_CPDat_Uv_Absorber,,,,,,
MOL_B_004332,COc1ccccc1/C=C/C(=O)OCCOc1ccc(/C=N/O)cc1OC,group_B,U21_EPA_CPDat_Uv_Absorber,,,,,,
MOL_B_004333,COc1ccccc1/C=C/C(=O)OCCOc1ccc(C=O)cc1OC,group_B,U21_EPA_CPDat_Uv_Absorber,,,,,,
MOL_B_004334,COc1ccccc1C(=CCCN1CCCC(C(=O)O)C1)c1ccccc1,group_B,U21_EPA_CPDat_Uv_Absorber,,,,,,
MOL_B_004335,COc1ccccc1C(=O)CC(=O)c1cc(C)ccc1O,group_B,U21_EPA_CPDat_Uv_Absorber,,,,,,
MOL_B_004336,COc1ccccc1C(=O)Cl,group_B,U07_ICE_Irritation,,,,,,1.0
MOL_B_004337,COc1ccccc1C(=O)c1c(OC)cccc1OC,group_B,U21_EPA_CPDat_Uv_Absorber,,,,,,
MOL_B_004338,COc1ccccc1C(=O)c1cc(OC)c(OC)c(OC)c1O,group_B,U21_EPA_CPDat_Uv_Absorber,,,,,,
MOL_B_004339,COc1ccccc1C(=O)c1cc(OC)c(OC)c(OC)c1OC,group_B,U21_EPA_CPDat_Uv_Absorber,,,,,,
MOL_B_004340,COc1ccccc1C(=O)c1ccc(C#N)cc1,group_B,U21_EPA_CPDat_Uv_Absorber,,,,,,
MOL_B_004341,COc1ccccc1C(=O)c1ccc(C(=O)c2ccccc2OC)cc1,group_B,U21_EPA_CPDat_Uv_Absorber,,,,,,
MOL_B_004342,COc1ccccc1C(=O)c1ccc(O)cc1,group_B,U21_EPA_CPDat_Uv_Absorber,,,,,,
MOL_B_004343,COc1ccccc1C(=O)c1ccc(O)cc1O,group_B,U21_EPA_CPDat_Uv_Absorber,,,,,,
MOL_B_004344,COc1ccccc1C(=O)c1cccc(C#N)c1,group_B,U21_EPA_CPDat_Uv_Absorber,,,,,,
MOL_B_004345,COc1ccccc1C(=O)c1ccccc1,group_B,U21_EPA_CPDat_Uv_Absorber,,,,,,
MOL_B_004346,COc1ccccc1C(=O)c1ccccc1C#N,group_B,U21_EPA_CPDat_Uv_Absorber,,,,,,
MOL_B_004347,COc1ccccc1C(=O)c1ccccc1O,group_B,U21_EPA_CPDat_Uv_Absorber,,,,,,
MOL_B_004348,COc1ccccc1C(=O)c1ccccc1OC(C)(C)C,group_B,U21_EPA_CPDat_Uv_Absorber,,,,,,
MOL_B_004349,COc1ccccc1C(=O)c1ccccc1OCC[Si](c1ccccc1)(c1ccccc1)c1ccccc1,group_B,U21_EPA_CPDat_Uv_Absorber,,,,,,
MOL_B_004350,COc1ccccc1C(C(=O)c1ccccc1)c1ccccc1OC,group_B,U21_EPA_CPDat_Uv_Absorber,,,,,,
MOL_B_004351,COc1ccccc1C1(CNC(=O)OC(C)(C)C)CCNCC1,group_B,U21_EPA_CPDat_Uv_Absorber,,,,,,
MOL_B_004352,COc1ccccc1C=CC(=O)c1cc(C)ccc1O,group_B,U21_EPA_CPDat_Uv_Absorber,,,,,,
MOL_B_004353,COc1ccccc1C=CC=O,group_B,U07_ICE_Sensitization;U09_HPPT,,,,,0.0,
MOL_B_004354,COc1ccccc1CC(=O)c1ccc(O)cc1O,group_B,U21_EPA_CPDat_Uv_Absorber,,,,,,
MOL_B_004355,COc1ccccc1Cc1cc(O)c2c(c1O)C(=O)c1ccccc1C2=O,group_B,U21_EPA_CPDat_Uv_Absorber,,,,,,
MOL_B_004356,COc1ccccc1N=Nc1c(O)ccc2ccc([N+](C)(C)C)cc12,group_B,U12_SkinPiX,,,,-6.469,,
MOL_B_004357,COc1ccccc1NC(=O)C1CCNCC1,group_B,U21_EPA_CPDat_Uv_Absorber,,,,,,
MOL_B_004358,COc1ccccc1OC(=O)c1ccc(O)cc1,group_B,U21_EPA_CPDat_Uv_Absorber,,,,,,
MOL_B_004359,COc1ccccc1OC(C)C(=O)c1ccc(O)cc1,group_B,U21_EPA_CPDat_Uv_Absorber,,,,,,
MOL_B_004360,COc1ccccc1OCC(=O)c1ccc(O)cc1,group_B,U21_EPA_CPDat_Uv_Absorber,,,,,,
MOL_B_004361,COc1ccccc1OCC(=O)c1ccc(O)cc1O,group_B,U21_EPA_CPDat_Uv_Absorber,,,,,,
MOL_B_004362,COc1nc(Nc2ccc(/C=C/c3ccc(Nc4nc(OC)nc(Oc5ccccc5)n4)cc3S(=O)(=O)[O-])c(S(=O)(=O)[O-])c2)nc(Oc2ccccc2)n1,group_B,U21_EPA_CPDat_Uv_Absorber,,,,,,
MOL_B_004363,COc1nc(Nc2ccc(C=Cc3ccc(Nc4nc(OC)nc(Oc5ccccc5)n4)cc3S(=O)(=O)[O-])c(S(=O)(=O)[O-])c2)nc(Oc2ccccc2)n1,group_B,U21_EPA_CPDat_Uv_Absorber,,,,,,
MOL_B_004364,COc1nc(Nc2ccccc2)nc(Nc2ccc(C=Cc3ccc(Nc4nc(Nc5ccccc5)nc(OC)n4)cc3S(=O)(=O)O)c(S(=O)(=O)O)c2)n1,group_B,U21_EPA_CPDat_Uv_Absorber,,,,,,
MOL_B_004365,COc1nc(Nc2ccccc2)nc(Nc2ccc(C=Cc3ccc(Nc4nc(Nc5ccccc5)nc(OC)n4)cc3S(=O)(=O)[O-])c(S(=O)(=O)[O-])c2)n1,group_B,U21_EPA_CPDat_Uv_Absorber,,,,,,
MOL_B_004366,COc1ncccc1C(=O)NCCC1CCNCC1,group_B,U21_EPA_CPDat_Uv_Absorber,,,,,,
MOL_B_004367,COc1nccnc1CC(C)C,group_B,U07_ICE_Sensitization;U09_HPPT,,,,,0.0,
MOL_B_004368,CS(=O)(=O)Oc1ccc(C(=O)c2ccccc2)c(O)c1,group_B,U21_EPA_CPDat_Uv_Absorber,,,,,,
MOL_B_004369,CS(=O)(=O)Oc1ccccc1C(=O)c1ccccc1,group_B,U21_EPA_CPDat_Uv_Absorber,,,,,,
MOL_B_004370,CS(=O)(=O)SCCNC(=O)c1ccc(C(=O)c2ccccc2)cc1,group_B,U21_EPA_CPDat_Uv_Absorber,,,,,,
MOL_B_004371,CS(=O)c1cc(C(C)(C)C)cc(CN=[N+]=[N-])c1O,group_B,U21_EPA_CPDat_Uv_Absorber,,,,,,
MOL_B_004372,CS(=O)c1cc(C(C)(C)C)ccc1O,group_B,U21_EPA_CPDat_Uv_Absorber,,,,,,
MOL_B_004373,CS(=O)c1ccc(C(=O)c2ccccc2)cc1,group_B,U21_EPA_CPDat_Uv_Absorber,,,,,,
MOL_B_004374,CS(=O)c1nc(-c2cc(C(C)(C)C)c(O)c(C(C)(C)C)c2)cs1,group_B,U21_EPA_CPDat_Uv_Absorber,,,,,,
MOL_B_004375,CS(C)(=O)=O,group_B,Flynn_PottsGuy_Benchmark,,,,-6.5,,
MOL_B_004376,CSC,group_B,U07_ICE_Sensitization;U09_HPPT,,,,,0.0,
MOL_B_004377,CSC(=O)C=Cc1ccc(O)cc1,group_B,U21_EPA_CPDat_Uv_Absorber,,,,,,
MOL_B_004378,CSCc1cc(C(C)(C)C)c(O)c(C(C)(C)C)c1,group_B,U21_EPA_CPDat_Uv_Absorber,,,,,,
MOL_B_004379,CSNC(C)=O,group_B,U07_ICE_Sensitization;U09_HPPT,,,,,1.0,
MOL_B_004380,CSSC,group_B,U07_ICE_Irritation,,,,,,1.0
MOL_B_004381,CSc1cc(C(C)(C)C)cc(C=O)c1O,group_B,U21_EPA_CPDat_Uv_Absorber,,,,,,
MOL_B_004382,CSc1cc(C(C)(C)C)cc(SC)c1O,group_B,U21_EPA_CPDat_Uv_Absorber,,,,,,
MOL_B_004383,CSc1cc(C(C)(C)C)ccc1O,group_B,U21_EPA_CPDat_Uv_Absorber,,,,,,
MOL_B_004384,CSc1cc(O)c(C(C)(C)C)cc1O,group_B,U21_EPA_CPDat_Uv_Absorber,,,,,,
MOL_B_004385,CSc1ccc(C(=O)c2ccccc2)cc1,group_B,U21_EPA_CPDat_Uv_Absorber,,,,,,
MOL_B_004386,CSc1ccc(C(C)(C)C)cc1O,group_B,U21_EPA_CPDat_Uv_Absorber,,,,,,
MOL_B_004387,CSc1ccc(C=O)cc1,group_B,U07_ICE_Irritation,,,,,,0.0
MOL_B_004388,CSc1nc(-c2cc(C(C)(C)C)c(O)c(C(C)(C)C)c2)c(-c2ccccc2)s1,group_B,U21_EPA_CPDat_Uv_Absorber,,,,,,
MOL_B_004389,CSc1nc(-c2cc(C(C)(C)C)c(O)c(C(C)(C)C)c2)c(C)s1,group_B,U21_EPA_CPDat_Uv_Absorber,,,,,,
MOL_B_004390,CSc1nc(-c2cc(C(C)(C)C)c(O)c(C(C)(C)C)c2)cs1,group_B,U21_EPA_CPDat_Uv_Absorber,,,,,,
MOL_B_004391,CSc1ncc(-c2cc(C(C)(C)C)c(O)c(C(C)(C)C)c2)[nH]1,group_B,U21_EPA_CPDat_Uv_Absorber,,,,,,
MOL_B_004392,C[13C](=O)OC1CCN(C)CC1,group_B,U21_EPA_CPDat_Uv_Absorber,,,,,,
MOL_B_004393,C[C@@H](OC(=O)c1ccc(O)cc1)c1ccccc1,group_B,U21_EPA_CPDat_Uv_Absorber,,,,,,
MOL_B_004394,C[C@@H]1CC[C@@H](NC(=O)OC(C)(C)C)CN1,group_B,U21_EPA_CPDat_Uv_Absorber,,,,,,
MOL_B_004395,C[C@@H]1CC[C@H]2C(C)(C)[C@H]3C[C@@]12CC1OC(C)(C)OC13C,group_B,U07_ICE_Sensitization,,,,,0.0,
MOL_B_004396,C[C@@H]1CC[C@H]2C(C)(C)[C@H]3C[C@@]12CC[C@@]3(C)O,group_B,U07_ICE_Sensitization,,,,,0.0,
MOL_B_004397,C[C@@H]1CC[C@H]2C(C)(C)[C@H]3C[C@@]12CC[C@@]3(C)OC=O,group_B,U07_ICE_Sensitization,,,,,0.0,
MOL_B_004398,C[C@@H]1CNC[C@@H](NC(=O)OC(C)(C)C)C1,group_B,U21_EPA_CPDat_Uv_Absorber,,,,,,
MOL_B_004399,C[C@@H]1Cc2c(Cl)cc(C(=O)N[C@@H](Cc3ccccc3)C(=O)O)c(O)c2C(=O)O1,group_B,U12_SkinPiX,,,,-6.642,,
MOL_B_004400,C[C@@H]1[C@H](O)[C@@H](C)/C=C/C=C/C=C/C=C/C=C/C=C/C=C/[C@H](O[C@@H]2O[C@H](C)[C@@H](O)[C@H](N)[C@@H]2O)C[C@@H]2O[C@](O)(C[C@@H](O)C[C@@H](O)[C@H](O)CC[C@@H](O)C[C@@H](O)CC(=O)O[C@H]1C)C[C@H](O)[C@H]2C(=O)O,group_B,U07_ICE_Sensitization,,,,,0.0,
MOL_B_004401,C[C@H](NC(=O)C1CCNCC1)C(=O)OC(C)(C)C,group_B,U21_EPA_CPDat_Uv_Absorber,,,,,,
MOL_B_004402,C[C@H](O)C(=O)O,group_B,U07_ICE_Irritation,,,,,,1.0
MOL_B_004403,C[C@H]1CCCC(=O)CCC/C=C/c2cc(O)cc(O)c2C(=O)O1,group_B,U12_SkinPiX,,,,-7.1885,,
MOL_B_004404,C[C@H]1CNCC[C@@]1(C)c1cccc(C(N)=O)c1,group_B,U21_EPA_CPDat_Uv_Absorber,,,,,,
MOL_B_004405,C[C@]12CCC(=O)C=C1CC[C@@H]1[C@@H]2[C@@H](O)C[C@@]2(C)[C@H]1CC[C@]2(O)C(=O)CO,group_B,U07_ICE_Sensitization;U12_SkinPiX,,,,-7.41025,0.0,
MOL_B_004406,C[C@]12CC[C@H]3[C@@H](CCC4=CC(=O)CC[C@@]43C)[C@@H]1CC[C@@H]2O,group_B,U07_ICE_Sensitization;U12_SkinPiX,,,,-5.638333333333333,0.0,
MOL_B_004407,C[CH2][Ge]([CH2]C)([CH2]C)[c]1cc(C(C)(C)C)cc(C(C)(C)C)c1O,group_B,U21_EPA_CPDat_Uv_Absorber,,,,,,
MOL_B_004408,C[N+](C)(C)C,group_B,U07_ICE_Irritation,,,,,,1.0
MOL_B_004409,C[N+](C)(C)c1ccc(C(=O)c2ccccc2)cc1,group_B,U21_EPA_CPDat_Uv_Absorber,,,,,,
MOL_B_004410,C[NH+](C)CCC(c1ccc(Cl)cc1)c1ccccn1,group_B,U07_ICE_Sensitization,,,,,0.0,
MOL_B_004411,C[S+](C)CC(=O)c1ccccc1O,group_B,U21_EPA_CPDat_Uv_Absorber,,,,,,
MOL_B_004412,C[Si](C)(C)C#Cc1ccccc1C(=O)c1ccccc1,group_B,U21_EPA_CPDat_Uv_Absorber,,,,,,
MOL_B_004413,C[Si](C)(C)CCC(=O)Oc1ccc(C(=O)c2ccccc2)c(O)c1,group_B,U21_EPA_CPDat_Uv_Absorber,,,,,,
MOL_B_004414,C[Si](C)(C)CCOC(=O)C(=Cc1ccccc1)C(=O)OCC[Si](C)(C)C,group_B,U21_EPA_CPDat_Uv_Absorber,,,,,,
MOL_B_004415,C[Si](C)(C)c1ccc(C(=O)c2ccccc2)cc1,group_B,U21_EPA_CPDat_Uv_Absorber,,,,,,
MOL_B_004416,Cc1[nH]c2ccccc2c1-c1cc(C(C)(C)C)c(O)c(C(C)(C)C)c1,group_B,U21_EPA_CPDat_Uv_Absorber,,,,,,
MOL_B_004417,Cc1[nH]ccc1-c1cc(C(C)(C)C)c(O)c(C(C)(C)C)c1,group_B,U21_EPA_CPDat_Uv_Absorber,,,,,,
MOL_B_004418,Cc1[nH]cnc1-c1cc(C(C)(C)C)c(O)c(C(C)(C)C)c1,group_B,U21_EPA_CPDat_Uv_Absorber,,,,,,
MOL_B_004419,Cc1c(-c2cc(C(C)(C)C)c(O)c(C(C)(C)C)c2)[nH]c2ccccc12,group_B,U21_EPA_CPDat_Uv_Absorber,,,,,,
MOL_B_004420,Cc1c(C(C)(C)C)cc(C(C)(C)C)c(O)c1C,group_B,U21_EPA_CPDat_Uv_Absorber,,,,,,
MOL_B_004421,Cc1c(C(C)(C)C)cc(C(C)(C)C)c(O)c1Cc1c(C)c(C(C)(C)C)cc(C(C)(C)C)c1O,group_B,U21_EPA_CPDat_Uv_Absorber,,,,,,
MOL_B_004422,Cc1c(C)c(C)c(Cc2cc(C(C)(C)C)c(O)c(C(C)(C)C)c2)c(C)c1C,group_B,U21_EPA_CPDat_Uv_Absorber,,,,,,
MOL_B_004423,Cc1c(C)c(O)c(C(CCCCCC(=O)O)c2ccccc2)c(C)c1O,group_B,U21_EPA_CPDat_Uv_Absorber,,,,,,
MOL_B_004424,Cc1c(C)c([N+](=O)[O-])c(C(C)(C)C)c([N+](=O)[O-])c1C,group_B,U07_ICE_Sensitization;U09_HPPT,,,,,0.0,
MOL_B_004425,Cc1c(C)c2c(c(C)c1O)CCC(C)(CCCC(C)CCCC(C)CCCC(C)C)O2,group_B,U07_ICE_Sensitization,,,,,0.0,
MOL_B_004426,Cc1c(C)c2c(c(C)c1O)CC[C@@](C)(CCC[C@H](C)CCC[C@H](C)CCCC(C)C)O2,group_B,U07_ICE_Sensitization,,,,,0.0,
MOL_B_004427,Cc1c(Cc2cc(C(C)(C)C)c(O)c(C(C)(C)C)c2)c(C)c(Cc2cc(C(C)(C)C)c(O)c(C(C)(C)C)c2)c(C)c1Cc1cc(C(C)(C)C)c(O)c(C(C)(C)C)c1,group_B,U21_EPA_CPDat_Uv_Absorber,,,,,,
MOL_B_004428,Cc1c(Cc2cc(C(C)(C)C)c(O)c(C(C)(C)C)c2C)cc(C(C)(C)C)c(O)c1C(C)(C)C,group_B,U21_EPA_CPDat_Uv_Absorber,,,,,,
MOL_B_004429,Cc1c(N(C)C)c(=O)n(-c2ccccc2)n1C,group_B,U12_SkinPiX,,,,-6.481,,
MOL_B_004430,Cc1c(O)c(C(C)(C)C)cc(O)c1C(C)(C)C,group_B,U21_EPA_CPDat_Uv_Absorber,,,,,,
MOL_B_004431,Cc1c(O)ccc(C(=O)c2cc(O)ccc2O)c1O,group_B,U21_EPA_CPDat_Uv_Absorber,,,,,,
MOL_B_004432,Cc1c(O)ccc(C(=O)c2ccc(O)cc2)c1O,group_B,U21_EPA_CPDat_Uv_Absorber,,,,,,
MOL_B_004433,Cc1c(O)ccc(C(=O)c2cccc(O)c2)c1O,group_B,U21_EPA_CPDat_Uv_Absorber,,,,,,
MOL_B_004434,Cc1c(O)ccc(C(=O)c2ccccc2)c1O,group_B,U21_EPA_CPDat_Uv_Absorber,,,,,,
MOL_B_004435,Cc1c(O)ccc(C(=O)c2ccccc2C(=O)O)c1O,group_B,U21_EPA_CPDat_Uv_Absorber,,,,,,
MOL_B_004436,Cc1c(O)ccc(C(C)(C)C)c1C,group_B,U21_EPA_CPDat_Uv_Absorber,,,,,,
MOL_B_004437,Cc1c(O)ccc(C=O)c1O,group_B,U07_ICE_Sensitization;U09_HPPT,,,,,1.0,
MOL_B_004438,Cc1c([N+](=O)[O-])c(C)c([N+](=O)[O-])c(C(C)(C)C)c1[N+](=O)[O-],group_B,U07_ICE_Sensitization;U09_HPPT,,,,,0.0,
MOL_B_004439,Cc1c([N+](=O)[O-])cc2c(c1[N+](=O)[O-])C(C)(C)CC2(C)C,group_B,U07_ICE_Sensitization;U09_HPPT,,,,,0.0,
MOL_B_004440,Cc1c2ccccc2c(C)c2c1ccc1ccccc12,group_B,U07_ICE_Sensitization,,,,,0.0,
MOL_B_004441,Cc1c[nH]c2ccccc12,group_B,U07_ICE_Sensitization;U09_HPPT,,,,,0.0,
MOL_B_004442,Cc1c[nH]nc1C,group_B,U07_ICE_Irritation,,,,,,1.0
MOL_B_004443,Cc1cc(-c2cc(C)cc(C(C)(C)C)c2O)c(O)c(C(C)(C)C)c1,group_B,U21_EPA_CPDat_Uv_Absorber,,,,,,
MOL_B_004444,Cc1cc(-n2nc3ccc(Cl)cc3n2)c(O)c(C(C)(C)C)c1,group_B,U21_EPA_CPDat_Uv_Absorber,,,,,,
MOL_B_004445,Cc1cc(/C=C2/OC(=O)c3ccccc32)cc(C(C)(C)C)c1O,group_B,U21_EPA_CPDat_Uv_Absorber,,,,,,
MOL_B_004446,Cc1cc(Br)c(O)c(C(=O)c2ccccc2)c1,group_B,U21_EPA_CPDat_Uv_Absorber,,,,,,
MOL_B_004447,Cc1cc(Br)cc(C(=O)c2ccccc2)c1O,group_B,U21_EPA_CPDat_Uv_Absorber,,,,,,
MOL_B_004448,Cc1cc(C#Cc2cc(C)cc(C(C)(C)C)c2O)c(O)c(C(C)(C)C)c1,group_B,U21_EPA_CPDat_Uv_Absorber,,,,,,
MOL_B_004449,Cc1cc(C(=O)Cc2ccccc2)ccc1O,group_B,U21_EPA_CPDat_Uv_Absorber,,,,,,
MOL_B_004450,Cc1cc(C(=O)NC2CCNCC2)no1,group_B,U21_EPA_CPDat_Uv_Absorber,,,,,,
MOL_B_004451,Cc1cc(C(=O)O)c(O)c(C(C)(C)C)c1,group_B,U21_EPA_CPDat_Uv_Absorber,,,,,,
MOL_B_004452,Cc1cc(C(=O)c2cc(I)c(O)c(I)c2)c(C)o1,group_B,U21_EPA_CPDat_Uv_Absorber,,,,,,
MOL_B_004453,Cc1cc(C(=O)c2cc(O)cc(O)c2)c(O)cc1O,group_B,U21_EPA_CPDat_Uv_Absorber,,,,,,
MOL_B_004454,Cc1cc(C(=O)c2cc(O)ccc2O)c(O)cc1O,group_B,U21_EPA_CPDat_Uv_Absorber,,,,,,
MOL_B_004455,Cc1cc(C(=O)c2ccc(F)cc2)cc(C)c1O,group_B,U21_EPA_CPDat_Uv_Absorber,,,,,,
MOL_B_004456,Cc1cc(C(=O)c2ccc(O)cc2)c(C)o1,group_B,U21_EPA_CPDat_Uv_Absorber,,,,,,
MOL_B_004457,Cc1cc(C(=O)c2cccc(C(=O)O)c2)ccc1O,group_B,U21_EPA_CPDat_Uv_Absorber,,,,,,
MOL_B_004458,Cc1cc(C(=O)c2cccc(CO)c2)ccc1O,group_B,U21_EPA_CPDat_Uv_Absorber,,,,,,
MOL_B_004459,Cc1cc(C(=O)c2cccc(O)c2)c(O)cc1O,group_B,U21_EPA_CPDat_Uv_Absorber,,,,,,
MOL_B_004460,Cc1cc(C(=O)c2ccccc2)c(C)cc1O,group_B,U21_EPA_CPDat_Uv_Absorber,,,,,,
MOL_B_004461,Cc1cc(C(=O)c2ccccc2)c(O)c(C#N)c1C,group_B,U21_EPA_CPDat_Uv_Absorber,,,,,,
MOL_B_004462,Cc1cc(C(=O)c2ccccc2)c(O)c([N+](=O)[O-])c1,group_B,U21_EPA_CPDat_Uv_Absorber,,,,,,
MOL_B_004463,Cc1cc(C(=O)c2ccccc2)c(O)cc1Cl,group_B,U21_EPA_CPDat_Uv_Absorber,,,,,,
MOL_B_004464,Cc1cc(C(=O)c2ccccc2)cc(C(C)(C)C)c1O,group_B,U21_EPA_CPDat_Uv_Absorber,,,,,,
MOL_B_004465,Cc1cc(C(=O)c2ccccc2C(=O)O)cc(C)c1O,group_B,U21_EPA_CPDat_Uv_Absorber,,,,,,
MOL_B_004466,Cc1cc(C(=O)c2ccccc2C(=O)O)ccc1O,group_B,U21_EPA_CPDat_Uv_Absorber,,,,,,
MOL_B_004467,Cc1cc(C(=O)c2ncc([N+](=O)[O-])s2)c(C)c(C)c1O,group_B,U21_EPA_CPDat_Uv_Absorber,,,,,,
MOL_B_004468,Cc1cc(C(=O)c2ncc([N+](=O)[O-])s2)cc(C)c1O,group_B,U21_EPA_CPDat_Uv_Absorber,,,,,,
MOL_B_004469,Cc1cc(C(C)(C)C)c(C)c(C(C)(C)C)c1O,group_B,U21_EPA_CPDat_Uv_Absorber,,,,,,
MOL_B_004470,Cc1cc(C(C)(C)C)c(C)c(C)c1O,group_B,U21_EPA_CPDat_Uv_Absorber,,,,,,
MOL_B_004471,Cc1cc(C(C)(C)C)c(C)c(O)c1C,group_B,U21_EPA_CPDat_Uv_Absorber,,,,,,
MOL_B_004472,Cc1cc(C(C)(C)C)c(C)cc1O,group_B,U21_EPA_CPDat_Uv_Absorber,,,,,,
MOL_B_004473,Cc1cc(C(C)(C)C)c(O)c(C(C)(C)C)c1,group_B,U21_EPA_CPDat_Uv_Absorber,,,,,,
MOL_B_004474,Cc1cc(C(C)(C)C)c(O)c(C(C)(C)CC(C)(C)C)c1,group_B,U21_EPA_CPDat_Uv_Absorber,,,,,,
MOL_B_004475,Cc1cc(C(C)(C)C)c(O)c(C(C)(C)c2cc(C)cc(C(C)(C)C)c2O)c1,group_B,U21_EPA_CPDat_Uv_Absorber,,,,,,
MOL_B_004476,Cc1cc(C(C)(C)C)c(O)c(C)c1CC(N)=O,group_B,U21_EPA_CPDat_Uv_Absorber,,,,,,
MOL_B_004477,Cc1cc(C(C)(C)C)c(O)c(C)c1CS,group_B,U21_EPA_CPDat_Uv_Absorber,,,,,,
MOL_B_004478,Cc1cc(C(C)(C)C)c(O)c(Cc2c(C)c(C)cc(C(C)(C)C)c2O)c1C,group_B,U21_EPA_CPDat_Uv_Absorber,,,,,,
MOL_B_004479,Cc1cc(C(C)(C)C)c(O)c([Si](C)(C)c2ccccc2)c1,group_B,U21_EPA_CPDat_Uv_Absorber,,,,,,
MOL_B_004480,Cc1cc(C(C)(C)C)c(O)cc1C(C)(C)C,group_B,U21_EPA_CPDat_Uv_Absorber,,,,,,
MOL_B_004481,Cc1cc(C(C)(C)C)c2oc(=O)cc(C)c2c1,group_B,U07_ICE_Sensitization;U09_HPPT,,,,,1.0,
MOL_B_004482,Cc1cc(C(C)(C)C)cc(-c2cc(C(C)(C)C)cc(C)c2O)c1O,group_B,U21_EPA_CPDat_Uv_Absorber,,,,,,
MOL_B_004483,Cc1cc(C(C)(C)C)cc(C(C)(C)C)c1O,group_B,U21_EPA_CPDat_Uv_Absorber,,,,,,
MOL_B_004484,Cc1cc(C(C)(C)C)cc(C(C)(C)CC(C)(C)C)c1O,group_B,U21_EPA_CPDat_Uv_Absorber,,,,,,
MOL_B_004485,Cc1cc(C(C)(C)C)cc(C)c1O,group_B,U21_EPA_CPDat_Uv_Absorber,,,,,,
MOL_B_004486,Cc1cc(C(C)(C)C)cc(Cc2cccc(Cc3cc(C(C)(C)C)cc(C)c3O)c2O)c1O,group_B,U21_EPA_CPDat_Uv_Absorber,,,,,,
MOL_B_004487,Cc1cc(C(C)(C)C)cc(O)c1O,group_B,U21_EPA_CPDat_Uv_Absorber,,,,,,
MOL_B_004488,Cc1cc(C(C)(C)C)ccc1O,group_B,U21_EPA_CPDat_Uv_Absorber,,,,,,
MOL_B_004489,Cc1cc(C(C)(C)CC(C)(C)C)cc(C(C)(C)C)c1O,group_B,U21_EPA_CPDat_Uv_Absorber,,,,,,
MOL_B_004490,Cc1cc(C(C)(C)CC(C)(C)C)cc(Cc2cc(C(C)(C)CC(C)(C)C)cc(C)c2O)c1O,group_B,U21_EPA_CPDat_Uv_Absorber,,,,,,
MOL_B_004491,Cc1cc(C(C)(C)CC(C)(C)C)cc(O)c1O,group_B,U21_EPA_CPDat_Uv_Absorber,,,,,,
MOL_B_004492,Cc1cc(C(C)(C)CC(C)(C)C)ccc1O,group_B,U21_EPA_CPDat_Uv_Absorber,,,,,,
MOL_B_004493,Cc1cc(C(C)(C)c2cc(C)c(O)c(C(C)(C)C)c2)cc(C(C)(C)C)c1O,group_B,U21_EPA_CPDat_Uv_Absorber,,,,,,
MOL_B_004494,Cc1cc(C(C)(C)c2cc(C)c(O)c(C)c2)cc(C)c1O,group_B,U21_EPA_CPDat_Uv_Absorber,,,,,,
MOL_B_004495,Cc1cc(C(C)(C)c2ccc(C(C)(C)c3cc(C)c(O)c(C)c3)cc2)cc(C)c1O,group_B,U21_EPA_CPDat_Uv_Absorber,,,,,,
MOL_B_004496,Cc1cc(C(C)(C)c2ccc(O)c(C)c2)ccc1O,group_B,U21_EPA_CPDat_Uv_Absorber,,,,,,
MOL_B_004497,Cc1cc(C(C)(C)c2ccc(O)cc2)ccc1O,group_B,U21_EPA_CPDat_Uv_Absorber,,,,,,
MOL_B_004498,Cc1cc(C(C)(C)c2ccccc2)c(O)c(C(C)(C)c2ccccc2)c1,group_B,U21_EPA_CPDat_Uv_Absorber,,,,,,
MOL_B_004499,Cc1cc(C(C)(C)c2ccccc2)ccc1O,group_B,U21_EPA_CPDat_Uv_Absorber,,,,,,
MOL_B_004500,Cc1cc(C(C)(c2ccc(-c3ccccc3)cc2)c2ccc(O)c(C)c2)ccc1O,group_B,U21_EPA_CPDat_Uv_Absorber,,,,,,
MOL_B_004501,Cc1cc(C(C)(c2ccc(O)cc2)c2cc(C)c(O)c(C)c2)cc(C)c1O,group_B,U21_EPA_CPDat_Uv_Absorber,,,,,,
MOL_B_004502,Cc1cc(C(C)(c2ccccc2)c2cc(C)c(O)c(C)c2)cc(C)c1O,group_B,U21_EPA_CPDat_Uv_Absorber,,,,,,
MOL_B_004503,Cc1cc(C(C)(c2ccccc2)c2ccc(O)c(C)c2)ccc1O,group_B,U21_EPA_CPDat_Uv_Absorber,,,,,,
MOL_B_004504,Cc1cc(C(C)c2cc(C)cc(C(C)(C)C)c2O)c(O)c(C(C)(C)C)c1,group_B,U21_EPA_CPDat_Uv_Absorber,,,,,,
MOL_B_004505,Cc1cc(C(c2ccccc2)c2cc(C)cc(C(C)(C)C)c2O)c(O)c(C(C)(C)C)c1,group_B,U21_EPA_CPDat_Uv_Absorber,,,,,,
MOL_B_004506,Cc1cc(C(c2cccnn2)c2cc(C)cc(C(C)(C)C)c2O)c(O)c(C(C)(C)C)c1,group_B,U21_EPA_CPDat_Uv_Absorber,,,,,,
MOL_B_004507,Cc1cc(C(c2ccco2)c2cc(C)cc(C(C)(C)C)c2O)c(O)c(C(C)(C)C)c1,group_B,U21_EPA_CPDat_Uv_Absorber,,,,,,
MOL_B_004508,Cc1cc(C)c(C(=O)c2c(C)cc(C)cc2O)c(C)c1,group_B,U21_EPA_CPDat_Uv_Absorber,,,,,,
MOL_B_004509,Cc1cc(C)c(C(=O)c2c(C)cccc2C)c(O)c1,group_B,U21_EPA_CPDat_Uv_Absorber,,,,,,
MOL_B_004510,Cc1cc(C)c(C(=O)c2ccccc2C)c(O)c1,group_B,U21_EPA_CPDat_Uv_Absorber,,,,,,
MOL_B_004511,Cc1cc(C)c(Cc2cc(C(C)(C)C)c(O)c(C(C)(C)C)c2)c(C)c1,group_B,U21_EPA_CPDat_Uv_Absorber,,,,,,
MOL_B_004512,Cc1cc(C)c(Cc2cc(C(C)(C)C)c(O)c(C(C)(C)C)c2)c(C)c1Cc1cc(C(C)(C)C)c(O)c(C(C)(C)C)c1,group_B,U21_EPA_CPDat_Uv_Absorber,,,,,,
MOL_B_004513,Cc1cc(C)c(NC(=O)CCCCN2CCCCC2)c(C)c1,group_B,U21_EPA_CPDat_Uv_Absorber,,,,,,
MOL_B_004514,Cc1cc(C)c(O)c(C(=O)CC(=O)c2ccccc2)c1,group_B,U21_EPA_CPDat_Uv_Absorber,,,,,,
MOL_B_004515,Cc1cc(C)c(O)c(C(=O)Cc2ccccc2)c1,group_B,U21_EPA_CPDat_Uv_Absorber,,,,,,
MOL_B_004516,Cc1cc(C)c(O)c(C(=O)c2ccccc2C(=O)O)c1,group_B,U21_EPA_CPDat_Uv_Absorber,,,,,,
MOL_B_004517,Cc1cc(C)c(O)c(C(=O)c2cnn(-c3ccccc3)c2)c1,group_B,U21_EPA_CPDat_Uv_Absorber,,,,,,
MOL_B_004518,Cc1cc(C)c(O)c(C(C)(C)C)c1,group_B,U21_EPA_CPDat_Uv_Absorber,,,,,,
MOL_B_004519,Cc1cc(C)c(O)c(C(C)(C)CC(C)(C)C)c1,group_B,U21_EPA_CPDat_Uv_Absorber,,,,,,
MOL_B_004520,Cc1cc(C)c(O)c(C(C)(C)c2cc(C)cc(C)c2O)c1,group_B,U21_EPA_CPDat_Uv_Absorber,,,,,,
MOL_B_004521,Cc1cc(C)c(O)c(C(C)(C)c2ccccc2)c1,group_B,U21_EPA_CPDat_Uv_Absorber,,,,,,
MOL_B_004522,Cc1cc(C)c(O)c(C(C)(c2cc(C)cc(C)c2O)C(C)CC(C)(C)C)c1,group_B,U21_EPA_CPDat_Uv_Absorber,,,,,,
MOL_B_004523,Cc1cc(C)c(O)c(C(CC(C)CC(C)(C)C)c2cc(C)cc(C)c2O)c1,group_B,U21_EPA_CPDat_Uv_Absorber,,,,,,
MOL_B_004524,Cc1cc(C)c(O)c(C(CC(C)CCC(C)(C)C)c2cc(C)cc(C)c2O)c1,group_B,U21_EPA_CPDat_Uv_Absorber,,,,,,
MOL_B_004525,Cc1cc(C)c(O)c(C(CCC(C)CC(C)(C)C)c2cc(C)cc(C)c2O)c1,group_B,U21_EPA_CPDat_Uv_Absorber,,,,,,
MOL_B_004526,Cc1cc(C)c(O)c(C(c2cc(C)cc(C)c2O)C(C)(C)CC(C)(C)C)c1,group_B,U21_EPA_CPDat_Uv_Absorber,,,,,,
MOL_B_004527,Cc1cc(C=O)c(O)c(C(C)(C)C)c1,group_B,U21_EPA_CPDat_Uv_Absorber,,,,,,
MOL_B_004528,Cc1cc(C=O)c(O)c(C(C)(C)c2ccccc2)c1,group_B,U21_EPA_CPDat_Uv_Absorber,,,,,,
MOL_B_004529,Cc1cc(C=O)cc(C(C)(C)C)c1O,group_B,U21_EPA_CPDat_Uv_Absorber,,,,,,
MOL_B_004530,Cc1cc(CCC[Si](C)(O[Si](C)(C)C)O[Si](C)(C)C)c(O)c(-n2nc3ccccc3n2)c1,group_B,U01_EU_CosIng_Annex_VI,,,,,0.0,0.0
MOL_B_004531,Cc1cc(CN(C)C)c(O)c(C(C)(C)C)c1,group_B,U21_EPA_CPDat_Uv_Absorber,,,,,,
MOL_B_004532,Cc1cc(CN(Cc2cc(C)cc(C(C)(C)C)c2O)Cc2cc(C)cc(C(C)(C)C)c2O)c(O)c(C(C)(C)C)c1,group_B,U21_EPA_CPDat_Uv_Absorber,,,,,,
MOL_B_004533,Cc1cc(CN2CCCCC2)cc(C)c1O,group_B,U21_EPA_CPDat_Uv_Absorber,,,,,,
MOL_B_004534,Cc1cc(CN2CCCCC2)ccc1O,group_B,U21_EPA_CPDat_Uv_Absorber,,,,,,
MOL_B_004535,Cc1cc(CSCc2cc(C)c(O)c(C(C)(C)C)c2)cc(C(C)(C)C)c1O,group_B,U21_EPA_CPDat_Uv_Absorber,,,,,,
MOL_B_004536,Cc1cc(Cc2cc(C(C)(C)C)c(O)c(C(C)(C)C)c2)cc(C)c1O,group_B,U21_EPA_CPDat_Uv_Absorber,,,,,,
MOL_B_004537,Cc1cc(Cc2cc(C(C)(C)C)ccc2O)c(O)c(Cc2cc(C(C)(C)C)ccc2O)c1,group_B,U21_EPA_CPDat_Uv_Absorber,,,,,,
MOL_B_004538,Cc1cc(Cc2cc(C(C)(C)CC(C)(C)C)cc(-n3nc4ccccc4n3)c2O)c(O)c(C(C)(C)C)c1,group_B,U21_EPA_CPDat_Uv_Absorber,,,,,,
MOL_B_004539,Cc1cc(Cc2cc(C)c(C(C)(C)C)cc2O)c(O)cc1C(C)(C)C,group_B,U21_EPA_CPDat_Uv_Absorber,,,,,,
MOL_B_004540,Cc1cc(Cc2cc(C)c(O)c(C)c2)cc(C)c1O,group_B,U21_EPA_CPDat_Uv_Absorber,,,,,,
MOL_B_004541,Cc1cc(Cc2cc(C)c(O)c(C=O)c2)cc(C=O)c1O,group_B,U21_EPA_CPDat_Uv_Absorber,,,,,,
MOL_B_004542,Cc1cc(Cc2cc(C)cc(-n3nc4ccccc4n3)c2O)c(O)c(-n2nc3ccccc3n2)c1,group_B,U21_EPA_CPDat_Uv_Absorber,,,,,,
MOL_B_004543,Cc1cc(Cc2cc(C)cc(C(C)(C)C)c2O)c(O)c(C(C)(C)C)c1,group_B,U21_EPA_CPDat_Uv_Absorber,,,,,,
MOL_B_004544,Cc1cc(Cc2cc(C)cc(C(C)(C)C)c2O)c(O)c(Cc2cc(C)cc(C(C)(C)C)c2O)c1,group_B,U21_EPA_CPDat_Uv_Absorber,,,,,,
MOL_B_004545,Cc1cc(Cc2cc(C)cc(C(C)(C)C)c2OC(=O)c2ccc(C(=O)Oc3c(Cc4cc(C)cc(C(C)(C)C)c4O)cc(C)cc3C(C)(C)C)cc2)c(O)c(C(C)(C)C)c1,group_B,U21_EPA_CPDat_Uv_Absorber,,,,,,
MOL_B_004546,Cc1cc(Cc2cc(C)cc(C(C)(C)C)c2Oc2nc(Oc3c(Cc4cc(C)cc(C(C)(C)C)c4O)cc(C)cc3C(C)(C)C)nc(Oc3c(Cc4cc(C)cc(C(C)(C)C)c4O)cc(C)cc3C(C)(C)C)n2)c(O)c(C(C)(C)C)c1,group_B,U21_EPA_CPDat_Uv_Absorber,,,,,,
MOL_B_004547,Cc1cc(Cc2cc(C)cc(C(C)(C)CC(C)(C)C)c2O)c(O)c(C(C)(C)CC(C)(C)C)c1,group_B,U21_EPA_CPDat_Uv_Absorber,,,,,,
MOL_B_004548,Cc1cc(Cc2ccc(C(C)(C)C)cc2)cc(Cl)c1O,group_B,U21_EPA_CPDat_Uv_Absorber,,,,,,
MOL_B_004549,Cc1cc(Cc2cccc(Cc3cc(C)c(O)c(C(C)(C)C)c3)c2O)cc(C(C)(C)C)c1O,group_B,U21_EPA_CPDat_Uv_Absorber,,,,,,
MOL_B_004550,Cc1cc(Cl)cc(Cc2ccc(C(C)(C)C)cc2)c1O,group_B,U21_EPA_CPDat_Uv_Absorber,,,,,,
MOL_B_004551,Cc1cc(N)ccc1N,group_B,U12_SkinPiX,,,,-6.0815,,
MOL_B_004552,Cc1cc(N2Nc3ccc(Cl)cc3N2)c(O)c(C(C)(C)C)c1,group_B,U21_EPA_CPDat_Uv_Absorber,,,,,,
MOL_B_004553,Cc1cc(N=O)c(O)c(C(C)(C)C)c1,group_B,U21_EPA_CPDat_Uv_Absorber,,,,,,
MOL_B_004554,Cc1cc(N=O)c(O)c(C(C)(C)c2ccccc2)c1,group_B,U21_EPA_CPDat_Uv_Absorber,,,,,,
MOL_B_004555,Cc1cc(O)c(C(=O)Cc2ccccc2)cc1C,group_B,U21_EPA_CPDat_Uv_Absorber,,,,,,
MOL_B_004556,Cc1cc(O)c(C(=O)c2ccccc2)cc1C,group_B,U21_EPA_CPDat_Uv_Absorber,,,,,,
MOL_B_004557,Cc1cc(O)c(C(=O)c2ccccc2Cl)cc1Cl,group_B,U21_EPA_CPDat_Uv_Absorber,,,,,,
MOL_B_004558,Cc1cc(O)c(C(=O)c2cnn(-c3ccccc3)c2)cc1C,group_B,U21_EPA_CPDat_Uv_Absorber,,,,,,
MOL_B_004559,Cc1cc(O)c(C(C)(C)C)cc1C,group_B,U21_EPA_CPDat_Uv_Absorber,,,,,,
MOL_B_004560,Cc1cc(O)c(C(C)(C)C)cc1C(C)(C)C,group_B,U21_EPA_CPDat_Uv_Absorber,,,,,,
MOL_B_004561,Cc1cc(O)c(C(C)(C)C)cc1C(C)CC(c1cc(C(C)(C)C)c(O)cc1C)c1cc(C(C)(C)C)c(O)cc1C,group_B,U21_EPA_CPDat_Uv_Absorber,,,,,,
MOL_B_004562,Cc1cc(O)c(C(C)(C)C)cc1Cc1cc(C(C)(C)C)c(O)cc1C,group_B,U21_EPA_CPDat_Uv_Absorber,,,,,,
MOL_B_004563,Cc1cc(O)c(C(C)C)cc1C(=O)c1ccccc1C(=O)O,group_B,U21_EPA_CPDat_Uv_Absorber,,,,,,
MOL_B_004564,Cc1cc(O)c(C)c(C(C)(C)C)c1,group_B,U21_EPA_CPDat_Uv_Absorber,,,,,,
MOL_B_004565,Cc1cc(O)c(Cc2c(O)cc(C)cc2C(C)(C)C)c(C(C)(C)C)c1,group_B,U21_EPA_CPDat_Uv_Absorber,,,,,,
MOL_B_004566,Cc1cc(O)c(O)c(C(C)(C)C)c1,group_B,U21_EPA_CPDat_Uv_Absorber,,,,,,
MOL_B_004567,Cc1cc(O)c(O)c(C(C)(C)CC(C)(C)C)c1,group_B,U21_EPA_CPDat_Uv_Absorber,,,,,,
MOL_B_004568,Cc1cc(O)c([N+](=O)[O-])c(C)c1C(=O)c1ccccc1,group_B,U21_EPA_CPDat_Uv_Absorber,,,,,,
MOL_B_004569,Cc1cc(O)cc(C(C)(C)C)c1,group_B,U21_EPA_CPDat_Uv_Absorber,,,,,,
MOL_B_004570,Cc1cc(O)cc(C(C)(C)C)c1Sc1c(C)cc(O)cc1C(C)(C)C,group_B,U21_EPA_CPDat_Uv_Absorber,,,,,,
MOL_B_004571,Cc1cc(O)cc(C)c1-c1ccc(C(C)(C)C)cc1,group_B,U21_EPA_CPDat_Uv_Absorber,,,,,,
MOL_B_004572,Cc1cc(O)cc(C)c1C(=O)c1ccccc1,group_B,U21_EPA_CPDat_Uv_Absorber,,,,,,
MOL_B_004573,Cc1cc(O)cc(C)c1Cl,group_B,U07_ICE_Sensitization;U09_HPPT,,,,,0.0,
MOL_B_004574,Cc1cc(O)cc(C)c1NC(=O)C1CCCCN1,group_B,U21_EPA_CPDat_Uv_Absorber,,,,,,
MOL_B_004575,Cc1cc(O)cc(C)c1NC(=O)[C@@H]1CCCCN1,group_B,U21_EPA_CPDat_Uv_Absorber,,,,,,
MOL_B_004576,Cc1cc(O)cc(O)c1C(=O)OCc1ccccc1,group_B,U21_EPA_CPDat_Uv_Absorber,,,,,,
MOL_B_004577,Cc1cc(O)cc(O)c1C(=O)c1ccccc1,group_B,U21_EPA_CPDat_Uv_Absorber,,,,,,
MOL_B_004578,Cc1cc(O)cc(OC(=O)c2ccccc2)c1,group_B,U21_EPA_CPDat_Uv_Absorber,,,,,,
MOL_B_004579,Cc1cc(O)ccc1C(=O)c1ccc(Cl)cc1,group_B,U21_EPA_CPDat_Uv_Absorber,,,,,,
MOL_B_004580,Cc1cc(O)ccc1N,group_B,U07_ICE_Sensitization,,,,,1.0,
MOL_B_004581,Cc1cc(O)ccc1NC(=O)C(C)(C)C,group_B,U21_EPA_CPDat_Uv_Absorber,,,,,,
MOL_B_004582,Cc1cc(OC(=O)C(C)(C)C)c(C)c(C)c1O,group_B,U21_EPA_CPDat_Uv_Absorber,,,,,,
MOL_B_004583,Cc1cc(S(=O)(=O)c2cc(C)c(O)c(C(C)(C)C)c2)cc(C(C)(C)C)c1O,group_B,U21_EPA_CPDat_Uv_Absorber,,,,,,
MOL_B_004584,Cc1cc(S(=O)c2cc(C)c(O)c(C(C)(C)C)c2)cc(C(C)(C)C)c1O,group_B,U21_EPA_CPDat_Uv_Absorber,,,,,,
MOL_B_004585,Cc1cc(SCCSc2cc(C)cc(C(C)(C)C)c2O)c(O)c(C(C)(C)C)c1,group_B,U21_EPA_CPDat_Uv_Absorber,,,,,,
MOL_B_004586,Cc1cc(Sc2cc(C)c(O)c(C(C)(C)C)c2)cc(C(C)(C)C)c1O,group_B,U21_EPA_CPDat_Uv_Absorber,,,,,,
MOL_B_004587,Cc1cc(Sc2cc(C)cc(C(C)(C)C)c2O)c(O)c(C(C)(C)C)c1,group_B,U21_EPA_CPDat_Uv_Absorber,,,,,,
MOL_B_004588,Cc1cc(Sc2cc(C)cc(C(C)(C)c3ccccc3)c2O)c(O)c(C(C)(C)c2ccccc2)c1,group_B,U21_EPA_CPDat_Uv_Absorber,,,,,,
MOL_B_004589,Cc1cc([N+](=O)[O-])c(C)c(O)c1C(=O)c1ccccc1,group_B,U21_EPA_CPDat_Uv_Absorber,,,,,,
MOL_B_004590,Cc1cc([N+](=O)[O-])cc(C)c1N,group_B,U07_ICE_Irritation,,,,,,0.0
MOL_B_004591,Cc1cc([NH3+])ccc1[NH3+],group_B,U07_ICE_Sensitization,,,,,1.0,
MOL_B_004592,Cc1ccc(-c2cc(C(C)(C)C)c(O)c(C(C)(C)C)c2)cc1,group_B,U21_EPA_CPDat_Uv_Absorber,,,,,,
MOL_B_004593,Cc1ccc(C#N)cc1,group_B,U12_SkinPiX,,,,-5.1225000000000005,,
MOL_B_004594,Cc1ccc(C(=O)CC(C)CC(C)(C)C)c(O)c1,group_B,U21_EPA_CPDat_Uv_Absorber,,,,,,
MOL_B_004595,Cc1ccc(C(=O)OCc2ccccc2)c(O)c1,group_B,U21_EPA_CPDat_Uv_Absorber,,,,,,
MOL_B_004596,Cc1ccc(C(=O)c2c(C)cc(C)cc2O)c(C)c1,group_B,U21_EPA_CPDat_Uv_Absorber,,,,,,
MOL_B_004597,Cc1ccc(C(=O)c2c(C)cc(C)cc2O)cc1,group_B,U21_EPA_CPDat_Uv_Absorber,,,,,,
MOL_B_004598,Cc1ccc(C(=O)c2cc(C)ccc2O)cc1,group_B,U21_EPA_CPDat_Uv_Absorber,,,,,,
MOL_B_004599,Cc1ccc(C(=O)c2cc(F)ccc2O)cc1,group_B,U21_EPA_CPDat_Uv_Absorber,,,,,,
MOL_B_004600,Cc1ccc(C(=O)c2cc(O)c(O)c([N+](=O)[O-])c2)cc1,group_B,U21_EPA_CPDat_Uv_Absorber,,,,,,
MOL_B_004601,Cc1ccc(C(=O)c2ccc(Cl)cc2)c(O)c1,group_B,U21_EPA_CPDat_Uv_Absorber,,,,,,
MOL_B_004602,Cc1ccc(C(=O)c2ccc(O)c(C(=O)O)c2)s1,group_B,U21_EPA_CPDat_Uv_Absorber,,,,,,
MOL_B_004603,Cc1ccc(C(=O)c2ccc(O)cc2)s1,group_B,U21_EPA_CPDat_Uv_Absorber,,,,,,
MOL_B_004604,Cc1ccc(C(=O)c2ccc(O)cc2O)cc1,group_B,U21_EPA_CPDat_Uv_Absorber,,,,,,
MOL_B_004605,Cc1ccc(C(=O)c2cccc(C)c2O)cc1,group_B,U21_EPA_CPDat_Uv_Absorber,,,,,,
MOL_B_004606,Cc1ccc(C(=O)c2cccc(O)c2)cc1,group_B,U21_EPA_CPDat_Uv_Absorber,,,,,,
MOL_B_004607,Cc1ccc(C(=O)c2cccc(O)c2)cc1C,group_B,U21_EPA_CPDat_Uv_Absorber,,,,,,
MOL_B_004608,Cc1ccc(C(=O)c2cccc(O)c2)cc1F,group_B,U21_EPA_CPDat_Uv_Absorber,,,,,,
MOL_B_004609,Cc1ccc(C(=O)c2ccccc2)c(NC(=O)c2cc(Cl)ccc2O)c1,group_B,U21_EPA_CPDat_Uv_Absorber,,,,,,
MOL_B_004610,Cc1ccc(C(=O)c2ccccc2)c(O)c1,group_B,U21_EPA_CPDat_Uv_Absorber,,,,,,
MOL_B_004611,Cc1ccc(C(=O)c2ccccc2Cl)c(O)c1,group_B,U21_EPA_CPDat_Uv_Absorber,,,,,,
MOL_B_004612,Cc1ccc(C(=O)c2ccccc2O)cc1,group_B,U21_EPA_CPDat_Uv_Absorber,,,,,,
MOL_B_004613,Cc1ccc(C(=O)c2cn[nH]c2)c(O)c1,group_B,U21_EPA_CPDat_Uv_Absorber,,,,,,
MOL_B_004614,Cc1ccc(C(=O)c2cnn(-c3ccccc3)c2)c(O)c1,group_B,U21_EPA_CPDat_Uv_Absorber,,,,,,
MOL_B_004615,Cc1ccc(C(C)(C)C)c(C)c1O,group_B,U21_EPA_CPDat_Uv_Absorber,,,,,,
MOL_B_004616,Cc1ccc(C(C)(C)C)c(O)c1C,group_B,U21_EPA_CPDat_Uv_Absorber,,,,,,
MOL_B_004617,Cc1ccc(C(C)(C)C)c(O)c1C(C)(C)C,group_B,U21_EPA_CPDat_Uv_Absorber,,,,,,
MOL_B_004618,Cc1ccc(C(C)(C)C)c(O)c1Cc1c(C)ccc(C(C)(C)C)c1O,group_B,U21_EPA_CPDat_Uv_Absorber,,,,,,
MOL_B_004619,Cc1ccc(C(C)(C)C)cc1S,group_B,U07_ICE_Irritation,,,,,,1.0
MOL_B_004620,Cc1ccc(C(C)(C)O)cc1,group_B,U07_ICE_Sensitization;U09_HPPT,,,,,0.0,
MOL_B_004621,Cc1ccc(C(C)C)cc1,group_B,U07_ICE_Sensitization;U09_HPPT,,,,,0.0,
MOL_B_004622,Cc1ccc(C(C)C=O)cc1,group_B,U07_ICE_Sensitization;U09_HPPT,,,,,0.0,
MOL_B_004623,Cc1ccc(C)c(C(C)(C)C)c1O,group_B,U21_EPA_CPDat_Uv_Absorber,,,,,,
MOL_B_004624,Cc1ccc(C=C2C(=O)C3(C)CCC2C3(C)C)cc1,group_B,U01_EU_CosIng_Annex_VI,,,,,0.0,0.0
MOL_B_004625,Cc1ccc(C=O)o1,group_B,U07_ICE_Sensitization;U09_HPPT,,,,,0.0,
MOL_B_004626,Cc1ccc(CC(=O)C(C)C)cc1,group_B,U07_ICE_Sensitization;U09_HPPT,,,,,0.0,
MOL_B_004627,Cc1ccc(CC(C)(C)O)cc1,group_B,U07_ICE_Sensitization;U09_HPPT,,,,,0.0,
MOL_B_004628,Cc1ccc(CC=O)cc1,group_B,U07_ICE_Sensitization;U09_HPPT,,,,,0.0,
MOL_B_004629,Cc1ccc(CNC(=O)C2CCNCC2)cc1,group_B,U21_EPA_CPDat_Uv_Absorber,,,,,,
MOL_B_004630,Cc1ccc(CO)cc1,group_B,U07_ICE_Sensitization;U09_HPPT,,,,,0.0,
MOL_B_004631,Cc1ccc(COC(=O)c2ccc(O)cc2)cc1,group_B,U21_EPA_CPDat_Uv_Absorber,,,,,,
MOL_B_004632,Cc1ccc(COC(=O)c2cccc(O)c2)cc1,group_B,U21_EPA_CPDat_Uv_Absorber,,,,,,
MOL_B_004633,Cc1ccc(Cc2cc(C(C)(C)C)c(O)c(C(C)(C)C)c2)cc1,group_B,U21_EPA_CPDat_Uv_Absorber,,,,,,
MOL_B_004634,Cc1ccc(N(C)c2cc(O)cc(C(=O)c3ccccc3C(=O)O)c2)cc1,group_B,U21_EPA_CPDat_Uv_Absorber,,,,,,
MOL_B_004635,Cc1ccc(N(C)c2ccc(C(=O)c3ccccc3C(=O)O)c(O)c2)cc1,group_B,U21_EPA_CPDat_Uv_Absorber,,,,,,
MOL_B_004636,Cc1ccc(N)c(C)c1,group_B,U07_ICE_Irritation,,,,,,1.0
MOL_B_004637,Cc1ccc(N)cc1O,group_B,U07_ICE_Sensitization,,,,,1.0,
MOL_B_004638,Cc1ccc(N2CNC(=O)C23CCNCC3)cc1,group_B,U21_EPA_CPDat_Uv_Absorber,,,,,,
MOL_B_004639,Cc1ccc(NC(=O)C2CCCNC2)nc1,group_B,U21_EPA_CPDat_Uv_Absorber,,,,,,
MOL_B_004640,Cc1ccc(NC(=O)C2CCNCC2)nc1,group_B,U21_EPA_CPDat_Uv_Absorber,,,,,,
MOL_B_004641,Cc1ccc(NC(=O)CCCCN2CCCCC2)cc1,group_B,U21_EPA_CPDat_Uv_Absorber,,,,,,
MOL_B_004642,Cc1ccc(NC(=O)CCCN2CCCCC2)cc1,group_B,U21_EPA_CPDat_Uv_Absorber,,,,,,
MOL_B_004643,Cc1ccc(Nc2ccc(C(=O)c3ccccc3C(=O)O)c(O)c2)cc1,group_B,U21_EPA_CPDat_Uv_Absorber,,,,,,
MOL_B_004644,Cc1ccc(O)c(-c2ccccc2C(=O)c2ccccc2)c1,group_B,U21_EPA_CPDat_Uv_Absorber,,,,,,
MOL_B_004645,Cc1ccc(O)c(C(=O)C(C)(C)C)c1,group_B,U21_EPA_CPDat_Uv_Absorber,,,,,,
MOL_B_004646,Cc1ccc(O)c(C(=O)C=C(c2ccccc2)c2ccccc2)c1,group_B,U21_EPA_CPDat_Uv_Absorber,,,,,,
MOL_B_004647,Cc1ccc(O)c(C(=O)CC(=O)c2ccccc2)c1,group_B,U21_EPA_CPDat_Uv_Absorber,,,,,,
MOL_B_004648,Cc1ccc(O)c(C(=O)Cc2ccccc2)c1,group_B,U21_EPA_CPDat_Uv_Absorber,,,,,,
MOL_B_004649,Cc1ccc(O)c(C(=O)Oc2ccccc2)c1,group_B,U21_EPA_CPDat_Uv_Absorber,,,,,,
MOL_B_004650,Cc1ccc(O)c(C(=O)c2cc(C(C)(C)C)ccc2C(=O)O)c1,group_B,U21_EPA_CPDat_Uv_Absorber,,,,,,
MOL_B_004651,Cc1ccc(O)c(C(=O)c2ccc(-c3ccccc3)n2-c2ccccc2)c1,group_B,U21_EPA_CPDat_Uv_Absorber,,,,,,
MOL_B_004652,Cc1ccc(O)c(C(=O)c2ccccc2)c1,group_B,U21_EPA_CPDat_Uv_Absorber,,,,,,
MOL_B_004653,Cc1ccc(O)c(C(=O)c2ccccc2)c1C,group_B,U21_EPA_CPDat_Uv_Absorber,,,,,,
MOL_B_004654,Cc1ccc(O)c(C(=O)c2ccccc2Oc2ccccc2)c1,group_B,U21_EPA_CPDat_Uv_Absorber,,,,,,
MOL_B_004655,Cc1ccc(O)c(C(=O)c2ccco2)c1,group_B,U21_EPA_CPDat_Uv_Absorber,,,,,,
MOL_B_004656,Cc1ccc(O)c(C(=O)c2cn[nH]c2)c1,group_B,U21_EPA_CPDat_Uv_Absorber,,,,,,
MOL_B_004657,Cc1ccc(O)c(C(=O)c2cnn(-c3ccccc3)c2)c1,group_B,U21_EPA_CPDat_Uv_Absorber,,,,,,
MOL_B_004658,Cc1ccc(O)c(C(C)(C)C)c1,group_B,U21_EPA_CPDat_Uv_Absorber,,,,,,
MOL_B_004659,Cc1ccc(O)c(C(C)(C)c2ccccc2)c1,group_B,U21_EPA_CPDat_Uv_Absorber,,,,,,
MOL_B_004660,Cc1ccc(O)c(C(C)C(C)(C)C)c1,group_B,U21_EPA_CPDat_Uv_Absorber,,,,,,
MOL_B_004661,Cc1ccc(O)c(C)c1NC(=O)C1CCCCN1,group_B,U21_EPA_CPDat_Uv_Absorber,,,,,,
MOL_B_004662,Cc1ccc(O)c(C)c1NC(=O)C1CCCCN1C,group_B,U21_EPA_CPDat_Uv_Absorber,,,,,,
MOL_B_004663,Cc1ccc(O)c(CN2CCCCC2)c1,group_B,U21_EPA_CPDat_Uv_Absorber,,,,,,
MOL_B_004664,Cc1ccc(O)c(Cc2cc(C(C)(C)C)c(O)c(C(C)(C)C)c2)c1,group_B,U21_EPA_CPDat_Uv_Absorber,,,,,,
MOL_B_004665,Cc1ccc(O)c(Cc2cc(C(C)(C)C)ccc2O)c1,group_B,U21_EPA_CPDat_Uv_Absorber,,,,,,
MOL_B_004666,Cc1ccc(O)c(Cc2cc(C)ccc2OC(=O)c2ccccc2)c1,group_B,U21_EPA_CPDat_Uv_Absorber,,,,,,
MOL_B_004667,Cc1ccc(O)c(Cc2ccccc2)c1C(C)(C)C,group_B,U21_EPA_CPDat_Uv_Absorber,,,,,,
MOL_B_004668,Cc1ccc(O)c(Cc2ccccc2C=O)c1,group_B,U21_EPA_CPDat_Uv_Absorber,,,,,,
MOL_B_004669,Cc1ccc(O)cc1C(=O)OC(C)(C)C,group_B,U21_EPA_CPDat_Uv_Absorber,,,,,,
MOL_B_004670,Cc1ccc(OC(=O)Cc2ccccc2)cc1,group_B,U07_ICE_Sensitization;U09_HPPT,,,,,0.0,
MOL_B_004671,Cc1ccc(OC(=O)c2ccccc2)cc1,group_B,U07_ICE_Sensitization;U09_HPPT,,,,,0.0,
MOL_B_004672,Cc1ccc(OC(=O)c2ccccc2O)cc1,group_B,U07_ICE_Sensitization;U09_HPPT;U21_EPA_CPDat_Uv_Absorber,,,,,0.0,
MOL_B_004673,Cc1ccc(OCC(=O)c2ccc(O)cc2O)cc1,group_B,U21_EPA_CPDat_Uv_Absorber,,,,,,
MOL_B_004674,Cc1ccc(OCCO)cc1,group_B,U07_ICE_Sensitization;U09_HPPT,,,,,0.0,
MOL_B_004675,Cc1ccc(OCc2ccccc2)c(C(=O)c2ccccc2)c1,group_B,U21_EPA_CPDat_Uv_Absorber,,,,,,
MOL_B_004676,Cc1ccc(S(=O)(=O)[N-]Cl)cc1,group_B,U07_ICE_Sensitization,,,,,1.0,
MOL_B_004677,Cc1ccc2c(-c3cc(C(C)(C)C)c(O)c(C(C)(C)C)c3)c[nH]c2c1,group_B,U21_EPA_CPDat_Uv_Absorber,,,,,,
MOL_B_004678,Cc1ccc2ccc(=O)oc2c1,group_B,U07_ICE_Sensitization;U09_HPPT,,,,,0.0,
MOL_B_004679,Cc1ccc2ccccc2c1C(=O)c1c(O)ccc2ccccc12,group_B,U21_EPA_CPDat_Uv_Absorber,,,,,,
MOL_B_004680,Cc1ccc2ncccc2c1,group_B,U07_ICE_Sensitization;U09_HPPT,,,,,0.0,
MOL_B_004681,Cc1cccc(-c2cc(C(C)(C)C)c(O)c(C(C)(C)C)c2)c1,group_B,U21_EPA_CPDat_Uv_Absorber,,,,,,
MOL_B_004682,Cc1cccc(C(=O)Cc2ccccc2)c1O,group_B,U21_EPA_CPDat_Uv_Absorber,,,,,,
MOL_B_004683,Cc1cccc(C(=O)Oc2ccccc2)c1O,group_B,U21_EPA_CPDat_Uv_Absorber,,,,,,
MOL_B_004684,Cc1cccc(C(=O)c2ccc(O)c(CO)c2)c1,group_B,U21_EPA_CPDat_Uv_Absorber,,,,,,
MOL_B_004685,Cc1cccc(C(=O)c2ccc(O)cc2)c1,group_B,U21_EPA_CPDat_Uv_Absorber,,,,,,
MOL_B_004686,Cc1cccc(C(=O)c2ccccc2)c1O,group_B,U21_EPA_CPDat_Uv_Absorber,,,,,,
MOL_B_004687,Cc1cccc(C(C)(C)C)c1O,group_B,U21_EPA_CPDat_Uv_Absorber,,,,,,
MOL_B_004688,Cc1cccc(C(C)(C)CC(C)(C)C)c1O,group_B,U21_EPA_CPDat_Uv_Absorber,,,,,,
MOL_B_004689,Cc1cccc(C(C)(C)c2cc(C(=O)O)c(O)c(C(C)(C)c3cccc(C)c3)c2)c1,group_B,U21_EPA_CPDat_Uv_Absorber,,,,,,
MOL_B_004690,Cc1cccc(C)c1NC(=O)C1CCCNC1,group_B,U21_EPA_CPDat_Uv_Absorber,,,,,,
MOL_B_004691,Cc1cccc(C)c1NC(=O)[C@@H]1CCCCN1,group_B,U21_EPA_CPDat_Uv_Absorber,,,,,,
MOL_B_004692,Cc1cccc(C)c1NC(=O)[C@@H]1CCCCN1CCC[13CH3],group_B,U21_EPA_CPDat_Uv_Absorber,,,,,,
MOL_B_004693,Cc1cccc(C)c1NC(=O)[C@H]1CCCCN1,group_B,U21_EPA_CPDat_Uv_Absorber,,,,,,
MOL_B_004694,Cc1cccc(C)c1Sc1cc(C(C)(C)C)cc(C(C)(C)C)c1O,group_B,U21_EPA_CPDat_Uv_Absorber,,,,,,
MOL_B_004695,Cc1cccc(CC(C)(C)CO)c1,group_B,U07_ICE_Sensitization;U09_HPPT,,,,,0.0,
MOL_B_004696,Cc1cccc(NC(=O)C2CCCNC2)n1,group_B,U21_EPA_CPDat_Uv_Absorber,,,,,,
MOL_B_004697,Cc1cccc(NC(=O)C2CCNCC2)n1,group_B,U21_EPA_CPDat_Uv_Absorber,,,,,,
MOL_B_004698,Cc1cccc(O)c1O,group_B,U07_ICE_Sensitization,,,,,1.0,
MOL_B_004699,Cc1cccc(OC(=O)c2ccc(O)cc2)c1,group_B,U21_EPA_CPDat_Uv_Absorber,,,,,,
MOL_B_004700,Cc1cccc(OC(=O)c2ccccc2O)c1,group_B,U21_EPA_CPDat_Uv_Absorber,,,,,,
MOL_B_004701,Cc1cccc(OCC(=O)c2ccc(O)cc2O)c1,group_B,U21_EPA_CPDat_Uv_Absorber,,,,,,
MOL_B_004702,Cc1ccccc1-c1cc(C(C)(C)C)c(O)c(C(C)(C)C)c1,group_B,U21_EPA_CPDat_Uv_Absorber,,,,,,
MOL_B_004703,Cc1ccccc1C(=O)NC1CCNCC1,group_B,U21_EPA_CPDat_Uv_Absorber,,,,,,
MOL_B_004704,Cc1ccccc1C(=O)c1ccc(O)cc1,group_B,U21_EPA_CPDat_Uv_Absorber,,,,,,
MOL_B_004705,Cc1ccccc1C(=O)c1ccc(O)cc1O,group_B,U21_EPA_CPDat_Uv_Absorber,,,,,,
MOL_B_004706,Cc1ccccc1C(C)(C)c1cc(C(=O)O)c(O)c(C(C)(C)c2ccccc2C)c1,group_B,U21_EPA_CPDat_Uv_Absorber,,,,,,
MOL_B_004707,Cc1ccccc1C(C)(C)c1ccc(O)c(C(C)(C)c2ccccc2C)c1,group_B,U21_EPA_CPDat_Uv_Absorber,,,,,,
MOL_B_004708,Cc1ccccc1CCO,group_B,U07_ICE_Sensitization;U09_HPPT,,,,,0.0,
MOL_B_004709,Cc1ccccc1COC(=O)c1ccc(O)cc1,group_B,U21_EPA_CPDat_Uv_Absorber,,,,,,
MOL_B_004710,Cc1ccccc1NC(=N)NC(=N)N,group_B,U07_ICE_Irritation,,,,,,0.0
MOL_B_004711,Cc1ccccc1OCC(=O)c1ccc(O)cc1O,group_B,U21_EPA_CPDat_Uv_Absorber,,,,,,
MOL_B_004712,Cc1cccnc1NC(=O)C1CCNCC1,group_B,U21_EPA_CPDat_Uv_Absorber,,,,,,
MOL_B_004713,Cc1ccnc(NC(=O)C2CCCNC2)c1,group_B,U21_EPA_CPDat_Uv_Absorber,,,,,,
MOL_B_004714,Cc1ccnc(NC(=O)C2CCNCC2)c1,group_B,U21_EPA_CPDat_Uv_Absorber,,,,,,
MOL_B_004715,Cc1nc2cc(O)c(C(C)(C)CC(C)(C)C)cc2o1,group_B,U21_EPA_CPDat_Uv_Absorber,,,,,,
MOL_B_004716,Cc1nc2ccc(C(=O)c3ccccc3)cc2o1,group_B,U21_EPA_CPDat_Uv_Absorber,,,,,,
MOL_B_004717,Cc1nc2ccccc2c(=O)o1,group_B,U07_ICE_Sensitization,,,,,1.0,
MOL_B_004718,Cc1ncc(C(=O)c2ccccc2O)c(C)n1,group_B,U21_EPA_CPDat_Uv_Absorber,,,,,,
MOL_B_004719,Cc1ncc(C(=O)c2ccccc2O)cn1,group_B,U21_EPA_CPDat_Uv_Absorber,,,,,,
MOL_B_004720,Cc1nncn1-c1ccc(Cl)cc1C(=O)c1ccccc1,group_B,U21_EPA_CPDat_Uv_Absorber,,,,,,
MOL_B_004721,Cc1noc(C(C)c2cccc(C(=O)c3ccccc3)c2)n1,group_B,U21_EPA_CPDat_Uv_Absorber,,,,,,
MOL_B_004722,Cc1oc2ccccc2c1C(=O)c1ccc(O)cc1,group_B,U21_EPA_CPDat_Uv_Absorber,,,,,,
MOL_B_004723,Cc1oc2ccccc2c1C(=O)c1cccc(O)c1,group_B,U21_EPA_CPDat_Uv_Absorber,,,,,,
MOL_B_004724,Cc1ocnc1-c1cc(C(C)(C)C)c(O)c(C(C)(C)C)c1,group_B,U21_EPA_CPDat_Uv_Absorber,,,,,,
MOL_B_004725,Cc1oncc1-c1cc(C(C)(C)C)c(O)c(C(C)(C)C)c1,group_B,U21_EPA_CPDat_Uv_Absorber,,,,,,
MOL_B_004726,Cc1oncc1C(=O)Nc1ccc(C(=O)c2ccccc2)cc1,group_B,U21_EPA_CPDat_Uv_Absorber,,,,,,
MOL_B_004727,Cc1scnc1-c1cc(C(C)(C)C)c(O)c(C(C)(C)C)c1,group_B,U21_EPA_CPDat_Uv_Absorber,,,,,,
MOL_B_004728,Cl,group_B,U07_ICE_Irritation;U07_ICE_Sensitization;U09_HPPT,,,,,0.0,1.0
MOL_B_004729,Cl/C=C\C[N+]12CN3CN(CN(C3)C1)C2,group_B,U07_ICE_Sensitization,,,,,1.0,
MOL_B_004730,ClC(Cl)(Cl)c1ccccc1,group_B,U07_ICE_Irritation,,,,,,0.0
MOL_B_004731,ClC(Cl)=C(Cl)Cl,group_B,U07_ICE_Irritation,,,,,,0.0
MOL_B_004732,ClC(Cl)Cl,group_B,Flynn_PottsGuy_Benchmark,,,,-3.72,,
MOL_B_004733,ClC=CC[N+]12CN3CN(CN(C3)C1)C2,group_B,U09_HPPT,,,,,1.0,
MOL_B_004734,ClCCCCBr,group_B,U07_ICE_Irritation,,,,,,1.0
MOL_B_004735,ClCCCl,group_B,Flynn_PottsGuy_Benchmark,,,,-4.3,,
MOL_B_004736,ClCc1ccc2ccc3cccc4ccc1c2c34,group_B,U07_ICE_Sensitization,,,,,0.0,
MOL_B_004737,ClI,group_B,U07_ICE_Irritation,,,,,,1.0
MOL_B_004738,ClP(Cl)(Cl)(Cl)Cl,group_B,U07_ICE_Irritation,,,,,,1.0
MOL_B_004739,ClP(Cl)c1ccccc1,group_B,U07_ICE_Irritation,,,,,,1.0
MOL_B_004740,ClSSCl,group_B,U07_ICE_Irritation,,,,,,1.0
MOL_B_004741,Cl[Si](Cl)(Cl)c1ccccc1,group_B,U07_ICE_Irritation,,,,,,1.0
MOL_B_004742,Clc1c(Cl)c(Cl)c(Cl)c(Cl)c1Cl,group_B,U07_ICE_Sensitization;U09_HPPT,,,,,0.0,
MOL_B_004743,Clc1cccc(Cl)c1NC1=NCCN1,group_B,U12_SkinPiX,,,,-8.117,,
MOL_B_004744,Clc1ccccc1C(c1ccccc1)(c1ccccc1)n1ccnc1,group_B,U07_ICE_Sensitization,,,,,0.0,
MOL_B_004745,Clc1nc(Cl)nc(Cl)n1,group_B,U07_ICE_Irritation,,,,,,1.0
MOL_B_004746,Cn1c(-c2cc(C(C)(C)C)c(O)c(C(C)(C)C)c2)cc2ccccc21,group_B,U21_EPA_CPDat_Uv_Absorber,,,,,,
MOL_B_004747,Cn1c(=O)n(C2CCNCC2)c2ccccc21,group_B,U21_EPA_CPDat_Uv_Absorber,,,,,,
MOL_B_004748,Cn1c(=O)oc2cc(C(=O)c3ccccc3)ccc21,group_B,U21_EPA_CPDat_Uv_Absorber,,,,,,
MOL_B_004749,Cn1c(N)nc2c3cccnc3ccc21,group_B,U12_SkinPiX,,,,-6.0015,,
MOL_B_004750,Cn1cc(-c2cc(C(C)(C)C)c(O)c(C(C)(C)C)c2)c2ccccc21,group_B,U21_EPA_CPDat_Uv_Absorber,,,,,,
MOL_B_004751,Cn1ccc2cc(C(=O)c3ccccc3)c(C(=O)c3ccccc3)cc21,group_B,U21_EPA_CPDat_Uv_Absorber,,,,,,
MOL_B_004752,Cn1cnc2c(c1=O)n(C)c(=O)n2C,group_B,Flynn_PottsGuy_Benchmark,,,,-5.4,,
MOL_B_004753,Cn1nc(C(=O)NC2CC3CCCC(C2)N3)c2ccccc21,group_B,U21_EPA_CPDat_Uv_Absorber,,,,,,
MOL_B_004754,Cn1sc(Cl)cc1=O,group_B,U07_ICE_Sensitization,,,,,1.0,
MOL_B_004755,Cn1sc2c(c1=O)CCC2,group_B,U07_ICE_Sensitization;U09_HPPT,,,,,0.0,
MOL_B_004756,Cn1sccc1=O,group_B,U07_ICE_Sensitization;U09_HPPT,,,,,1.0,
MOL_B_004757,FB(F)F,group_B,U07_ICE_Irritation,,,,,,1.0
MOL_B_004758,N#C/C=C/c1ccccc1,group_B,U07_ICE_Sensitization,,,,,1.0,
MOL_B_004759,N#CC(=CC=Cc1ccccc1)C(=O)Oc1ccccc1,group_B,U21_EPA_CPDat_Uv_Absorber,,,,,,
MOL_B_004760,N#CC(C#N)=Cc1ccccc1Cl,group_B,U07_ICE_Sensitization;U09_HPPT,,,,,1.0,
MOL_B_004761,N#CC(C(=O)Cl)=C(c1ccccc1)c1ccccc1,group_B,U21_EPA_CPDat_Uv_Absorber,,,,,,
MOL_B_004762,N#CC(C(=O)O)=C(c1ccccc1)c1ccccc1,group_B,U21_EPA_CPDat_Uv_Absorber,,,,,,
MOL_B_004763,N#CC(C(=O)OCC(COC(=O)C(C#N)=C(c1ccccc1)c1ccccc1)(COC(=O)C(C#N)=C(c1ccccc1)c1ccccc1)COC(=O)C(C#N)=C(c1ccccc1)c1ccccc1)=C(c1ccccc1)c1ccccc1,group_B,U21_EPA_CPDat_Uv_Absorber,,,,,,
MOL_B_004764,N#CC(C(=O)OCc1ccccc1)=C(c1ccccc1)c1ccccc1,group_B,U21_EPA_CPDat_Uv_Absorber,,,,,,
MOL_B_004765,N#CC(c1ccc(F)cc1)c1ccc(C(=O)c2ccccc2)cc1,group_B,U21_EPA_CPDat_Uv_Absorber,,,,,,
MOL_B_004766,N#CC(c1ccccc1)c1ccccc1C(=O)c1ccccc1,group_B,U21_EPA_CPDat_Uv_Absorber,,,,,,
MOL_B_004767,N#CC=Cc1ccccc1,group_B,U09_HPPT,,,,,1.0,
MOL_B_004768,N#CCCC(Br)(C#N)CBr,group_B,U07_ICE_Sensitization;U09_HPPT,,,,,1.0,
MOL_B_004769,N#CCCCCCN1CCCCC1,group_B,U21_EPA_CPDat_Uv_Absorber,,,,,,
MOL_B_004770,N#CCCOc1ccccc1,group_B,U07_ICE_Sensitization,,,,,1.0,
MOL_B_004771,N#CCOc1c(C(=O)c2ccccc2)ccc2ccccc12,group_B,U21_EPA_CPDat_Uv_Absorber,,,,,,
MOL_B_004772,N#CCOc1cc(C(=O)c2ccccc2)c(OCC#N)cc1C(=O)c1ccccc1,group_B,U21_EPA_CPDat_Uv_Absorber,,,,,,
MOL_B_004773,N#CCOc1cc(OCC#N)c(C(=O)c2ccccc2)cc1C(=O)c1ccccc1,group_B,U21_EPA_CPDat_Uv_Absorber,,,,,,
MOL_B_004774,N#CCOc1ccc(Cl)cc1C(=O)c1ccccc1,group_B,U21_EPA_CPDat_Uv_Absorber,,,,,,
MOL_B_004775,N#CCOc1ccc(OCC#N)c(C(=O)c2ccccc2)c1C(=O)c1ccccc1,group_B,U21_EPA_CPDat_Uv_Absorber,,,,,,
MOL_B_004776,N#CCOc1ccc2ccccc2c1C(=O)c1ccccc1,group_B,U21_EPA_CPDat_Uv_Absorber,,,,,,
MOL_B_004777,N#CCOc1ccccc1C(=O)c1ccccc1,group_B,U21_EPA_CPDat_Uv_Absorber,,,,,,
MOL_B_004778,N#CNC(=N)N,group_B,U07_ICE_Irritation,,,,,,0.0
MOL_B_004779,N#COc1ccc(C(=O)c2ccccc2)cc1,group_B,U21_EPA_CPDat_Uv_Absorber,,,,,,
MOL_B_004780,N#Cc1c(Cl)c(Cl)c(Cl)c(C#N)c1Cl,group_B,U07_ICE_Sensitization,,,,,1.0,
MOL_B_004781,N#Cc1c2ccccc2c(C(=O)c2ccccc2)c2ccccc12,group_B,U21_EPA_CPDat_Uv_Absorber,,,,,,
MOL_B_004782,N#Cc1cc(C(=O)c2ccccc2F)cc(O)c1O,group_B,U21_EPA_CPDat_Uv_Absorber,,,,,,
MOL_B_004783,N#Cc1ccc(-c2ccccc2C(=O)c2ccccc2)cc1,group_B,U21_EPA_CPDat_Uv_Absorber,,,,,,
MOL_B_004784,N#Cc1ccc(C(=O)C(=O)c2ccc(O)cc2)cc1,group_B,U21_EPA_CPDat_Uv_Absorber,,,,,,
MOL_B_004785,N#Cc1ccc(C(=O)c2ccc(O)cc2)cc1,group_B,U21_EPA_CPDat_Uv_Absorber,,,,,,
MOL_B_004786,N#Cc1ccc(C(=O)c2ccccc2)cc1,group_B,U21_EPA_CPDat_Uv_Absorber,,,,,,
MOL_B_004787,N#Cc1ccc(OC(=O)c2ccc(O)cc2)cc1,group_B,U21_EPA_CPDat_Uv_Absorber,,,,,,
MOL_B_004788,N#Cc1cccc(-c2ccccc2C(=O)c2ccccc2)c1,group_B,U21_EPA_CPDat_Uv_Absorber,,,,,,
MOL_B_004789,N#Cc1ccccc1-c1ccccc1C(=O)c1ccccc1,group_B,U21_EPA_CPDat_Uv_Absorber,,,,,,
MOL_B_004790,N#Cc1ccccc1C(=O)c1ccccc1,group_B,U21_EPA_CPDat_Uv_Absorber,,,,,,
MOL_B_004791,N#[N+]c1ccc(C(=O)c2ccccc2)cc1,group_B,U21_EPA_CPDat_Uv_Absorber,,,,,,
MOL_B_004792,N#[N+]c1ccccc1C(=O)c1ccccc1,group_B,U21_EPA_CPDat_Uv_Absorber,,,,,,
MOL_B_004793,N=C(N)c1ccc(C(=O)c2ccccc2)cc1,group_B,U21_EPA_CPDat_Uv_Absorber,,,,,,
MOL_B_004794,N=C(N)c1ccc(C(=O)c2ccccc2-c2ccccc2)cc1,group_B,U21_EPA_CPDat_Uv_Absorber,,,,,,
MOL_B_004795,N=C(N)c1ccc(C(=O)c2ccccc2Oc2ccccc2)cc1,group_B,U21_EPA_CPDat_Uv_Absorber,,,,,,
MOL_B_004796,N=C(N)c1cccc(C(=O)c2ccccc2)c1,group_B,U21_EPA_CPDat_Uv_Absorber,,,,,,
MOL_B_004797,NC(=O)C(c1ccccc1)C1CCCCN1,group_B,U21_EPA_CPDat_Uv_Absorber,,,,,,
MOL_B_004798,NC(=O)C1(N2CCCCC2)CCNCC1,group_B,U21_EPA_CPDat_Uv_Absorber,,,,,,
MOL_B_004799,NC(=O)C1(Nc2ccccc2)CCNCC1,group_B,U21_EPA_CPDat_Uv_Absorber,,,,,,
MOL_B_004800,NC(=O)C1CCCN1C(=O)C1CCCN(CCCCCCN2CCCC(C(=O)N3CCCC3C(N)=O)C2)C1,group_B,U21_EPA_CPDat_Uv_Absorber,,,,,,
MOL_B_004801,NC(=O)C1CCCNC1,group_B,U21_EPA_CPDat_Uv_Absorber,,,,,,
MOL_B_004802,NC(=O)C1CCNCC1,group_B,U21_EPA_CPDat_Uv_Absorber,,,,,,
MOL_B_004803,NC(=O)C1NC2CCC1C2,group_B,U21_EPA_CPDat_Uv_Absorber,,,,,,
MOL_B_004804,NC(=O)CC1CCNCC1,group_B,U21_EPA_CPDat_Uv_Absorber,,,,,,
MOL_B_004805,NC(=O)CCC1CCNCC1,group_B,U21_EPA_CPDat_Uv_Absorber,,,,,,
MOL_B_004806,NC(=O)CCCN1CCCCC1,group_B,U21_EPA_CPDat_Uv_Absorber,,,,,,
MOL_B_004807,NC(=O)CCS,group_B,U07_ICE_Sensitization;U09_HPPT,,,,,1.0,
MOL_B_004808,NC(=O)CCl,group_B,U07_ICE_Sensitization;U09_HPPT,,,,,1.0,
MOL_B_004809,NC(=O)COC(=O)c1cc(O)c(O)c(O)c1,group_B,U21_EPA_CPDat_Uv_Absorber,,,,,,
MOL_B_004810,NC(=O)COC1CCNCC1,group_B,U21_EPA_CPDat_Uv_Absorber,,,,,,
MOL_B_004811,NC(=O)CS,group_B,U07_ICE_Sensitization;U09_HPPT,,,,,1.0,
MOL_B_004812,NC(=O)N=NCc1ccc([N+](=O)[O-])o1,group_B,U09_HPPT,,,,,1.0,
MOL_B_004813,NC(=O)NC1CCNCC1,group_B,U21_EPA_CPDat_Uv_Absorber,,,,,,
MOL_B_004814,NC(=O)NCCS,group_B,U07_ICE_Sensitization;U09_HPPT,,,,,1.0,
MOL_B_004815,NC(=O)NN=Cc1ccc([N+](=O)[O-])o1,group_B,U07_ICE_Sensitization,,,,,1.0,
MOL_B_004816,NC(=O)[C@@H]1CCCCN1,group_B,U21_EPA_CPDat_Uv_Absorber,,,,,,
MOL_B_004817,NC(=O)[C@@H]1CCCNC1,group_B,U21_EPA_CPDat_Uv_Absorber,,,,,,
MOL_B_004818,NC(=O)[C@@H]1C[C@@H]2C[C@@H]2N1,group_B,U21_EPA_CPDat_Uv_Absorber,,,,,,
MOL_B_004819,NC(=O)[C@@H]1C[C@H]2C[C@H]2N1,group_B,U21_EPA_CPDat_Uv_Absorber,,,,,,
MOL_B_004820,NC(=O)[C@H](c1ccccc1)[C@@H]1CCCCN1,group_B,U21_EPA_CPDat_Uv_Absorber,,,,,,
MOL_B_004821,NC(=O)c1ccc(C2CCNCC2)cc1,group_B,U21_EPA_CPDat_Uv_Absorber,,,,,,
MOL_B_004822,NC(=O)c1ccc(CC2CCNCC2)cc1,group_B,U21_EPA_CPDat_Uv_Absorber,,,,,,
MOL_B_004823,NC(=O)c1ccc(NC(=O)C2CCCNC2)cc1,group_B,U21_EPA_CPDat_Uv_Absorber,,,,,,
MOL_B_004824,NC(=O)c1ccc(NC(=O)C2CCNCC2)cc1,group_B,U21_EPA_CPDat_Uv_Absorber,,,,,,
MOL_B_004825,NC(=O)c1ccc(OC2CCCNC2)cc1,group_B,U21_EPA_CPDat_Uv_Absorber,,,,,,
MOL_B_004826,NC(=O)c1ccc(OC2CCNCC2)cc1,group_B,U21_EPA_CPDat_Uv_Absorber,,,,,,
MOL_B_004827,NC(=O)c1cccc(OC2CCNCC2)c1,group_B,U21_EPA_CPDat_Uv_Absorber,,,,,,
MOL_B_004828,NC(=O)c1cccc2cn(-c3ccc([C@@H]4CCCNC4)cc3)nc12,group_B,U21_EPA_CPDat_Uv_Absorber,,,,,,
MOL_B_004829,NC(=O)c1ccccc1OC1CCNCC1,group_B,U21_EPA_CPDat_Uv_Absorber,,,,,,
MOL_B_004830,NC(CS)C(=O)O,group_B,U07_ICE_Sensitization;U09_HPPT,,,,,1.0,
MOL_B_004831,NC(N)=N/C(N)=N/c1ccc(Cl)cc1C(=O)c1ccccc1,group_B,U21_EPA_CPDat_Uv_Absorber,,,,,,
MOL_B_004832,NC(N)=O,group_B,Flynn_PottsGuy_Benchmark,,,,-6.8,,
MOL_B_004833,NC1=CC(=N/c2ccc(N)cc2)/C(N)=CC/1=N/c1ccc(N)cc1,group_B,U07_ICE_Sensitization,,,,,1.0,
MOL_B_004834,NC1CCCCC1,group_B,U07_ICE_Irritation,,,,,,1.0
MOL_B_004835,NCC1OC(OC2C(N)CC(N)C(OC3OC(CO)C(O)C(N)C3O)C2O)C(O)C(O)C1O,group_B,U09_HPPT,,,,,1.0,
MOL_B_004836,NCCCCCCN,group_B,U07_ICE_Irritation,,,,,,1.0
MOL_B_004837,NCCCCN,group_B,U07_ICE_Irritation,,,,,,1.0
MOL_B_004838,NCCN,group_B,U07_ICE_Irritation;U07_ICE_Sensitization;U09_HPPT,,,,,1.0,1.0
MOL_B_004839,NCCN1CCNCC1,group_B,U07_ICE_Irritation,,,,,,1.0
MOL_B_004840,NCCNCCN,group_B,U07_ICE_Irritation;U07_ICE_Sensitization;U09_HPPT,,,,,0.0,1.0
MOL_B_004841,NCCNCCNCCN,group_B,U07_ICE_Irritation,,,,,,1.0
MOL_B_004842,NCCNCCNCCNCCN,group_B,U07_ICE_Irritation,,,,,,1.0
MOL_B_004843,NC[C@H]1O[C@H](O[C@H]2[C@H](O)[C@@H](O[C@H]3O[C@H](CO)[C@@H](O)[C@H](N)[C@H]3O)[C@H](N)C[C@@H]2N)[C@H](O)[C@@H](O)[C@@H]1O,group_B,U07_ICE_Sensitization,,,,,0.0,
MOL_B_004844,NCc1ccc(S(N)(=O)=O)cc1,group_B,U07_ICE_Sensitization;U09_HPPT,,,,,1.0,
MOL_B_004845,NN,group_B,U07_ICE_Sensitization;U09_HPPT,,,,,1.0,
MOL_B_004846,NNC(=O)CC1CCNCC1,group_B,U21_EPA_CPDat_Uv_Absorber,,,,,,
MOL_B_004847,NNC(=O)CS,group_B,U07_ICE_Sensitization;U09_HPPT,,,,,1.0,
MOL_B_004848,NNc1nncc2ccccc12,group_B,U07_ICE_Sensitization;U09_HPPT,,,,,1.0,
MOL_B_004849,NS(=O)(=O)O,group_B,U07_ICE_Irritation,,,,,,1.0
MOL_B_004850,NS(=O)(=O)c1cc2c(cc1Cl)NCNS2(=O)=O,group_B,U07_ICE_Sensitization;U09_HPPT,,,,,0.0,
MOL_B_004851,N[C@@H](CCC(=O)O)C(=O)O,group_B,U07_ICE_Irritation,,,,,,0.0
MOL_B_004852,Nc1c(O)ccc(C(=O)c2ccccc2)c1O,group_B,U21_EPA_CPDat_Uv_Absorber,,,,,,
MOL_B_004853,Nc1cc(/[As]=[As]/c2ccc(O)c(NCS(=O)[O-])c2)ccc1O,group_B,U07_ICE_Sensitization;U09_HPPT,,,,,1.0,
MOL_B_004854,Nc1cc(C(=O)c2ccc(O)c(N)c2)ccc1O,group_B,U21_EPA_CPDat_Uv_Absorber,,,,,,
MOL_B_004855,Nc1cc(C(=O)c2ccccc2C(=O)O)ccc1O,group_B,U21_EPA_CPDat_Uv_Absorber,,,,,,
MOL_B_004856,Nc1cc(Cl)c(O)cc1C(=O)c1ccccc1,group_B,U21_EPA_CPDat_Uv_Absorber,,,,,,
MOL_B_004857,Nc1cc(O)c(Cl)cc1C(=O)c1ccccc1,group_B,U21_EPA_CPDat_Uv_Absorber,,,,,,
MOL_B_004858,Nc1cc([N+](=O)[O-])ccc1F,group_B,U07_ICE_Sensitization,,,,,1.0,
MOL_B_004859,Nc1ccc(C(=O)c2ccc(Cl)cc2)cc1O,group_B,U21_EPA_CPDat_Uv_Absorber,,,,,,
MOL_B_004860,Nc1ccc(C(=O)c2ccc(O)cc2)cc1,group_B,U21_EPA_CPDat_Uv_Absorber,,,,,,
MOL_B_004861,Nc1ccc(C(=O)c2ccc(O)cc2)cc1[N+](=O)[O-],group_B,U21_EPA_CPDat_Uv_Absorber,,,,,,
MOL_B_004862,Nc1ccc(C(=O)c2ccccc2)c(O)c1,group_B,U21_EPA_CPDat_Uv_Absorber,,,,,,
MOL_B_004863,Nc1ccc(C(=O)c2ccccc2)cc1O,group_B,U21_EPA_CPDat_Uv_Absorber,,,,,,
MOL_B_004864,Nc1ccc(C(=O)c2ccccc2C(=O)O)c(O)c1,group_B,U21_EPA_CPDat_Uv_Absorber,,,,,,
MOL_B_004865,Nc1ccc(C(=O)c2ccccc2O)cc1,group_B,U21_EPA_CPDat_Uv_Absorber,,,,,,
MOL_B_004866,Nc1ccc(Cl)cc1C(=O)c1ccc(O)cc1,group_B,U21_EPA_CPDat_Uv_Absorber,,,,,,
MOL_B_004867,Nc1ccc(Cl)cc1C(=O)c1cccc(O)c1,group_B,U21_EPA_CPDat_Uv_Absorber,,,,,,
MOL_B_004868,Nc1ccc(N)c([N+](=O)[O-])c1,group_B,U07_ICE_Sensitization;U12_SkinPiX,,,,-5.744,1.0,
MOL_B_004869,Nc1ccc(NCCO)c([N+](=O)[O-])c1,group_B,U12_SkinPiX,,,,-5.977,,
MOL_B_004870,Nc1ccc(O)cc1C(=O)c1ccccc1,group_B,U21_EPA_CPDat_Uv_Absorber,,,,,,
MOL_B_004871,Nc1ccc(O)cc1C(=O)c1ccccc1Cl,group_B,U21_EPA_CPDat_Uv_Absorber,,,,,,
MOL_B_004872,Nc1ccc(O)cc1[N+](=O)[O-],group_B,U12_SkinPiX,,,,-5.758,,
MOL_B_004873,Nc1ccc(S(=O)(=O)Nc2nccs2)cc1,group_B,U07_ICE_Sensitization;U09_HPPT,,,,,1.0,
MOL_B_004874,Nc1ccc(S(=O)(=O)O)cc1,group_B,U07_ICE_Sensitization,,,,,0.0,
MOL_B_004875,Nc1ccc(S(=O)(=O)[N-]c2nccs2)cc1,group_B,U07_ICE_Sensitization,,,,,1.0,
MOL_B_004876,Nc1ccc([N+](=O)[O-])cc1N,group_B,U12_SkinPiX,,,,-5.7010000000000005,,
MOL_B_004877,Nc1cccc(C(=O)O)c1C(=O)c1ccccc1O,group_B,U21_EPA_CPDat_Uv_Absorber,,,,,,
MOL_B_004878,Nc1cccc(O)c1,group_B,U07_ICE_Sensitization,,,,,0.0,
MOL_B_004879,Nc1ccccc1C(=O)NC1CCNCC1,group_B,U21_EPA_CPDat_Uv_Absorber,,,,,,
MOL_B_004880,Nc1ccccc1C(=O)OCC=Cc1ccccc1,group_B,U07_ICE_Sensitization;U09_HPPT,,,,,0.0,
MOL_B_004881,Nc1ccccc1C(=O)OCCc1ccccc1,group_B,U07_ICE_Sensitization;U09_HPPT,,,,,0.0,
MOL_B_004882,Nc1ccccc1C(=O)c1ccccc1O,group_B,U21_EPA_CPDat_Uv_Absorber,,,,,,
MOL_B_004883,Nc1nc(N)nc(NCCCN2CCCCC2)n1,group_B,U21_EPA_CPDat_Uv_Absorber,,,,,,
MOL_B_004884,Nc1nc(NCCCN2CCCCC2)nc(NCCCN2CCCCC2)n1,group_B,U21_EPA_CPDat_Uv_Absorber,,,,,,
MOL_B_004885,Nn1cnnc1,group_B,U07_ICE_Irritation,,,,,,0.0
MOL_B_004886,O,group_B,U07_ICE_Irritation,,,,,,0.0
MOL_B_004887,O=C(/C(=N/C(c1ccccc1)c1ccccc1)c1ccccc1)c1ccccc1,group_B,U21_EPA_CPDat_Uv_Absorber,,,,,,
MOL_B_004888,O=C(/C=C/c1cc(O)c(O)c(O)c1)c1ccc(O)cc1O,group_B,U21_EPA_CPDat_Uv_Absorber,,,,,,
MOL_B_004889,O=C(/C=C/c1cc(O)cc(O)c1)c1ccc(O)cc1O,group_B,U21_EPA_CPDat_Uv_Absorber,,,,,,
MOL_B_004890,O=C(/C=C/c1ccc(O)c(O)c1)O[C@@H](C(=O)O)[C@@H](OC(=O)/C=C/c1ccc(O)c(O)c1)C(=O)O,group_B,U21_EPA_CPDat_Uv_Absorber,,,,,,
MOL_B_004891,O=C(/C=C/c1ccc(O)cc1)c1ccc(O)cc1O,group_B,U21_EPA_CPDat_Uv_Absorber,,,,,,
MOL_B_004892,O=C(/C=C/c1ccc(O)cc1)c1ccccc1,group_B,U21_EPA_CPDat_Uv_Absorber,,,,,,
MOL_B_004893,O=C(/C=C/c1ccc2c(c1)OCO2)OC/C=C/c1ccc2c(c1)OCO2,group_B,U21_EPA_CPDat_Uv_Absorber,,,,,,
MOL_B_004894,O=C(/C=C/c1ccccc1)OCCCl,group_B,U21_EPA_CPDat_Uv_Absorber,,,,,,
MOL_B_004895,O=C(/C=C/c1ccccc1)OC[C@H]1CCN2CC[C@@H](OC(=O)/C=C/c3ccccc3)[C@@H]12,group_B,U21_EPA_CPDat_Uv_Absorber,,,,,,
MOL_B_004896,O=C(/C=C/c1ccccc1)c1ccc(O)cc1,group_B,U21_EPA_CPDat_Uv_Absorber,,,,,,
MOL_B_004897,O=C(/C=C/c1ccccc1)c1cccc(O)c1,group_B,U21_EPA_CPDat_Uv_Absorber,,,,,,
MOL_B_004898,O=C(/C=N/c1ccc(O)cc1)c1ccccc1,group_B,U21_EPA_CPDat_Uv_Absorber,,,,,,
MOL_B_004899,O=C(/N=C/N1CCC(C2CNCCO2)CC1)c1ccccc1,group_B,U21_EPA_CPDat_Uv_Absorber,,,,,,
MOL_B_004900,O=C(C#Cc1ccc(O)cc1)c1ccccc1,group_B,U21_EPA_CPDat_Uv_Absorber,,,,,,
MOL_B_004901,O=C(C#Cc1ccccc1)c1c(O)cc(OCc2ccccc2)cc1OCc1ccccc1,group_B,U21_EPA_CPDat_Uv_Absorber,,,,,,
MOL_B_004902,O=C(C(=O)c1ccc(C(=O)C(=O)c2ccc(O)cc2)cc1)c1ccc(O)cc1,group_B,U21_EPA_CPDat_Uv_Absorber,,,,,,
MOL_B_004903,O=C(C(=O)c1ccc(O)cc1)c1ccccc1,group_B,U21_EPA_CPDat_Uv_Absorber,,,,,,
MOL_B_004904,O=C(C(=O)c1ccc(O)cc1O)c1ccc(O)cc1O,group_B,U21_EPA_CPDat_Uv_Absorber,,,,,,
MOL_B_004905,O=C(C(=O)c1ccc(O)cc1O)c1ccccc1,group_B,U21_EPA_CPDat_Uv_Absorber,,,,,,
MOL_B_004906,O=C(C(=O)c1cccc(C(=O)C(=O)c2ccc(O)cc2)c1)c1ccc(O)cc1,group_B,U21_EPA_CPDat_Uv_Absorber,,,,,,
MOL_B_004907,O=C(C(=O)c1cccc(O)c1)c1cccc(O)c1,group_B,U21_EPA_CPDat_Uv_Absorber,,,,,,
MOL_B_004908,O=C(C(=O)c1ccccc1O)c1ccccc1O,group_B,U21_EPA_CPDat_Uv_Absorber,,,,,,
MOL_B_004909,O=C(C(=O)c1ccco1)c1ccco1,group_B,U07_ICE_Sensitization,,,,,0.0,
MOL_B_004910,O=C(C/C(=N\c1ccccc1O)c1ccccc1)c1ccccc1,group_B,U21_EPA_CPDat_Uv_Absorber,,,,,,
MOL_B_004911,O=C(C1CCCCN1)N1CCCC1,group_B,U21_EPA_CPDat_Uv_Absorber,,,,,,
MOL_B_004912,O=C(C1CCCCN1)N1CCCCC1,group_B,U21_EPA_CPDat_Uv_Absorber,,,,,,
MOL_B_004913,O=C(C1CCCCN1)N1CCOCC1,group_B,U21_EPA_CPDat_Uv_Absorber,,,,,,
MOL_B_004914,O=C(C1CCCNC1)N1CCCC1,group_B,U21_EPA_CPDat_Uv_Absorber,,,,,,
MOL_B_004915,O=C(C1CCCNC1)N1CCCCC1,group_B,U21_EPA_CPDat_Uv_Absorber,,,,,,
MOL_B_004916,O=C(C1CCCNC1)N1CCCCCC1,group_B,U21_EPA_CPDat_Uv_Absorber,,,,,,
MOL_B_004917,O=C(C1CCCNC1)N1CCN(C(=O)C2CCCNC2)CC1,group_B,U21_EPA_CPDat_Uv_Absorber,,,,,,
MOL_B_004918,O=C(C1CCCNC1)N1CCOCC1,group_B,U21_EPA_CPDat_Uv_Absorber,,,,,,
MOL_B_004919,O=C(C1CCNCC1)N1CCCC1,group_B,U21_EPA_CPDat_Uv_Absorber,,,,,,
MOL_B_004920,O=C(C1CCNCC1)N1CCCCC1,group_B,U21_EPA_CPDat_Uv_Absorber,,,,,,
MOL_B_004921,O=C(C1CCNCC1)N1CCCCCC1,group_B,U21_EPA_CPDat_Uv_Absorber,,,,,,
MOL_B_004922,O=C(C=C(c1ccccc1)c1ccc(-c2ccccc2)cc1-c1ccccc1)c1ccccc1,group_B,U21_EPA_CPDat_Uv_Absorber,,,,,,
MOL_B_004923,O=C(C=C(c1ccccc1)c1ccccc1)OCCOc1ccccc1,group_B,U21_EPA_CPDat_Uv_Absorber,,,,,,
MOL_B_004924,O=C(C=CC(=O)OCCOc1ccc(C(=O)c2ccccc2)c(O)c1)OCCOc1ccc(C(=O)c2ccccc2)c(O)c1,group_B,U21_EPA_CPDat_Uv_Absorber,,,,,,
MOL_B_004925,O=C(C=CC=Cc1ccccc1)OCC1CO1,group_B,U21_EPA_CPDat_Uv_Absorber,,,,,,
MOL_B_004926,O=C(C=CC=Cc1ccccc1)OCCBr,group_B,U21_EPA_CPDat_Uv_Absorber,,,,,,
MOL_B_004927,O=C(C=Cc1cc(O)ccc1O)c1cc(O)ccc1O,group_B,U21_EPA_CPDat_Uv_Absorber,,,,,,
MOL_B_004928,O=C(C=Cc1ccc(O)c(O)c1)OCC=Cc1ccccc1,group_B,U21_EPA_CPDat_Uv_Absorber,,,,,,
MOL_B_004929,O=C(C=Cc1ccc(O)c(O)c1)O[C@@H](C(=O)O)[C@@H](OC(=O)C=Cc1ccc(O)c(O)c1)C(=O)O,group_B,U21_EPA_CPDat_Uv_Absorber,,,,,,
MOL_B_004930,O=C(C=Cc1ccc(O)c(O)c1)c1cccc(O)c1,group_B,U21_EPA_CPDat_Uv_Absorber,,,,,,
MOL_B_004931,O=C(C=Cc1ccc(O)c(O)c1O)c1ccc(O)c(O)c1O,group_B,U21_EPA_CPDat_Uv_Absorber,,,,,,
MOL_B_004932,O=C(C=Cc1ccc(O)cc1)OCC=Cc1ccccc1,group_B,U21_EPA_CPDat_Uv_Absorber,,,,,,
MOL_B_004933,O=C(C=Cc1ccc(O)cc1)Oc1ccc(O)cc1,group_B,U21_EPA_CPDat_Uv_Absorber,,,,,,
MOL_B_004934,O=C(C=Cc1ccc(O)cc1)Oc1ccc([N+](=O)[O-])cc1[N+](=O)[O-],group_B,U21_EPA_CPDat_Uv_Absorber,,,,,,
MOL_B_004935,O=C(C=Cc1ccc(O)cc1)Sc1ccccc1,group_B,U21_EPA_CPDat_Uv_Absorber,,,,,,
MOL_B_004936,O=C(C=Cc1ccc(O)cc1)c1c(O)cccc1O,group_B,U21_EPA_CPDat_Uv_Absorber,,,,,,
MOL_B_004937,O=C(C=Cc1ccc(O)cc1)c1cc(O)ccc1O,group_B,U21_EPA_CPDat_Uv_Absorber,,,,,,
MOL_B_004938,O=C(C=Cc1ccc(O)cc1)c1ccc(O)cc1O,group_B,U21_EPA_CPDat_Uv_Absorber,,,,,,
MOL_B_004939,O=C(C=Cc1cccc(O)c1)c1cccc(O)c1,group_B,U21_EPA_CPDat_Uv_Absorber,,,,,,
MOL_B_004940,O=C(C=Cc1cccc(O)c1O)c1ccc(O)cc1O,group_B,U21_EPA_CPDat_Uv_Absorber,,,,,,
MOL_B_004941,O=C(C=Cc1ccccc1)NNC(=O)c1ccccc1O,group_B,U21_EPA_CPDat_Uv_Absorber,,,,,,
MOL_B_004942,O=C(C=Cc1ccccc1)OCC(=O)c1ccccc1,group_B,U21_EPA_CPDat_Uv_Absorber,,,,,,
MOL_B_004943,O=C(C=Cc1ccccc1)OCC=Cc1ccccc1,group_B,U07_ICE_Sensitization;U09_HPPT;U21_EPA_CPDat_Uv_Absorber,,,,,0.0,
MOL_B_004944,O=C(C=Cc1ccccc1)OCCCc1ccccc1,group_B,U07_ICE_Sensitization;U09_HPPT,,,,,0.0,
MOL_B_004945,O=C(C=Cc1ccccc1)OCCN1CCCCC1,group_B,U21_EPA_CPDat_Uv_Absorber,,,,,,
MOL_B_004946,O=C(C=Cc1ccccc1)OCCOC(=O)c1cc([N+](=O)[O-])cc([N+](=O)[O-])c1,group_B,U21_EPA_CPDat_Uv_Absorber,,,,,,
MOL_B_004947,O=C(C=Cc1ccccc1)OCCOCC#CI,group_B,U21_EPA_CPDat_Uv_Absorber,,,,,,
MOL_B_004948,O=C(C=Cc1ccccc1)OCCc1ccccc1,group_B,U07_ICE_Sensitization;U09_HPPT,,,,,0.0,
MOL_B_004949,O=C(C=Cc1ccccc1)OCc1ccccc1,group_B,U07_ICE_Sensitization;U09_HPPT,,,,,0.0,
MOL_B_004950,O=C(C=Cc1ccccc1)Oc1ccccc1C(=O)Oc1ccccc1,group_B,U21_EPA_CPDat_Uv_Absorber,,,,,,
MOL_B_004951,O=C(C=Cc1ccccc1)c1cc(O)ccc1O,group_B,U21_EPA_CPDat_Uv_Absorber,,,,,,
MOL_B_004952,O=C(C=Cc1ccccc1)c1ccc(O)c(C(=O)C=Cc2ccccc2)c1,group_B,U21_EPA_CPDat_Uv_Absorber,,,,,,
MOL_B_004953,O=C(C=Cc1ccccc1)c1ccc(O)cc1,group_B,U21_EPA_CPDat_Uv_Absorber,,,,,,
MOL_B_004954,O=C(C=Cc1ccccc1)c1ccccc1O,group_B,U21_EPA_CPDat_Uv_Absorber,,,,,,
MOL_B_004955,O=C(C=Cc1ccccc1O)Oc1ccccc1O,group_B,U21_EPA_CPDat_Uv_Absorber,,,,,,
MOL_B_004956,O=C(C=NO)c1ccc(O)cc1,group_B,U21_EPA_CPDat_Uv_Absorber,,,,,,
MOL_B_004957,O=C(C=P(c1ccccc1)(c1ccccc1)c1ccccc1)c1cc(F)ccc1O,group_B,U21_EPA_CPDat_Uv_Absorber,,,,,,
MOL_B_004958,O=C(C=P(c1ccccc1)(c1ccccc1)c1ccccc1)c1ccccc1O,group_B,U21_EPA_CPDat_Uv_Absorber,,,,,,
MOL_B_004959,O=C(CBr)OCCOC(=O)CBr,group_B,U07_ICE_Irritation,,,,,,1.0
MOL_B_004960,O=C(CC(=O)C(c1ccccc1)c1ccccc1)c1ccccc1,group_B,U21_EPA_CPDat_Uv_Absorber,,,,,,
MOL_B_004961,O=C(CC(=O)c1cc(Br)ccc1O)c1ccccc1,group_B,U21_EPA_CPDat_Uv_Absorber,,,,,,
MOL_B_004962,O=C(CC(=O)c1cc(C(=O)CC(=O)c2ccccc2)c(O)cc1O)c1ccccc1,group_B,U21_EPA_CPDat_Uv_Absorber,,,,,,
MOL_B_004963,O=C(CC(=O)c1cc(Cl)ccc1O)c1ccccc1,group_B,U21_EPA_CPDat_Uv_Absorber,,,,,,
MOL_B_004964,O=C(CC(=O)c1cc(F)ccc1O)c1ccccc1,group_B,U21_EPA_CPDat_Uv_Absorber,,,,,,
MOL_B_004965,O=C(CC(=O)c1cc(O)cc(O)c1O)c1cc(O)cc(O)c1O,group_B,U21_EPA_CPDat_Uv_Absorber,,,,,,
MOL_B_004966,O=C(CC(=O)c1cc(OC(=O)c2ccccc2)ccc1O)c1ccccc1,group_B,U21_EPA_CPDat_Uv_Absorber,,,,,,
MOL_B_004967,O=C(CC(=O)c1ccc(O)cc1O)c1ccccc1,group_B,U21_EPA_CPDat_Uv_Absorber,,,,,,
MOL_B_004968,O=C(CC(=O)c1cccc(Cl)c1O)c1ccccc1,group_B,U21_EPA_CPDat_Uv_Absorber,,,,,,
MOL_B_004969,O=C(CC(=O)c1ccccc1O)c1ccccc1,group_B,U21_EPA_CPDat_Uv_Absorber,,,,,,
MOL_B_004970,O=C(CC(=O)c1ccccc1O)c1ccccc1O,group_B,U21_EPA_CPDat_Uv_Absorber,,,,,,
MOL_B_004971,O=C(CC(CC(=O)c1ccccc1)(c1ccccc1)c1ccccc1)c1ccccc1,group_B,U21_EPA_CPDat_Uv_Absorber,,,,,,
MOL_B_004972,O=C(CC(c1ccccc1)c1ccccc1)c1ccccc1,group_B,U21_EPA_CPDat_Uv_Absorber,,,,,,
MOL_B_004973,O=C(CC1CCNCC1)N1CCC(O)CC1,group_B,U21_EPA_CPDat_Uv_Absorber,,,,,,
MOL_B_004974,O=C(CC1CCNCC1)N1CCN(CCO)CC1,group_B,U21_EPA_CPDat_Uv_Absorber,,,,,,
MOL_B_004975,O=C(CC=C(c1ccccc1)c1ccccc1)c1ccccc1,group_B,U21_EPA_CPDat_Uv_Absorber,,,,,,
MOL_B_004976,O=C(CCC(=O)OCCN1CCCCC1)OCCN1CCCCC1,group_B,U21_EPA_CPDat_Uv_Absorber,,,,,,
MOL_B_004977,O=C(CCCCC(=O)OCCOc1ccc(C(=O)c2ccccc2)c(O)c1)OCCOc1ccc(C(=O)c2ccccc2)c(O)c1,group_B,U21_EPA_CPDat_Uv_Absorber,,,,,,
MOL_B_004978,O=C(CCCCN1CCCCC1)Nc1ccccc1,group_B,U21_EPA_CPDat_Uv_Absorber,,,,,,
MOL_B_004979,O=C(CCCN1CCCCC1)c1cccs1,group_B,U21_EPA_CPDat_Uv_Absorber,,,,,,
MOL_B_004980,O=C(CCCN1CCOCC1)c1ccc(O)cc1,group_B,U21_EPA_CPDat_Uv_Absorber,,,,,,
MOL_B_004981,O=C(CCN1CCCCC1)N1CCNCC1,group_B,U21_EPA_CPDat_Uv_Absorber,,,,,,
MOL_B_004982,O=C(CCN1CCCNCC1)N1CCCCC1,group_B,U21_EPA_CPDat_Uv_Absorber,,,,,,
MOL_B_004983,O=C(CCN1CCNCC1)N1CCCCC1,group_B,U21_EPA_CPDat_Uv_Absorber,,,,,,
MOL_B_004984,O=C(CCS(=O)(=O)c1ccccc1)c1ccccc1O,group_B,U21_EPA_CPDat_Uv_Absorber,,,,,,
MOL_B_004985,O=C(CCSc1ccccc1)c1ccccc1O,group_B,U21_EPA_CPDat_Uv_Absorber,,,,,,
MOL_B_004986,O=C(CCl)c1ccccc1,group_B,U07_ICE_Sensitization;U09_HPPT,,,,,1.0,
MOL_B_004987,O=C(CN(Cc1ccccc1)Cc1ccccc1)c1ccc(O)cc1,group_B,U21_EPA_CPDat_Uv_Absorber,,,,,,
MOL_B_004988,O=C(CO)Oc1ccc(C(=O)c2ccccc2)c(O)c1,group_B,U21_EPA_CPDat_Uv_Absorber,,,,,,
MOL_B_004989,O=C(COC(=O)c1ccccc1O)c1ccccc1,group_B,U21_EPA_CPDat_Uv_Absorber,,,,,,
MOL_B_004990,O=C(COC1CCNCC1)N1CCCC1,group_B,U21_EPA_CPDat_Uv_Absorber,,,,,,
MOL_B_004991,O=C(COC1CCNCC1)NC1CC1,group_B,U21_EPA_CPDat_Uv_Absorber,,,,,,
MOL_B_004992,O=C(COc1ccc(C(=O)c2ccccc2)cc1)NC1CCCC1,group_B,U21_EPA_CPDat_Uv_Absorber,,,,,,
MOL_B_004993,O=C(COc1ccc(C(=O)c2ccccc2)cc1)NC1CCCCC1,group_B,U21_EPA_CPDat_Uv_Absorber,,,,,,
MOL_B_004994,O=C(COc1ccc(C(=O)c2ccccc2)cc1)Nc1cccc(C(=O)O)c1,group_B,U21_EPA_CPDat_Uv_Absorber,,,,,,
MOL_B_004995,O=C(COc1cccc(O)c1)c1ccccc1,group_B,U21_EPA_CPDat_Uv_Absorber,,,,,,
MOL_B_004996,O=C(COc1ccccc1)c1ccc(O)cc1,group_B,U21_EPA_CPDat_Uv_Absorber,,,,,,
MOL_B_004997,O=C(CS)OCCOc1ccc(C(=O)c2ccccc2)c(O)c1,group_B,U21_EPA_CPDat_Uv_Absorber,,,,,,
MOL_B_004998,O=C(CSc1ccccc1)c1ccc(O)cc1O,group_B,U21_EPA_CPDat_Uv_Absorber,,,,,,
MOL_B_004999,O=C(Cc1ccc(O)cc1)c1ccccc1,group_B,U21_EPA_CPDat_Uv_Absorber,,,,,,
MOL_B_005000,O=C(Cc1cccc(C(=O)c2ccccc2)c1)Nc1ncccc1O,group_B,U21_EPA_CPDat_Uv_Absorber,,,,,,
MOL_B_005001,O=C(Cc1ccccc1)NC1CCNCC1,group_B,U21_EPA_CPDat_Uv_Absorber,,,,,,
MOL_B_005002,O=C(Cc1ccccc1)OCCc1ccccc1,group_B,U07_ICE_Sensitization;U09_HPPT,,,,,0.0,
MOL_B_005003,O=C(Cc1ccccc1)OCc1ccccc1,group_B,U07_ICE_Sensitization;U09_HPPT,,,,,0.0,
MOL_B_005004,O=C(Cc1ccccc1)c1cc(O)ccc1O,group_B,U21_EPA_CPDat_Uv_Absorber,,,,,,
MOL_B_005005,O=C(Cc1ccccc1)c1ccc(O)cc1,group_B,U21_EPA_CPDat_Uv_Absorber,,,,,,
MOL_B_005006,O=C(Cc1ccccc1)c1ccc(O)cc1O,group_B,U21_EPA_CPDat_Uv_Absorber,,,,,,
MOL_B_005007,O=C(Cc1ccccc1)c1ccc(OCc2ccccc2)cc1O,group_B,U21_EPA_CPDat_Uv_Absorber,,,,,,
MOL_B_005008,O=C(Cc1ccccc1)c1ccccc1O,group_B,U21_EPA_CPDat_Uv_Absorber,,,,,,
MOL_B_005009,O=C(Cc1ccsc1)NC1CCCNC1,group_B,U21_EPA_CPDat_Uv_Absorber,,,,,,
MOL_B_005010,O=C(Cc1ccsc1)NC1CCNCC1,group_B,U21_EPA_CPDat_Uv_Absorber,,,,,,
MOL_B_005011,O=C(Cc1ccsc1)NCC1CCCNC1,group_B,U21_EPA_CPDat_Uv_Absorber,,,,,,
MOL_B_005012,O=C(Cc1ccsc1)NCC1CCNCC1,group_B,U21_EPA_CPDat_Uv_Absorber,,,,,,
MOL_B_005013,O=C(Cl)/C=C/C(=O)Cl,group_B,U07_ICE_Irritation,,,,,,1.0
MOL_B_005014,O=C(Cl)C(=O)c1ccc(O)cc1,group_B,U21_EPA_CPDat_Uv_Absorber,,,,,,
MOL_B_005015,O=C(Cl)C(Cl)Cl,group_B,U07_ICE_Irritation,,,,,,1.0
MOL_B_005016,O=C(Cl)Cc1ccccc1,group_B,U07_ICE_Irritation,,,,,,1.0
MOL_B_005017,O=C(Cl)OCc1ccccc1,group_B,U07_ICE_Irritation,,,,,,0.0
MOL_B_005018,O=C(Cl)c1ccc(C(=O)c2ccccc2)cc1,group_B,U21_EPA_CPDat_Uv_Absorber,,,,,,
MOL_B_005019,O=C(Cl)c1cccc(C(=O)c2ccccc2)c1,group_B,U21_EPA_CPDat_Uv_Absorber,,,,,,
MOL_B_005020,O=C(Cl)c1cccc2cccc(C(=O)c3ccccc3)c12,group_B,U21_EPA_CPDat_Uv_Absorber,,,,,,
MOL_B_005021,O=C(Cl)c1ccccc1C(=O)c1ccccc1,group_B,U21_EPA_CPDat_Uv_Absorber,,,,,,
MOL_B_005022,O=C(N/N=C/C=C/c1ccccc1)c1ccccc1O,group_B,U21_EPA_CPDat_Uv_Absorber,,,,,,
MOL_B_005023,O=C(N1CCCCC1)N1CCNCC1,group_B,U21_EPA_CPDat_Uv_Absorber,,,,,,
MOL_B_005024,O=C(NC(CO)C(O)c1ccc([N+](=O)[O-])cc1)C(Cl)Cl,group_B,U09_HPPT,,,,,0.0,
MOL_B_005025,O=C(NC1CC1)C1CCCNC1,group_B,U21_EPA_CPDat_Uv_Absorber,,,,,,
MOL_B_005026,O=C(NC1CC2CC1CN2)c1ccc2cccn2c1,group_B,U21_EPA_CPDat_Uv_Absorber,,,,,,
MOL_B_005027,O=C(NC1CC2CNC1C2)c1ccc2cccn2c1,group_B,U21_EPA_CPDat_Uv_Absorber,,,,,,
MOL_B_005028,O=C(NC1CCCCCC1)C1CCNCC1,group_B,U21_EPA_CPDat_Uv_Absorber,,,,,,
MOL_B_005029,O=C(NC1CCCNC1)c1ccsc1,group_B,U21_EPA_CPDat_Uv_Absorber,,,,,,
MOL_B_005030,O=C(NC1CCCNC1)c1cnccn1,group_B,U21_EPA_CPDat_Uv_Absorber,,,,,,
MOL_B_005031,O=C(NC1CCNCC1)C(F)(F)F,group_B,U21_EPA_CPDat_Uv_Absorber,,,,,,
MOL_B_005032,O=C(NC1CCNCC1)C1CCCC1,group_B,U21_EPA_CPDat_Uv_Absorber,,,,,,
MOL_B_005033,O=C(NC1CCNCC1)c1[nH]ncc1NC(=O)c1c(Cl)cccc1Cl,group_B,U21_EPA_CPDat_Uv_Absorber,,,,,,
MOL_B_005034,O=C(NC1CCNCC1)c1ccc(Br)cc1,group_B,U21_EPA_CPDat_Uv_Absorber,,,,,,
MOL_B_005035,O=C(NC1CCNCC1)c1cccc(Cl)c1,group_B,U21_EPA_CPDat_Uv_Absorber,,,,,,
MOL_B_005036,O=C(NC1CCNCC1)c1ccccc1Oc1ccc(Cl)cc1Cl,group_B,U21_EPA_CPDat_Uv_Absorber,,,,,,
MOL_B_005037,O=C(NC1CCNCC1)c1cccs1,group_B,U21_EPA_CPDat_Uv_Absorber,,,,,,
MOL_B_005038,O=C(NC1CCNCC1)c1ccsc1,group_B,U21_EPA_CPDat_Uv_Absorber,,,,,,
MOL_B_005039,O=C(NC1CCNCC1)c1cnccn1,group_B,U21_EPA_CPDat_Uv_Absorber,,,,,,
MOL_B_005040,O=C(NC1CCNCC1O)c1ccccc1,group_B,U21_EPA_CPDat_Uv_Absorber,,,,,,
MOL_B_005041,O=C(NC1CN(C2CCNCC2)C1)OCc1ccccc1,group_B,U21_EPA_CPDat_Uv_Absorber,,,,,,
MOL_B_005042,O=C(NCC#CCN1CCCCC1)c1ccccc1,group_B,U21_EPA_CPDat_Uv_Absorber,,,,,,
MOL_B_005043,O=C(NCC1C2CCC1CNC2)c1ccc(-c2ccccc2)cc1,group_B,U21_EPA_CPDat_Uv_Absorber,,,,,,
MOL_B_005044,O=C(NCC1C2CCC1CNC2)c1ccccc1-c1ccccc1,group_B,U21_EPA_CPDat_Uv_Absorber,,,,,,
MOL_B_005045,O=C(NCC1C2CCC1CNC2)c1ccccc1Oc1ccccc1,group_B,U21_EPA_CPDat_Uv_Absorber,,,,,,
MOL_B_005046,O=C(NCC1CCCCN1)OCC1c2ccccc2-c2ccccc21,group_B,U21_EPA_CPDat_Uv_Absorber,,,,,,
MOL_B_005047,O=C(NCC1CCCCN1)c1cc(OCC(F)(F)F)ccc1OCC(F)(F)F,group_B,U21_EPA_CPDat_Uv_Absorber,,,,,,
MOL_B_005048,O=C(NCC1CCCNC1)OCC1c2ccccc2-c2ccccc21,group_B,U21_EPA_CPDat_Uv_Absorber,,,,,,
MOL_B_005049,O=C(NCC1CCCNC1)c1ccsc1,group_B,U21_EPA_CPDat_Uv_Absorber,,,,,,
MOL_B_005050,O=C(NCC1CCCNC1)c1cnccn1,group_B,U21_EPA_CPDat_Uv_Absorber,,,,,,
MOL_B_005051,O=C(NCC1CCCO1)C1CCNCC1,group_B,U21_EPA_CPDat_Uv_Absorber,,,,,,
MOL_B_005052,O=C(NCC1CCNCC1)C(F)(F)F,group_B,U21_EPA_CPDat_Uv_Absorber,,,,,,
MOL_B_005053,O=C(NCC1CCNCC1)OCC1c2ccccc2-c2ccccc21,group_B,U21_EPA_CPDat_Uv_Absorber,,,,,,
MOL_B_005054,O=C(NCC1CCNCC1)c1c[nH]c2ccccc12,group_B,U21_EPA_CPDat_Uv_Absorber,,,,,,
MOL_B_005055,O=C(NCC1CCNCC1)c1cc(OCC(F)(F)F)ccc1OCC(F)(F)F,group_B,U21_EPA_CPDat_Uv_Absorber,,,,,,
MOL_B_005056,O=C(NCC1CCNCC1)c1ccsc1,group_B,U21_EPA_CPDat_Uv_Absorber,,,,,,
MOL_B_005057,O=C(NCC1CCNCC1)c1cnccn1,group_B,U21_EPA_CPDat_Uv_Absorber,,,,,,
MOL_B_005058,O=C(NCC1CN(C2CCNCC2)C1)OCc1ccccc1,group_B,U21_EPA_CPDat_Uv_Absorber,,,,,,
MOL_B_005059,O=C(NCCCO)C1CCCNC1,group_B,U21_EPA_CPDat_Uv_Absorber,,,,,,
MOL_B_005060,O=C(NCCO)C1CCCNC1,group_B,U21_EPA_CPDat_Uv_Absorber,,,,,,
MOL_B_005061,O=C(NCCO)[C@H]1CCCNC1,group_B,U21_EPA_CPDat_Uv_Absorber,,,,,,
MOL_B_005062,O=C(NCN1CCCCC1)c1cc([N+](=O)[O-])cc([N+](=O)[O-])c1,group_B,U21_EPA_CPDat_Uv_Absorber,,,,,,
MOL_B_005063,O=C(NCNC(=O)NC1C(=O)NC(=O)N1CO)NC1C(=O)NC(=O)N1CO,group_B,U07_ICE_Sensitization;U09_HPPT,,,,,1.0,
MOL_B_005064,O=C(NCOC(=O)c1ccccc1O)c1ccccc1,group_B,U21_EPA_CPDat_Uv_Absorber,,,,,,
MOL_B_005065,O=C(NC[C@H]1CCCCN1)c1cc(OCC(F)(F)F)ccc1OCC(F)(F)F,group_B,U21_EPA_CPDat_Uv_Absorber,,,,,,
MOL_B_005066,O=C(NC[C@H]1CCNC[C@H]1F)c1cc(Cl)cc(Cl)c1,group_B,U21_EPA_CPDat_Uv_Absorber,,,,,,
MOL_B_005067,O=C(NCc1ccc([N+](=O)[O-])cc1)C1CCNCC1,group_B,U21_EPA_CPDat_Uv_Absorber,,,,,,
MOL_B_005068,O=C(NCc1ccccn1)C1CCCNC1,group_B,U21_EPA_CPDat_Uv_Absorber,,,,,,
MOL_B_005069,O=C(NCc1ccccn1)C1CCNCC1,group_B,U21_EPA_CPDat_Uv_Absorber,,,,,,
MOL_B_005070,O=C(NCc1cccnc1)C1CCNCC1,group_B,U21_EPA_CPDat_Uv_Absorber,,,,,,
MOL_B_005071,O=C(NCc1ccco1)C1CCNCC1,group_B,U21_EPA_CPDat_Uv_Absorber,,,,,,
MOL_B_005072,O=C(N[C@@H](c1ccccc1)[C@@H]1CCCCN1)c1cccc(C(F)(F)F)c1Cl,group_B,U21_EPA_CPDat_Uv_Absorber,,,,,,
MOL_B_005073,O=C(N[C@@H]1CN2CCC1CC2)c1ccccc1,group_B,U21_EPA_CPDat_Uv_Absorber,,,,,,
MOL_B_005074,O=C(N[C@H]1CN2CCC1CC2)c1cccc(-c2ccccc2)c1,group_B,U21_EPA_CPDat_Uv_Absorber,,,,,,
MOL_B_005075,O=C(Nc1ccc(Br)cc1)C1CCCNC1,group_B,U21_EPA_CPDat_Uv_Absorber,,,,,,
MOL_B_005076,O=C(Nc1ccc(Br)cc1)C1CCNCC1,group_B,U21_EPA_CPDat_Uv_Absorber,,,,,,
MOL_B_005077,O=C(Nc1ccc(Br)cc1)c1cc(Br)cc(Br)c1O,group_B,U07_ICE_Sensitization;U09_HPPT,,,,,0.0,
MOL_B_005078,O=C(Nc1ccc(Br)cc1)c1cc(Br)ccc1O,group_B,U07_ICE_Sensitization;U09_HPPT,,,,,1.0,
MOL_B_005079,O=C(Nc1ccc(Br)cc1)c1ccccc1O,group_B,U07_ICE_Sensitization;U09_HPPT,,,,,1.0,
MOL_B_005080,O=C(Nc1ccc(C(=O)c2ccccc2)cc1)c1ccccc1,group_B,U21_EPA_CPDat_Uv_Absorber,,,,,,
MOL_B_005081,O=C(Nc1ccc(Cc2ccccc2O)c(Cc2ccccc2O)c1O)c1ccccc1,group_B,U21_EPA_CPDat_Uv_Absorber,,,,,,
MOL_B_005082,O=C(Nc1ccc(Cl)c(Cl)c1)c1cc(Cl)cc(Cl)c1O,group_B,U07_ICE_Sensitization;U09_HPPT,,,,,1.0,
MOL_B_005083,O=C(Nc1ccc(Cl)cc1)C1CCCNC1,group_B,U21_EPA_CPDat_Uv_Absorber,,,,,,
MOL_B_005084,O=C(Nc1ccc(Cl)cc1)C1CCNCC1,group_B,U21_EPA_CPDat_Uv_Absorber,,,,,,
MOL_B_005085,O=C(Nc1ccc(Cl)cc1)Nc1ccc(Cl)c(Cl)c1,group_B,U07_ICE_Sensitization;U09_HPPT,,,,,0.0,
MOL_B_005086,O=C(Nc1ccc(Cl)cc1C(=O)c1ccccc1)c1cc(Cl)ccc1O,group_B,U21_EPA_CPDat_Uv_Absorber,,,,,,
MOL_B_005087,O=C(Nc1ccc(Cl)cc1C(=O)c1ccccc1)c1ccccc1,group_B,U21_EPA_CPDat_Uv_Absorber,,,,,,
MOL_B_005088,O=C(Nc1ccc(F)cc1)C1CCNCC1,group_B,U21_EPA_CPDat_Uv_Absorber,,,,,,
MOL_B_005089,O=C(Nc1ccc(OC(F)(F)F)cc1)C1CCCNC1,group_B,U21_EPA_CPDat_Uv_Absorber,,,,,,
MOL_B_005090,O=C(Nc1ccc(OC(F)(F)F)cc1)C1CCNCC1,group_B,U21_EPA_CPDat_Uv_Absorber,,,,,,
MOL_B_005091,O=C(Nc1ccc([N+](=O)[O-])cc1)C1CCCNC1,group_B,U21_EPA_CPDat_Uv_Absorber,,,,,,
MOL_B_005092,O=C(Nc1ccc([N+](=O)[O-])cc1)C1CCNCC1,group_B,U21_EPA_CPDat_Uv_Absorber,,,,,,
MOL_B_005093,O=C(Nc1ccc2cnn(C3CCNCC3)c2c1)c1ccc(F)cc1,group_B,U21_EPA_CPDat_Uv_Absorber,,,,,,
MOL_B_005094,O=C(Nc1cccc([N+](=O)[O-])c1)C1CCCNC1,group_B,U21_EPA_CPDat_Uv_Absorber,,,,,,
MOL_B_005095,O=C(Nc1cccc([N+](=O)[O-])c1)C1CCNCC1,group_B,U21_EPA_CPDat_Uv_Absorber,,,,,,
MOL_B_005096,O=C(Nc1ccccc1)C1CCCNC1,group_B,U21_EPA_CPDat_Uv_Absorber,,,,,,
MOL_B_005097,O=C(Nc1ccccc1)NC1CCNCC1,group_B,U21_EPA_CPDat_Uv_Absorber,,,,,,
MOL_B_005098,O=C(Nc1ccccc1)c1c(O)c(Cl)c(Cl)c(Cl)c1Cl,group_B,U07_ICE_Sensitization;U09_HPPT,,,,,1.0,
MOL_B_005099,O=C(Nc1ccccc1)c1cccc(Cc2ccccc2)c1O,group_B,U21_EPA_CPDat_Uv_Absorber,,,,,,
MOL_B_005100,O=C(Nc1ccccc1-c1ccccc1)OC1CCNCC1,group_B,U21_EPA_CPDat_Uv_Absorber,,,,,,
MOL_B_005101,O=C(Nc1ccccc1C(=O)c1ccccc1)c1cc(Cl)ccc1O,group_B,U21_EPA_CPDat_Uv_Absorber,,,,,,
MOL_B_005102,O=C(Nc1ccccc1C(=O)c1ccccc1)c1cccc(Cl)c1,group_B,U21_EPA_CPDat_Uv_Absorber,,,,,,
MOL_B_005103,O=C(Nc1ccccc1C(=O)c1ccccc1)c1ccccc1,group_B,U21_EPA_CPDat_Uv_Absorber,,,,,,
MOL_B_005104,O=C(Nc1ccccc1Oc1cc(Cl)cc(Cl)c1)C1CCNCC1,group_B,U21_EPA_CPDat_Uv_Absorber,,,,,,
MOL_B_005105,O=C(Nc1ccccc1Oc1ccc(Cl)cc1)C1CCNCC1,group_B,U21_EPA_CPDat_Uv_Absorber,,,,,,
MOL_B_005106,O=C(Nc1ccccc1[N+](=O)[O-])C1CCCNC1,group_B,U21_EPA_CPDat_Uv_Absorber,,,,,,
MOL_B_005107,O=C(Nc1ccccc1[N+](=O)[O-])C1CCNCC1,group_B,U21_EPA_CPDat_Uv_Absorber,,,,,,
MOL_B_005108,O=C(Nc1ccccn1)C1CCCNC1,group_B,U21_EPA_CPDat_Uv_Absorber,,,,,,
MOL_B_005109,O=C(Nc1ccccn1)C1CCNCC1,group_B,U21_EPA_CPDat_Uv_Absorber,,,,,,
MOL_B_005110,O=C(Nc1cccnc1)C1CCCNC1,group_B,U21_EPA_CPDat_Uv_Absorber,,,,,,
MOL_B_005111,O=C(Nc1cccnc1)C1CCNCC1,group_B,U21_EPA_CPDat_Uv_Absorber,,,,,,
MOL_B_005112,O=C(Nc1ccncc1)C1CCCNC1,group_B,U21_EPA_CPDat_Uv_Absorber,,,,,,
MOL_B_005113,O=C(Nc1ccncc1)C1CCNCC1,group_B,U21_EPA_CPDat_Uv_Absorber,,,,,,
MOL_B_005114,O=C(Nc1ncc(Cl)s1)N(C1CCCCC1)C1CCNCC1,group_B,U21_EPA_CPDat_Uv_Absorber,,,,,,
MOL_B_005115,O=C(Nc1ncncn1)c1ccccc1O,group_B,U21_EPA_CPDat_Uv_Absorber,,,,,,
MOL_B_005116,O=C(O)/C(O)=C/c1ccc(O)cc1,group_B,U21_EPA_CPDat_Uv_Absorber,,,,,,
MOL_B_005117,O=C(O)/C=C/C(=O)O,group_B,U07_ICE_Sensitization,,,,,0.0,
MOL_B_005118,O=C(O)/C=C/[13c]1ccc(O)[13cH][13cH]1,group_B,U21_EPA_CPDat_Uv_Absorber,,,,,,
MOL_B_005119,O=C(O)/C=C/[13c]1ccc[13c](O)[13cH]1,group_B,U21_EPA_CPDat_Uv_Absorber,,,,,,
MOL_B_005120,O=C(O)/C=C/c1ccc(O)c(C(=O)O)c1,group_B,U21_EPA_CPDat_Uv_Absorber,,,,,,
MOL_B_005121,O=C(O)/C=C/c1ccc(O)c(O)c1/C(=C\c1ccc(O)c(O)c1)C(=O)O,group_B,U21_EPA_CPDat_Uv_Absorber,,,,,,
MOL_B_005122,O=C(O)/C=C/c1ccccc1,group_B,U12_SkinPiX,,,,-5.952999999999999,,
MOL_B_005123,O=C(O)/C=C/c1ccccc1O,group_B,U21_EPA_CPDat_Uv_Absorber,,,,,,
MOL_B_005124,O=C(O)/C=C\C(=O)O,group_B,U07_ICE_Irritation,,,,,,1.0
MOL_B_005125,O=C(O)C(=O)O,group_B,U07_ICE_Irritation;U07_ICE_Sensitization,,,,,0.0,1.0
MOL_B_005126,O=C(O)C(=O)c1ccc(O)cc1,group_B,U21_EPA_CPDat_Uv_Absorber,,,,,,
MOL_B_005127,O=C(O)C(Cl)(Cl)Cl,group_B,U07_ICE_Irritation;U07_ICE_Sensitization;U09_HPPT,,,,,0.0,1.0
MOL_B_005128,O=C(O)C(Cl)Cl,group_B,U07_ICE_Irritation,,,,,,1.0
MOL_B_005129,O=C(O)C(F)(F)C(F)(F)C(F)(F)C(F)(F)C(F)(F)C(F)(F)C(F)(F)F,group_B,U12_SkinPiX,,,,-6.8406666666666665,,
MOL_B_005130,O=C(O)C=Cc1c(O)c(O)c(O)c(O)c1O,group_B,U21_EPA_CPDat_Uv_Absorber,,,,,,
MOL_B_005131,O=C(O)C=Cc1ccc(C(=O)c2ccc(O)cc2O)cc1,group_B,U21_EPA_CPDat_Uv_Absorber,,,,,,
MOL_B_005132,O=C(O)C=Cc1ccc(C(=O)c2ccccc2)c(O)c1O,group_B,U21_EPA_CPDat_Uv_Absorber,,,,,,
MOL_B_005133,O=C(O)C=Cc1ccc(O)cc1O,group_B,U21_EPA_CPDat_Uv_Absorber,,,,,,
MOL_B_005134,O=C(O)C=Cc1cccc(O)c1,group_B,U21_EPA_CPDat_Uv_Absorber,,,,,,
MOL_B_005135,O=C(O)C=Cc1ccccc1C(=O)c1ccc(O)cc1O,group_B,U21_EPA_CPDat_Uv_Absorber,,,,,,
MOL_B_005136,O=C(O)CBr,group_B,U07_ICE_Irritation,,,,,,1.0
MOL_B_005137,O=C(O)CC(O)(CC(=O)O)C(=O)O,group_B,U07_ICE_Irritation,,,,,,1.0
MOL_B_005138,O=C(O)CC(OC(=O)C=Cc1ccc(O)cc1)C(=O)O,group_B,U21_EPA_CPDat_Uv_Absorber,,,,,,
MOL_B_005139,O=C(O)CC(S)C(=O)O,group_B,U07_ICE_Sensitization;U09_HPPT,,,,,1.0,
MOL_B_005140,O=C(O)CC1=CCCCC1,group_B,U07_ICE_Sensitization;U09_HPPT,,,,,0.0,
MOL_B_005141,O=C(O)CCC(=O)C(=O)O,group_B,U07_ICE_Irritation,,,,,,1.0
MOL_B_005142,O=C(O)CCCC1CCNCC1,group_B,U21_EPA_CPDat_Uv_Absorber,,,,,,
MOL_B_005143,O=C(O)CCCCl,group_B,U12_SkinPiX,,,,-5.518000000000001,,
MOL_B_005144,O=C(O)CCS,group_B,U07_ICE_Sensitization;U09_HPPT,,,,,0.0,
MOL_B_005145,O=C(O)CCSSCCC(=O)O,group_B,U07_ICE_Irritation,,,,,,0.0
MOL_B_005146,O=C(O)CNC(=O)CS,group_B,U07_ICE_Sensitization;U09_HPPT,,,,,1.0,
MOL_B_005147,O=C(O)COC(=O)c1ccccc1O,group_B,U21_EPA_CPDat_Uv_Absorber,,,,,,
MOL_B_005148,O=C(O)COc1ccc(C(Cc2ccccc2)c2ccc(O)cc2)cc1,group_B,U21_EPA_CPDat_Uv_Absorber,,,,,,
MOL_B_005149,O=C(O)COc1ccccc1,group_B,U07_ICE_Sensitization;U09_HPPT,,,,,0.0,
MOL_B_005150,O=C(O)CS,group_B,U07_ICE_Irritation;U07_ICE_Sensitization;U09_HPPT;U12_SkinPiX,,,,-5.2165,0.0,1.0
MOL_B_005151,O=C(O)CSCc1ccc(C(=O)c2ccc(O)cc2O)cc1,group_B,U21_EPA_CPDat_Uv_Absorber,,,,,,
MOL_B_005152,O=C(O)C[C@H](OC(=O)c1ccc(O)cc1)C(=O)O,group_B,U21_EPA_CPDat_Uv_Absorber,,,,,,
MOL_B_005153,O=C(O)Cc1cccc2ccccc12,group_B,U07_ICE_Irritation,,,,,,0.0
MOL_B_005154,O=C(O)[C@H](O)[C@@H](O)C(=O)O,group_B,U07_ICE_Sensitization,,,,,0.0,
MOL_B_005155,O=C(O)c1c(Cl)c(Cl)c(Cl)c(Cl)c1C(=O)c1cc(Cl)ccc1O,group_B,U21_EPA_CPDat_Uv_Absorber,,,,,,
MOL_B_005156,O=C(O)c1c(O)ccc(Cc2ccccc2)c1O,group_B,U21_EPA_CPDat_Uv_Absorber,,,,,,
MOL_B_005157,O=C(O)c1cc(-c2ccccc2)cc(-c2ccccc2)c1C(=O)c1ccccc1,group_B,U21_EPA_CPDat_Uv_Absorber,,,,,,
MOL_B_005158,O=C(O)c1cc(C(=O)O)c(C(=O)c2ccc(O)cc2O)cc1C(=O)O,group_B,U21_EPA_CPDat_Uv_Absorber,,,,,,
MOL_B_005159,O=C(O)c1cc(C(=O)O)c(C(=O)c2ccc(O)cc2O)cc1C(=O)c1ccc(O)cc1O,group_B,U21_EPA_CPDat_Uv_Absorber,,,,,,
MOL_B_005160,O=C(O)c1cc(C(=O)O)c(C(=O)c2ccccc2)cc1C(=O)O,group_B,U21_EPA_CPDat_Uv_Absorber,,,,,,
MOL_B_005161,O=C(O)c1cc(C(=O)O)c(C(=O)c2ccccc2)cc1C(=O)c1ccccc1,group_B,U21_EPA_CPDat_Uv_Absorber,,,,,,
MOL_B_005162,O=C(O)c1cc(C(=O)c2ccc(O)cc2O)c(C(=O)O)cc1C(=O)c1ccc(O)cc1O,group_B,U21_EPA_CPDat_Uv_Absorber,,,,,,
MOL_B_005163,O=C(O)c1cc(C(=O)c2ccccc2)c(C(=O)O)cc1C(=O)c1ccccc1,group_B,U21_EPA_CPDat_Uv_Absorber,,,,,,
MOL_B_005164,O=C(O)c1cc(C(=O)c2ccccc2O)cs1,group_B,U21_EPA_CPDat_Uv_Absorber,,,,,,
MOL_B_005165,O=C(O)c1cc(C(c2ccc(O)c(C(=O)O)c2)c2ccc(O)c(C(=O)O)c2)ccc1O,group_B,U21_EPA_CPDat_Uv_Absorber,,,,,,
MOL_B_005166,O=C(O)c1cc(Cc2ccccc2)ccc1O,group_B,U21_EPA_CPDat_Uv_Absorber,,,,,,
MOL_B_005167,O=C(O)c1cc(O)c(C(=O)c2ccccc2O)c(C(=O)O)c1,group_B,U21_EPA_CPDat_Uv_Absorber,,,,,,
MOL_B_005168,O=C(O)c1cc(O)c(O)c(OC(=O)c2cc(O)c(O)c(O)c2)c1,group_B,U21_EPA_CPDat_Uv_Absorber,,,,,,
MOL_B_005169,O=C(O)c1cc(O)c(OC(=O)c2cc(O)c(O)c(O)c2)c(O)c1,group_B,U21_EPA_CPDat_Uv_Absorber,,,,,,
MOL_B_005170,O=C(O)c1cc(O)cc(C(c2cc(O)cc(C(=O)O)c2O)c2cc(O)cc(C(=O)O)c2O)c1O,group_B,U21_EPA_CPDat_Uv_Absorber,,,,,,
MOL_B_005171,O=C(O)c1ccc(C(=O)c2cc(Cl)c(O)cc2O)c(C(=O)O)c1,group_B,U21_EPA_CPDat_Uv_Absorber,,,,,,
MOL_B_005172,O=C(O)c1ccc(O)c(Cc2ccccc2)c1O,group_B,U21_EPA_CPDat_Uv_Absorber,,,,,,
MOL_B_005173,O=C(O)c1ccc(OC(=O)c2ccc(OC(=O)c3ccc(O)cc3)cc2)cc1,group_B,U21_EPA_CPDat_Uv_Absorber,,,,,,
MOL_B_005174,O=C(O)c1ccc2c(c1)C(=O)OC2=O,group_B,U07_ICE_Sensitization,,,,,0.0,
MOL_B_005175,O=C(O)c1cccc(C(=O)c2ccc(O)c(C(=O)O)c2)c1,group_B,U21_EPA_CPDat_Uv_Absorber,,,,,,
MOL_B_005176,O=C(O)c1cccc(C(=O)c2ccc(O)c(CO)c2)c1,group_B,U21_EPA_CPDat_Uv_Absorber,,,,,,
MOL_B_005177,O=C(O)c1cccc(C(=O)c2ccccc2)c1,group_B,U21_EPA_CPDat_Uv_Absorber,,,,,,
MOL_B_005178,O=C(O)c1cccc(C(=O)c2ccccc2)c1C(=O)O,group_B,U21_EPA_CPDat_Uv_Absorber,,,,,,
MOL_B_005179,O=C(O)c1cccc(Cc2ccccc2)c1O,group_B,U21_EPA_CPDat_Uv_Absorber,,,,,,
MOL_B_005180,O=C(O)c1cccc(O)c1C(=O)c1ccccc1O,group_B,U21_EPA_CPDat_Uv_Absorber,,,,,,
MOL_B_005181,O=C(O)c1cccc([N+](=O)[O-])c1C(=O)c1ccccc1O,group_B,U21_EPA_CPDat_Uv_Absorber,,,,,,
MOL_B_005182,O=C(O)c1ccccc1C(=O)c1cc(Cl)c(O)cc1O,group_B,U21_EPA_CPDat_Uv_Absorber,,,,,,
MOL_B_005183,O=C(O)c1ccccc1C(=O)c1ccc(-c2ccccc2)cc1,group_B,U21_EPA_CPDat_Uv_Absorber,,,,,,
MOL_B_005184,O=C(O)c1ccccc1C(=O)c1ccc(Cl)cc1O,group_B,U21_EPA_CPDat_Uv_Absorber,,,,,,
MOL_B_005185,O=C(O)c1ccccc1C(=O)c1ccc(N(Cc2ccccc2)Cc2ccccc2)cc1O,group_B,U21_EPA_CPDat_Uv_Absorber,,,,,,
MOL_B_005186,O=C(O)c1ccccc1C(=O)c1ccc(O)c(Br)c1,group_B,U21_EPA_CPDat_Uv_Absorber,,,,,,
MOL_B_005187,O=C(O)c1ccccc1C(=O)c1ccc(O)c(Cl)c1,group_B,U21_EPA_CPDat_Uv_Absorber,,,,,,
MOL_B_005188,O=C(O)c1ccccc1C(=O)c1ccc(O)c(F)c1,group_B,U21_EPA_CPDat_Uv_Absorber,,,,,,
MOL_B_005189,O=C(O)c1ccccc1C(=O)c1ccc(O)c(I)c1,group_B,U21_EPA_CPDat_Uv_Absorber,,,,,,
MOL_B_005190,O=C(O)c1ccccc1C(=O)c1ccc(O)c2ccccc12,group_B,U21_EPA_CPDat_Uv_Absorber,,,,,,
MOL_B_005191,O=C(O)c1ccccc1C(=O)c1ccc(O)cc1,group_B,U21_EPA_CPDat_Uv_Absorber,,,,,,
MOL_B_005192,O=C(O)c1ccccc1C(=O)c1ccc(O)cc1Cl,group_B,U21_EPA_CPDat_Uv_Absorber,,,,,,
MOL_B_005193,O=C(O)c1ccccc1C(=O)c1ccc(Oc2ccccc2)cc1,group_B,U21_EPA_CPDat_Uv_Absorber,,,,,,
MOL_B_005194,O=C(O)c1ccccc1C(=O)c1cccc(Cl)c1O,group_B,U21_EPA_CPDat_Uv_Absorber,,,,,,
MOL_B_005195,O=C(O)c1ccccc1C(=O)c1ccccc1,group_B,U21_EPA_CPDat_Uv_Absorber,,,,,,
MOL_B_005196,O=C(O)c1ccccc1C(=O)c1ccccc1O,group_B,U21_EPA_CPDat_Uv_Absorber,,,,,,
MOL_B_005197,O=C(O)c1ccccc1C(c1ccc(O)cc1)c1ccc(O)cc1,group_B,U21_EPA_CPDat_Uv_Absorber,,,,,,
MOL_B_005198,O=C(OC1CCC(O)CC1)c1ccc(O)cc1,group_B,U21_EPA_CPDat_Uv_Absorber,,,,,,
MOL_B_005199,O=C(OC1CCCC1)c1ccccc1O,group_B,U21_EPA_CPDat_Uv_Absorber,,,,,,
MOL_B_005200,O=C(OC1CCCCC1)c1cc(Br)ccc1O,group_B,U21_EPA_CPDat_Uv_Absorber,,,,,,
MOL_B_005201,O=C(OC1CCCCC1)c1cc(I)ccc1O,group_B,U21_EPA_CPDat_Uv_Absorber,,,,,,
MOL_B_005202,O=C(OC1CCCCC1)c1ccccc1O,group_B,U21_EPA_CPDat_Uv_Absorber,,,,,,
MOL_B_005203,O=C(OC1CCCCCCC1)c1ccc(O)cc1,group_B,U21_EPA_CPDat_Uv_Absorber,,,,,,
MOL_B_005204,O=C(OC1CCNCC1)c1ccccc1,group_B,U21_EPA_CPDat_Uv_Absorber,,,,,,
MOL_B_005205,O=C(OCC(=O)c1c(O)cc(O)cc1O)c1ccccc1,group_B,U21_EPA_CPDat_Uv_Absorber,,,,,,
MOL_B_005206,O=C(OCC(CO)(CO)CO)c1ccccc1O,group_B,U21_EPA_CPDat_Uv_Absorber,,,,,,
MOL_B_005207,O=C(OCC(O)O)c1ccccc1O,group_B,U21_EPA_CPDat_Uv_Absorber,,,,,,
MOL_B_005208,O=C(OCC1CCCCC1)c1ccccc1O,group_B,U21_EPA_CPDat_Uv_Absorber,,,,,,
MOL_B_005209,O=C(OCC1CO1)c1ccc(O)cc1,group_B,U21_EPA_CPDat_Uv_Absorber,,,,,,
MOL_B_005210,O=C(OCC1c2ccccc2-c2ccccc21)Oc1ccc(C(=O)c2ccccc2)cc1[N+](=O)[O-],group_B,U21_EPA_CPDat_Uv_Absorber,,,,,,
MOL_B_005211,O=C(OCC=Cc1ccccc1)c1ccccc1,group_B,U07_ICE_Sensitization;U09_HPPT,,,,,0.0,
MOL_B_005212,O=C(OCCCCO[N+](=O)[O-])c1ccccc1O,group_B,U21_EPA_CPDat_Uv_Absorber,,,,,,
MOL_B_005213,O=C(OCCO)c1cc(O)cc(C(=O)OCCO)c1,group_B,U21_EPA_CPDat_Uv_Absorber,,,,,,
MOL_B_005214,O=C(OCCO)c1ccccc1O,group_B,U21_EPA_CPDat_Uv_Absorber,,,,,,
MOL_B_005215,O=C(OCCOC(=O)c1ccccc1O)c1ccccc1O,group_B,U21_EPA_CPDat_Uv_Absorber,,,,,,
MOL_B_005216,O=C(OCCOCCO)c1ccc(O)cc1,group_B,U21_EPA_CPDat_Uv_Absorber,,,,,,
MOL_B_005217,O=C(OCCOCCO)c1ccccc1O,group_B,U21_EPA_CPDat_Uv_Absorber,,,,,,
MOL_B_005218,O=C(OCCOCCOCc1ccccc1)c1ccccc1O,group_B,U21_EPA_CPDat_Uv_Absorber,,,,,,
MOL_B_005219,O=C(OCCO[N+](=O)[O-])c1ccc(O)c(O)c1,group_B,U21_EPA_CPDat_Uv_Absorber,,,,,,
MOL_B_005220,O=C(OCCOc1ccccc1)c1ccc(O)cc1,group_B,U21_EPA_CPDat_Uv_Absorber,,,,,,
MOL_B_005221,O=C(OCCOc1ccccc1)c1ccc(O)cc1O,group_B,U21_EPA_CPDat_Uv_Absorber,,,,,,
MOL_B_005222,O=C(OCCOc1ccccc1)c1ccc(OCCOc2ccccc2)cc1O,group_B,U21_EPA_CPDat_Uv_Absorber,,,,,,
MOL_B_005223,O=C(OCCOc1ccccc1)c1ccc([N+](=O)[O-])c(O)c1,group_B,U21_EPA_CPDat_Uv_Absorber,,,,,,
MOL_B_005224,O=C(OCCOc1ccccc1)c1cccc(O)c1,group_B,U21_EPA_CPDat_Uv_Absorber,,,,,,
MOL_B_005225,O=C(OCCc1ccccc1)c1ccccc1,group_B,U07_ICE_Sensitization;U09_HPPT,,,,,0.0,
MOL_B_005226,O=C(OCCc1ccccc1)c1ccccc1O,group_B,U07_ICE_Sensitization;U09_HPPT,,,,,0.0,
MOL_B_005227,O=C(OCOC(=O)c1ccccc1O)c1ccccc1O,group_B,U21_EPA_CPDat_Uv_Absorber,,,,,,
MOL_B_005228,O=C(OCc1cc(O)cc(O)c1)c1cc(C(=O)OCc2cc(O)cc(O)c2)cc(C(=O)OCc2cc(O)cc(O)c2)c1,group_B,U21_EPA_CPDat_Uv_Absorber,,,,,,
MOL_B_005229,O=C(OCc1ccccc1)c1c(O)cccc1O,group_B,U21_EPA_CPDat_Uv_Absorber,,,,,,
MOL_B_005230,O=C(OCc1ccccc1)c1cc(O)c(OCc2ccccc2)c(O)c1,group_B,U21_EPA_CPDat_Uv_Absorber,,,,,,
MOL_B_005231,O=C(OCc1ccccc1)c1cc(O)c(OCc2ccccc2)c(OCc2ccccc2)c1,group_B,U21_EPA_CPDat_Uv_Absorber,,,,,,
MOL_B_005232,O=C(OCc1ccccc1)c1cc([N+](=O)[O-])ccc1O,group_B,U21_EPA_CPDat_Uv_Absorber,,,,,,
MOL_B_005233,O=C(OCc1ccccc1)c1ccc(CS(=O)(=O)c2ccc(O)cc2)cc1,group_B,U21_EPA_CPDat_Uv_Absorber,,,,,,
MOL_B_005234,O=C(OCc1ccccc1)c1ccc(O)c(O)c1,group_B,U21_EPA_CPDat_Uv_Absorber,,,,,,
MOL_B_005235,O=C(OCc1ccccc1)c1ccc(O)cc1,group_B,U21_EPA_CPDat_Uv_Absorber,,,,,,
MOL_B_005236,O=C(OCc1ccccc1)c1ccc(O)cc1C(=O)OCc1ccccc1,group_B,U21_EPA_CPDat_Uv_Absorber,,,,,,
MOL_B_005237,O=C(OCc1ccccc1)c1ccc(OCc2ccccc2)cc1O,group_B,U21_EPA_CPDat_Uv_Absorber,,,,,,
MOL_B_005238,O=C(OCc1ccccc1)c1cccc(O)c1,group_B,U21_EPA_CPDat_Uv_Absorber,,,,,,
MOL_B_005239,O=C(OCc1ccccc1)c1cccc(O)c1O,group_B,U21_EPA_CPDat_Uv_Absorber,,,,,,
MOL_B_005240,O=C(OCc1ccccc1)c1ccccc1O,group_B,U07_ICE_Irritation;U07_ICE_Sensitization;U09_HPPT;U21_EPA_CPDat_Uv_Absorber,,,,,0.0,0.0
MOL_B_005241,O=C(OCc1ccco1)c1ccccc1O,group_B,U21_EPA_CPDat_Uv_Absorber,,,,,,
MOL_B_005242,O=C(OCc1cnc[nH]1)c1ccccc1O,group_B,U21_EPA_CPDat_Uv_Absorber,,,,,,
MOL_B_005243,O=C(ON1C(=O)CCC1=O)c1ccc(C(=O)c2ccccc2)cc1,group_B,U21_EPA_CPDat_Uv_Absorber,,,,,,
MOL_B_005244,O=C(ON1C(=O)CCC1=O)c1cccc(C(=O)c2ccccc2)c1,group_B,U21_EPA_CPDat_Uv_Absorber,,,,,,
MOL_B_005245,O=C(OOC(=O)c1ccccc1O)c1ccccc1,group_B,U21_EPA_CPDat_Uv_Absorber,,,,,,
MOL_B_005246,O=C(O[C@H]1CO[C@H]2[C@@H]1OC[C@H]2OC(=O)c1ccc(O)cc1)c1ccc(O)cc1,group_B,U21_EPA_CPDat_Uv_Absorber,,,,,,
MOL_B_005247,O=C(Oc1c(C(=O)O)ccc(O)c1O)c1ccc(O)c(O)c1O,group_B,U21_EPA_CPDat_Uv_Absorber,,,,,,
MOL_B_005248,O=C(Oc1c(O)c2ccccc2c2ccccc12)c1ccccc1,group_B,U21_EPA_CPDat_Uv_Absorber,,,,,,
MOL_B_005249,O=C(Oc1cc(Br)cc(Br)c1)c1ccccc1O,group_B,U21_EPA_CPDat_Uv_Absorber,,,,,,
MOL_B_005250,O=C(Oc1cc(Br)cc(C(=O)O)c1O)c1ccccc1,group_B,U21_EPA_CPDat_Uv_Absorber,,,,,,
MOL_B_005251,O=C(Oc1cc(O)cc(O)c1C(=O)O)c1ccc(O)c(O)c1,group_B,U21_EPA_CPDat_Uv_Absorber,,,,,,
MOL_B_005252,O=C(Oc1ccc(C(=O)OCc2ccccc2)c(O)c1)c1ccccc1,group_B,U21_EPA_CPDat_Uv_Absorber,,,,,,
MOL_B_005253,O=C(Oc1ccc(C(=O)c2ccc(O)cc2)cc1)Oc1ccc(C(=O)c2ccc(O)cc2)cc1,group_B,U21_EPA_CPDat_Uv_Absorber,,,,,,
MOL_B_005254,O=C(Oc1ccc(C(=O)c2ccccc2)c(O)c1)c1ccc(-c2nc3ccccc3o2)cc1,group_B,U21_EPA_CPDat_Uv_Absorber,,,,,,
MOL_B_005255,O=C(Oc1ccc(C(=O)c2ccccc2)cc1[N+](=O)[O-])c1cc([N+](=O)[O-])cc([N+](=O)[O-])c1,group_B,U21_EPA_CPDat_Uv_Absorber,,,,,,
MOL_B_005256,O=C(Oc1ccc(C(=O)c2ccccc2)cc1[N+](=O)[O-])c1ccccc1,group_B,U21_EPA_CPDat_Uv_Absorber,,,,,,
MOL_B_005257,O=C(Oc1ccc(C(c2c(O)ccc3ccccc23)c2c(O)ccc3ccccc23)cc1)c1ccccc1,group_B,U21_EPA_CPDat_Uv_Absorber,,,,,,
MOL_B_005258,O=C(Oc1ccc(Cc2ccccc2)cc1)c1ccccc1O,group_B,U21_EPA_CPDat_Uv_Absorber,,,,,,
MOL_B_005259,O=C(Oc1ccc(Cl)cc1)c1cc(Cl)ccc1O,group_B,U21_EPA_CPDat_Uv_Absorber,,,,,,
MOL_B_005260,O=C(Oc1ccc(Cl)cc1)c1ccc(O)cc1,group_B,U21_EPA_CPDat_Uv_Absorber,,,,,,
MOL_B_005261,O=C(Oc1ccc(Cl)cc1)c1ccccc1O,group_B,U21_EPA_CPDat_Uv_Absorber,,,,,,
MOL_B_005262,O=C(Oc1ccc(F)cc1)c1ccc(O)c(Cl)c1,group_B,U21_EPA_CPDat_Uv_Absorber,,,,,,
MOL_B_005263,O=C(Oc1ccc(F)cc1)c1ccc(O)cc1,group_B,U21_EPA_CPDat_Uv_Absorber,,,,,,
MOL_B_005264,O=C(Oc1ccc(O)c(C(=O)O)c1)c1ccccc1,group_B,U21_EPA_CPDat_Uv_Absorber,,,,,,
MOL_B_005265,O=C(Oc1ccc(O)c(C(=O)c2ccccc2)c1)c1ccccc1,group_B,U21_EPA_CPDat_Uv_Absorber,,,,,,
MOL_B_005266,O=C(Oc1ccc(O)c(S(=O)(=O)[O-])c1)c1ccccc1,group_B,U21_EPA_CPDat_Uv_Absorber,,,,,,
MOL_B_005267,O=C(Oc1ccc(O)cc1)c1ccc(C(=O)Oc2ccc(O)cc2)cc1,group_B,U21_EPA_CPDat_Uv_Absorber,,,,,,
MOL_B_005268,O=C(Oc1ccc(O)cc1)c1ccc(F)cc1,group_B,U21_EPA_CPDat_Uv_Absorber,,,,,,
MOL_B_005269,O=C(Oc1ccc(O)cc1)c1ccc(O)cc1,group_B,U21_EPA_CPDat_Uv_Absorber,,,,,,
MOL_B_005270,O=C(Oc1ccc(O)cc1)c1cccc(C(=O)Oc2ccc(O)cc2)c1,group_B,U21_EPA_CPDat_Uv_Absorber,,,,,,
MOL_B_005271,O=C(Oc1ccc(O)cc1)c1cccc2ccccc12,group_B,U21_EPA_CPDat_Uv_Absorber,,,,,,
MOL_B_005272,O=C(Oc1ccc(O)cc1)c1ccccc1,group_B,U21_EPA_CPDat_Uv_Absorber,,,,,,
MOL_B_005273,O=C(Oc1ccc([N+](=O)[O-])cc1)c1cc([N+](=O)[O-])ccc1O,group_B,U21_EPA_CPDat_Uv_Absorber,,,,,,
MOL_B_005274,O=C(Oc1ccc([N+](=O)[O-])cc1)c1ccccc1O,group_B,U21_EPA_CPDat_Uv_Absorber,,,,,,
MOL_B_005275,O=C(Oc1ccc([N+](=O)[O-])cc1[N+](=O)[O-])c1cccc(O)c1,group_B,U21_EPA_CPDat_Uv_Absorber,,,,,,
MOL_B_005276,O=C(Oc1ccc2ccccc2c1)c1ccc(O)cc1,group_B,U21_EPA_CPDat_Uv_Absorber,,,,,,
MOL_B_005277,O=C(Oc1ccc2ccccc2c1)c1ccccc1O,group_B,U21_EPA_CPDat_Uv_Absorber,,,,,,
MOL_B_005278,O=C(Oc1cccc(C(=O)O)c1O)c1ccccc1,group_B,U21_EPA_CPDat_Uv_Absorber,,,,,,
MOL_B_005279,O=C(Oc1cccc(O)c1)c1ccccc1,group_B,U21_EPA_CPDat_Uv_Absorber,,,,,,
MOL_B_005280,O=C(Oc1ccccc1)Oc1ccc(C(=O)c2ccccc2)cc1,group_B,U21_EPA_CPDat_Uv_Absorber,,,,,,
MOL_B_005281,O=C(Oc1ccccc1)c1cc(Br)cc(Br)c1O,group_B,U21_EPA_CPDat_Uv_Absorber,,,,,,
MOL_B_005282,O=C(Oc1ccccc1)c1cc(Br)cc(S(=O)(=O)Cl)c1O,group_B,U21_EPA_CPDat_Uv_Absorber,,,,,,
MOL_B_005283,O=C(Oc1ccccc1)c1cc(Br)ccc1Sc1ccc(O)cc1,group_B,U21_EPA_CPDat_Uv_Absorber,,,,,,
MOL_B_005284,O=C(Oc1ccccc1)c1cc(Cl)cc(Cl)c1O,group_B,U21_EPA_CPDat_Uv_Absorber,,,,,,
MOL_B_005285,O=C(Oc1ccccc1)c1cc(Cl)cc(S(=O)(=O)Cl)c1O,group_B,U21_EPA_CPDat_Uv_Absorber,,,,,,
MOL_B_005286,O=C(Oc1ccccc1)c1cc(I)ccc1O,group_B,U21_EPA_CPDat_Uv_Absorber,,,,,,
MOL_B_005287,O=C(Oc1ccccc1)c1cc(O)c2ccccc2c1O,group_B,U21_EPA_CPDat_Uv_Absorber,,,,,,
MOL_B_005288,O=C(Oc1ccccc1)c1cc(O)cc2ccccc12,group_B,U21_EPA_CPDat_Uv_Absorber,,,,,,
MOL_B_005289,O=C(Oc1ccccc1)c1cc(S(=O)(=O)Cl)ccc1O,group_B,U21_EPA_CPDat_Uv_Absorber,,,,,,
MOL_B_005290,O=C(Oc1ccccc1)c1cc(S(=O)(=O)Oc2ccccc2)ccc1O,group_B,U21_EPA_CPDat_Uv_Absorber,,,,,,
MOL_B_005291,O=C(Oc1ccccc1)c1cc([N+](=O)[O-])c2ccccc2c1O,group_B,U21_EPA_CPDat_Uv_Absorber,,,,,,
MOL_B_005292,O=C(Oc1ccccc1)c1cc([N+](=O)[O-])cc(S(=O)(=O)Cl)c1O,group_B,U21_EPA_CPDat_Uv_Absorber,,,,,,
MOL_B_005293,O=C(Oc1ccccc1)c1cc([N+](=O)[O-])cc([N+](=O)[O-])c1O,group_B,U21_EPA_CPDat_Uv_Absorber,,,,,,
MOL_B_005294,O=C(Oc1ccccc1)c1cc([N+](=O)[O-])ccc1O,group_B,U21_EPA_CPDat_Uv_Absorber,,,,,,
MOL_B_005295,O=C(Oc1ccccc1)c1cc2ccccc2cc1O,group_B,U21_EPA_CPDat_Uv_Absorber,,,,,,
MOL_B_005296,O=C(Oc1ccccc1)c1ccc(C(=O)Oc2ccccc2)c(C(=O)c2ccccc2)c1,group_B,U21_EPA_CPDat_Uv_Absorber,,,,,,
MOL_B_005297,O=C(Oc1ccccc1)c1ccc(O)cc1,group_B,U21_EPA_CPDat_Uv_Absorber,,,,,,
MOL_B_005298,O=C(Oc1ccccc1)c1ccc([N+](=O)[O-])cc1O,group_B,U21_EPA_CPDat_Uv_Absorber,,,,,,
MOL_B_005299,O=C(Oc1ccccc1)c1ccc2ccccc2c1O,group_B,U21_EPA_CPDat_Uv_Absorber,,,,,,
MOL_B_005300,O=C(Oc1ccccc1)c1cccc(C(=O)Oc2ccccc2)c1O,group_B,U21_EPA_CPDat_Uv_Absorber,,,,,,
MOL_B_005301,O=C(Oc1ccccc1)c1cccc(NS(=O)(=O)c2ccccc2)c1O,group_B,U21_EPA_CPDat_Uv_Absorber,,,,,,
MOL_B_005302,O=C(Oc1ccccc1)c1cccc(O)c1,group_B,U21_EPA_CPDat_Uv_Absorber,,,,,,
MOL_B_005303,O=C(Oc1ccccc1)c1ccccc1,group_B,U07_ICE_Sensitization;U09_HPPT,,,,,0.0,
MOL_B_005304,O=C(Oc1ccccc1)c1ccccc1C(=O)c1ccccc1,group_B,U21_EPA_CPDat_Uv_Absorber,,,,,,
MOL_B_005305,O=C(Oc1ccccc1)c1ccccc1O,group_B,U07_ICE_Sensitization;U09_HPPT;U21_EPA_CPDat_Uv_Absorber,,,,,0.0,
MOL_B_005306,O=C(Oc1ccccc1C(=O)Cl)c1ccccc1O,group_B,U21_EPA_CPDat_Uv_Absorber,,,,,,
MOL_B_005307,O=C(Oc1ccccc1C(=O)O)c1ccccc1O,group_B,U21_EPA_CPDat_Uv_Absorber,,,,,,
MOL_B_005308,O=C(Oc1ccccc1C(=O)Oc1ccccc1C(=O)O)c1ccccc1O,group_B,U21_EPA_CPDat_Uv_Absorber,,,,,,
MOL_B_005309,O=C(Oc1ccccc1C(=O)[O-])c1ccccc1O,group_B,U21_EPA_CPDat_Uv_Absorber,,,,,,
MOL_B_005310,O=C(Oc1ccccc1C(=O)c1ccccc1)c1ccccc1,group_B,U21_EPA_CPDat_Uv_Absorber,,,,,,
MOL_B_005311,O=C(Oc1ccccc1Cc1ccccc1O)c1ccccc1,group_B,U21_EPA_CPDat_Uv_Absorber,,,,,,
MOL_B_005312,O=C(Oc1ccccc1Cl)c1cc(Cl)ccc1O,group_B,U21_EPA_CPDat_Uv_Absorber,,,,,,
MOL_B_005313,O=C(Oc1ccccc1O)c1ccccc1,group_B,U21_EPA_CPDat_Uv_Absorber,,,,,,
MOL_B_005314,O=C(Oc1ccccc1[N+](=O)[O-])c1ccccc1O,group_B,U21_EPA_CPDat_Uv_Absorber,,,,,,
MOL_B_005315,O=C(Sc1ccc(C(=O)c2ccccc2)cc1)c1ccc(C(=O)c2ccccc2)cc1,group_B,U21_EPA_CPDat_Uv_Absorber,,,,,,
MOL_B_005316,O=C(Sc1ccc(C(=O)c2ccccc2)cc1)c1ccccc1,group_B,U21_EPA_CPDat_Uv_Absorber,,,,,,
MOL_B_005317,O=C(Sc1ccccc1)c1ccc(C(=O)c2ccccc2)cc1,group_B,U21_EPA_CPDat_Uv_Absorber,,,,,,
MOL_B_005318,O=C([C@@H]1CCCN1)N1CCCCC1,group_B,U21_EPA_CPDat_Uv_Absorber,,,,,,
MOL_B_005319,O=C([O-])C(=O)c1ccc(O)cc1,group_B,U21_EPA_CPDat_Uv_Absorber,,,,,,
MOL_B_005320,O=C([O-])O,group_B,U07_ICE_Irritation,,,,,,0.0
MOL_B_005321,O=C([O-])[O-],group_B,U07_ICE_Irritation,,,,,,0.0
MOL_B_005322,O=C([O-])c1ccc(C(=O)c2ccccc2)cc1,group_B,U21_EPA_CPDat_Uv_Absorber,,,,,,
MOL_B_005323,O=C(c1cc(Br)c(Br)[nH]1)c1cc(O)ccc1O,group_B,U21_EPA_CPDat_Uv_Absorber,,,,,,
MOL_B_005324,O=C(c1cc(Br)ccc1O)c1ccccc1Cl,group_B,U21_EPA_CPDat_Uv_Absorber,,,,,,
MOL_B_005325,O=C(c1cc(C(=O)c2ccccc2Br)c(O)cc1O)c1ccccc1Br,group_B,U21_EPA_CPDat_Uv_Absorber,,,,,,
MOL_B_005326,O=C(c1cc(Cl)c(Cl)[nH]1)c1cc(O)ccc1O,group_B,U21_EPA_CPDat_Uv_Absorber,,,,,,
MOL_B_005327,O=C(c1cc(Cl)c(Cl)[nH]1)c1ccc(O)cc1O,group_B,U21_EPA_CPDat_Uv_Absorber,,,,,,
MOL_B_005328,O=C(c1cc(Cl)ccc1O)c1ccc(Cl)cc1Cl,group_B,U21_EPA_CPDat_Uv_Absorber,,,,,,
MOL_B_005329,O=C(c1cc(F)c(O)cc1O)c1cc(F)c(O)cc1O,group_B,U21_EPA_CPDat_Uv_Absorber,,,,,,
MOL_B_005330,O=C(c1cc(F)ccc1O)c1ccccc1[N+](=O)[O-],group_B,U21_EPA_CPDat_Uv_Absorber,,,,,,
MOL_B_005331,O=C(c1cc(O)c(O)c(O)c1)c1cc(O)c(O)c(O)c1,group_B,U21_EPA_CPDat_Uv_Absorber,,,,,,
MOL_B_005332,O=C(c1cc(O)c(O)c(O)c1)c1ccc(O)c(O)c1O,group_B,U21_EPA_CPDat_Uv_Absorber,,,,,,
MOL_B_005333,O=C(c1cc(O)c(O)c(O)c1)c1cccc(O)c1O,group_B,U21_EPA_CPDat_Uv_Absorber,,,,,,
MOL_B_005334,O=C(c1cc(O)c(O)c([N+](=O)[O-])c1)c1ccccc1F,group_B,U21_EPA_CPDat_Uv_Absorber,,,,,,
MOL_B_005335,O=C(c1cc(O)ccc1O)c1c(O)cccc1O,group_B,U21_EPA_CPDat_Uv_Absorber,,,,,,
MOL_B_005336,O=C(c1cc[c-]cc1)c1ccccc1,group_B,U21_EPA_CPDat_Uv_Absorber,,,,,,
MOL_B_005337,O=C(c1ccc(-c2ccccc2)cc1)N1CCC(C2CCNCC2)CC1,group_B,U21_EPA_CPDat_Uv_Absorber,,,,,,
MOL_B_005338,O=C(c1ccc(-c2ccccc2)cc1)c1cc(Cl)ccc1Cl,group_B,U21_EPA_CPDat_Uv_Absorber,,,,,,
MOL_B_005339,O=C(c1ccc(-c2ccccc2)cc1)c1cccc(C(=O)c2ccc(-c3ccccc3)cc2)c1,group_B,U21_EPA_CPDat_Uv_Absorber,,,,,,
MOL_B_005340,O=C(c1ccc(-c2ccccc2)cc1)c1cccc([N+](=O)[O-])c1,group_B,U21_EPA_CPDat_Uv_Absorber,,,,,,
MOL_B_005341,O=C(c1ccc(-c2ccccc2)cc1)c1ccccc1Cl,group_B,U21_EPA_CPDat_Uv_Absorber,,,,,,
MOL_B_005342,O=C(c1ccc(Br)cc1)c1ccc(-c2ccc(N(c3ccccc3)c3ccccc3)cc2)cc1,group_B,U21_EPA_CPDat_Uv_Absorber,,,,,,
MOL_B_005343,O=C(c1ccc(Br)cc1)c1ccc(O)cc1F,group_B,U21_EPA_CPDat_Uv_Absorber,,,,,,
MOL_B_005344,O=C(c1ccc(Br)cc1)c1cccc(O)c1,group_B,U21_EPA_CPDat_Uv_Absorber,,,,,,
MOL_B_005345,O=C(c1ccc(C#Cc2ccc(Sc3ccccc3)cc2)cc1)c1ccc(C#Cc2ccc(Sc3ccccc3)cc2)cc1,group_B,U21_EPA_CPDat_Uv_Absorber,,,,,,
MOL_B_005346,O=C(c1ccc(C(=O)c2ccc(O)c(O)c2O)cc1)c1ccc(O)c(O)c1O,group_B,U21_EPA_CPDat_Uv_Absorber,,,,,,
MOL_B_005347,O=C(c1ccc(C(=O)c2ccccc2O)cc1)c1ccccc1O,group_B,U21_EPA_CPDat_Uv_Absorber,,,,,,
MOL_B_005348,O=C(c1ccc(Cl)cc1)c1cc(Cl)ccc1O,group_B,U21_EPA_CPDat_Uv_Absorber,,,,,,
MOL_B_005349,O=C(c1ccc(Cl)cc1)c1cc(O)ccc1Cl,group_B,U21_EPA_CPDat_Uv_Absorber,,,,,,
MOL_B_005350,O=C(c1ccc(Cl)cc1)c1ccc(Cl)c(O)c1,group_B,U21_EPA_CPDat_Uv_Absorber,,,,,,
MOL_B_005351,O=C(c1ccc(Cl)cc1)c1ccc(Cl)cc1O,group_B,U21_EPA_CPDat_Uv_Absorber,,,,,,
MOL_B_005352,O=C(c1ccc(Cl)cc1)c1ccc(NC(=O)c2cc(I)cc(I)c2O)cc1Cl,group_B,U21_EPA_CPDat_Uv_Absorber,,,,,,
MOL_B_005353,O=C(c1ccc(Cl)cc1)c1ccc(O)c(O)c1,group_B,U21_EPA_CPDat_Uv_Absorber,,,,,,
MOL_B_005354,O=C(c1ccc(Cl)cc1)c1ccc(S(=O)(=O)c2ccccc2)cc1,group_B,U21_EPA_CPDat_Uv_Absorber,,,,,,
MOL_B_005355,O=C(c1ccc(Cl)cc1)c1ccc2cc(O)ccc2c1,group_B,U21_EPA_CPDat_Uv_Absorber,,,,,,
MOL_B_005356,O=C(c1ccc(Cl)cc1)c1ccccc1Oc1ccccc1O,group_B,U21_EPA_CPDat_Uv_Absorber,,,,,,
MOL_B_005357,O=C(c1ccc(F)cc1)N1CCC(C2CCNCC2)CC1,group_B,U21_EPA_CPDat_Uv_Absorber,,,,,,
MOL_B_005358,O=C(c1ccc(F)cc1)c1cc(O)cc(C(=O)c2ccc(F)cc2)c1,group_B,U21_EPA_CPDat_Uv_Absorber,,,,,,
MOL_B_005359,O=C(c1ccc(F)cc1)c1ccc(-c2[nH]c(-c3cccc(Cl)c3)nc2-c2ccccc2)cc1,group_B,U21_EPA_CPDat_Uv_Absorber,,,,,,
MOL_B_005360,O=C(c1ccc(F)cc1)c1ccc(-c2ccccc2)cc1,group_B,U21_EPA_CPDat_Uv_Absorber,,,,,,
MOL_B_005361,O=C(c1ccc(F)cc1)c1ccc(C#Cc2ccccc2)cc1,group_B,U21_EPA_CPDat_Uv_Absorber,,,,,,
MOL_B_005362,O=C(c1ccc(F)cc1)c1ccc(C(=O)c2ccc(F)cc2)c(-c2ccccc2)c1-c1ccccc1,group_B,U21_EPA_CPDat_Uv_Absorber,,,,,,
MOL_B_005363,O=C(c1ccc(F)cc1)c1ccc(O)cc1O,group_B,U21_EPA_CPDat_Uv_Absorber,,,,,,
MOL_B_005364,O=C(c1ccc(F)cc1)c1ccc(Oc2ccccc2)cc1,group_B,U21_EPA_CPDat_Uv_Absorber,,,,,,
MOL_B_005365,O=C(c1ccc(F)cc1)c1ccc2cc(O)ccc2c1,group_B,U21_EPA_CPDat_Uv_Absorber,,,,,,
MOL_B_005366,O=C(c1ccc(F)cc1)c1cccc(O)c1,group_B,U21_EPA_CPDat_Uv_Absorber,,,,,,
MOL_B_005367,O=C(c1ccc(F)cc1)c1ccccc1O,group_B,U21_EPA_CPDat_Uv_Absorber,,,,,,
MOL_B_005368,O=C(c1ccc(F)cc1O)c1ccccc1Cl,group_B,U21_EPA_CPDat_Uv_Absorber,,,,,,
MOL_B_005369,O=C(c1ccc(N(C(=O)c2ccccc2)c2ccccc2)cc1)c1ccccc1O,group_B,U21_EPA_CPDat_Uv_Absorber,,,,,,
MOL_B_005370,O=C(c1ccc(N(c2ccccc2)c2ccccc2)cc1)c1ccc(N(c2ccccc2)c2ccccc2)cc1,group_B,U21_EPA_CPDat_Uv_Absorber,,,,,,
MOL_B_005371,O=C(c1ccc(N=C(c2ccccc2)c2ccccc2)cc1)c1ccc(N=C(c2ccccc2)c2ccccc2)cc1,group_B,U21_EPA_CPDat_Uv_Absorber,,,,,,
MOL_B_005372,O=C(c1ccc(O)c(I)c1)c1cccs1,group_B,U21_EPA_CPDat_Uv_Absorber,,,,,,
MOL_B_005373,O=C(c1ccc(O)c(O)c1)c1c(O)cc(O)cc1O,group_B,U21_EPA_CPDat_Uv_Absorber,,,,,,
MOL_B_005374,O=C(c1ccc(O)c(O)c1)c1cc(O)c(O)c(O)c1,group_B,U21_EPA_CPDat_Uv_Absorber,,,,,,
MOL_B_005375,O=C(c1ccc(O)c(O)c1)c1cc(O)c(O)cc1O,group_B,U21_EPA_CPDat_Uv_Absorber,,,,,,
MOL_B_005376,O=C(c1ccc(O)c(O)c1)c1ccc(O)c(O)c1O,group_B,U21_EPA_CPDat_Uv_Absorber,,,,,,
MOL_B_005377,O=C(c1ccc(O)c(O)c1)c1ccc(O)cc1O,group_B,U21_EPA_CPDat_Uv_Absorber,,,,,,
MOL_B_005378,O=C(c1ccc(O)c(O)c1)c1cccc(O)c1O,group_B,U21_EPA_CPDat_Uv_Absorber,,,,,,
MOL_B_005379,O=C(c1ccc(O)c(O)c1O)c1c(O)cccc1O,group_B,U21_EPA_CPDat_Uv_Absorber,,,,,,
MOL_B_005380,O=C(c1ccc(O)c([N+](=O)[O-])c1)c1ccccn1,group_B,U21_EPA_CPDat_Uv_Absorber,,,,,,
MOL_B_005381,O=C(c1ccc(O)cc1)c1c(-c2ccc(O)cc2)oc2ccccc12,group_B,U21_EPA_CPDat_Uv_Absorber,,,,,,
MOL_B_005382,O=C(c1ccc(O)cc1)c1c(-c2ccccc2)[nH]c2ccccc12,group_B,U21_EPA_CPDat_Uv_Absorber,,,,,,
MOL_B_005383,O=C(c1ccc(O)cc1)c1c(-c2ccccc2)c(Br)c2ccccn12,group_B,U21_EPA_CPDat_Uv_Absorber,,,,,,
MOL_B_005384,O=C(c1ccc(O)cc1)c1c(-c2ccccc2)c(Cl)c2ccccn12,group_B,U21_EPA_CPDat_Uv_Absorber,,,,,,
MOL_B_005385,O=C(c1ccc(O)cc1)c1c(-c2ccccc2)ccc2ccccc12,group_B,U21_EPA_CPDat_Uv_Absorber,,,,,,
MOL_B_005386,O=C(c1ccc(O)cc1)c1c(-c2ccccc2)oc2ccccc12,group_B,U21_EPA_CPDat_Uv_Absorber,,,,,,
MOL_B_005387,O=C(c1ccc(O)cc1)c1c(Cc2ccccc2)oc2ccccc12,group_B,U21_EPA_CPDat_Uv_Absorber,,,,,,
MOL_B_005388,O=C(c1ccc(O)cc1)c1c(O)cc(O)cc1O,group_B,U21_EPA_CPDat_Uv_Absorber,,,,,,
MOL_B_005389,O=C(c1ccc(O)cc1)c1cc(C(=O)c2ccc(O)cc2)cc(C(=O)c2ccc(O)cc2)c1,group_B,U21_EPA_CPDat_Uv_Absorber,,,,,,
MOL_B_005390,O=C(c1ccc(O)cc1)c1cc(Cl)ccc1Cl,group_B,U21_EPA_CPDat_Uv_Absorber,,,,,,
MOL_B_005391,O=C(c1ccc(O)cc1)c1cc(O)ccc1O,group_B,U21_EPA_CPDat_Uv_Absorber,,,,,,
MOL_B_005392,O=C(c1ccc(O)cc1)c1cc([N+](=O)[O-])cc([N+](=O)[O-])c1,group_B,U21_EPA_CPDat_Uv_Absorber,,,,,,
MOL_B_005393,O=C(c1ccc(O)cc1)c1cc2cc(Cl)ccc2o1,group_B,U21_EPA_CPDat_Uv_Absorber,,,,,,
MOL_B_005394,O=C(c1ccc(O)cc1)c1cc2ccccc2cc1C(=O)c1ccc(O)cc1,group_B,U21_EPA_CPDat_Uv_Absorber,,,,,,
MOL_B_005395,O=C(c1ccc(O)cc1)c1cc2cccnc2nc1-c1ccccc1,group_B,U21_EPA_CPDat_Uv_Absorber,,,,,,
MOL_B_005396,O=C(c1ccc(O)cc1)c1ccc(-c2ccc(C(=O)c3ccc(O)cc3)cc2)cc1,group_B,U21_EPA_CPDat_Uv_Absorber,,,,,,
MOL_B_005397,O=C(c1ccc(O)cc1)c1ccc(-c2ccccc2)cc1,group_B,U21_EPA_CPDat_Uv_Absorber,,,,,,
MOL_B_005398,O=C(c1ccc(O)cc1)c1ccc(Cl)c(Cl)c1,group_B,U21_EPA_CPDat_Uv_Absorber,,,,,,
MOL_B_005399,O=C(c1ccc(O)cc1)c1ccc(Cl)cc1,group_B,U21_EPA_CPDat_Uv_Absorber,,,,,,
MOL_B_005400,O=C(c1ccc(O)cc1)c1ccc(Cl)cc1Cl,group_B,U21_EPA_CPDat_Uv_Absorber,,,,,,
MOL_B_005401,O=C(c1ccc(O)cc1)c1ccc(F)cc1,group_B,U21_EPA_CPDat_Uv_Absorber,,,,,,
MOL_B_005402,O=C(c1ccc(O)cc1)c1ccc(O)c(O)c1O,group_B,U21_EPA_CPDat_Uv_Absorber,,,,,,
MOL_B_005403,O=C(c1ccc(O)cc1)c1ccc(O)cc1,group_B,U21_EPA_CPDat_Uv_Absorber,,,,,,
MOL_B_005404,O=C(c1ccc(O)cc1)c1ccc(O)cc1O,group_B,U21_EPA_CPDat_Uv_Absorber,,,,,,
MOL_B_005405,O=C(c1ccc(O)cc1)c1ccc(OC(F)(F)F)cc1,group_B,U21_EPA_CPDat_Uv_Absorber,,,,,,
MOL_B_005406,O=C(c1ccc(O)cc1)c1ccc(OCCCCBr)cc1,group_B,U21_EPA_CPDat_Uv_Absorber,,,,,,
MOL_B_005407,O=C(c1ccc(O)cc1)c1ccc(OCCCCCBr)cc1,group_B,U21_EPA_CPDat_Uv_Absorber,,,,,,
MOL_B_005408,O=C(c1ccc(O)cc1)c1ccc(OCCCCCCCCCl)cc1,group_B,U21_EPA_CPDat_Uv_Absorber,,,,,,
MOL_B_005409,O=C(c1ccc(O)cc1)c1ccc2c(c1)OCCCO2,group_B,U21_EPA_CPDat_Uv_Absorber,,,,,,
MOL_B_005410,O=C(c1ccc(O)cc1)c1ccc2cc(C(=O)c3ccc(O)cc3)ccc2c1,group_B,U21_EPA_CPDat_Uv_Absorber,,,,,,
MOL_B_005411,O=C(c1ccc(O)cc1)c1cccc(C(F)(F)F)c1,group_B,U21_EPA_CPDat_Uv_Absorber,,,,,,
MOL_B_005412,O=C(c1ccc(O)cc1)c1cccc(Cl)c1,group_B,U21_EPA_CPDat_Uv_Absorber,,,,,,
MOL_B_005413,O=C(c1ccc(O)cc1)c1cccc(O)c1,group_B,U21_EPA_CPDat_Uv_Absorber,,,,,,
MOL_B_005414,O=C(c1ccc(O)cc1)c1cccc(O)c1O,group_B,U21_EPA_CPDat_Uv_Absorber,,,,,,
MOL_B_005415,O=C(c1ccc(O)cc1)c1ccccc1-c1ccccc1C(=O)c1ccc(O)cc1,group_B,U21_EPA_CPDat_Uv_Absorber,,,,,,
MOL_B_005416,O=C(c1ccc(O)cc1)c1ccccc1F,group_B,U21_EPA_CPDat_Uv_Absorber,,,,,,
MOL_B_005417,O=C(c1ccc(O)cc1)c1ccccc1OP(Oc1ccccc1C(=O)c1ccc(O)cc1)Oc1ccccc1C(=O)c1ccc(O)cc1,group_B,U21_EPA_CPDat_Uv_Absorber,,,,,,
MOL_B_005418,O=C(c1ccc(O)cc1)c1ccccc1[N+](=O)[O-],group_B,U21_EPA_CPDat_Uv_Absorber,,,,,,
MOL_B_005419,O=C(c1ccc(O)cc1)c1ccccn1,group_B,U21_EPA_CPDat_Uv_Absorber,,,,,,
MOL_B_005420,O=C(c1ccc(O)cc1)c1cccnc1,group_B,U21_EPA_CPDat_Uv_Absorber,,,,,,
MOL_B_005421,O=C(c1ccc(O)cc1)c1ccco1,group_B,U21_EPA_CPDat_Uv_Absorber,,,,,,
MOL_B_005422,O=C(c1ccc(O)cc1)c1oc2ccccc2c1-c1ccc(Cl)cc1,group_B,U21_EPA_CPDat_Uv_Absorber,,,,,,
MOL_B_005423,O=C(c1ccc(O)cc1)c1sc2ccccc2c1-c1ccc(O)cc1,group_B,U21_EPA_CPDat_Uv_Absorber,,,,,,
MOL_B_005424,O=C(c1ccc(O)cc1F)c1ccccc1Cl,group_B,U21_EPA_CPDat_Uv_Absorber,,,,,,
MOL_B_005425,O=C(c1ccc(O)cc1O)c1cc(Cl)ccc1Cl,group_B,U21_EPA_CPDat_Uv_Absorber,,,,,,
MOL_B_005426,O=C(c1ccc(O)cc1O)c1cc(O)ccc1O,group_B,U21_EPA_CPDat_Uv_Absorber,,,,,,
MOL_B_005427,O=C(c1ccc(O)cc1O)c1ccc(Cl)cc1O,group_B,U21_EPA_CPDat_Uv_Absorber,,,,,,
MOL_B_005428,O=C(c1ccc(O)cc1O)c1ccc(O)c(O)c1O,group_B,U21_EPA_CPDat_Uv_Absorber,,,,,,
MOL_B_005429,O=C(c1ccc(O)cc1O)c1ccc(O)cc1O,group_B,U21_EPA_CPDat_Uv_Absorber,,,,,,
MOL_B_005430,O=C(c1ccc(OCC2CCCNC2)cc1)N1CCCC1,group_B,U21_EPA_CPDat_Uv_Absorber,,,,,,
MOL_B_005431,O=C(c1ccc(OCCOc2ccccc2)cc1)c1ccccc1F,group_B,U21_EPA_CPDat_Uv_Absorber,,,,,,
MOL_B_005432,O=C(c1ccc(OCc2ccccc2)cc1)c1ccc(OCc2ccccc2)cc1,group_B,U21_EPA_CPDat_Uv_Absorber,,,,,,
MOL_B_005433,O=C(c1ccc(Oc2ccc(O)cc2)cc1)c1ccc(Oc2ccc(O)cc2)cc1,group_B,U21_EPA_CPDat_Uv_Absorber,,,,,,
MOL_B_005434,O=C(c1ccc(Oc2ccc(Oc3ccccc3)cc2)cc1)c1cc(Cl)ccc1Cl,group_B,U21_EPA_CPDat_Uv_Absorber,,,,,,
MOL_B_005435,O=C(c1ccc(Oc2ccccc2)cc1)c1ccc(-c2ccc(C(=O)c3ccc(Oc4ccccc4)cc3)cc2)cc1,group_B,U21_EPA_CPDat_Uv_Absorber,,,,,,
MOL_B_005436,O=C(c1ccc(Oc2ccccc2)cc1)c1ccc(C(=O)c2ccc(Oc3ccccc3)cc2)cc1,group_B,U21_EPA_CPDat_Uv_Absorber,,,,,,
MOL_B_005437,O=C(c1ccc(Oc2ccccc2)cc1)c1ccc(Oc2ccc(C(=O)c3ccc(Oc4ccccc4)cc3)cc2)cc1,group_B,U21_EPA_CPDat_Uv_Absorber,,,,,,
MOL_B_005438,O=C(c1ccc(Oc2ccccc2)cc1)c1ccc(Oc2ccccc2)cc1,group_B,U21_EPA_CPDat_Uv_Absorber,,,,,,
MOL_B_005439,O=C(c1ccc(Oc2ccccc2)cc1)c1ccc2cc(C(=O)c3ccc(Oc4ccccc4)cc3)ccc2c1,group_B,U21_EPA_CPDat_Uv_Absorber,,,,,,
MOL_B_005440,O=C(c1ccc(Oc2ccccc2)cc1)c1cccc(C(=O)c2ccc(Oc3ccccc3)cc2)c1,group_B,U21_EPA_CPDat_Uv_Absorber,,,,,,
MOL_B_005441,O=C(c1ccc(S(=O)(=O)c2ccccc2)cc1)c1ccc(O)cc1O,group_B,U21_EPA_CPDat_Uv_Absorber,,,,,,
MOL_B_005442,O=C(c1ccc(Sc2ccc(O)cc2)cc1)c1ccc(C(=O)c2ccc(Sc3ccc(O)cc3)cc2)cc1,group_B,U21_EPA_CPDat_Uv_Absorber,,,,,,
MOL_B_005443,O=C(c1ccc(Sc2ccccc2)cc1)c1ccc(Sc2ccccc2)cc1,group_B,U21_EPA_CPDat_Uv_Absorber,,,,,,
MOL_B_005444,O=C(c1ccc([N+](=O)[O-])cc1)c1c(O)cc(O)cc1O,group_B,U21_EPA_CPDat_Uv_Absorber,,,,,,
MOL_B_005445,O=C(c1ccc([N+](=O)[O-])cc1)c1cc(F)ccc1O,group_B,U21_EPA_CPDat_Uv_Absorber,,,,,,
MOL_B_005446,O=C(c1ccc2c(c1)OCCOCCOCCOCCO2)C(c1ccccc1)c1ccccc1,group_B,U21_EPA_CPDat_Uv_Absorber,,,,,,
MOL_B_005447,O=C(c1ccc2ccccc2c1)C(c1ccccc1)c1ccccc1,group_B,U21_EPA_CPDat_Uv_Absorber,,,,,,
MOL_B_005448,O=C(c1ccc[nH]1)c1ccccc1O,group_B,U21_EPA_CPDat_Uv_Absorber,,,,,,
MOL_B_005449,O=C(c1cccc(Br)c1)c1cc(F)ccc1O,group_B,U21_EPA_CPDat_Uv_Absorber,,,,,,
MOL_B_005450,O=C(c1cccc(C(=O)c2ccccc2Oc2ccccc2)c1)c1ccccc1Oc1ccccc1,group_B,U21_EPA_CPDat_Uv_Absorber,,,,,,
MOL_B_005451,O=C(c1cccc(CO)c1)c1ccc(O)c(C(=O)O)c1,group_B,U21_EPA_CPDat_Uv_Absorber,,,,,,
MOL_B_005452,O=C(c1cccc(Cl)c1)c1c(-c2ccc(O)cc2)oc2ccccc12,group_B,U21_EPA_CPDat_Uv_Absorber,,,,,,
MOL_B_005453,O=C(c1cccc(Cl)c1)c1cc(Cl)ccc1O,group_B,U21_EPA_CPDat_Uv_Absorber,,,,,,
MOL_B_005454,O=C(c1cccc(Cl)c1)c1cc(F)ccc1O,group_B,U21_EPA_CPDat_Uv_Absorber,,,,,,
MOL_B_005455,O=C(c1cccc(F)c1)c1cc(Cl)ccc1O,group_B,U21_EPA_CPDat_Uv_Absorber,,,,,,
MOL_B_005456,O=C(c1cccc(O)c1)c1ccc(Cl)c(Cl)c1,group_B,U21_EPA_CPDat_Uv_Absorber,,,,,,
MOL_B_005457,O=C(c1cccc(O)c1)c1ccc(Cl)cc1Cl,group_B,U21_EPA_CPDat_Uv_Absorber,,,,,,
MOL_B_005458,O=C(c1cccc(O)c1)c1cccc(Br)c1,group_B,U21_EPA_CPDat_Uv_Absorber,,,,,,
MOL_B_005459,O=C(c1cccc(O)c1)c1cccc(C(F)(F)F)c1,group_B,U21_EPA_CPDat_Uv_Absorber,,,,,,
MOL_B_005460,O=C(c1cccc(O)c1)c1cccc(Cl)c1,group_B,U21_EPA_CPDat_Uv_Absorber,,,,,,
MOL_B_005461,O=C(c1cccc(O)c1)c1cccc(F)c1,group_B,U21_EPA_CPDat_Uv_Absorber,,,,,,
MOL_B_005462,O=C(c1cccc(O)c1)c1ccccc1Cl,group_B,U21_EPA_CPDat_Uv_Absorber,,,,,,
MOL_B_005463,O=C(c1ccccc1)C(C(=O)c1ccccc1)C(c1ccccc1)c1ccccc1,group_B,U21_EPA_CPDat_Uv_Absorber,,,,,,
MOL_B_005464,O=C(c1ccccc1)C(C=C(c1ccccc1)c1ccccc1)c1ccccc1,group_B,U21_EPA_CPDat_Uv_Absorber,,,,,,
MOL_B_005465,O=C(c1ccccc1)C(Cc1ccccc1)c1ccc(O)cc1,group_B,U21_EPA_CPDat_Uv_Absorber,,,,,,
MOL_B_005466,O=C(c1ccccc1)C(c1ccccc1)(c1ccc(O)cc1)c1ccc(O)cc1,group_B,U21_EPA_CPDat_Uv_Absorber,,,,,,
MOL_B_005467,O=C(c1ccccc1)C(c1ccccc1)(c1ccccc1)c1ccccc1,group_B,U21_EPA_CPDat_Uv_Absorber,,,,,,
MOL_B_005468,O=C(c1ccccc1)C(c1ccccc1)c1ccc(O)cc1,group_B,U21_EPA_CPDat_Uv_Absorber,,,,,,
MOL_B_005469,O=C(c1ccccc1)C(c1ccccc1)c1ccc([N+](=O)[O-])cc1,group_B,U21_EPA_CPDat_Uv_Absorber,,,,,,
MOL_B_005470,O=C(c1ccccc1)C(c1ccccc1)c1ccccc1,group_B,U21_EPA_CPDat_Uv_Absorber,,,,,,
MOL_B_005471,O=C(c1ccccc1)C(c1ccccc1)c1ccccc1[N+](=O)[O-],group_B,U21_EPA_CPDat_Uv_Absorber,,,,,,
MOL_B_005472,O=C(c1ccccc1)N1C=C(C2CCCCN2)CCC1,group_B,U21_EPA_CPDat_Uv_Absorber,,,,,,
MOL_B_005473,O=C(c1ccccc1)N1CCC(C2CCNCC2)CC1,group_B,U21_EPA_CPDat_Uv_Absorber,,,,,,
MOL_B_005474,O=C(c1ccccc1)N1CCC2(CCNCC2)CC1,group_B,U21_EPA_CPDat_Uv_Absorber,,,,,,
MOL_B_005475,O=C(c1ccccc1)N1C[C@@H]2C[C@H](C1)c1cccc(=O)n1C2,group_B,U21_EPA_CPDat_Uv_Absorber,,,,,,
MOL_B_005476,O=C(c1ccccc1)c1c(-c2ccc(O)cc2)oc2ccccc12,group_B,U21_EPA_CPDat_Uv_Absorber,,,,,,
MOL_B_005477,O=C(c1ccccc1)c1c(-c2ccc(O)cc2)sc2cc(O)ccc12,group_B,U21_EPA_CPDat_Uv_Absorber,,,,,,
MOL_B_005478,O=C(c1ccccc1)c1c(-c2ccccc2)c(O)c2ccccc2c1O,group_B,U21_EPA_CPDat_Uv_Absorber,,,,,,
MOL_B_005479,O=C(c1ccccc1)c1c(-c2ccccc2)cc(-c2ccccc2)cc1-c1ccccc1,group_B,U21_EPA_CPDat_Uv_Absorber,,,,,,
MOL_B_005480,O=C(c1ccccc1)c1c(-c2ccccc2)ccc(-c2ccccc2)c1C(=O)c1ccccc1,group_B,U21_EPA_CPDat_Uv_Absorber,,,,,,
MOL_B_005481,O=C(c1ccccc1)c1c(-c2ccccc2)ccc2ccccc12,group_B,U21_EPA_CPDat_Uv_Absorber,,,,,,
MOL_B_005482,O=C(c1ccccc1)c1c(C(=O)c2ccccc2)c2ccccc2c2ccccc12,group_B,U21_EPA_CPDat_Uv_Absorber,,,,,,
MOL_B_005483,O=C(c1ccccc1)c1c(Cl)cccc1Cl,group_B,U21_EPA_CPDat_Uv_Absorber,,,,,,
MOL_B_005484,O=C(c1ccccc1)c1c(F)cccc1F,group_B,U21_EPA_CPDat_Uv_Absorber,,,,,,
MOL_B_005485,O=C(c1ccccc1)c1c(O)c(C(=O)c2ccccc2)c(O)c(C(=O)c2ccccc2)c1O,group_B,U21_EPA_CPDat_Uv_Absorber,,,,,,
MOL_B_005486,O=C(c1ccccc1)c1c(O)cc(O)cc1O,group_B,U21_EPA_CPDat_Uv_Absorber,,,,,,
MOL_B_005487,O=C(c1ccccc1)c1c(O)ccc(O)c1C(=O)c1ccccc1,group_B,U21_EPA_CPDat_Uv_Absorber,,,,,,
MOL_B_005488,O=C(c1ccccc1)c1c(O)cccc1O,group_B,U21_EPA_CPDat_Uv_Absorber,,,,,,
MOL_B_005489,O=C(c1ccccc1)c1c2ccccc2c(O)c2ccccc12,group_B,U21_EPA_CPDat_Uv_Absorber,,,,,,
MOL_B_005490,O=C(c1ccccc1)c1c2ccccc2c([N+](=O)[O-])c2ccccc12,group_B,U21_EPA_CPDat_Uv_Absorber,,,,,,
MOL_B_005491,O=C(c1ccccc1)c1c2ccccc2cc2ccccc12,group_B,U21_EPA_CPDat_Uv_Absorber,,,,,,
MOL_B_005492,O=C(c1ccccc1)c1cc(Br)c(O)c(Br)c1O,group_B,U21_EPA_CPDat_Uv_Absorber,,,,,,
MOL_B_005493,O=C(c1ccccc1)c1cc(Br)cc(Br)c1,group_B,U21_EPA_CPDat_Uv_Absorber,,,,,,
MOL_B_005494,O=C(c1ccccc1)c1cc(C(=O)c2ccccc2)c(O)cc1O,group_B,U21_EPA_CPDat_Uv_Absorber,,,,,,
MOL_B_005495,O=C(c1ccccc1)c1cc(C(=O)c2ccccc2)cc(C(=O)c2cc(C(=O)c3cc(C(=O)c4ccccc4)cc(C(=O)c4ccccc4)c3)cc(C(=O)c3cc(C(=O)c4ccccc4)cc(C(=O)c4ccccc4)c3)c2)c1,group_B,U21_EPA_CPDat_Uv_Absorber,,,,,,
MOL_B_005496,O=C(c1ccccc1)c1cc(C(=O)c2ccccc2)cc(C(=O)c2ccccc2)c1,group_B,U21_EPA_CPDat_Uv_Absorber,,,,,,
MOL_B_005497,O=C(c1ccccc1)c1cc(C(F)(F)F)ccc1O,group_B,U21_EPA_CPDat_Uv_Absorber,,,,,,
MOL_B_005498,O=C(c1ccccc1)c1cc(Cl)c(O)c(Cl)c1,group_B,U21_EPA_CPDat_Uv_Absorber,,,,,,
MOL_B_005499,O=C(c1ccccc1)c1cc(Cl)cc(Br)c1O,group_B,U21_EPA_CPDat_Uv_Absorber,,,,,,
MOL_B_005500,O=C(c1ccccc1)c1cc(Cl)cc(Cl)c1,group_B,U21_EPA_CPDat_Uv_Absorber,,,,,,
MOL_B_005501,O=C(c1ccccc1)c1cc(Cl)cc(Cl)c1[N+](=O)[O-],group_B,U21_EPA_CPDat_Uv_Absorber,,,,,,
MOL_B_005502,O=C(c1ccccc1)c1cc(Cl)ccc1I,group_B,U21_EPA_CPDat_Uv_Absorber,,,,,,
MOL_B_005503,O=C(c1ccccc1)c1cc(Cl)ccc1N=C=S,group_B,U21_EPA_CPDat_Uv_Absorber,,,,,,
MOL_B_005504,O=C(c1ccccc1)c1cc(Cl)ccc1NC(=S)Nc1ccc(Br)cc1,group_B,U21_EPA_CPDat_Uv_Absorber,,,,,,
MOL_B_005505,O=C(c1ccccc1)c1cc(Cl)ccc1NS(=O)(=O)c1ccc(Br)cc1,group_B,U21_EPA_CPDat_Uv_Absorber,,,,,,
MOL_B_005506,O=C(c1ccccc1)c1cc(Cl)ccc1O,group_B,U21_EPA_CPDat_Uv_Absorber,,,,,,
MOL_B_005507,O=C(c1ccccc1)c1cc(Cl)ccc1[Se]c1ccccc1,group_B,U21_EPA_CPDat_Uv_Absorber,,,,,,
MOL_B_005508,O=C(c1ccccc1)c1cc(F)c(F)c(F)c1,group_B,U21_EPA_CPDat_Uv_Absorber,,,,,,
MOL_B_005509,O=C(c1ccccc1)c1cc(F)cc(F)c1,group_B,U21_EPA_CPDat_Uv_Absorber,,,,,,
MOL_B_005510,O=C(c1ccccc1)c1cc(F)ccc1O,group_B,U21_EPA_CPDat_Uv_Absorber,,,,,,
MOL_B_005511,O=C(c1ccccc1)c1cc(O)c(O)c([N+](=O)[O-])c1,group_B,U21_EPA_CPDat_Uv_Absorber,,,,,,
MOL_B_005512,O=C(c1ccccc1)c1cc(O)cc(Br)c1O,group_B,U21_EPA_CPDat_Uv_Absorber,,,,,,
MOL_B_005513,O=C(c1ccccc1)c1cc(O)cc(C(=O)c2ccccc2)c1O,group_B,U21_EPA_CPDat_Uv_Absorber,,,,,,
MOL_B_005514,O=C(c1ccccc1)c1cc(O)cc(O)c1,group_B,U21_EPA_CPDat_Uv_Absorber,,,,,,
MOL_B_005515,O=C(c1ccccc1)c1cc(S(=O)(=O)Cl)ccc1Cl,group_B,U21_EPA_CPDat_Uv_Absorber,,,,,,
MOL_B_005516,O=C(c1ccccc1)c1cc(S(=O)(=O)O)c(O)cc1O,group_B,U21_EPA_CPDat_Uv_Absorber,,,,,,
MOL_B_005517,O=C(c1ccccc1)c1cc(S(=O)(=O)O)ccc1O,group_B,U01_EU_CosIng_Annex_VI,,,,,0.0,0.0
MOL_B_005518,O=C(c1ccccc1)c1cc([N+](=O)[O-])ccc1Cl,group_B,U21_EPA_CPDat_Uv_Absorber,,,,,,
MOL_B_005519,O=C(c1ccccc1)c1cc([N+](=O)[O-])ccc1NC(=S)Nc1ccc(Br)cc1,group_B,U21_EPA_CPDat_Uv_Absorber,,,,,,
MOL_B_005520,O=C(c1ccccc1)c1cc2c(Br)c3ccccc3c(Br)c2cc1C(=O)c1ccccc1,group_B,U21_EPA_CPDat_Uv_Absorber,,,,,,
MOL_B_005521,O=C(c1ccccc1)c1cc2c(cc1Br)OCCCO2,group_B,U21_EPA_CPDat_Uv_Absorber,,,,,,
MOL_B_005522,O=C(c1ccccc1)c1cc2c(cc1O)C(C(=O)O)CC2,group_B,U21_EPA_CPDat_Uv_Absorber,,,,,,
MOL_B_005523,O=C(c1ccccc1)c1cc2cc(C(=O)c3ccccc3)c(C(=O)c3ccccc3)cc2cc1C(=O)c1ccccc1,group_B,U21_EPA_CPDat_Uv_Absorber,,,,,,
MOL_B_005524,O=C(c1ccccc1)c1cc2cc3c(-c4ccccc4)sc(-c4ccccc4)c3cc2cc1C(=O)c1ccccc1,group_B,U21_EPA_CPDat_Uv_Absorber,,,,,,
MOL_B_005525,O=C(c1ccccc1)c1cc2ccccc2c2cc(S(=O)(=O)Cl)ccc12,group_B,U21_EPA_CPDat_Uv_Absorber,,,,,,
MOL_B_005526,O=C(c1ccccc1)c1cc2ccccc2c2ccccc12,group_B,U21_EPA_CPDat_Uv_Absorber,,,,,,
MOL_B_005527,O=C(c1ccccc1)c1cc2ccccc2cc1-c1cccc2ccccc12,group_B,U21_EPA_CPDat_Uv_Absorber,,,,,,
MOL_B_005528,O=C(c1ccccc1)c1cc2ccccc2cc1-c1ccccc1,group_B,U21_EPA_CPDat_Uv_Absorber,,,,,,
MOL_B_005529,O=C(c1ccccc1)c1cc2ccccc2cc1C(=O)c1ccccc1,group_B,U21_EPA_CPDat_Uv_Absorber,,,,,,
MOL_B_005530,O=C(c1ccccc1)c1ccc(-c2cc(-c3ccc(C(=O)c4ccccc4)cc3)cc(-c3ccc(C(=O)c4ccccc4)cc3)c2)cc1,group_B,U21_EPA_CPDat_Uv_Absorber,,,,,,
MOL_B_005531,O=C(c1ccccc1)c1ccc(-c2cc3ccccc3c3ccccc23)cc1,group_B,U21_EPA_CPDat_Uv_Absorber,,,,,,
MOL_B_005532,O=C(c1ccccc1)c1ccc(-c2ccc(-c3ccccc3)cc2)cc1,group_B,U21_EPA_CPDat_Uv_Absorber,,,,,,
MOL_B_005533,O=C(c1ccccc1)c1ccc(-c2ccc(C(=O)c3ccccc3)cc2)cc1,group_B,U21_EPA_CPDat_Uv_Absorber,,,,,,
MOL_B_005534,O=C(c1ccccc1)c1ccc(-c2cccc3ccccc23)cc1,group_B,U21_EPA_CPDat_Uv_Absorber,,,,,,
MOL_B_005535,O=C(c1ccccc1)c1ccc(-c2ccccc2)cc1,group_B,U21_EPA_CPDat_Uv_Absorber,,,,,,
MOL_B_005536,O=C(c1ccccc1)c1ccc(/N=C/c2ccc([N+](=O)[O-])s2)cc1,group_B,U21_EPA_CPDat_Uv_Absorber,,,,,,
MOL_B_005537,O=C(c1ccccc1)c1ccc(B(O)O)cc1,group_B,U21_EPA_CPDat_Uv_Absorber,,,,,,
MOL_B_005538,O=C(c1ccccc1)c1ccc(Br)c([N+](=O)[O-])c1,group_B,U21_EPA_CPDat_Uv_Absorber,,,,,,
MOL_B_005539,O=C(c1ccccc1)c1ccc(Br)cc1,group_B,U21_EPA_CPDat_Uv_Absorber,,,,,,
MOL_B_005540,O=C(c1ccccc1)c1ccc(C#Cc2ccccc2)cc1,group_B,U21_EPA_CPDat_Uv_Absorber,,,,,,
MOL_B_005541,O=C(c1ccccc1)c1ccc(C(=O)C2CCCCC2)cc1,group_B,U21_EPA_CPDat_Uv_Absorber,,,,,,
MOL_B_005542,O=C(c1ccccc1)c1ccc(C(=O)c2ccc(F)cc2)cc1,group_B,U21_EPA_CPDat_Uv_Absorber,,,,,,
MOL_B_005543,O=C(c1ccccc1)c1ccc(C(=O)c2ccccc2)c2c(C(=O)c3ccccc3)ccc(C(=O)c3ccccc3)c12,group_B,U21_EPA_CPDat_Uv_Absorber,,,,,,
MOL_B_005544,O=C(c1ccccc1)c1ccc(C(=O)c2ccccc2)cc1,group_B,U21_EPA_CPDat_Uv_Absorber,,,,,,
MOL_B_005545,O=C(c1ccccc1)c1ccc(C(Cl)(c2ccccc2)c2ccccc2)cc1,group_B,U21_EPA_CPDat_Uv_Absorber,,,,,,
MOL_B_005546,O=C(c1ccccc1)c1ccc(C2=NN(c3ccccc3)CC2)cc1,group_B,U21_EPA_CPDat_Uv_Absorber,,,,,,
MOL_B_005547,O=C(c1ccccc1)c1ccc(C2CC2)cc1,group_B,U21_EPA_CPDat_Uv_Absorber,,,,,,
MOL_B_005548,O=C(c1ccccc1)c1ccc(C2OCCO2)cc1,group_B,U21_EPA_CPDat_Uv_Absorber,,,,,,
MOL_B_005549,O=C(c1ccccc1)c1ccc(C=CS(=O)c2ccccc2)cc1,group_B,U21_EPA_CPDat_Uv_Absorber,,,,,,
MOL_B_005550,O=C(c1ccccc1)c1ccc(C=CSc2ccccc2)cc1,group_B,U21_EPA_CPDat_Uv_Absorber,,,,,,
MOL_B_005551,O=C(c1ccccc1)c1ccc(CN2CCOCC2)cc1,group_B,U21_EPA_CPDat_Uv_Absorber,,,,,,
MOL_B_005552,O=C(c1ccccc1)c1ccc(Cl)c(Br)c1,group_B,U21_EPA_CPDat_Uv_Absorber,,,,,,
MOL_B_005553,O=C(c1ccccc1)c1ccc(Cl)c(I)c1,group_B,U21_EPA_CPDat_Uv_Absorber,,,,,,
MOL_B_005554,O=C(c1ccccc1)c1ccc(Cl)c(NC(=O)c2cc(Cl)cc(Br)c2O)c1,group_B,U21_EPA_CPDat_Uv_Absorber,,,,,,
MOL_B_005555,O=C(c1ccccc1)c1ccc(Cl)c([N+](=O)[O-])c1,group_B,U21_EPA_CPDat_Uv_Absorber,,,,,,
MOL_B_005556,O=C(c1ccccc1)c1ccc(Cl)cc1,group_B,U21_EPA_CPDat_Uv_Absorber,,,,,,
MOL_B_005557,O=C(c1ccccc1)c1ccc(Cl)cc1Cl,group_B,U21_EPA_CPDat_Uv_Absorber,,,,,,
MOL_B_005558,O=C(c1ccccc1)c1ccc(Cl)cc1O,group_B,U21_EPA_CPDat_Uv_Absorber,,,,,,
MOL_B_005559,O=C(c1ccccc1)c1ccc(F)c(Cl)c1,group_B,U21_EPA_CPDat_Uv_Absorber,,,,,,
MOL_B_005560,O=C(c1ccccc1)c1ccc(F)c([N+](=O)[O-])c1,group_B,U21_EPA_CPDat_Uv_Absorber,,,,,,
MOL_B_005561,O=C(c1ccccc1)c1ccc(F)cc1,group_B,U21_EPA_CPDat_Uv_Absorber,,,,,,
MOL_B_005562,O=C(c1ccccc1)c1ccc(F)cc1Cl,group_B,U21_EPA_CPDat_Uv_Absorber,,,,,,
MOL_B_005563,O=C(c1ccccc1)c1ccc(I)cc1,group_B,U21_EPA_CPDat_Uv_Absorber,,,,,,
MOL_B_005564,O=C(c1ccccc1)c1ccc(N2CCOCC2)c([N+](=O)[O-])c1,group_B,U21_EPA_CPDat_Uv_Absorber,,,,,,
MOL_B_005565,O=C(c1ccccc1)c1ccc(N2CCOCC2)cc1,group_B,U21_EPA_CPDat_Uv_Absorber,,,,,,
MOL_B_005566,O=C(c1ccccc1)c1ccc(N2CCOCC2)cc1O,group_B,U21_EPA_CPDat_Uv_Absorber,,,,,,
MOL_B_005567,O=C(c1ccccc1)c1ccc(N=C=S)cc1,group_B,U21_EPA_CPDat_Uv_Absorber,,,,,,
MOL_B_005568,O=C(c1ccccc1)c1ccc(NC(=O)c2cc(Cl)ccc2O)cc1,group_B,U21_EPA_CPDat_Uv_Absorber,,,,,,
MOL_B_005569,O=C(c1ccccc1)c1ccc(NC(=O)c2cccc3ccccc23)cc1,group_B,U21_EPA_CPDat_Uv_Absorber,,,,,,
MOL_B_005570,O=C(c1ccccc1)c1ccc(NO)cc1,group_B,U21_EPA_CPDat_Uv_Absorber,,,,,,
MOL_B_005571,O=C(c1ccccc1)c1ccc(Nc2ccc(C(=O)c3ccccc3)cc2)cc1,group_B,U21_EPA_CPDat_Uv_Absorber,,,,,,
MOL_B_005572,O=C(c1ccccc1)c1ccc(O)c(Br)c1,group_B,U21_EPA_CPDat_Uv_Absorber,,,,,,
MOL_B_005573,O=C(c1ccccc1)c1ccc(O)c(Cl)c1,group_B,U21_EPA_CPDat_Uv_Absorber,,,,,,
MOL_B_005574,O=C(c1ccccc1)c1ccc(O)c(Cl)c1Cl,group_B,U21_EPA_CPDat_Uv_Absorber,,,,,,
MOL_B_005575,O=C(c1ccccc1)c1ccc(O)c(I)c1O,group_B,U21_EPA_CPDat_Uv_Absorber,,,,,,
MOL_B_005576,O=C(c1ccccc1)c1ccc(O)c(NS(=O)(=O)C(F)(F)F)c1,group_B,U21_EPA_CPDat_Uv_Absorber,,,,,,
MOL_B_005577,O=C(c1ccccc1)c1ccc(O)c(O)c1,group_B,U21_EPA_CPDat_Uv_Absorber,,,,,,
MOL_B_005578,O=C(c1ccccc1)c1ccc(O)c(O)c1O,group_B,U21_EPA_CPDat_Uv_Absorber,,,,,,
MOL_B_005579,O=C(c1ccccc1)c1ccc(O)c2ccccc12,group_B,U21_EPA_CPDat_Uv_Absorber,,,,,,
MOL_B_005580,O=C(c1ccccc1)c1ccc(O)cc1,group_B,U21_EPA_CPDat_Uv_Absorber,,,,,,
MOL_B_005581,O=C(c1ccccc1)c1ccc(O)cc1O,group_B,U21_EPA_CPDat_Uv_Absorber,,,,,,
MOL_B_005582,O=C(c1ccccc1)c1ccc(OC(=O)c2ccccc2O)cc1,group_B,U21_EPA_CPDat_Uv_Absorber,,,,,,
MOL_B_005583,O=C(c1ccccc1)c1ccc(OC(F)F)cc1,group_B,U21_EPA_CPDat_Uv_Absorber,,,,,,
MOL_B_005584,O=C(c1ccccc1)c1ccc(OC2CC(O)=N2)cc1,group_B,U21_EPA_CPDat_Uv_Absorber,,,,,,
MOL_B_005585,O=C(c1ccccc1)c1ccc(OCC(O)CO)cc1O,group_B,U21_EPA_CPDat_Uv_Absorber,,,,,,
MOL_B_005586,O=C(c1ccccc1)c1ccc(OCC(O)COc2ccc(C(=O)c3ccccc3)c(O)c2)cc1O,group_B,U21_EPA_CPDat_Uv_Absorber,,,,,,
MOL_B_005587,O=C(c1ccccc1)c1ccc(OCC2CO2)cc1O,group_B,U21_EPA_CPDat_Uv_Absorber,,,,,,
MOL_B_005588,O=C(c1ccccc1)c1ccc(OCCCCBr)cc1,group_B,U21_EPA_CPDat_Uv_Absorber,,,,,,
MOL_B_005589,O=C(c1ccccc1)c1ccc(OCCCCCCCCCCCOc2ccc(C(=O)c3ccccc3)cc2)cc1,group_B,U21_EPA_CPDat_Uv_Absorber,,,,,,
MOL_B_005590,O=C(c1ccccc1)c1ccc(OCCCCCCCCCOc2ccc(C(=O)c3ccccc3)cc2)cc1,group_B,U21_EPA_CPDat_Uv_Absorber,,,,,,
MOL_B_005591,O=C(c1ccccc1)c1ccc(OCCCCCCO)cc1O,group_B,U21_EPA_CPDat_Uv_Absorber,,,,,,
MOL_B_005592,O=C(c1ccccc1)c1ccc(OCCCCCOc2ccc(C(=O)c3ccccc3)cc2)cc1,group_B,U21_EPA_CPDat_Uv_Absorber,,,,,,
MOL_B_005593,O=C(c1ccccc1)c1ccc(OCCCCOc2ccc(C(=O)c3ccccc3)cc2)cc1,group_B,U21_EPA_CPDat_Uv_Absorber,,,,,,
MOL_B_005594,O=C(c1ccccc1)c1ccc(OCCCO)cc1O,group_B,U21_EPA_CPDat_Uv_Absorber,,,,,,
MOL_B_005595,O=C(c1ccccc1)c1ccc(OCCCS(=O)(=O)[O-])cc1O,group_B,U21_EPA_CPDat_Uv_Absorber,,,,,,
MOL_B_005596,O=C(c1ccccc1)c1ccc(OCCO)cc1O,group_B,U21_EPA_CPDat_Uv_Absorber,,,,,,
MOL_B_005597,O=C(c1ccccc1)c1ccc(OCCOCCO)cc1O,group_B,U21_EPA_CPDat_Uv_Absorber,,,,,,
MOL_B_005598,O=C(c1ccccc1)c1ccc(OCCOCCOc2ccc(C(=O)c3ccccc3)c(O)c2)cc1O,group_B,U21_EPA_CPDat_Uv_Absorber,,,,,,
MOL_B_005599,O=C(c1ccccc1)c1ccc(OCCOc2ccccc2)cc1O,group_B,U21_EPA_CPDat_Uv_Absorber,,,,,,
MOL_B_005600,O=C(c1ccccc1)c1ccc(OCc2ccc(-c3nc4ccccc4o3)cc2)cc1O,group_B,U21_EPA_CPDat_Uv_Absorber,,,,,,
MOL_B_005601,O=C(c1ccccc1)c1ccc(OCc2cccc(COc3ccc(C(=O)c4ccccc4)cc3)c2)cc1,group_B,U21_EPA_CPDat_Uv_Absorber,,,,,,
MOL_B_005602,O=C(c1ccccc1)c1ccc(OCc2ccccc2)cc1O,group_B,U21_EPA_CPDat_Uv_Absorber,,,,,,
MOL_B_005603,O=C(c1ccccc1)c1ccc(OCc2ccccc2)cc1OCc1ccccc1,group_B,U21_EPA_CPDat_Uv_Absorber,,,,,,
MOL_B_005604,O=C(c1ccccc1)c1ccc(Oc2ccc(C(=O)c3ccc(-c4ccc(C(=O)c5ccc(Oc6ccc(C(=O)c7ccccc7)cc6)cc5)cc4)cc3)cc2)cc1,group_B,U21_EPA_CPDat_Uv_Absorber,,,,,,
MOL_B_005605,O=C(c1ccccc1)c1ccc(Oc2ccc(Oc3ccccc3)cc2)cc1,group_B,U21_EPA_CPDat_Uv_Absorber,,,,,,
MOL_B_005606,O=C(c1ccccc1)c1ccc(Oc2cccc(Oc3ccc(C(=O)c4ccccc4)cc3)n2)cc1,group_B,U21_EPA_CPDat_Uv_Absorber,,,,,,
MOL_B_005607,O=C(c1ccccc1)c1ccc(S(=O)(=O)NS(=O)(=O)c2ccccc2)cc1,group_B,U21_EPA_CPDat_Uv_Absorber,,,,,,
MOL_B_005608,O=C(c1ccccc1)c1ccc(Sc2ccccc2)c(Cl)c1,group_B,U21_EPA_CPDat_Uv_Absorber,,,,,,
MOL_B_005609,O=C(c1ccccc1)c1ccc([N+](=O)[O-])c(F)c1,group_B,U21_EPA_CPDat_Uv_Absorber,,,,,,
MOL_B_005610,O=C(c1ccccc1)c1ccc([N+](=O)[O-])c2ccccc12,group_B,U21_EPA_CPDat_Uv_Absorber,,,,,,
MOL_B_005611,O=C(c1ccccc1)c1ccc([N+](=O)[O-])cc1,group_B,U21_EPA_CPDat_Uv_Absorber,,,,,,
MOL_B_005612,O=C(c1ccccc1)c1ccc([N+](=O)[O-])cc1O,group_B,U21_EPA_CPDat_Uv_Absorber,,,,,,
MOL_B_005613,O=C(c1ccccc1)c1ccc([Se]c2ccccc2)cc1,group_B,U21_EPA_CPDat_Uv_Absorber,,,,,,
MOL_B_005614,O=C(c1ccccc1)c1ccc2[nH]c(=O)[nH]c2c1,group_B,U21_EPA_CPDat_Uv_Absorber,,,,,,
MOL_B_005615,O=C(c1ccccc1)c1ccc2[nH]c(=O)oc2c1,group_B,U21_EPA_CPDat_Uv_Absorber,,,,,,
MOL_B_005616,O=C(c1ccccc1)c1ccc2[nH]c3ccccc3c2c1,group_B,U21_EPA_CPDat_Uv_Absorber,,,,,,
MOL_B_005617,O=C(c1ccccc1)c1ccc2c(C(=O)c3ccccc3)cccc2c1,group_B,U21_EPA_CPDat_Uv_Absorber,,,,,,
MOL_B_005618,O=C(c1ccccc1)c1ccc2c(c1)-c1cccc3cccc-2c13,group_B,U21_EPA_CPDat_Uv_Absorber,,,,,,
MOL_B_005619,O=C(c1ccccc1)c1ccc2c(c1)CCCCO2,group_B,U21_EPA_CPDat_Uv_Absorber,,,,,,
MOL_B_005620,O=C(c1ccccc1)c1ccc2c(c1)COCO2,group_B,U21_EPA_CPDat_Uv_Absorber,,,,,,
MOL_B_005621,O=C(c1ccccc1)c1ccc2c(c1)Cc1cc(S(=O)(=O)O)ccc1-2,group_B,U21_EPA_CPDat_Uv_Absorber,,,,,,
MOL_B_005622,O=C(c1ccccc1)c1ccc2c(c1)Cc1cc(S(=O)(=O)[O-])ccc1-2,group_B,U21_EPA_CPDat_Uv_Absorber,,,,,,
MOL_B_005623,O=C(c1ccccc1)c1ccc2c(c1)Cc1ccccc1-2,group_B,U21_EPA_CPDat_Uv_Absorber,,,,,,
MOL_B_005624,O=C(c1ccccc1)c1ccc2c(c1)OCCCO2,group_B,U21_EPA_CPDat_Uv_Absorber,,,,,,
MOL_B_005625,O=C(c1ccccc1)c1ccc2c(c1)OCO2,group_B,U21_EPA_CPDat_Uv_Absorber,,,,,,
MOL_B_005626,O=C(c1ccccc1)c1ccc2cc(O)ccc2c1,group_B,U21_EPA_CPDat_Uv_Absorber,,,,,,
MOL_B_005627,O=C(c1ccccc1)c1ccc2cc(OP(=O)(O)O)ccc2c1,group_B,U21_EPA_CPDat_Uv_Absorber,,,,,,
MOL_B_005628,O=C(c1ccccc1)c1ccc2ccc3c(C(=O)c4ccccc4)ccc4ccc1c2c43,group_B,U21_EPA_CPDat_Uv_Absorber,,,,,,
MOL_B_005629,O=C(c1ccccc1)c1ccc2ccccc2c1,group_B,U21_EPA_CPDat_Uv_Absorber,,,,,,
MOL_B_005630,O=C(c1ccccc1)c1ccc2ccccc2c1O,group_B,U21_EPA_CPDat_Uv_Absorber,,,,,,
MOL_B_005631,O=C(c1ccccc1)c1ccc2nc(C(=O)O)[nH]c2c1,group_B,U21_EPA_CPDat_Uv_Absorber,,,,,,
MOL_B_005632,O=C(c1ccccc1)c1ccc2nc(Cl)[nH]c2c1,group_B,U21_EPA_CPDat_Uv_Absorber,,,,,,
MOL_B_005633,O=C(c1ccccc1)c1ccc2nc[nH]c2c1,group_B,U21_EPA_CPDat_Uv_Absorber,,,,,,
MOL_B_005634,O=C(c1ccccc1)c1ccc2oc(-c3ccccc3)nc2c1,group_B,U21_EPA_CPDat_Uv_Absorber,,,,,,
MOL_B_005635,O=C(c1ccccc1)c1ccc2sc3ccccc3c2c1,group_B,U21_EPA_CPDat_Uv_Absorber,,,,,,
MOL_B_005636,O=C(c1ccccc1)c1cccc(-c2ccccc2)c1,group_B,U21_EPA_CPDat_Uv_Absorber,,,,,,
MOL_B_005637,O=C(c1ccccc1)c1cccc(Br)c1,group_B,U21_EPA_CPDat_Uv_Absorber,,,,,,
MOL_B_005638,O=C(c1ccccc1)c1cccc(Br)c1F,group_B,U21_EPA_CPDat_Uv_Absorber,,,,,,
MOL_B_005639,O=C(c1ccccc1)c1cccc(C(=O)c2ccccc2)c1,group_B,U21_EPA_CPDat_Uv_Absorber,,,,,,
MOL_B_005640,O=C(c1ccccc1)c1cccc(C2OCCO2)c1,group_B,U21_EPA_CPDat_Uv_Absorber,,,,,,
MOL_B_005641,O=C(c1ccccc1)c1cccc(CN2CCOCC2)c1,group_B,U21_EPA_CPDat_Uv_Absorber,,,,,,
MOL_B_005642,O=C(c1ccccc1)c1cccc(Cl)c1Cl,group_B,U21_EPA_CPDat_Uv_Absorber,,,,,,
MOL_B_005643,O=C(c1ccccc1)c1cccc(F)c1,group_B,U21_EPA_CPDat_Uv_Absorber,,,,,,
MOL_B_005644,O=C(c1ccccc1)c1cccc(F)c1F,group_B,U21_EPA_CPDat_Uv_Absorber,,,,,,
MOL_B_005645,O=C(c1ccccc1)c1cccc(I)c1,group_B,U21_EPA_CPDat_Uv_Absorber,,,,,,
MOL_B_005646,O=C(c1ccccc1)c1cccc(NC(=O)c2cc(Cl)ccc2O)c1,group_B,U21_EPA_CPDat_Uv_Absorber,,,,,,
MOL_B_005647,O=C(c1ccccc1)c1cccc(NS(=O)(=O)C(F)(F)F)c1O,group_B,U21_EPA_CPDat_Uv_Absorber,,,,,,
MOL_B_005648,O=C(c1ccccc1)c1cccc(O)c1,group_B,U21_EPA_CPDat_Uv_Absorber,,,,,,
MOL_B_005649,O=C(c1ccccc1)c1cccc(S(=O)(=O)C(Br)(Br)Br)c1,group_B,U21_EPA_CPDat_Uv_Absorber,,,,,,
MOL_B_005650,O=C(c1ccccc1)c1cccc(S(=O)(=O)O)c1,group_B,U21_EPA_CPDat_Uv_Absorber,,,,,,
MOL_B_005651,O=C(c1ccccc1)c1cccc(S(=O)(=O)O)c1OCO,group_B,U21_EPA_CPDat_Uv_Absorber,,,,,,
MOL_B_005652,O=C(c1ccccc1)c1cccc([N+](=O)[O-])c1,group_B,U21_EPA_CPDat_Uv_Absorber,,,,,,
MOL_B_005653,O=C(c1ccccc1)c1cccc([N+](=O)[O-])c1Br,group_B,U21_EPA_CPDat_Uv_Absorber,,,,,,
MOL_B_005654,O=C(c1ccccc1)c1cccc2[nH]c(=S)sc12,group_B,U21_EPA_CPDat_Uv_Absorber,,,,,,
MOL_B_005655,O=C(c1ccccc1)c1cccc2c(C(=O)c3ccccc3)cccc12,group_B,U21_EPA_CPDat_Uv_Absorber,,,,,,
MOL_B_005656,O=C(c1ccccc1)c1cccc2c1[nH]c1ccccc12,group_B,U21_EPA_CPDat_Uv_Absorber,,,,,,
MOL_B_005657,O=C(c1ccccc1)c1cccc2cc[nH]c12,group_B,U21_EPA_CPDat_Uv_Absorber,,,,,,
MOL_B_005658,O=C(c1ccccc1)c1cccc2ccc(O)cc12,group_B,U21_EPA_CPDat_Uv_Absorber,,,,,,
MOL_B_005659,O=C(c1ccccc1)c1cccc2cccc(C(=O)c3ccccc3)c12,group_B,U21_EPA_CPDat_Uv_Absorber,,,,,,
MOL_B_005660,O=C(c1ccccc1)c1ccccc1-c1ccccc1-c1ccccc1,group_B,U21_EPA_CPDat_Uv_Absorber,,,,,,
MOL_B_005661,O=C(c1ccccc1)c1ccccc1-c1csc2ccccc12,group_B,U21_EPA_CPDat_Uv_Absorber,,,,,,
MOL_B_005662,O=C(c1ccccc1)c1ccccc1-n1nc2ccccc2c1-c1ccccc1,group_B,U21_EPA_CPDat_Uv_Absorber,,,,,,
MOL_B_005663,O=C(c1ccccc1)c1ccccc1-n1ncc2ccccc21,group_B,U21_EPA_CPDat_Uv_Absorber,,,,,,
MOL_B_005664,O=C(c1ccccc1)c1ccccc1/N=N/c1ccccc1C(=O)c1ccccc1,group_B,U21_EPA_CPDat_Uv_Absorber,,,,,,
MOL_B_005665,O=C(c1ccccc1)c1ccccc1Br,group_B,U21_EPA_CPDat_Uv_Absorber,,,,,,
MOL_B_005666,O=C(c1ccccc1)c1ccccc1C#Cc1ccccc1,group_B,U21_EPA_CPDat_Uv_Absorber,,,,,,
MOL_B_005667,O=C(c1ccccc1)c1ccccc1C(=O)N1CCCC1,group_B,U21_EPA_CPDat_Uv_Absorber,,,,,,
MOL_B_005668,O=C(c1ccccc1)c1ccccc1C(=O)c1ccccc1,group_B,U21_EPA_CPDat_Uv_Absorber,,,,,,
MOL_B_005669,O=C(c1ccccc1)c1ccccc1C1(c2ccccc2)Oc2ccccc2O1,group_B,U21_EPA_CPDat_Uv_Absorber,,,,,,
MOL_B_005670,O=C(c1ccccc1)c1ccccc1CN1CCOCC1,group_B,U21_EPA_CPDat_Uv_Absorber,,,,,,
MOL_B_005671,O=C(c1ccccc1)c1ccccc1Cl,group_B,U21_EPA_CPDat_Uv_Absorber,,,,,,
MOL_B_005672,O=C(c1ccccc1)c1ccccc1F,group_B,U21_EPA_CPDat_Uv_Absorber,,,,,,
MOL_B_005673,O=C(c1ccccc1)c1ccccc1I,group_B,U21_EPA_CPDat_Uv_Absorber,,,,,,
MOL_B_005674,O=C(c1ccccc1)c1ccccc1NC(=S)Nc1ccccc1,group_B,U21_EPA_CPDat_Uv_Absorber,,,,,,
MOL_B_005675,O=C(c1ccccc1)c1ccccc1NS(=O)(=O)c1ccc([N+](=O)[O-])cc1,group_B,U21_EPA_CPDat_Uv_Absorber,,,,,,
MOL_B_005676,O=C(c1ccccc1)c1ccccc1Nc1ccc(O)cc1,group_B,U21_EPA_CPDat_Uv_Absorber,,,,,,
MOL_B_005677,O=C(c1ccccc1)c1ccccc1O,group_B,U21_EPA_CPDat_Uv_Absorber,,,,,,
MOL_B_005678,O=C(c1ccccc1)c1ccccc1OC1CC(O)=N1,group_B,U21_EPA_CPDat_Uv_Absorber,,,,,,
MOL_B_005679,O=C(c1ccccc1)c1ccccc1Oc1ccccc1,group_B,U21_EPA_CPDat_Uv_Absorber,,,,,,
MOL_B_005680,O=C(c1ccccc1)c1ccccc1Oc1ccccc1O,group_B,U21_EPA_CPDat_Uv_Absorber,,,,,,
MOL_B_005681,O=C(c1ccccc1)c1ccccc1P(C1CCCCC1)C1CCCCC1,group_B,U21_EPA_CPDat_Uv_Absorber,,,,,,
MOL_B_005682,O=C(c1ccccc1)c1ccccc1S,group_B,U21_EPA_CPDat_Uv_Absorber,,,,,,
MOL_B_005683,O=C(c1ccccc1)c1ccccc1S(=O)(=O)Cl,group_B,U21_EPA_CPDat_Uv_Absorber,,,,,,
MOL_B_005684,O=C(c1ccccc1)c1ccccc1S(=O)(=O)O,group_B,U21_EPA_CPDat_Uv_Absorber,,,,,,
MOL_B_005685,O=C(c1ccccc1)c1ccccc1[I+]c1ccccc1,group_B,U21_EPA_CPDat_Uv_Absorber,,,,,,
MOL_B_005686,O=C(c1ccccc1)c1ccccc1[N+](=O)[O-],group_B,U21_EPA_CPDat_Uv_Absorber,,,,,,
MOL_B_005687,O=C(c1ccccc1)c1ccccc1[Se]O,group_B,U21_EPA_CPDat_Uv_Absorber,,,,,,
MOL_B_005688,O=C(c1ccccc1)c1ccccc1[Se]c1ccccc1,group_B,U21_EPA_CPDat_Uv_Absorber,,,,,,
MOL_B_005689,O=C(c1ccccc1)c1ccccc1[Te]c1ccccc1,group_B,U21_EPA_CPDat_Uv_Absorber,,,,,,
MOL_B_005690,O=C(c1ccccc1)c1coc2cc(Br)c(O)c(Br)c12,group_B,U21_EPA_CPDat_Uv_Absorber,,,,,,
MOL_B_005691,O=C(c1ccccc1)c1coc2ccc(O)c(Br)c12,group_B,U21_EPA_CPDat_Uv_Absorber,,,,,,
MOL_B_005692,O=C(c1ccccc1)c1coc2ccc(O)c(Cl)c12,group_B,U21_EPA_CPDat_Uv_Absorber,,,,,,
MOL_B_005693,O=C(c1ccccc1)c1coc2ccc(O)cc12,group_B,U21_EPA_CPDat_Uv_Absorber,,,,,,
MOL_B_005694,O=C(c1ccccc1)c1nc2c(O)cccc2[nH]1,group_B,U21_EPA_CPDat_Uv_Absorber,,,,,,
MOL_B_005695,O=C(c1ccccc1)c1nc2ccc(O)cc2[nH]1,group_B,U21_EPA_CPDat_Uv_Absorber,,,,,,
MOL_B_005696,O=C(c1ccccc1)c1nn(-c2ccccc2)cc1O,group_B,U21_EPA_CPDat_Uv_Absorber,,,,,,
MOL_B_005697,O=C(c1ccccc1Br)c1c(O)cc(O)c(C(=O)c2ccccc2Br)c1O,group_B,U21_EPA_CPDat_Uv_Absorber,,,,,,
MOL_B_005698,O=C(c1ccccc1Cl)c1cc(Cl)cc(Br)c1O,group_B,U21_EPA_CPDat_Uv_Absorber,,,,,,
MOL_B_005699,O=C(c1ccccc1Cl)c1cc(Cl)cc(Cl)c1O,group_B,U21_EPA_CPDat_Uv_Absorber,,,,,,
MOL_B_005700,O=C(c1ccccc1F)c1cc2c(c(Cl)c1O)OC(C(=O)O)C2,group_B,U21_EPA_CPDat_Uv_Absorber,,,,,,
MOL_B_005701,O=C(c1ccccc1O)c1c(-c2ccccc2)c(-c2ccccc2)nn1-c1ccccc1,group_B,U21_EPA_CPDat_Uv_Absorber,,,,,,
MOL_B_005702,O=C(c1ccccc1O)c1c(O)cc(Br)cc1Br,group_B,U21_EPA_CPDat_Uv_Absorber,,,,,,
MOL_B_005703,O=C(c1ccccc1O)c1ccc(O)cc1O,group_B,U21_EPA_CPDat_Uv_Absorber,,,,,,
MOL_B_005704,O=C(c1ccccc1O)c1ccccc1Cl,group_B,U21_EPA_CPDat_Uv_Absorber,,,,,,
MOL_B_005705,O=C(c1ccccc1O)c1ccccc1N1CCCC1,group_B,U21_EPA_CPDat_Uv_Absorber,,,,,,
MOL_B_005706,O=C(c1ccccc1O)c1ccccc1O,group_B,U21_EPA_CPDat_Uv_Absorber,,,,,,
MOL_B_005707,O=C(c1ccccc1O)c1nc(-c2ccccc2)n(-c2ccccc2)c1-c1ccccc1,group_B,U21_EPA_CPDat_Uv_Absorber,,,,,,
MOL_B_005708,O=C(c1ccccc1OCC1CCCNC1)N1CCCCC1,group_B,U21_EPA_CPDat_Uv_Absorber,,,,,,
MOL_B_005709,O=C(c1ccccc1Oc1ccccc1)c1ccccc1Oc1ccccc1,group_B,U21_EPA_CPDat_Uv_Absorber,,,,,,
MOL_B_005710,O=C(c1ccccc1[N+](=O)[O-])c1c(O)cc(O)cc1O,group_B,U21_EPA_CPDat_Uv_Absorber,,,,,,
MOL_B_005711,O=C(c1cccnc1)c1cc(O)c(O)c([N+](=O)[O-])c1,group_B,U21_EPA_CPDat_Uv_Absorber,,,,,,
MOL_B_005712,O=C(c1cccnc1)c1ccc(O)c(O)c1,group_B,U21_EPA_CPDat_Uv_Absorber,,,,,,
MOL_B_005713,O=C(c1cccs1)c1ccc(O)c(Cl)c1Cl,group_B,U21_EPA_CPDat_Uv_Absorber,,,,,,
MOL_B_005714,O=C(c1ccncc1)c1ccc(O)cc1,group_B,U21_EPA_CPDat_Uv_Absorber,,,,,,
MOL_B_005715,O=C(c1ccncc1)c1ccccc1O,group_B,U21_EPA_CPDat_Uv_Absorber,,,,,,
MOL_B_005716,O=C(c1ccoc1)c1cc(I)c(O)c(I)c1,group_B,U21_EPA_CPDat_Uv_Absorber,,,,,,
MOL_B_005717,O=C(c1cn[nH]c1)c1cc(Br)ccc1O,group_B,U21_EPA_CPDat_Uv_Absorber,,,,,,
MOL_B_005718,O=C(c1cn[nH]c1)c1cc(Cl)ccc1O,group_B,U21_EPA_CPDat_Uv_Absorber,,,,,,
MOL_B_005719,O=C(c1cn[nH]c1)c1ccccc1O,group_B,U21_EPA_CPDat_Uv_Absorber,,,,,,
MOL_B_005720,O=C(c1cnn(-c2ccc(Cl)cc2)c1)c1ccccc1O,group_B,U21_EPA_CPDat_Uv_Absorber,,,,,,
MOL_B_005721,O=C(c1cnn(-c2ccccc2)c1)c1cc(Br)cc(Br)c1O,group_B,U21_EPA_CPDat_Uv_Absorber,,,,,,
MOL_B_005722,O=C(c1cnn(-c2ccccc2)c1)c1cc(Br)ccc1O,group_B,U21_EPA_CPDat_Uv_Absorber,,,,,,
MOL_B_005723,O=C(c1cnn(-c2ccccc2)c1)c1cc(Cl)c(Cl)cc1O,group_B,U21_EPA_CPDat_Uv_Absorber,,,,,,
MOL_B_005724,O=C(c1cnn(-c2ccccc2)c1)c1cc(Cl)cc(Cl)c1O,group_B,U21_EPA_CPDat_Uv_Absorber,,,,,,
MOL_B_005725,O=C(c1cnn(-c2ccccc2)c1)c1cc(Cl)ccc1O,group_B,U21_EPA_CPDat_Uv_Absorber,,,,,,
MOL_B_005726,O=C(c1cnn(-c2ccccc2)c1)c1cc(F)ccc1O,group_B,U21_EPA_CPDat_Uv_Absorber,,,,,,
MOL_B_005727,O=C(c1cnn(-c2ccccc2)c1)c1ccccc1O,group_B,U21_EPA_CPDat_Uv_Absorber,,,,,,
MOL_B_005728,O=C(c1cnoc1)c1ccccc1O,group_B,U21_EPA_CPDat_Uv_Absorber,,,,,,
MOL_B_005729,O=C/C=C/c1ccccc1,group_B,U07_ICE_Irritation;U12_SkinPiX,,,,-5.0165,,0.0
MOL_B_005730,O=C1C2CC=CCC2C(=O)N1SC(Cl)(Cl)Cl,group_B,U07_ICE_Sensitization;U09_HPPT,,,,,1.0,
MOL_B_005731,O=C1C2CNCCC2=NN1c1ccccc1,group_B,U21_EPA_CPDat_Uv_Absorber,,,,,,
MOL_B_005732,O=C1C=CC(=O)C=C1,group_B,U07_ICE_Sensitization,,,,,1.0,
MOL_B_005733,O=C1C=CC(=O)O1,group_B,U07_ICE_Irritation;U07_ICE_Sensitization,,,,,1.0,1.0
MOL_B_005734,O=C1CC/C=C\CCCCCCCCCC1,group_B,U07_ICE_Sensitization,,,,,0.0,
MOL_B_005735,O=C1CC2(CCCC2)CC(=O)N1CCCCN1CCNCC1,group_B,U21_EPA_CPDat_Uv_Absorber,,,,,,
MOL_B_005736,O=C1CC2(CCCNC2)CN1,group_B,U21_EPA_CPDat_Uv_Absorber,,,,,,
MOL_B_005737,O=C1CC2(CCNCC2)C(=O)N1,group_B,U21_EPA_CPDat_Uv_Absorber,,,,,,
MOL_B_005738,O=C1CC2(CCNCC2)CC(=O)N1,group_B,U21_EPA_CPDat_Uv_Absorber,,,,,,
MOL_B_005739,O=C1CC2(CCNCC2)CCN1,group_B,U21_EPA_CPDat_Uv_Absorber,,,,,,
MOL_B_005740,O=C1CC2(CCNCC2)CN1,group_B,U21_EPA_CPDat_Uv_Absorber,,,,,,
MOL_B_005741,O=C1CC2(CCNCC2)N1,group_B,U21_EPA_CPDat_Uv_Absorber,,,,,,
MOL_B_005742,O=C1CC2(CCNCC2)NN1,group_B,U21_EPA_CPDat_Uv_Absorber,,,,,,
MOL_B_005743,O=C1CC2CCCCC2O1,group_B,U07_ICE_Sensitization;U09_HPPT,,,,,0.0,
MOL_B_005744,O=C1CCC(=O)N1C1CCNCC1,group_B,U21_EPA_CPDat_Uv_Absorber,,,,,,
MOL_B_005745,O=C1CCC(C2CCNCC2)N1,group_B,U21_EPA_CPDat_Uv_Absorber,,,,,,
MOL_B_005746,O=C1CCC2=C(CCCC2)O1,group_B,U07_ICE_Sensitization;U09_HPPT,,,,,1.0,
MOL_B_005747,O=C1CCC2CCCCC2O1,group_B,U07_ICE_Sensitization;U09_HPPT,,,,,0.0,
MOL_B_005748,O=C1CCC=CCCCCCCCCCC1,group_B,U09_HPPT,,,,,0.0,
MOL_B_005749,O=C1CCCC1,group_B,U07_ICE_Sensitization;U09_HPPT,,,,,0.0,
MOL_B_005750,O=C1CCCC2(c3ccccc3)NCCN12,group_B,U21_EPA_CPDat_Uv_Absorber,,,,,,
MOL_B_005751,O=C1CCCC2CNCCN12,group_B,U21_EPA_CPDat_Uv_Absorber,,,,,,
MOL_B_005752,O=C1CCCC=CCCCCCCCCCC1,group_B,U07_ICE_Sensitization;U09_HPPT,,,,,0.0,
MOL_B_005753,O=C1CCCCC1=C1CCCCC1,group_B,U07_ICE_Sensitization;U09_HPPT,,,,,0.0,
MOL_B_005754,O=C1CCCCC1C1CCCCC1,group_B,U07_ICE_Sensitization;U09_HPPT,,,,,0.0,
MOL_B_005755,O=C1CCCCC=CCCCCCCCCCO1,group_B,U07_ICE_Sensitization;U09_HPPT,,,,,0.0,
MOL_B_005756,O=C1CCCCCC2CCC(CN2)OC(=O)CCCCCC2CCC(CN2)O1,group_B,U21_EPA_CPDat_Uv_Absorber,,,,,,
MOL_B_005757,O=C1CCCCCC2CCC(CN2)OC(=O)CCCCCCCC2CCC(CN2)O1,group_B,U21_EPA_CPDat_Uv_Absorber,,,,,,
MOL_B_005758,O=C1CCCCCCC/C=C/CCCCCCO1,group_B,U07_ICE_Sensitization,,,,,0.0,
MOL_B_005759,O=C1CCCCCCC/C=C\CCCCCCC1,group_B,U07_ICE_Sensitization,,,,,0.0,
MOL_B_005760,O=C1CCCCCCCC=CCCCCCCC1,group_B,U09_HPPT,,,,,0.0,
MOL_B_005761,O=C1CCCCCCCC=CCCCCCCO1,group_B,U07_ICE_Sensitization;U09_HPPT,,,,,0.0,
MOL_B_005762,O=C1CCCCCCCCCCC(=O)OCCC1,group_B,U07_ICE_Sensitization;U09_HPPT,,,,,0.0,
MOL_B_005763,O=C1CCCCCCCCCCC(=O)OCCO1,group_B,U07_ICE_Sensitization;U09_HPPT,,,,,0.0,
MOL_B_005764,O=C1CCCCCCCCCCCC(=O)OCCO1,group_B,U07_ICE_Sensitization;U09_HPPT,,,,,0.0,
MOL_B_005765,O=C1CCCCCCCCCCCCCC1,group_B,U07_ICE_Sensitization;U09_HPPT,,,,,0.0,
MOL_B_005766,O=C1CCCCCCCCCCCCCCC1,group_B,U07_ICE_Irritation,,,,,,0.0
MOL_B_005767,O=C1CCCCCCCCCCCCCCCO1,group_B,U07_ICE_Sensitization;U09_HPPT,,,,,0.0,
MOL_B_005768,O=C1CCCCCCCCCCCCCCO1,group_B,U07_ICE_Sensitization;U09_HPPT,,,,,0.0,
MOL_B_005769,O=C1CCCCCCCCCCCO1,group_B,U07_ICE_Sensitization;U09_HPPT,,,,,0.0,
MOL_B_005770,O=C1CCCCCCCCCCOCCCCO1,group_B,U07_ICE_Sensitization;U09_HPPT,,,,,0.0,
MOL_B_005771,O=C1CCCCCCCCCOCCCCCO1,group_B,U07_ICE_Sensitization;U09_HPPT,,,,,0.0,
MOL_B_005772,O=C1CCCCCCCCOCCCCCCO1,group_B,U07_ICE_Sensitization;U09_HPPT,,,,,0.0,
MOL_B_005773,O=C1CCCCN1C1CCNCC1,group_B,U21_EPA_CPDat_Uv_Absorber,,,,,,
MOL_B_005774,O=C1CCCN1C1CCCNC1,group_B,U21_EPA_CPDat_Uv_Absorber,,,,,,
MOL_B_005775,O=C1CCCN1C1CCNCC1,group_B,U21_EPA_CPDat_Uv_Absorber,,,,,,
MOL_B_005776,O=C1CCCN1CC1CCCNC1,group_B,U21_EPA_CPDat_Uv_Absorber,,,,,,
MOL_B_005777,O=C1CCCN1CCC1CCCCN1,group_B,U21_EPA_CPDat_Uv_Absorber,,,,,,
MOL_B_005778,O=C1CCCN1CCC1CCNCC1,group_B,U21_EPA_CPDat_Uv_Absorber,,,,,,
MOL_B_005779,O=C1CCCN1CCS,group_B,U07_ICE_Sensitization;U09_HPPT,,,,,1.0,
MOL_B_005780,O=C1CCN(C2CCNCC2)CCN1,group_B,U21_EPA_CPDat_Uv_Absorber,,,,,,
MOL_B_005781,O=C1CCNCC2CCCCN12,group_B,U21_EPA_CPDat_Uv_Absorber,,,,,,
MOL_B_005782,O=C1CCc2ccc(C3CCNCC3)cc2N1,group_B,U21_EPA_CPDat_Uv_Absorber,,,,,,
MOL_B_005783,O=C1CCc2ccccc2O1,group_B,U07_ICE_Sensitization;U09_HPPT,,,,,1.0,
MOL_B_005784,O=C1CNCC2CCCN1C2,group_B,U21_EPA_CPDat_Uv_Absorber,,,,,,
MOL_B_005785,O=C1COC2(CCNCC2)CN1,group_B,U21_EPA_CPDat_Uv_Absorber,,,,,,
MOL_B_005786,O=C1COc2ccccc2N1C1CCNCC1,group_B,U21_EPA_CPDat_Uv_Absorber,,,,,,
MOL_B_005787,O=C1Cc2ccccc2C2(CCNCC2)N1,group_B,U21_EPA_CPDat_Uv_Absorber,,,,,,
MOL_B_005788,O=C1N(C2CCNCC2)C[C@@H]2CCCN12,group_B,U21_EPA_CPDat_Uv_Absorber,,,,,,
MOL_B_005789,O=C1N(C2CCNCC2)C[C@H]2CCCN12,group_B,U21_EPA_CPDat_Uv_Absorber,,,,,,
MOL_B_005790,O=C1N(C2CCNCC2)Cc2cccn21,group_B,U21_EPA_CPDat_Uv_Absorber,,,,,,
MOL_B_005791,O=C1N(c2ccccc2)CCN1C1CCNCC1,group_B,U21_EPA_CPDat_Uv_Absorber,,,,,,
MOL_B_005792,O=C1NC(=O)C(CC2CCCCN2)(c2ccccc2)C(=O)N1,group_B,U21_EPA_CPDat_Uv_Absorber,,,,,,
MOL_B_005793,O=C1NC(=O)C2(CC3CCC(C2)N3)N1,group_B,U21_EPA_CPDat_Uv_Absorber,,,,,,
MOL_B_005794,O=C1NC(=O)C2(CCCNC2)N1,group_B,U21_EPA_CPDat_Uv_Absorber,,,,,,
MOL_B_005795,O=C1NC(=O)C2CCCC1N2,group_B,U21_EPA_CPDat_Uv_Absorber,,,,,,
MOL_B_005796,O=C1NC(=O)C2CNCCC2N1,group_B,U21_EPA_CPDat_Uv_Absorber,,,,,,
MOL_B_005797,O=C1NC2(CCCNC2)Nc2ccccc21,group_B,U21_EPA_CPDat_Uv_Absorber,,,,,,
MOL_B_005798,O=C1NC2(CCNCC2)Nc2ccccc21,group_B,U21_EPA_CPDat_Uv_Absorber,,,,,,
MOL_B_005799,O=C1NC2(CCNCC2)c2ccccc21,group_B,U21_EPA_CPDat_Uv_Absorber,,,,,,
MOL_B_005800,O=C1NCC(c2ccc(F)cc2)C12CCNCC2,group_B,U21_EPA_CPDat_Uv_Absorber,,,,,,
MOL_B_005801,O=C1NCC2(CCN(CCc3ccc(O)cc3)CC2)O1,group_B,U21_EPA_CPDat_Uv_Absorber,,,,,,
MOL_B_005802,O=C1NCC2(CCN(CCc3cccc(O)c3)CC2)O1,group_B,U21_EPA_CPDat_Uv_Absorber,,,,,,
MOL_B_005803,O=C1NCC2(CCN(CCc3ccccc3O)CC2)O1,group_B,U21_EPA_CPDat_Uv_Absorber,,,,,,
MOL_B_005804,O=C1NCC2(CCNCC2)C1c1ccccc1,group_B,U21_EPA_CPDat_Uv_Absorber,,,,,,
MOL_B_005805,O=C1NCC2(CCNCC2)O1,group_B,U21_EPA_CPDat_Uv_Absorber,,,,,,
MOL_B_005806,O=C1NCCC12CCCNC2,group_B,U21_EPA_CPDat_Uv_Absorber,,,,,,
MOL_B_005807,O=C1NCCC12CCNCC2,group_B,U21_EPA_CPDat_Uv_Absorber,,,,,,
MOL_B_005808,O=C1NCCC2(CCNCC2)O1,group_B,U21_EPA_CPDat_Uv_Absorber,,,,,,
MOL_B_005809,O=C1NCCCC12CCCN2,group_B,U21_EPA_CPDat_Uv_Absorber,,,,,,
MOL_B_005810,O=C1NCCCC12CCCNC2,group_B,U21_EPA_CPDat_Uv_Absorber,,,,,,
MOL_B_005811,O=C1NCCCC12CCNCC2,group_B,U21_EPA_CPDat_Uv_Absorber,,,,,,
MOL_B_005812,O=C1NCCCN1C1CCNCC1,group_B,U21_EPA_CPDat_Uv_Absorber,,,,,,
MOL_B_005813,O=C1NCN(c2ccc(Br)cc2)C12CCNCC2,group_B,U21_EPA_CPDat_Uv_Absorber,,,,,,
MOL_B_005814,O=C1NCN(c2ccc(Cl)cc2)C12CCNCC2,group_B,U21_EPA_CPDat_Uv_Absorber,,,,,,
MOL_B_005815,O=C1NCN(c2ccc(F)cc2)C12CCNCC2,group_B,U21_EPA_CPDat_Uv_Absorber,,,,,,
MOL_B_005816,O=C1NCN(c2ccccc2)C12CCNCC2,group_B,U21_EPA_CPDat_Uv_Absorber,,,,,,
MOL_B_005817,O=C1NCNC12CCN(Cc1ccccc1)CC2,group_B,U21_EPA_CPDat_Uv_Absorber,,,,,,
MOL_B_005818,O=C1NCNC12CCNCC2,group_B,U21_EPA_CPDat_Uv_Absorber,,,,,,
MOL_B_005819,O=C1NC[C@@H]2CCNC[C@H]12,group_B,U21_EPA_CPDat_Uv_Absorber,,,,,,
MOL_B_005820,O=C1NS(=O)(=O)c2ccccc21,group_B,U07_ICE_Sensitization,,,,,0.0,
MOL_B_005821,O=C1Nc2ccccc2C12CCNCC2,group_B,U21_EPA_CPDat_Uv_Absorber,,,,,,
MOL_B_005822,O=C1Nc2ccccc2C1=C1CCNCC1,group_B,U21_EPA_CPDat_Uv_Absorber,,,,,,
MOL_B_005823,O=C1Nc2ccccc2C1C1CCNCC1,group_B,U21_EPA_CPDat_Uv_Absorber,,,,,,
MOL_B_005824,O=C1Nc2ccccc2C2(CCNCC2)N1,group_B,U21_EPA_CPDat_Uv_Absorber,,,,,,
MOL_B_005825,O=C1Nc2ccccc2C2(CCNCC2)O1,group_B,U21_EPA_CPDat_Uv_Absorber,,,,,,
MOL_B_005826,O=C1Nc2ccccc2CC12CCNCC2,group_B,U21_EPA_CPDat_Uv_Absorber,,,,,,
MOL_B_005827,O=C1Nc2ccccc2CCN1C1CCNCC1,group_B,U21_EPA_CPDat_Uv_Absorber,,,,,,
MOL_B_005828,O=C1Nc2ccccc2CN1C1CCNCC1,group_B,U21_EPA_CPDat_Uv_Absorber,,,,,,
MOL_B_005829,O=C1Nc2ncccc2C12CCNCC2,group_B,U21_EPA_CPDat_Uv_Absorber,,,,,,
MOL_B_005830,O=C1OC(=O)C2CCCCC12,group_B,U07_ICE_Sensitization,,,,,1.0,
MOL_B_005831,O=C1OC(=O)c2ccccc21,group_B,U07_ICE_Sensitization,,,,,1.0,
MOL_B_005832,O=C1OCC2(CCNCC2)O1,group_B,U21_EPA_CPDat_Uv_Absorber,,,,,,
MOL_B_005833,O=C1OCCC1CCCN1CCCCC1,group_B,U21_EPA_CPDat_Uv_Absorber,,,,,,
MOL_B_005834,O=C1OCCCN1C1CCNCC1,group_B,U21_EPA_CPDat_Uv_Absorber,,,,,,
MOL_B_005835,O=C1OCCN1C1CCNCC1,group_B,U21_EPA_CPDat_Uv_Absorber,,,,,,
MOL_B_005836,O=C1OCc2ccccc2N1C1CCNCC1,group_B,U21_EPA_CPDat_Uv_Absorber,,,,,,
MOL_B_005837,O=C1Oc2ccc(C(=O)c3ccccc3)cc2OC(=O)c2ccc1cc2,group_B,U21_EPA_CPDat_Uv_Absorber,,,,,,
MOL_B_005838,O=C1c2ccccc2C(=O)c2c1ccc(Cc1ccccc1)c2O,group_B,U21_EPA_CPDat_Uv_Absorber,,,,,,
MOL_B_005839,O=C1c2ccccc2CCN1C1CCNCC1,group_B,U21_EPA_CPDat_Uv_Absorber,,,,,,
MOL_B_005840,O=C=NCCCCCCN=C=O,group_B,U07_ICE_Sensitization,,,,,1.0,
MOL_B_005841,O=C=Nc1ccc(Br)cc1,group_B,U12_SkinPiX,,,,-5.4545,,
MOL_B_005842,O=CC(=O)O,group_B,U07_ICE_Irritation,,,,,,1.0
MOL_B_005843,O=CC=O,group_B,U07_ICE_Sensitization;U09_HPPT,,,,,1.0,
MOL_B_005844,O=CCCC=C1CC2CC1C1CCCC21,group_B,U07_ICE_Sensitization;U09_HPPT,,,,,0.0,
MOL_B_005845,O=CCCCC=O,group_B,U07_ICE_Sensitization;U09_HPPT,,,,,1.0,
MOL_B_005846,O=CCCc1ccccc1,group_B,U07_ICE_Sensitization;U09_HPPT,,,,,0.0,
MOL_B_005847,O=CCOc1ccccc1,group_B,U07_ICE_Sensitization;U09_HPPT,,,,,0.0,
MOL_B_005848,O=CNC(c1ccccc1)c1ccc(O)cc1,group_B,U21_EPA_CPDat_Uv_Absorber,,,,,,
MOL_B_005849,O=CNc1ccc(Cl)cc1C(=O)c1ccccc1,group_B,U21_EPA_CPDat_Uv_Absorber,,,,,,
MOL_B_005850,O=CNc1ccccc1C(=O)c1ccccc1,group_B,U21_EPA_CPDat_Uv_Absorber,,,,,,
MOL_B_005851,O=CNc1sccc1C(=O)O,group_B,U07_ICE_Irritation,,,,,,0.0
MOL_B_005852,O=CO,group_B,U07_ICE_Irritation,,,,,,1.0
MOL_B_005853,O=COC1CCC2CCCCC2C1,group_B,U07_ICE_Sensitization;U09_HPPT,,,,,0.0,
MOL_B_005854,O=COCC=Cc1ccccc1,group_B,U07_ICE_Sensitization;U09_HPPT,,,,,0.0,
MOL_B_005855,O=COCCCc1ccccc1,group_B,U07_ICE_Sensitization;U09_HPPT,,,,,0.0,
MOL_B_005856,O=COCCc1ccccc1,group_B,U07_ICE_Sensitization;U09_HPPT,,,,,0.0,
MOL_B_005857,O=COCc1ccccc1,group_B,U07_ICE_Sensitization;U09_HPPT,,,,,0.0,
MOL_B_005858,O=C[C@H](O)[C@@H](O)[C@H](O)[C@H](O)CO,group_B,U07_ICE_Sensitization,,,,,0.0,
MOL_B_005859,O=C[C@H](O)[C@@H](O)[C@H](O)[C@H](O)CO[C@H]1O[C@H](CO[C@H]2O[C@H](CO)[C@@H](O)[C@H](O)[C@H]2O)[C@@H](O)[C@H](O)[C@H]1O,group_B,U07_ICE_Sensitization,,,,,0.0,
MOL_B_005860,O=Cc1c(O)cc(O)cc1OC(=O)c1ccccc1,group_B,U21_EPA_CPDat_Uv_Absorber,,,,,,
MOL_B_005861,O=Cc1cc(C(=O)O)cc(O)c1C(=O)c1c(O)cccc1O,group_B,U21_EPA_CPDat_Uv_Absorber,,,,,,
MOL_B_005862,O=Cc1cc(C(=O)c2ccccc2)ccc1O,group_B,U21_EPA_CPDat_Uv_Absorber,,,,,,
MOL_B_005863,O=Cc1ccc(C(=O)c2ccccc2)cc1,group_B,U21_EPA_CPDat_Uv_Absorber,,,,,,
MOL_B_005864,O=Cc1ccc(C=O)c(C(=O)c2ccccc2)c1C(=O)c1ccccc1,group_B,U21_EPA_CPDat_Uv_Absorber,,,,,,
MOL_B_005865,O=Cc1ccc2c(c1)OCO2,group_B,U07_ICE_Sensitization;U09_HPPT,,,,,0.0,
MOL_B_005866,O=Cc1cccc(C(=O)c2ccccc2)c1,group_B,U21_EPA_CPDat_Uv_Absorber,,,,,,
MOL_B_005867,O=Cc1ccccc1C(=O)c1ccccc1,group_B,U21_EPA_CPDat_Uv_Absorber,,,,,,
MOL_B_005868,O=NCC(=O)c1ccc(O)cc1,group_B,U21_EPA_CPDat_Uv_Absorber,,,,,,
MOL_B_005869,O=N[O+]=C(c1ccccc1)c1ccccc1,group_B,U21_EPA_CPDat_Uv_Absorber,,,,,,
MOL_B_005870,O=Nc1ccc(C(=O)c2ccccc2)cc1,group_B,U21_EPA_CPDat_Uv_Absorber,,,,,,
MOL_B_005871,O=Nc1ccc(Cl)cc1C(=O)c1ccccc1,group_B,U21_EPA_CPDat_Uv_Absorber,,,,,,
MOL_B_005872,O=P(O)(O)CN(CP(=O)(O)O)CP(=O)(O)O,group_B,U07_ICE_Irritation,,,,,,1.0
MOL_B_005873,O=P(O)(O)O,group_B,U07_ICE_Irritation,,,,,,1.0
MOL_B_005874,O=P1(N(CCCl)CCCl)NCCCO1,group_B,U12_SkinPiX,,,,-6.234500000000001,,
MOL_B_005875,O=S(=O)(CCS)CCS,group_B,U07_ICE_Sensitization;U09_HPPT,,,,,1.0,
MOL_B_005876,O=S(=O)(Cl)c1ccccc1,group_B,U07_ICE_Irritation,,,,,,1.0
MOL_B_005877,O=S(=O)(O)CCS,group_B,U07_ICE_Sensitization;U09_HPPT,,,,,1.0,
MOL_B_005878,O=S(=O)(O)F,group_B,U07_ICE_Irritation,,,,,,1.0
MOL_B_005879,O=S(=O)(O)O,group_B,U07_ICE_Irritation,,,,,,1.0
MOL_B_005880,O=S(=O)(O)c1cc(-n2nc3ccc4ccccc4c3n2)ccc1C=Cc1ccccc1,group_B,U09_HPPT,,,,,0.0,
MOL_B_005881,O=S(=O)(O)c1cc(Nc2nc(Nc3ccccc3)nc(Nc3ccccc3)n2)ccc1/C=C/c1ccc(Nc2nc(Nc3ccccc3)nc(Nc3ccccc3)n2)cc1S(=O)(=O)O,group_B,U21_EPA_CPDat_Uv_Absorber,,,,,,
MOL_B_005882,O=S(=O)(O)c1cc(Nc2nc(Nc3ccccc3)nc(Nc3ccccc3)n2)ccc1C=Cc1ccc(Nc2nc(Nc3ccccc3)nc(Nc3ccccc3)n2)cc1S(=O)(=O)O,group_B,U09_HPPT;U21_EPA_CPDat_Uv_Absorber,,,,,0.0,
MOL_B_005883,O=S(=O)(O)c1ccc2[nH]c(-c3ccccc3)nc2c1,group_B,U01_EU_CosIng_Annex_VI,,,,,0.0,0.0
MOL_B_005884,O=S(=O)([O-])O,group_B,U07_ICE_Irritation,,,,,,1.0
MOL_B_005885,O=S(=O)([O-])[O-],group_B,U07_ICE_Irritation;U07_ICE_Sensitization;U09_HPPT,,,,,1.0,1.0
MOL_B_005886,O=S(=O)([O-])c1cc(-n2nc3ccc4ccccc4c3n2)ccc1C=Cc1ccccc1,group_B,U07_ICE_Sensitization,,,,,0.0,
MOL_B_005887,O=S(=O)([O-])c1cc(Nc2nc(Nc3ccccc3)nc(Nc3ccccc3)n2)ccc1C=Cc1ccc(Nc2nc(Nc3ccccc3)nc(Nc3ccccc3)n2)cc1S(=O)(=O)[O-],group_B,U07_ICE_Sensitization;U21_EPA_CPDat_Uv_Absorber,,,,,0.0,
MOL_B_005888,O=S(=O)([O-])c1ccc(-c2nc3cc(S(=O)(=O)[O-])ccc3[nH]2)c(-c2nc3ccc(S(=O)(=O)[O-])cc3[nH]2)c1,group_B,U01_EU_CosIng_Annex_VI,,,,,0.0,0.0
MOL_B_005889,O=S(=O)([O-])c1ccc(Nc2nc(Nc3ccccc3)nc(Nc3ccc(C=Cc4ccc(Nc5nc(Nc6ccccc6)nc(Nc6ccc(S(=O)(=O)[O-])cc6)n5)cc4S(=O)(=O)[O-])c(S(=O)(=O)[O-])c3)n2)cc1,group_B,U21_EPA_CPDat_Uv_Absorber,,,,,,
MOL_B_005890,O=S(=O)([O-])c1ccc(S(=O)(=O)[O-])c(Nc2nc(Nc3ccc(C=Cc4ccc(Nc5nc(Nc6cc(S(=O)(=O)[O-])ccc6S(=O)(=O)[O-])nc(Oc6ccccc6)n5)cc4S(=O)(=O)[O-])c(S(=O)(=O)[O-])c3)nc(Oc3ccccc3)n2)c1,group_B,U21_EPA_CPDat_Uv_Absorber,,,,,,
MOL_B_005891,O=S(=O)(c1ccc(O)cc1)c1ccc(O)cc1,group_B,U12_SkinPiX,,,,-9.005666666666666,,
MOL_B_005892,O=S(O)O,group_B,U07_ICE_Irritation,,,,,,1.0
MOL_B_005893,O=S([O-])O,group_B,U07_ICE_Irritation,,,,,,0.0
MOL_B_005894,O=S([O-])S(=O)(=O)[O-],group_B,U07_ICE_Irritation,,,,,,1.0
MOL_B_005895,O=S([O-])S(=O)[O-],group_B,U07_ICE_Irritation,,,,,,0.0
MOL_B_005896,O=[13C](O)/[13CH]=[13CH]/[13c]1[13cH][13cH][13c](O)[13c](O)[13cH]1,group_B,U21_EPA_CPDat_Uv_Absorber,,,,,,
MOL_B_005897,O=[13C](c1ccccc1)c1ccccc1,group_B,U21_EPA_CPDat_Uv_Absorber,,,,,,
MOL_B_005898,O=[N+]([O-])C(Br)(CO)CO,group_B,U07_ICE_Sensitization;U09_HPPT,,,,,0.0,
MOL_B_005899,O=[N+]([O-])O,group_B,U07_ICE_Irritation,,,,,,1.0
MOL_B_005900,O=[N+]([O-])O[C@@H]1CO[C@H]2[C@@H]1OC[C@@H]2O,group_B,U12_SkinPiX,,,,-6.959,,
MOL_B_005901,O=[N+]([O-])O[C@H]1CO[C@H]2[C@@H]1OC[C@H]2O[N+](=O)[O-],group_B,U12_SkinPiX,,,,-5.503,,
MOL_B_005902,O=[N+]([O-])[O-],group_B,U07_ICE_Irritation,,,,,,1.0
MOL_B_005903,O=[N+]([O-])c1cc([N+](=O)[O-])c(S(=O)(=O)O)c([N+](=O)[O-])c1,group_B,U07_ICE_Sensitization,,,,,1.0,
MOL_B_005904,O=[N+]([O-])c1ccc(CBr)cc1,group_B,U07_ICE_Sensitization,,,,,1.0,
MOL_B_005905,O=[N+]([O-])c1ccc(Cl)c([N+](=O)[O-])c1,group_B,U07_ICE_Sensitization;U09_HPPT;U12_SkinPiX,,,,-5.079000000000001,1.0,
MOL_B_005906,O=[N+]([O-])c1ccc(F)c(Cl)c1,group_B,U07_ICE_Irritation,,,,,,0.0
MOL_B_005907,O=[N+]([O-])c1ccc(F)c([N+](=O)[O-])c1,group_B,U07_ICE_Sensitization,,,,,1.0,
MOL_B_005908,O=[N+]([O-])c1ccc(S(=O)(=O)[O-])c([N+](=O)[O-])c1,group_B,U07_ICE_Sensitization,,,,,1.0,
MOL_B_005909,O=[N+]([O-])c1cccc(Cl)c1,group_B,U07_ICE_Irritation,,,,,,0.0
MOL_B_005910,O=[Se](=O)(O)O,group_B,U07_ICE_Irritation,,,,,,1.0
MOL_B_005911,O=[Si]([O-])[O-],group_B,U07_ICE_Irritation,,,,,,1.0
MOL_B_005912,O=c1[nH]c(=O)n(C2CCNCC2)c2ccccc12,group_B,U21_EPA_CPDat_Uv_Absorber,,,,,,
MOL_B_005913,O=c1[nH]c2c(Cl)cccc2n1C1CCNCC1,group_B,U21_EPA_CPDat_Uv_Absorber,,,,,,
MOL_B_005914,O=c1[nH]c2cc(Cl)ccc2n1C1CCNCC1,group_B,U21_EPA_CPDat_Uv_Absorber,,,,,,
MOL_B_005915,O=c1[nH]c2ccccc2n1C1CCNCC1,group_B,U21_EPA_CPDat_Uv_Absorber,,,,,,
MOL_B_005916,O=c1[nH]c2cccnc2n1C1CCNCC1,group_B,U21_EPA_CPDat_Uv_Absorber,,,,,,
MOL_B_005917,O=c1[nH]c2ncccc2n1C1CCNCC1,group_B,U21_EPA_CPDat_Uv_Absorber,,,,,,
MOL_B_005918,O=c1[nH]ccc2c1CC1CNCC2C1,group_B,U21_EPA_CPDat_Uv_Absorber,,,,,,
MOL_B_005919,O=c1[nH]nc(C2CCNCC2)o1,group_B,U21_EPA_CPDat_Uv_Absorber,,,,,,
MOL_B_005920,O=c1[nH]sc2ccccc12,group_B,U07_ICE_Irritation;U07_ICE_Sensitization,,,,,1.0,0.0
MOL_B_005921,O=c1c(-c2ccccc2)c1-c1ccccc1,group_B,U07_ICE_Sensitization,,,,,1.0,
MOL_B_005922,O=c1c(O)c(O)c1=O,group_B,U07_ICE_Sensitization,,,,,0.0,
MOL_B_005923,O=c1cc(C2CCNCC2)o[nH]1,group_B,U21_EPA_CPDat_Uv_Absorber,,,,,,
MOL_B_005924,O=c1ccccn1CC1CCCNC1,group_B,U21_EPA_CPDat_Uv_Absorber,,,,,,
MOL_B_005925,O=c1oc2ccccc2n1C1CCNCC1,group_B,U21_EPA_CPDat_Uv_Absorber,,,,,,
MOL_B_005926,OC(c1ccccc1)c1ccccc1,group_B,U07_ICE_Sensitization;U09_HPPT,,,,,0.0,
MOL_B_005927,OC/C=C/c1ccccc1,group_B,U12_SkinPiX,,,,-5.029,,
MOL_B_005928,OC1CC2CC1C1CCCC21,group_B,U07_ICE_Sensitization;U09_HPPT,,,,,0.0,
MOL_B_005929,OC1CCC2CCCCC2C1,group_B,U07_ICE_Sensitization;U09_HPPT,,,,,0.0,
MOL_B_005930,OC1CCCCC1,group_B,U07_ICE_Sensitization;U09_HPPT,,,,,0.0,
MOL_B_005931,OCC(O)CO,group_B,Flynn_PottsGuy_Benchmark;U07_ICE_Irritation;U07_ICE_Sensitization;U09_HPPT,,,,-7.1,0.0,0.0
MOL_B_005932,OCC(O)CS,group_B,U07_ICE_Sensitization;U09_HPPT,,,,,1.0,
MOL_B_005933,OCC(S)CS,group_B,U07_ICE_Sensitization;U09_HPPT,,,,,1.0,
MOL_B_005934,OCC1COC(c2ccccc2)O1,group_B,U07_ICE_Sensitization;U09_HPPT,,,,,0.0,
MOL_B_005935,OCC=Cc1ccccc1,group_B,U07_ICE_Sensitization;U09_HPPT,,,,,1.0,
MOL_B_005936,OCCC1CCCCC1,group_B,U07_ICE_Sensitization;U09_HPPT,,,,,0.0,
MOL_B_005937,OCCCCCCCCCCCCBr,group_B,U07_ICE_Sensitization,,,,,0.0,
MOL_B_005938,OCCCc1ccccc1,group_B,U07_ICE_Sensitization;U09_HPPT,,,,,0.0,
MOL_B_005939,OCCN(CCO)CCO,group_B,U07_ICE_Irritation;U07_ICE_Sensitization,,,,,1.0,0.0
MOL_B_005940,OCCNCCO,group_B,U07_ICE_Sensitization,,,,,1.0,
MOL_B_005941,OCCOCCOCCO,group_B,U07_ICE_Irritation;U07_ICE_Sensitization;U09_HPPT,,,,,0.0,0.0
MOL_B_005942,OCCOc1ccccc1,group_B,U07_ICE_Sensitization;U09_HPPT,,,,,0.0,
MOL_B_005943,OCCc1ccccc1,group_B,U07_ICE_Irritation;U07_ICE_Sensitization;U09_HPPT,,,,,1.0,0.0
MOL_B_005944,OC[C@@H](O)[C@H]1OC(c2ccco2)O[C@@H](CO)[C@H]1O,group_B,U07_ICE_Irritation,,,,,,0.0
MOL_B_005945,Oc1c(Cl)c(Cl)c(Cl)c(Cl)c1Cl,group_B,U07_ICE_Sensitization;U09_HPPT,,,,,1.0,
MOL_B_005946,Oc1c(Cl)cc(Cl)c(Cl)c1Cc1c(O)c(Cl)cc(Cl)c1Cl,group_B,U07_ICE_Sensitization;U09_HPPT,,,,,0.0,
MOL_B_005947,Oc1c(Cl)cc(Cl)cc1Cl,group_B,Flynn_PottsGuy_Benchmark,,,,-3.4,,
MOL_B_005948,Oc1c(I)cc(Cl)c2cccnc12,group_B,U07_ICE_Sensitization;U09_HPPT,,,,,0.0,
MOL_B_005949,Oc1cc(C(c2ccccc2)c2ccccc2)c(O)cc1C(c1ccccc1)c1ccccc1,group_B,U21_EPA_CPDat_Uv_Absorber,,,,,,
MOL_B_005950,Oc1cc(OC(c2ccccc2)c2ccccc2)ccc1C(c1ccccc1)c1ccccc1,group_B,U21_EPA_CPDat_Uv_Absorber,,,,,,
MOL_B_005951,Oc1ccc(C(c2ccccc2)(c2ccc(O)cc2)c2ccc(C(c3ccccc3)(c3ccc(O)cc3)c3ccc(O)cc3)cc2)cc1,group_B,U21_EPA_CPDat_Uv_Absorber,,,,,,
MOL_B_005952,Oc1ccc(C(c2ccccc2)(c2ccccc2)c2ccccc2)cc1,group_B,U21_EPA_CPDat_Uv_Absorber,,,,,,
MOL_B_005953,Oc1ccc(C(c2ccccc2)(c2ccccc2)c2ccccc2O)cc1,group_B,U21_EPA_CPDat_Uv_Absorber,,,,,,
MOL_B_005954,Oc1ccc(CCCCc2cn(C(c3ccccc3)(c3ccccc3)c3ccccc3)nn2)cc1,group_B,U21_EPA_CPDat_Uv_Absorber,,,,,,
MOL_B_005955,Oc1ccc(CN2CCCCC2)c(O)c1CN1CCCCC1,group_B,U21_EPA_CPDat_Uv_Absorber,,,,,,
MOL_B_005956,Oc1ccc(OCc2ccccc2)cc1,group_B,U07_ICE_Sensitization;U09_HPPT,,,,,1.0,
MOL_B_005957,Oc1cccc(O)c1,group_B,U07_ICE_Sensitization;U09_HPPT;U12_SkinPiX,,,,-5.8745,1.0,
MOL_B_005958,Oc1ccccc1N=Nc1ccccc1O,group_B,U07_ICE_Sensitization,,,,,0.0,
MOL_B_005959,S=P(Cl)(Cl)Cl,group_B,U07_ICE_Irritation,,,,,,1.0
MOL_B_005960,SCCN1CCOCC1,group_B,U07_ICE_Sensitization;U09_HPPT,,,,,1.0,
MOL_B_005961,Sc1nc2ccccc2s1,group_B,U07_ICE_Sensitization;U09_HPPT,,,,,1.0,
MOL_B_005962,[13CH3]C([13CH3])(c1ccc(O)cc1)c1ccc(O)cc1,group_B,U21_EPA_CPDat_Uv_Absorber,,,,,,
MOL_B_005963,[2H]C([2H])([2H])C(/N=C/C(=O)c1ccc(O)c(C(=O)OC)c1)(C([2H])([2H])[2H])C([2H])([2H])[2H],group_B,U21_EPA_CPDat_Uv_Absorber,,,,,,
MOL_B_005964,[2H]C([2H])([2H])C(OC(=O)/C=C/c1ccccc1C1C(C(=O)OCC)=C(C)NC(C)=C1C(=O)OCC)(C([2H])([2H])[2H])C([2H])([2H])[2H],group_B,U21_EPA_CPDat_Uv_Absorber,,,,,,
MOL_B_005965,[2H]C([2H])([2H])C([2H])([2H])C([2H])([2H])N1CCCC[C@H]1C(=O)Nc1c(C)cccc1C,group_B,U21_EPA_CPDat_Uv_Absorber,,,,,,
MOL_B_005966,[2H]C([2H])([2H])C([2H])([2H])OC(=O)C1=C(C)NC(C)=C(C(=O)OC([2H])([2H])C([2H])([2H])[2H])C1c1ccccc1/C=C/C(=O)OC(C)(C)C,group_B,U21_EPA_CPDat_Uv_Absorber,,,,,,
MOL_B_005967,[2H]C([2H])([2H])C([2H])([2H])OC(=O)c1ccc(O)cc1,group_B,U21_EPA_CPDat_Uv_Absorber,,,,,,
MOL_B_005968,[2H]C([2H])([2H])C(c1cc(C)c(O)c(C)c1)(c1cc(C)c(O)c(C)c1)C([2H])([2H])[2H],group_B,U21_EPA_CPDat_Uv_Absorber,,,,,,
MOL_B_005969,[2H]C([2H])([2H])C(c1cc(OC)cc(C(C([2H])([2H])[2H])(C([2H])([2H])[2H])C([2H])([2H])[2H])c1O)(C([2H])([2H])[2H])C([2H])([2H])[2H],group_B,U21_EPA_CPDat_Uv_Absorber,,,,,,
MOL_B_005970,[2H]C([2H])([2H])C(c1ccc(O)cc1)(c1ccc(O)cc1)C([2H])([2H])[2H],group_B,U21_EPA_CPDat_Uv_Absorber,,,,,,
MOL_B_005971,[2H]C([2H])([2H])CC(=O)N(c1ccccc1)C1CCNCC1,group_B,U21_EPA_CPDat_Uv_Absorber,,,,,,
MOL_B_005972,[2H]C([2H])([2H])CC(=O)N(c1ccccc1)[C@@H]1CCNC[C@@H]1C,group_B,U21_EPA_CPDat_Uv_Absorber,,,,,,
MOL_B_005973,[2H]C([2H])([2H])N1CCCCC1C(=O)Nc1c(C)cc(O)cc1C,group_B,U21_EPA_CPDat_Uv_Absorber,,,,,,
MOL_B_005974,[2H]C([2H])([2H])N1CCCCC1C(=O)Nc1c(C)ccc(O)c1C,group_B,U21_EPA_CPDat_Uv_Absorber,,,,,,
MOL_B_005975,[2H]C([2H])([2H])Oc1cc(O)ccc1C(C)=O,group_B,U21_EPA_CPDat_Uv_Absorber,,,,,,
MOL_B_005976,[2H]C([2H])([2H])Oc1ccc(/C=C/C(=O)O)cc1O,group_B,U21_EPA_CPDat_Uv_Absorber,,,,,,
MOL_B_005977,[2H]Oc1c(C(C([2H])([2H])[2H])(C([2H])([2H])[2H])C([2H])([2H])[2H])c([2H])c(C)c([2H])c1C(C([2H])([2H])[2H])(C([2H])([2H])[2H])C([2H])([2H])[2H],group_B,U21_EPA_CPDat_Uv_Absorber,,,,,,
MOL_B_005978,[2H]Oc1c([2H])c([2H])c(C(c2c([2H])c([2H])c(O[2H])c([2H])c2[2H])(C([2H])([2H])[2H])C([2H])([2H])[2H])c([2H])c1[2H],group_B,U21_EPA_CPDat_Uv_Absorber,,,,,,
MOL_B_005979,[2H]Oc1ccccc1C(=O)OC([2H])([2H])[2H],group_B,U21_EPA_CPDat_Uv_Absorber,,,,,,
MOL_B_005980,[2H]c1c(C)c([2H])c(C(C([2H])([2H])[2H])(C([2H])([2H])[2H])C([2H])([2H])[2H])c(O)c1C(C([2H])([2H])[2H])(C([2H])([2H])[2H])C([2H])([2H])[2H],group_B,U21_EPA_CPDat_Uv_Absorber,,,,,,
MOL_B_005981,[2H]c1c([2H])c(C(=O)OC)c([2H])c([2H])c1O,group_B,U21_EPA_CPDat_Uv_Absorber,,,,,,
MOL_B_005982,[2H]c1c([2H])c(C(C)(C)c2c([2H])c([2H])c(O)c([2H])c2[2H])c([2H])c([2H])c1O,group_B,U21_EPA_CPDat_Uv_Absorber,,,,,,
MOL_B_005983,[2H]c1c([2H])c(OCC(F)(F)F)c(C(=O)NCC2CCCCN2)c([2H])c1OCC(F)(F)F,group_B,U21_EPA_CPDat_Uv_Absorber,,,,,,
MOL_B_005984,[2H]c1c([2H])c([2H])c(/C=C/C(=O)c2ccccc2O)c([2H])c1[2H],group_B,U21_EPA_CPDat_Uv_Absorber,,,,,,
MOL_B_005985,[2H]c1c([2H])c([2H])c(C(=O)C([2H])([2H])[2H])c(O)c1[2H],group_B,U21_EPA_CPDat_Uv_Absorber,,,,,,
MOL_B_005986,[2H]c1c([2H])c([2H])c(C(=O)c2c([2H])c([2H])c([2H])c([2H])c2[2H])c([2H])c1[2H],group_B,U21_EPA_CPDat_Uv_Absorber,,,,,,
MOL_B_005987,[2H]c1c([2H])c([2H])c(C(=O)c2ccccc2)c([2H])c1[2H],group_B,U21_EPA_CPDat_Uv_Absorber,,,,,,
MOL_B_005988,[2H]c1c([2H])c([2H])c(N(C(=O)CC)C2CCN(CCc3ccc(O)cc3)CC2)c([2H])c1[2H],group_B,U21_EPA_CPDat_Uv_Absorber,,,,,,
MOL_B_005989,[2H]c1cc(O)cc([2H])c1C(C)(C)CC(C)(C)C,group_B,U21_EPA_CPDat_Uv_Absorber,,,,,,
MOL_B_005990,[3H]O[3H],group_B,U12_SkinPiX,,,,-6.432,,
MOL_B_005991,[Al+3],group_B,U07_ICE_Irritation,,,,,,1.0
MOL_B_005992,[Br][Sb]([Br])[Br],group_B,U07_ICE_Irritation,,,,,,1.0
MOL_B_005993,[C-]#[N+]C(C(=O)OC)=C(c1ccccc1)c1ccccc1,group_B,U21_EPA_CPDat_Uv_Absorber,,,,,,
MOL_B_005994,[C-]#[N+]CCCN1CCC(C(=O)OCC)CC1,group_B,U21_EPA_CPDat_Uv_Absorber,,,,,,
MOL_B_005995,[C-]#[N+]c1cc(C(C)(C)C)c(O)c(C(C)(C)C)c1,group_B,U21_EPA_CPDat_Uv_Absorber,,,,,,
MOL_B_005996,[C-]#[N+]c1ccc(C(=O)c2ccccc2)cc1,group_B,U21_EPA_CPDat_Uv_Absorber,,,,,,
MOL_B_005997,[Cl][Al]([Cl])[Cl],group_B,U07_ICE_Irritation;U07_ICE_Sensitization;U09_HPPT,,,,,0.0,1.0
MOL_B_005998,[Cl][Sb]([Cl])[Cl],group_B,U07_ICE_Irritation,,,,,,1.0
MOL_B_005999,[F-],group_B,U07_ICE_Irritation,,,,,,1.0
MOL_B_006000,[F][Cr]([F])[F],group_B,U07_ICE_Irritation,,,,,,1.0
MOL_B_006001,[Li+],group_B,U07_ICE_Irritation,,,,,,1.0
MOL_B_006002,[N-]=[N+]=C1C=Cc2c(cccc2S(=O)(=O)Oc2c(C(=O)c3ccccc3)ccc(O)c2O)C1=O,group_B,U21_EPA_CPDat_Uv_Absorber,,,,,,
MOL_B_006003,[N-]=[N+]=C1C=Cc2c(cccc2S(=O)(=O)Oc2c(O)ccc(C(=O)c3ccccc3)c2O)C1=O,group_B,U21_EPA_CPDat_Uv_Absorber,,,,,,
MOL_B_006004,[N-]=[N+]=C1C=Cc2c(cccc2S(=O)(=O)Oc2ccc(C(=O)c3ccccc3)c(O)c2O)C1=O,group_B,U21_EPA_CPDat_Uv_Absorber,,,,,,
MOL_B_006005,[N-]=[N+]=NCC(=O)c1ccc(O)cc1,group_B,U21_EPA_CPDat_Uv_Absorber,,,,,,
MOL_B_006006,[N-]=[N+]=NCC(=O)c1ccccc1O,group_B,U21_EPA_CPDat_Uv_Absorber,,,,,,
MOL_B_006007,[N-]=[N+]=Nc1ccc(C(=O)Oc2cc(O)cc(O)c2)cc1,group_B,U21_EPA_CPDat_Uv_Absorber,,,,,,
MOL_B_006008,[N-]=[N+]=Nc1ccc(C(=O)c2c(-c3ccc(O)cc3)sc3cc(O)ccc23)cc1,group_B,U21_EPA_CPDat_Uv_Absorber,,,,,,
MOL_B_006009,[N-]=[N+]=Nc1ccc(C(=O)c2ccccc2)cc1,group_B,U21_EPA_CPDat_Uv_Absorber,,,,,,
MOL_B_006010,[N-]=[N+]=Nc1ccc(C(=O)c2ccccc2)cc1[N+](=O)[O-],group_B,U21_EPA_CPDat_Uv_Absorber,,,,,,
MOL_B_006011,[N-]=[N+]=Nc1ccc([N+](=O)[O-])cc1C(=O)c1ccccc1,group_B,U21_EPA_CPDat_Uv_Absorber,,,,,,
MOL_B_006012,[N-]=[N+]=Nc1ccccc1C(=O)c1ccccc1,group_B,U21_EPA_CPDat_Uv_Absorber,,,,,,
MOL_B_006013,[NH4+],group_B,U07_ICE_Irritation,,,,,,1.0
MOL_B_006014,[O-]Cl,group_B,U07_ICE_Irritation,,,,,,0.0
MOL_B_006015,[O-]c1c(Cl)c(Cl)c(Cl)c(Cl)c1Cl,group_B,U07_ICE_Sensitization,,,,,1.0,
MOL_B_006016,[O]=[Cr](=[O])([O-])[O][Cr](=[O])(=[O])[O-],group_B,U07_ICE_Sensitization;U09_HPPT,,,,,1.0,
MOL_B_006017,[O]=[Cr](=[O])=[O],group_B,U07_ICE_Irritation;U07_ICE_Sensitization;U09_HPPT,,,,,1.0,1.0
MOL_B_006018,c1cc(C2=NCCO2)cc(C2=NCCO2)c1,group_B,U07_ICE_Sensitization;U09_HPPT,,,,,0.0,
MOL_B_006019,c1ccc(-c2ccc(-c3nc(-c4ccc(-c5ccccc5)cc4)nc(-c4ccc(-c5ccccc5)cc4)n3)cc2)cc1,group_B,U01_EU_CosIng_Annex_VI,,,,,0.0,0.0
MOL_B_006020,c1ccc(-c2nc(-c3ccccc3)nc(-c3ccc(-c4nc(-c5ccccc5)nc(-c5ccccc5)n4)cc3)n2)cc1,group_B,U01_EU_CosIng_Annex_VI,,,,,0.0,0.0
MOL_B_006021,c1ccc(CC2OCCO2)cc1,group_B,U07_ICE_Sensitization;U09_HPPT,,,,,0.0,
MOL_B_006022,c1ccc(CCOC2CCCC2)cc1,group_B,U07_ICE_Irritation,,,,,,1.0
MOL_B_006023,c1ccc(CCc2ccccc2)cc1,group_B,U07_ICE_Sensitization;U09_HPPT,,,,,0.0,
MOL_B_006024,c1ccc(COCc2ccccc2)cc1,group_B,U07_ICE_Sensitization;U09_HPPT,,,,,0.0,
MOL_B_006025,c1ccc(Cc2ccccc2)cc1,group_B,U07_ICE_Sensitization;U09_HPPT,,,,,0.0,
MOL_B_006026,c1ccc(Oc2ccccc2)cc1,group_B,U07_ICE_Sensitization;U09_HPPT,,,,,0.0,
MOL_B_006027,c1ccc2[nH]c(-c3cscn3)nc2c1,group_B,U07_ICE_Sensitization;U09_HPPT,,,,,0.0,
MOL_B_006028,c1ccc2c(c1)cc1ccc3cccc4ccc2c1c34,group_B,U07_ICE_Sensitization,,,,,1.0,
MOL_B_006029,c1ccn2[O-]->[Zn+2]3(<-[O-]n4ccccc4=[S]3)[S]=c2c1,group_B,U07_ICE_Sensitization;U09_HPPT,,,,,0.0,
