SMILES,lambda_max,delta_h,pss_z,k_thermal,donor,acceptor,scaffold,system_type,source_id,calc_method
[H]C1=C(C#N)C2C=CC1C2,250.0,93.39,75.0,0.0001,H,Cyano,Unsubstituted_C7,NBD_QC_Functionalized,NBD_Combinatorial_M08_Aligned,RDKit_MMFF94_3D
[H]C1=C(C#N)C2C=CC1C2(C)C,250.0,67.5,75.0,0.0001,H,Cyano,"7,7-Dimethyl",NBD_QC_Functionalized,NBD_Combinatorial_M08_Aligned,RDKit_MMFF94_3D
[H]C1=C(C#N)C2CC1(C)C=C2C,250.0,87.21,75.0,0.0001,H,Cyano,"1,4-Dimethyl",NBD_QC_Functionalized,NBD_Combinatorial_M08_Aligned,RDKit_MMFF94_3D
[H]C1=C(C(=O)OC)C2C=CC1C2,253.0,108.45,75.0,0.0001,H,Methyl ester,Unsubstituted_C7,NBD_QC_Functionalized,NBD_Combinatorial_M08_Aligned,RDKit_MMFF94_3D
[H]C1=C(C(=O)OC)C2C=CC1C2(C)C,253.0,47.32,75.0,0.0001,H,Methyl ester,"7,7-Dimethyl",NBD_QC_Functionalized,NBD_Combinatorial_M08_Aligned,RDKit_MMFF94_3D
[H]C1=C(C(=O)OC)C2CC1(C)C=C2C,253.0,101.22,75.0,0.0001,H,Methyl ester,"1,4-Dimethyl",NBD_QC_Functionalized,NBD_Combinatorial_M08_Aligned,RDKit_MMFF94_3D
[H]C1=C(C(=O)OCC)C2C=CC1C2,253.0,68.5,75.0,0.0001,H,Ethyl ester,Unsubstituted_C7,NBD_QC_Functionalized,NBD_Combinatorial_M08_Aligned,RDKit_MMFF94_3D
[H]C1=C(C(=O)OCC)C2C=CC1C2(C)C,253.0,40.93,75.0,0.0001,H,Ethyl ester,"7,7-Dimethyl",NBD_QC_Functionalized,NBD_Combinatorial_M08_Aligned,RDKit_MMFF94_3D
[H]C1=C(C(=O)OCC)C2CC1(C)C=C2C,253.0,107.22,75.0,0.0001,H,Ethyl ester,"1,4-Dimethyl",NBD_QC_Functionalized,NBD_Combinatorial_M08_Aligned,RDKit_MMFF94_3D
[H]C1=C(C(C)=O)C2C=CC1C2,255.0,88.68,75.0,0.0001,H,Acetyl,Unsubstituted_C7,NBD_QC_Functionalized,NBD_Combinatorial_M08_Aligned,RDKit_MMFF94_3D
[H]C1=C(C(C)=O)C2C=CC1C2(C)C,255.0,67.5,75.0,0.0001,H,Acetyl,"7,7-Dimethyl",NBD_QC_Functionalized,NBD_Combinatorial_M08_Aligned,RDKit_MMFF94_3D
[H]C1=C(C(C)=O)C2CC1(C)C=C2C,255.0,69.56,75.0,0.0001,H,Acetyl,"1,4-Dimethyl",NBD_QC_Functionalized,NBD_Combinatorial_M08_Aligned,RDKit_MMFF94_3D
[H]C1=C(C(F)(F)F)C2C=CC1C2,240.0,77.5,75.0,0.0001,H,Trifluoromethyl,Unsubstituted_C7,NBD_QC_Functionalized,NBD_Combinatorial_M08_Aligned,RDKit_MMFF94_3D
[H]C1=C(C(F)(F)F)C2C=CC1C2(C)C,240.0,101.74,75.0,0.0001,H,Trifluoromethyl,"7,7-Dimethyl",NBD_QC_Functionalized,NBD_Combinatorial_M08_Aligned,RDKit_MMFF94_3D
[H]C1=C(C(F)(F)F)C2CC1(C)C=C2C,240.0,75.5,75.0,0.0001,H,Trifluoromethyl,"1,4-Dimethyl",NBD_QC_Functionalized,NBD_Combinatorial_M08_Aligned,RDKit_MMFF94_3D
[H]C1=C(S(C)(=O)=O)C2C=CC1C2,245.0,70.5,75.0,0.0001,H,Methylsulfonyl,Unsubstituted_C7,NBD_QC_Functionalized,NBD_Combinatorial_M08_Aligned,RDKit_MMFF94_3D
[H]C1=C(S(C)(=O)=O)C2C=CC1C2(C)C,245.0,122.87,75.0,0.0001,H,Methylsulfonyl,"7,7-Dimethyl",NBD_QC_Functionalized,NBD_Combinatorial_M08_Aligned,RDKit_MMFF94_3D
[H]C1=C(S(C)(=O)=O)C2CC1(C)C=C2C,245.0,71.5,75.0,0.0001,H,Methylsulfonyl,"1,4-Dimethyl",NBD_QC_Functionalized,NBD_Combinatorial_M08_Aligned,RDKit_MMFF94_3D
[H]C1=C(C(N)=O)C2C=CC1C2,249.0,110.06,75.0,0.0001,H,Carboxamide,Unsubstituted_C7,NBD_QC_Functionalized,NBD_Combinatorial_M08_Aligned,RDKit_MMFF94_3D
[H]C1=C(C(N)=O)C2C=CC1C2(C)C,249.0,81.5,75.0,0.0001,H,Carboxamide,"7,7-Dimethyl",NBD_QC_Functionalized,NBD_Combinatorial_M08_Aligned,RDKit_MMFF94_3D
[H]C1=C(C(N)=O)C2CC1(C)C=C2C,249.0,92.98,75.0,0.0001,H,Carboxamide,"1,4-Dimethyl",NBD_QC_Functionalized,NBD_Combinatorial_M08_Aligned,RDKit_MMFF94_3D
[H]C1=C(c2ccc(C#N)cc2)C2C=CC1C2,280.0,67.5,75.0,0.0001,H,4-Cyanophenyl,Unsubstituted_C7,NBD_QC_Functionalized,NBD_Combinatorial_M08_Aligned,RDKit_MMFF94_3D
[H]C1=C(c2ccc(C#N)cc2)C2C=CC1C2(C)C,280.0,65.02,75.0,0.0001,H,4-Cyanophenyl,"7,7-Dimethyl",NBD_QC_Functionalized,NBD_Combinatorial_M08_Aligned,RDKit_MMFF94_3D
[H]C1=C(c2ccc(C#N)cc2)C2CC1(C)C=C2C,280.0,64.5,75.0,0.0001,H,4-Cyanophenyl,"1,4-Dimethyl",NBD_QC_Functionalized,NBD_Combinatorial_M08_Aligned,RDKit_MMFF94_3D
[H]C1=C(c2ccc([N+](=O)[O-])cc2)C2C=CC1C2,285.0,80.5,75.0,0.0001,H,4-Nitrophenyl,Unsubstituted_C7,NBD_QC_Functionalized,NBD_Combinatorial_M08_Aligned,RDKit_MMFF94_3D
[H]C1=C(c2ccc([N+](=O)[O-])cc2)C2C=CC1C2(C)C,285.0,62.5,75.0,0.0001,H,4-Nitrophenyl,"7,7-Dimethyl",NBD_QC_Functionalized,NBD_Combinatorial_M08_Aligned,RDKit_MMFF94_3D
[H]C1=C(c2ccc([N+](=O)[O-])cc2)C2CC1(C)C=C2C,285.0,71.5,75.0,0.0001,H,4-Nitrophenyl,"1,4-Dimethyl",NBD_QC_Functionalized,NBD_Combinatorial_M08_Aligned,RDKit_MMFF94_3D
[H]C1=C(c2ccc(C(F)(F)F)cc2)C2C=CC1C2,273.0,62.5,75.0,0.0001,H,4-Trifluoromethylphenyl,Unsubstituted_C7,NBD_QC_Functionalized,NBD_Combinatorial_M08_Aligned,RDKit_MMFF94_3D
[H]C1=C(c2ccc(C(F)(F)F)cc2)C2C=CC1C2(C)C,273.0,65.23,75.0,0.0001,H,4-Trifluoromethylphenyl,"7,7-Dimethyl",NBD_QC_Functionalized,NBD_Combinatorial_M08_Aligned,RDKit_MMFF94_3D
[H]C1=C(c2ccc(C(F)(F)F)cc2)C2CC1(C)C=C2C,273.0,80.5,75.0,0.0001,H,4-Trifluoromethylphenyl,"1,4-Dimethyl",NBD_QC_Functionalized,NBD_Combinatorial_M08_Aligned,RDKit_MMFF94_3D
[H]C1=C(C(=O)c2ccccc2)C2C=CC1C2,270.0,65.55,75.0,0.0001,H,Benzoyl,Unsubstituted_C7,NBD_QC_Functionalized,NBD_Combinatorial_M08_Aligned,RDKit_MMFF94_3D
[H]C1=C(C(=O)c2ccccc2)C2C=CC1C2(C)C,270.0,81.5,75.0,0.0001,H,Benzoyl,"7,7-Dimethyl",NBD_QC_Functionalized,NBD_Combinatorial_M08_Aligned,RDKit_MMFF94_3D
[H]C1=C(C(=O)c2ccccc2)C2CC1(C)C=C2C,270.0,69.32,75.0,0.0001,H,Benzoyl,"1,4-Dimethyl",NBD_QC_Functionalized,NBD_Combinatorial_M08_Aligned,RDKit_MMFF94_3D
[H]C1=C(c2ccccn2)C2C=CC1C2,263.0,59.27,75.0,0.0001,H,2-Pyridyl,Unsubstituted_C7,NBD_QC_Functionalized,NBD_Combinatorial_M08_Aligned,RDKit_MMFF94_3D
[H]C1=C(c2ccccn2)C2C=CC1C2(C)C,263.0,65.53,75.0,0.0001,H,2-Pyridyl,"7,7-Dimethyl",NBD_QC_Functionalized,NBD_Combinatorial_M08_Aligned,RDKit_MMFF94_3D
[H]C1=C(c2ccccn2)C2CC1(C)C=C2C,263.0,57.65,75.0,0.0001,H,2-Pyridyl,"1,4-Dimethyl",NBD_QC_Functionalized,NBD_Combinatorial_M08_Aligned,RDKit_MMFF94_3D
[H]C1=C(c2ccncc2)C2C=CC1C2,265.0,61.5,75.0,0.0001,H,4-Pyridyl,Unsubstituted_C7,NBD_QC_Functionalized,NBD_Combinatorial_M08_Aligned,RDKit_MMFF94_3D
[H]C1=C(c2ccncc2)C2C=CC1C2(C)C,265.0,65.47,75.0,0.0001,H,4-Pyridyl,"7,7-Dimethyl",NBD_QC_Functionalized,NBD_Combinatorial_M08_Aligned,RDKit_MMFF94_3D
[H]C1=C(c2ccncc2)C2CC1(C)C=C2C,265.0,64.5,75.0,0.0001,H,4-Pyridyl,"1,4-Dimethyl",NBD_QC_Functionalized,NBD_Combinatorial_M08_Aligned,RDKit_MMFF94_3D
[H]C1=C(C(=O)O)C2C=CC1C2,250.0,112.56,75.0,0.0001,H,Carboxylic acid,Unsubstituted_C7,NBD_QC_Functionalized,NBD_Combinatorial_M08_Aligned,RDKit_MMFF94_3D
[H]C1=C(C(=O)O)C2C=CC1C2(C)C,250.0,68.5,75.0,0.0001,H,Carboxylic acid,"7,7-Dimethyl",NBD_QC_Functionalized,NBD_Combinatorial_M08_Aligned,RDKit_MMFF94_3D
[H]C1=C(C(=O)O)C2CC1(C)C=C2C,250.0,106.04,75.0,0.0001,H,Carboxylic acid,"1,4-Dimethyl",NBD_QC_Functionalized,NBD_Combinatorial_M08_Aligned,RDKit_MMFF94_3D
[H]C1=C(C(=O)OCC(CC)CCCC)C2C=CC1C2,255.0,123.29,75.0,0.0001,H,Ethylhexyl ester,Unsubstituted_C7,NBD_QC_Functionalized,NBD_Combinatorial_M08_Aligned,RDKit_MMFF94_3D
[H]C1=C(C(=O)OCC(CC)CCCC)C2C=CC1C2(C)C,255.0,67.5,75.0,0.0001,H,Ethylhexyl ester,"7,7-Dimethyl",NBD_QC_Functionalized,NBD_Combinatorial_M08_Aligned,RDKit_MMFF94_3D
[H]C1=C(C(=O)OCC(CC)CCCC)C2CC1(C)C=C2C,255.0,94.12,75.0,0.0001,H,Ethylhexyl ester,"1,4-Dimethyl",NBD_QC_Functionalized,NBD_Combinatorial_M08_Aligned,RDKit_MMFF94_3D
[H]C1=C(c2cccc(C#N)c2)C2C=CC1C2,277.0,73.5,75.0,0.0001,H,3-Cyanophenyl,Unsubstituted_C7,NBD_QC_Functionalized,NBD_Combinatorial_M08_Aligned,RDKit_MMFF94_3D
[H]C1=C(c2cccc(C#N)c2)C2C=CC1C2(C)C,277.0,80.5,75.0,0.0001,H,3-Cyanophenyl,"7,7-Dimethyl",NBD_QC_Functionalized,NBD_Combinatorial_M08_Aligned,RDKit_MMFF94_3D
[H]C1=C(c2cccc(C#N)c2)C2CC1(C)C=C2C,277.0,75.5,75.0,0.0001,H,3-Cyanophenyl,"1,4-Dimethyl",NBD_QC_Functionalized,NBD_Combinatorial_M08_Aligned,RDKit_MMFF94_3D
[H]C1=C(C(=O)OC(C)C)C2C=CC1C2,253.0,113.58,75.0,0.0001,H,Isopropyl ester,Unsubstituted_C7,NBD_QC_Functionalized,NBD_Combinatorial_M08_Aligned,RDKit_MMFF94_3D
[H]C1=C(C(=O)OC(C)C)C2C=CC1C2(C)C,253.0,42.85,75.0,0.0001,H,Isopropyl ester,"7,7-Dimethyl",NBD_QC_Functionalized,NBD_Combinatorial_M08_Aligned,RDKit_MMFF94_3D
[H]C1=C(C(=O)OC(C)C)C2CC1(C)C=C2C,253.0,101.6,75.0,0.0001,H,Isopropyl ester,"1,4-Dimethyl",NBD_QC_Functionalized,NBD_Combinatorial_M08_Aligned,RDKit_MMFF94_3D
[H]C1=C(S(=O)(=O)c2ccccc2)C2C=CC1C2,267.0,77.5,75.0,0.0001,H,Phenylsulfonyl,Unsubstituted_C7,NBD_QC_Functionalized,NBD_Combinatorial_M08_Aligned,RDKit_MMFF94_3D
[H]C1=C(S(=O)(=O)c2ccccc2)C2C=CC1C2(C)C,267.0,63.5,75.0,0.0001,H,Phenylsulfonyl,"7,7-Dimethyl",NBD_QC_Functionalized,NBD_Combinatorial_M08_Aligned,RDKit_MMFF94_3D
[H]C1=C(S(=O)(=O)c2ccccc2)C2CC1(C)C=C2C,267.0,80.5,75.0,0.0001,H,Phenylsulfonyl,"1,4-Dimethyl",NBD_QC_Functionalized,NBD_Combinatorial_M08_Aligned,RDKit_MMFF94_3D
[H]C1=C(c2nccs2)C2C=CC1C2,261.0,60.91,75.0,0.0001,H,2-Thiazolyl,Unsubstituted_C7,NBD_QC_Functionalized,NBD_Combinatorial_M08_Aligned,RDKit_MMFF94_3D
[H]C1=C(c2nccs2)C2C=CC1C2(C)C,261.0,65.5,75.0,0.0001,H,2-Thiazolyl,"7,7-Dimethyl",NBD_QC_Functionalized,NBD_Combinatorial_M08_Aligned,RDKit_MMFF94_3D
[H]C1=C(c2nccs2)C2CC1(C)C=C2C,261.0,53.69,75.0,0.0001,H,2-Thiazolyl,"1,4-Dimethyl",NBD_QC_Functionalized,NBD_Combinatorial_M08_Aligned,RDKit_MMFF94_3D
[H]C1=C(C(=O)NCC)C2C=CC1C2,251.0,101.96,75.0,0.0001,H,Ethylamide,Unsubstituted_C7,NBD_QC_Functionalized,NBD_Combinatorial_M08_Aligned,RDKit_MMFF94_3D
[H]C1=C(C(=O)NCC)C2C=CC1C2(C)C,251.0,31.04,75.0,0.0001,H,Ethylamide,"7,7-Dimethyl",NBD_QC_Functionalized,NBD_Combinatorial_M08_Aligned,RDKit_MMFF94_3D
[H]C1=C(C(=O)NCC)C2CC1(C)C=C2C,251.0,95.49,75.0,0.0001,H,Ethylamide,"1,4-Dimethyl",NBD_QC_Functionalized,NBD_Combinatorial_M08_Aligned,RDKit_MMFF94_3D
N#CC1=C(c2ccccc2)C2C=CC1C2,330.0,62.89,75.0,0.0001,Phenyl,Cyano,Unsubstituted_C7,NBD_QC_Functionalized,NBD_Combinatorial_M08_Aligned,RDKit_MMFF94_3D
CC1(C)C2C=CC1C(c1ccccc1)=C2C#N,330.0,68.42,75.0,0.0001,Phenyl,Cyano,"7,7-Dimethyl",NBD_QC_Functionalized,NBD_Combinatorial_M08_Aligned,RDKit_MMFF94_3D
CC1=CC2(C)CC1C(C#N)=C2c1ccccc1,330.0,51.97,75.0,0.0001,Phenyl,Cyano,"1,4-Dimethyl",NBD_QC_Functionalized,NBD_Combinatorial_M08_Aligned,RDKit_MMFF94_3D
COC(=O)C1=C(c2ccccc2)C2C=CC1C2,333.0,69.78,75.0,0.0001,Phenyl,Methyl ester,Unsubstituted_C7,NBD_QC_Functionalized,NBD_Combinatorial_M08_Aligned,RDKit_MMFF94_3D
COC(=O)C1=C(c2ccccc2)C2C=CC1C2(C)C,333.0,68.33,75.0,0.0001,Phenyl,Methyl ester,"7,7-Dimethyl",NBD_QC_Functionalized,NBD_Combinatorial_M08_Aligned,RDKit_MMFF94_3D
COC(=O)C1=C(c2ccccc2)C2(C)C=C(C)C1C2,333.0,58.49,75.0,0.0001,Phenyl,Methyl ester,"1,4-Dimethyl",NBD_QC_Functionalized,NBD_Combinatorial_M08_Aligned,RDKit_MMFF94_3D
CCOC(=O)C1=C(c2ccccc2)C2C=CC1C2,333.0,67.7,75.0,0.0001,Phenyl,Ethyl ester,Unsubstituted_C7,NBD_QC_Functionalized,NBD_Combinatorial_M08_Aligned,RDKit_MMFF94_3D
CCOC(=O)C1=C(c2ccccc2)C2C=CC1C2(C)C,333.0,76.5,75.0,0.0001,Phenyl,Ethyl ester,"7,7-Dimethyl",NBD_QC_Functionalized,NBD_Combinatorial_M08_Aligned,RDKit_MMFF94_3D
CCOC(=O)C1=C(c2ccccc2)C2(C)C=C(C)C1C2,333.0,77.5,75.0,0.0001,Phenyl,Ethyl ester,"1,4-Dimethyl",NBD_QC_Functionalized,NBD_Combinatorial_M08_Aligned,RDKit_MMFF94_3D
CC(=O)C1=C(c2ccccc2)C2C=CC1C2,335.0,71.5,75.0,0.0001,Phenyl,Acetyl,Unsubstituted_C7,NBD_QC_Functionalized,NBD_Combinatorial_M08_Aligned,RDKit_MMFF94_3D
CC(=O)C1=C(c2ccccc2)C2C=CC1C2(C)C,335.0,68.27,75.0,0.0001,Phenyl,Acetyl,"7,7-Dimethyl",NBD_QC_Functionalized,NBD_Combinatorial_M08_Aligned,RDKit_MMFF94_3D
CC(=O)C1=C(c2ccccc2)C2(C)C=C(C)C1C2,335.0,40.91,75.0,0.0001,Phenyl,Acetyl,"1,4-Dimethyl",NBD_QC_Functionalized,NBD_Combinatorial_M08_Aligned,RDKit_MMFF94_3D
FC(F)(F)C1=C(c2ccccc2)C2C=CC1C2,320.0,134.25,75.0,0.0001,Phenyl,Trifluoromethyl,Unsubstituted_C7,NBD_QC_Functionalized,NBD_Combinatorial_M08_Aligned,RDKit_MMFF94_3D
CC1(C)C2C=CC1C(C(F)(F)F)=C2c1ccccc1,320.0,68.1,75.0,0.0001,Phenyl,Trifluoromethyl,"7,7-Dimethyl",NBD_QC_Functionalized,NBD_Combinatorial_M08_Aligned,RDKit_MMFF94_3D
CC1=CC2(C)CC1C(C(F)(F)F)=C2c1ccccc1,320.0,125.61,75.0,0.0001,Phenyl,Trifluoromethyl,"1,4-Dimethyl",NBD_QC_Functionalized,NBD_Combinatorial_M08_Aligned,RDKit_MMFF94_3D
CS(=O)(=O)C1=C(c2ccccc2)C2C=CC1C2,325.0,140.25,75.0,0.0001,Phenyl,Methylsulfonyl,Unsubstituted_C7,NBD_QC_Functionalized,NBD_Combinatorial_M08_Aligned,RDKit_MMFF94_3D
CC1(C)C2C=CC1C(S(C)(=O)=O)=C2c1ccccc1,325.0,105.01,75.0,0.0001,Phenyl,Methylsulfonyl,"7,7-Dimethyl",NBD_QC_Functionalized,NBD_Combinatorial_M08_Aligned,RDKit_MMFF94_3D
CC1=CC2(C)CC1C(S(C)(=O)=O)=C2c1ccccc1,325.0,81.5,75.0,0.0001,Phenyl,Methylsulfonyl,"1,4-Dimethyl",NBD_QC_Functionalized,NBD_Combinatorial_M08_Aligned,RDKit_MMFF94_3D
NC(=O)C1=C(c2ccccc2)C2C=CC1C2,329.0,72.91,75.0,0.0001,Phenyl,Carboxamide,Unsubstituted_C7,NBD_QC_Functionalized,NBD_Combinatorial_M08_Aligned,RDKit_MMFF94_3D
CC1(C)C2C=CC1C(c1ccccc1)=C2C(N)=O,329.0,68.45,75.0,0.0001,Phenyl,Carboxamide,"7,7-Dimethyl",NBD_QC_Functionalized,NBD_Combinatorial_M08_Aligned,RDKit_MMFF94_3D
CC1=CC2(C)CC1C(C(N)=O)=C2c1ccccc1,329.0,67.83,75.0,0.0001,Phenyl,Carboxamide,"1,4-Dimethyl",NBD_QC_Functionalized,NBD_Combinatorial_M08_Aligned,RDKit_MMFF94_3D
N#Cc1ccc(C2=C(c3ccccc3)C3C=CC2C3)cc1,360.0,67.52,75.0,0.0001,Phenyl,4-Cyanophenyl,Unsubstituted_C7,NBD_QC_Functionalized,NBD_Combinatorial_M08_Aligned,RDKit_MMFF94_3D
CC1(C)C2C=CC1C(c1ccc(C#N)cc1)=C2c1ccccc1,360.0,69.5,75.0,0.0001,Phenyl,4-Cyanophenyl,"7,7-Dimethyl",NBD_QC_Functionalized,NBD_Combinatorial_M08_Aligned,RDKit_MMFF94_3D
CC1=CC2(C)CC1C(c1ccc(C#N)cc1)=C2c1ccccc1,360.0,67.52,75.0,0.0001,Phenyl,4-Cyanophenyl,"1,4-Dimethyl",NBD_QC_Functionalized,NBD_Combinatorial_M08_Aligned,RDKit_MMFF94_3D
O=[N+]([O-])c1ccc(C2=C(c3ccccc3)C3C=CC2C3)cc1,365.0,67.37,75.0,0.0001,Phenyl,4-Nitrophenyl,Unsubstituted_C7,NBD_QC_Functionalized,NBD_Combinatorial_M08_Aligned,RDKit_MMFF94_3D
CC1(C)C2C=CC1C(c1ccc([N+](=O)[O-])cc1)=C2c1ccccc1,365.0,67.37,75.0,0.0001,Phenyl,4-Nitrophenyl,"7,7-Dimethyl",NBD_QC_Functionalized,NBD_Combinatorial_M08_Aligned,RDKit_MMFF94_3D
CC1=CC2(C)CC1C(c1ccc([N+](=O)[O-])cc1)=C2c1ccccc1,365.0,79.5,75.0,0.0001,Phenyl,4-Nitrophenyl,"1,4-Dimethyl",NBD_QC_Functionalized,NBD_Combinatorial_M08_Aligned,RDKit_MMFF94_3D
FC(F)(F)c1ccc(C2=C(c3ccccc3)C3C=CC2C3)cc1,353.0,67.73,75.0,0.0001,Phenyl,4-Trifluoromethylphenyl,Unsubstituted_C7,NBD_QC_Functionalized,NBD_Combinatorial_M08_Aligned,RDKit_MMFF94_3D
CC1(C)C2C=CC1C(c1ccc(C(F)(F)F)cc1)=C2c1ccccc1,353.0,67.73,75.0,0.0001,Phenyl,4-Trifluoromethylphenyl,"7,7-Dimethyl",NBD_QC_Functionalized,NBD_Combinatorial_M08_Aligned,RDKit_MMFF94_3D
CC1=CC2(C)CC1C(c1ccc(C(F)(F)F)cc1)=C2c1ccccc1,353.0,62.5,75.0,0.0001,Phenyl,4-Trifluoromethylphenyl,"1,4-Dimethyl",NBD_QC_Functionalized,NBD_Combinatorial_M08_Aligned,RDKit_MMFF94_3D
O=C(C1=C(c2ccccc2)C2C=CC1C2)c1ccccc1,350.0,47.32,75.0,0.0001,Phenyl,Benzoyl,Unsubstituted_C7,NBD_QC_Functionalized,NBD_Combinatorial_M08_Aligned,RDKit_MMFF94_3D
CC1(C)C2C=CC1C(c1ccccc1)=C2C(=O)c1ccccc1,350.0,67.82,75.0,0.0001,Phenyl,Benzoyl,"7,7-Dimethyl",NBD_QC_Functionalized,NBD_Combinatorial_M08_Aligned,RDKit_MMFF94_3D
CC1=CC2(C)CC1C(C(=O)c1ccccc1)=C2c1ccccc1,350.0,71.5,75.0,0.0001,Phenyl,Benzoyl,"1,4-Dimethyl",NBD_QC_Functionalized,NBD_Combinatorial_M08_Aligned,RDKit_MMFF94_3D
C1=CC2CC1C(c1ccccc1)=C2c1ccccn1,343.0,60.5,75.0,0.0001,Phenyl,2-Pyridyl,Unsubstituted_C7,NBD_QC_Functionalized,NBD_Combinatorial_M08_Aligned,RDKit_MMFF94_3D
CC1(C)C2C=CC1C(c1ccccn1)=C2c1ccccc1,343.0,68.5,75.0,0.0001,Phenyl,2-Pyridyl,"7,7-Dimethyl",NBD_QC_Functionalized,NBD_Combinatorial_M08_Aligned,RDKit_MMFF94_3D
CC1=CC2(C)CC1C(c1ccccn1)=C2c1ccccc1,343.0,64.5,75.0,0.0001,Phenyl,2-Pyridyl,"1,4-Dimethyl",NBD_QC_Functionalized,NBD_Combinatorial_M08_Aligned,RDKit_MMFF94_3D
C1=CC2CC1C(c1ccccc1)=C2c1ccncc1,345.0,67.97,75.0,0.0001,Phenyl,4-Pyridyl,Unsubstituted_C7,NBD_QC_Functionalized,NBD_Combinatorial_M08_Aligned,RDKit_MMFF94_3D
CC1(C)C2C=CC1C(c1ccncc1)=C2c1ccccc1,345.0,77.5,75.0,0.0001,Phenyl,4-Pyridyl,"7,7-Dimethyl",NBD_QC_Functionalized,NBD_Combinatorial_M08_Aligned,RDKit_MMFF94_3D
CC1=CC2(C)CC1C(c1ccncc1)=C2c1ccccc1,345.0,67.97,75.0,0.0001,Phenyl,4-Pyridyl,"1,4-Dimethyl",NBD_QC_Functionalized,NBD_Combinatorial_M08_Aligned,RDKit_MMFF94_3D
O=C(O)C1=C(c2ccccc2)C2C=CC1C2,330.0,70.98,75.0,0.0001,Phenyl,Carboxylic acid,Unsubstituted_C7,NBD_QC_Functionalized,NBD_Combinatorial_M08_Aligned,RDKit_MMFF94_3D
CC1(C)C2C=CC1C(c1ccccc1)=C2C(=O)O,330.0,77.5,75.0,0.0001,Phenyl,Carboxylic acid,"7,7-Dimethyl",NBD_QC_Functionalized,NBD_Combinatorial_M08_Aligned,RDKit_MMFF94_3D
CC1=CC2(C)CC1C(C(=O)O)=C2c1ccccc1,330.0,64.03,75.0,0.0001,Phenyl,Carboxylic acid,"1,4-Dimethyl",NBD_QC_Functionalized,NBD_Combinatorial_M08_Aligned,RDKit_MMFF94_3D
CCCCC(CC)COC(=O)C1=C(c2ccccc2)C2C=CC1C2,335.0,58.35,75.0,0.0001,Phenyl,Ethylhexyl ester,Unsubstituted_C7,NBD_QC_Functionalized,NBD_Combinatorial_M08_Aligned,RDKit_MMFF94_3D
CCCCC(CC)COC(=O)C1=C(c2ccccc2)C2C=CC1C2(C)C,335.0,79.5,75.0,0.0001,Phenyl,Ethylhexyl ester,"7,7-Dimethyl",NBD_QC_Functionalized,NBD_Combinatorial_M08_Aligned,RDKit_MMFF94_3D
CCCCC(CC)COC(=O)C1=C(c2ccccc2)C2(C)C=C(C)C1C2,335.0,44.36,75.0,0.0001,Phenyl,Ethylhexyl ester,"1,4-Dimethyl",NBD_QC_Functionalized,NBD_Combinatorial_M08_Aligned,RDKit_MMFF94_3D
N#Cc1cccc(C2=C(c3ccccc3)C3C=CC2C3)c1,357.0,67.61,75.0,0.0001,Phenyl,3-Cyanophenyl,Unsubstituted_C7,NBD_QC_Functionalized,NBD_Combinatorial_M08_Aligned,RDKit_MMFF94_3D
CC1(C)C2C=CC1C(c1cccc(C#N)c1)=C2c1ccccc1,357.0,77.5,75.0,0.0001,Phenyl,3-Cyanophenyl,"7,7-Dimethyl",NBD_QC_Functionalized,NBD_Combinatorial_M08_Aligned,RDKit_MMFF94_3D
CC1=CC2(C)CC1C(c1cccc(C#N)c1)=C2c1ccccc1,357.0,67.61,75.0,0.0001,Phenyl,3-Cyanophenyl,"1,4-Dimethyl",NBD_QC_Functionalized,NBD_Combinatorial_M08_Aligned,RDKit_MMFF94_3D
CC(C)OC(=O)C1=C(c2ccccc2)C2C=CC1C2,333.0,69.95,75.0,0.0001,Phenyl,Isopropyl ester,Unsubstituted_C7,NBD_QC_Functionalized,NBD_Combinatorial_M08_Aligned,RDKit_MMFF94_3D
CC(C)OC(=O)C1=C(c2ccccc2)C2C=CC1C2(C)C,333.0,72.5,75.0,0.0001,Phenyl,Isopropyl ester,"7,7-Dimethyl",NBD_QC_Functionalized,NBD_Combinatorial_M08_Aligned,RDKit_MMFF94_3D
CC1=CC2(C)CC1C(C(=O)OC(C)C)=C2c1ccccc1,333.0,65.05,75.0,0.0001,Phenyl,Isopropyl ester,"1,4-Dimethyl",NBD_QC_Functionalized,NBD_Combinatorial_M08_Aligned,RDKit_MMFF94_3D
O=S(=O)(C1=C(c2ccccc2)C2C=CC1C2)c1ccccc1,347.0,74.5,75.0,0.0001,Phenyl,Phenylsulfonyl,Unsubstituted_C7,NBD_QC_Functionalized,NBD_Combinatorial_M08_Aligned,RDKit_MMFF94_3D
CC1(C)C2C=CC1C(S(=O)(=O)c1ccccc1)=C2c1ccccc1,347.0,104.46,75.0,0.0001,Phenyl,Phenylsulfonyl,"7,7-Dimethyl",NBD_QC_Functionalized,NBD_Combinatorial_M08_Aligned,RDKit_MMFF94_3D
CC1=CC2(C)CC1C(S(=O)(=O)c1ccccc1)=C2c1ccccc1,347.0,76.5,75.0,0.0001,Phenyl,Phenylsulfonyl,"1,4-Dimethyl",NBD_QC_Functionalized,NBD_Combinatorial_M08_Aligned,RDKit_MMFF94_3D
C1=CC2CC1C(c1ccccc1)=C2c1nccs1,341.0,76.5,75.0,0.0001,Phenyl,2-Thiazolyl,Unsubstituted_C7,NBD_QC_Functionalized,NBD_Combinatorial_M08_Aligned,RDKit_MMFF94_3D
CC1(C)C2C=CC1C(c1nccs1)=C2c1ccccc1,341.0,68.09,75.0,0.0001,Phenyl,2-Thiazolyl,"7,7-Dimethyl",NBD_QC_Functionalized,NBD_Combinatorial_M08_Aligned,RDKit_MMFF94_3D
CC1=CC2(C)CC1C(c1nccs1)=C2c1ccccc1,341.0,71.5,75.0,0.0001,Phenyl,2-Thiazolyl,"1,4-Dimethyl",NBD_QC_Functionalized,NBD_Combinatorial_M08_Aligned,RDKit_MMFF94_3D
CCNC(=O)C1=C(c2ccccc2)C2C=CC1C2,331.0,77.53,75.0,0.0001,Phenyl,Ethylamide,Unsubstituted_C7,NBD_QC_Functionalized,NBD_Combinatorial_M08_Aligned,RDKit_MMFF94_3D
CCNC(=O)C1=C(c2ccccc2)C2C=CC1C2(C)C,331.0,82.5,75.0,0.0001,Phenyl,Ethylamide,"7,7-Dimethyl",NBD_QC_Functionalized,NBD_Combinatorial_M08_Aligned,RDKit_MMFF94_3D
CCNC(=O)C1=C(c2ccccc2)C2(C)C=C(C)C1C2,331.0,36.28,75.0,0.0001,Phenyl,Ethylamide,"1,4-Dimethyl",NBD_QC_Functionalized,NBD_Combinatorial_M08_Aligned,RDKit_MMFF94_3D
COc1ccc(C2=C(C#N)C3C=CC2C3)cc1,352.0,65.39,75.0,0.0001,4-Methoxyphenyl,Cyano,Unsubstituted_C7,NBD_QC_Functionalized,NBD_Combinatorial_M08_Aligned,RDKit_MMFF94_3D
COc1ccc(C2=C(C#N)C3C=CC2C3(C)C)cc1,352.0,66.5,75.0,0.0001,4-Methoxyphenyl,Cyano,"7,7-Dimethyl",NBD_QC_Functionalized,NBD_Combinatorial_M08_Aligned,RDKit_MMFF94_3D
COc1ccc(C2=C(C#N)C3CC2(C)C=C3C)cc1,352.0,58.62,75.0,0.0001,4-Methoxyphenyl,Cyano,"1,4-Dimethyl",NBD_QC_Functionalized,NBD_Combinatorial_M08_Aligned,RDKit_MMFF94_3D
COC(=O)C1=C(c2ccc(OC)cc2)C2C=CC1C2,355.0,65.5,75.0,0.0001,4-Methoxyphenyl,Methyl ester,Unsubstituted_C7,NBD_QC_Functionalized,NBD_Combinatorial_M08_Aligned,RDKit_MMFF94_3D
COC(=O)C1=C(c2ccc(OC)cc2)C2C=CC1C2(C)C,355.0,68.5,75.0,0.0001,4-Methoxyphenyl,Methyl ester,"7,7-Dimethyl",NBD_QC_Functionalized,NBD_Combinatorial_M08_Aligned,RDKit_MMFF94_3D
COC(=O)C1=C(c2ccc(OC)cc2)C2(C)C=C(C)C1C2,355.0,62.35,75.0,0.0001,4-Methoxyphenyl,Methyl ester,"1,4-Dimethyl",NBD_QC_Functionalized,NBD_Combinatorial_M08_Aligned,RDKit_MMFF94_3D
CCOC(=O)C1=C(c2ccc(OC)cc2)C2C=CC1C2,355.0,68.6,75.0,0.0001,4-Methoxyphenyl,Ethyl ester,Unsubstituted_C7,NBD_QC_Functionalized,NBD_Combinatorial_M08_Aligned,RDKit_MMFF94_3D
CCOC(=O)C1=C(c2ccc(OC)cc2)C2C=CC1C2(C)C,355.0,69.43,75.0,0.0001,4-Methoxyphenyl,Ethyl ester,"7,7-Dimethyl",NBD_QC_Functionalized,NBD_Combinatorial_M08_Aligned,RDKit_MMFF94_3D
CCOC(=O)C1=C(c2ccc(OC)cc2)C2(C)C=C(C)C1C2,355.0,57.1,75.0,0.0001,4-Methoxyphenyl,Ethyl ester,"1,4-Dimethyl",NBD_QC_Functionalized,NBD_Combinatorial_M08_Aligned,RDKit_MMFF94_3D
COc1ccc(C2=C(C(C)=O)C3C=CC2C3)cc1,357.0,32.96,75.0,0.0001,4-Methoxyphenyl,Acetyl,Unsubstituted_C7,NBD_QC_Functionalized,NBD_Combinatorial_M08_Aligned,RDKit_MMFF94_3D
COc1ccc(C2=C(C(C)=O)C3C=CC2C3(C)C)cc1,357.0,69.37,75.0,0.0001,4-Methoxyphenyl,Acetyl,"7,7-Dimethyl",NBD_QC_Functionalized,NBD_Combinatorial_M08_Aligned,RDKit_MMFF94_3D
COc1ccc(C2=C(C(C)=O)C3CC2(C)C=C3C)cc1,357.0,67.5,75.0,0.0001,4-Methoxyphenyl,Acetyl,"1,4-Dimethyl",NBD_QC_Functionalized,NBD_Combinatorial_M08_Aligned,RDKit_MMFF94_3D
COc1ccc(C2=C(C(F)(F)F)C3C=CC2C3)cc1,342.0,134.05,75.0,0.0001,4-Methoxyphenyl,Trifluoromethyl,Unsubstituted_C7,NBD_QC_Functionalized,NBD_Combinatorial_M08_Aligned,RDKit_MMFF94_3D
COc1ccc(C2=C(C(F)(F)F)C3C=CC2C3(C)C)cc1,342.0,66.89,75.0,0.0001,4-Methoxyphenyl,Trifluoromethyl,"7,7-Dimethyl",NBD_QC_Functionalized,NBD_Combinatorial_M08_Aligned,RDKit_MMFF94_3D
COc1ccc(C2=C(C(F)(F)F)C3CC2(C)C=C3C)cc1,342.0,127.08,75.0,0.0001,4-Methoxyphenyl,Trifluoromethyl,"1,4-Dimethyl",NBD_QC_Functionalized,NBD_Combinatorial_M08_Aligned,RDKit_MMFF94_3D
COc1ccc(C2=C(S(C)(=O)=O)C3C=CC2C3)cc1,347.0,62.5,75.0,0.0001,4-Methoxyphenyl,Methylsulfonyl,Unsubstituted_C7,NBD_QC_Functionalized,NBD_Combinatorial_M08_Aligned,RDKit_MMFF94_3D
COc1ccc(C2=C(S(C)(=O)=O)C3C=CC2C3(C)C)cc1,347.0,84.79,75.0,0.0001,4-Methoxyphenyl,Methylsulfonyl,"7,7-Dimethyl",NBD_QC_Functionalized,NBD_Combinatorial_M08_Aligned,RDKit_MMFF94_3D
COc1ccc(C2=C(S(C)(=O)=O)C3CC2(C)C=C3C)cc1,347.0,67.5,75.0,0.0001,4-Methoxyphenyl,Methylsulfonyl,"1,4-Dimethyl",NBD_QC_Functionalized,NBD_Combinatorial_M08_Aligned,RDKit_MMFF94_3D
COc1ccc(C2=C(C(N)=O)C3C=CC2C3)cc1,351.0,54.34,75.0,0.0001,4-Methoxyphenyl,Carboxamide,Unsubstituted_C7,NBD_QC_Functionalized,NBD_Combinatorial_M08_Aligned,RDKit_MMFF94_3D
COc1ccc(C2=C(C(N)=O)C3C=CC2C3(C)C)cc1,351.0,72.5,75.0,0.0001,4-Methoxyphenyl,Carboxamide,"7,7-Dimethyl",NBD_QC_Functionalized,NBD_Combinatorial_M08_Aligned,RDKit_MMFF94_3D
COc1ccc(C2=C(C(N)=O)C3CC2(C)C=C3C)cc1,351.0,69.92,75.0,0.0001,4-Methoxyphenyl,Carboxamide,"1,4-Dimethyl",NBD_QC_Functionalized,NBD_Combinatorial_M08_Aligned,RDKit_MMFF94_3D
COc1ccc(C2=C(c3ccc(C#N)cc3)C3C=CC2C3)cc1,382.0,68.62,75.0,0.0001,4-Methoxyphenyl,4-Cyanophenyl,Unsubstituted_C7,NBD_QC_Functionalized,NBD_Combinatorial_M08_Aligned,RDKit_MMFF94_3D
COc1ccc(C2=C(c3ccc(C#N)cc3)C3C=CC2C3(C)C)cc1,382.0,68.62,75.0,0.0001,4-Methoxyphenyl,4-Cyanophenyl,"7,7-Dimethyl",NBD_QC_Functionalized,NBD_Combinatorial_M08_Aligned,RDKit_MMFF94_3D
COc1ccc(C2=C(c3ccc(C#N)cc3)C3CC2(C)C=C3C)cc1,382.0,68.62,75.0,0.0001,4-Methoxyphenyl,4-Cyanophenyl,"1,4-Dimethyl",NBD_QC_Functionalized,NBD_Combinatorial_M08_Aligned,RDKit_MMFF94_3D
COc1ccc(C2=C(c3ccc([N+](=O)[O-])cc3)C3C=CC2C3)cc1,387.0,61.5,75.0,0.0001,4-Methoxyphenyl,4-Nitrophenyl,Unsubstituted_C7,NBD_QC_Functionalized,NBD_Combinatorial_M08_Aligned,RDKit_MMFF94_3D
COc1ccc(C2=C(c3ccc([N+](=O)[O-])cc3)C3C=CC2C3(C)C)cc1,387.0,68.47,75.0,0.0001,4-Methoxyphenyl,4-Nitrophenyl,"7,7-Dimethyl",NBD_QC_Functionalized,NBD_Combinatorial_M08_Aligned,RDKit_MMFF94_3D
COc1ccc(C2=C(c3ccc([N+](=O)[O-])cc3)C3CC2(C)C=C3C)cc1,387.0,68.47,75.0,0.0001,4-Methoxyphenyl,4-Nitrophenyl,"1,4-Dimethyl",NBD_QC_Functionalized,NBD_Combinatorial_M08_Aligned,RDKit_MMFF94_3D
COc1ccc(C2=C(c3ccc(C(F)(F)F)cc3)C3C=CC2C3)cc1,375.0,68.83,75.0,0.0001,4-Methoxyphenyl,4-Trifluoromethylphenyl,Unsubstituted_C7,NBD_QC_Functionalized,NBD_Combinatorial_M08_Aligned,RDKit_MMFF94_3D
COc1ccc(C2=C(c3ccc(C(F)(F)F)cc3)C3C=CC2C3(C)C)cc1,375.0,75.5,75.0,0.0001,4-Methoxyphenyl,4-Trifluoromethylphenyl,"7,7-Dimethyl",NBD_QC_Functionalized,NBD_Combinatorial_M08_Aligned,RDKit_MMFF94_3D
COc1ccc(C2=C(c3ccc(C(F)(F)F)cc3)C3CC2(C)C=C3C)cc1,375.0,68.83,75.0,0.0001,4-Methoxyphenyl,4-Trifluoromethylphenyl,"1,4-Dimethyl",NBD_QC_Functionalized,NBD_Combinatorial_M08_Aligned,RDKit_MMFF94_3D
COc1ccc(C2=C(C(=O)c3ccccc3)C3C=CC2C3)cc1,372.0,80.5,75.0,0.0001,4-Methoxyphenyl,Benzoyl,Unsubstituted_C7,NBD_QC_Functionalized,NBD_Combinatorial_M08_Aligned,RDKit_MMFF94_3D
COc1ccc(C2=C(C(=O)c3ccccc3)C3C=CC2C3(C)C)cc1,372.0,68.92,75.0,0.0001,4-Methoxyphenyl,Benzoyl,"7,7-Dimethyl",NBD_QC_Functionalized,NBD_Combinatorial_M08_Aligned,RDKit_MMFF94_3D
COc1ccc(C2=C(C(=O)c3ccccc3)C3CC2(C)C=C3C)cc1,372.0,67.5,75.0,0.0001,4-Methoxyphenyl,Benzoyl,"1,4-Dimethyl",NBD_QC_Functionalized,NBD_Combinatorial_M08_Aligned,RDKit_MMFF94_3D
COc1ccc(C2=C(c3ccccn3)C3C=CC2C3)cc1,365.0,82.5,75.0,0.0001,4-Methoxyphenyl,2-Pyridyl,Unsubstituted_C7,NBD_QC_Functionalized,NBD_Combinatorial_M08_Aligned,RDKit_MMFF94_3D
COc1ccc(C2=C(c3ccccn3)C3C=CC2C3(C)C)cc1,365.0,69.5,75.0,0.0001,4-Methoxyphenyl,2-Pyridyl,"7,7-Dimethyl",NBD_QC_Functionalized,NBD_Combinatorial_M08_Aligned,RDKit_MMFF94_3D
COc1ccc(C2=C(c3ccccn3)C3CC2(C)C=C3C)cc1,365.0,58.5,75.0,0.0001,4-Methoxyphenyl,2-Pyridyl,"1,4-Dimethyl",NBD_QC_Functionalized,NBD_Combinatorial_M08_Aligned,RDKit_MMFF94_3D
COc1ccc(C2=C(c3ccncc3)C3C=CC2C3)cc1,367.0,69.07,75.0,0.0001,4-Methoxyphenyl,4-Pyridyl,Unsubstituted_C7,NBD_QC_Functionalized,NBD_Combinatorial_M08_Aligned,RDKit_MMFF94_3D
COc1ccc(C2=C(c3ccncc3)C3C=CC2C3(C)C)cc1,367.0,60.5,75.0,0.0001,4-Methoxyphenyl,4-Pyridyl,"7,7-Dimethyl",NBD_QC_Functionalized,NBD_Combinatorial_M08_Aligned,RDKit_MMFF94_3D
COc1ccc(C2=C(c3ccncc3)C3CC2(C)C=C3C)cc1,367.0,74.5,75.0,0.0001,4-Methoxyphenyl,4-Pyridyl,"1,4-Dimethyl",NBD_QC_Functionalized,NBD_Combinatorial_M08_Aligned,RDKit_MMFF94_3D
COc1ccc(C2=C(C(=O)O)C3C=CC2C3)cc1,352.0,69.5,75.0,0.0001,4-Methoxyphenyl,Carboxylic acid,Unsubstituted_C7,NBD_QC_Functionalized,NBD_Combinatorial_M08_Aligned,RDKit_MMFF94_3D
COc1ccc(C2=C(C(=O)O)C3C=CC2C3(C)C)cc1,352.0,63.5,75.0,0.0001,4-Methoxyphenyl,Carboxylic acid,"7,7-Dimethyl",NBD_QC_Functionalized,NBD_Combinatorial_M08_Aligned,RDKit_MMFF94_3D
COc1ccc(C2=C(C(=O)O)C3CC2(C)C=C3C)cc1,352.0,65.93,75.0,0.0001,4-Methoxyphenyl,Carboxylic acid,"1,4-Dimethyl",NBD_QC_Functionalized,NBD_Combinatorial_M08_Aligned,RDKit_MMFF94_3D
CCCCC(CC)COC(=O)C1=C(c2ccc(OC)cc2)C2C=CC1C2,357.0,72.62,75.0,0.0001,4-Methoxyphenyl,Ethylhexyl ester,Unsubstituted_C7,NBD_QC_Functionalized,NBD_Combinatorial_M08_Aligned,RDKit_MMFF94_3D
CCCCC(CC)COC(=O)C1=C(c2ccc(OC)cc2)C2C=CC1C2(C)C,357.0,69.5,75.0,0.0001,4-Methoxyphenyl,Ethylhexyl ester,"7,7-Dimethyl",NBD_QC_Functionalized,NBD_Combinatorial_M08_Aligned,RDKit_MMFF94_3D
CCCCC(CC)COC(=O)C1=C(c2ccc(OC)cc2)C2(C)C=C(C)C1C2,357.0,72.5,75.0,0.0001,4-Methoxyphenyl,Ethylhexyl ester,"1,4-Dimethyl",NBD_QC_Functionalized,NBD_Combinatorial_M08_Aligned,RDKit_MMFF94_3D
COc1ccc(C2=C(c3cccc(C#N)c3)C3C=CC2C3)cc1,379.0,68.71,75.0,0.0001,4-Methoxyphenyl,3-Cyanophenyl,Unsubstituted_C7,NBD_QC_Functionalized,NBD_Combinatorial_M08_Aligned,RDKit_MMFF94_3D
COc1ccc(C2=C(c3cccc(C#N)c3)C3C=CC2C3(C)C)cc1,379.0,68.71,75.0,0.0001,4-Methoxyphenyl,3-Cyanophenyl,"7,7-Dimethyl",NBD_QC_Functionalized,NBD_Combinatorial_M08_Aligned,RDKit_MMFF94_3D
COc1ccc(C2=C(c3cccc(C#N)c3)C3CC2(C)C=C3C)cc1,379.0,68.71,75.0,0.0001,4-Methoxyphenyl,3-Cyanophenyl,"1,4-Dimethyl",NBD_QC_Functionalized,NBD_Combinatorial_M08_Aligned,RDKit_MMFF94_3D
COc1ccc(C2=C(C(=O)OC(C)C)C3C=CC2C3)cc1,355.0,65.14,75.0,0.0001,4-Methoxyphenyl,Isopropyl ester,Unsubstituted_C7,NBD_QC_Functionalized,NBD_Combinatorial_M08_Aligned,RDKit_MMFF94_3D
COc1ccc(C2=C(C(=O)OC(C)C)C3C=CC2C3(C)C)cc1,355.0,69.43,75.0,0.0001,4-Methoxyphenyl,Isopropyl ester,"7,7-Dimethyl",NBD_QC_Functionalized,NBD_Combinatorial_M08_Aligned,RDKit_MMFF94_3D
COc1ccc(C2=C(C(=O)OC(C)C)C3CC2(C)C=C3C)cc1,355.0,55.34,75.0,0.0001,4-Methoxyphenyl,Isopropyl ester,"1,4-Dimethyl",NBD_QC_Functionalized,NBD_Combinatorial_M08_Aligned,RDKit_MMFF94_3D
COc1ccc(C2=C(S(=O)(=O)c3ccccc3)C3C=CC2C3)cc1,369.0,82.5,75.0,0.0001,4-Methoxyphenyl,Phenylsulfonyl,Unsubstituted_C7,NBD_QC_Functionalized,NBD_Combinatorial_M08_Aligned,RDKit_MMFF94_3D
COc1ccc(C2=C(S(=O)(=O)c3ccccc3)C3C=CC2C3(C)C)cc1,369.0,66.5,75.0,0.0001,4-Methoxyphenyl,Phenylsulfonyl,"7,7-Dimethyl",NBD_QC_Functionalized,NBD_Combinatorial_M08_Aligned,RDKit_MMFF94_3D
COc1ccc(C2=C(S(=O)(=O)c3ccccc3)C3CC2(C)C=C3C)cc1,369.0,59.5,75.0,0.0001,4-Methoxyphenyl,Phenylsulfonyl,"1,4-Dimethyl",NBD_QC_Functionalized,NBD_Combinatorial_M08_Aligned,RDKit_MMFF94_3D
COc1ccc(C2=C(c3nccs3)C3C=CC2C3)cc1,363.0,65.5,75.0,0.0001,4-Methoxyphenyl,2-Thiazolyl,Unsubstituted_C7,NBD_QC_Functionalized,NBD_Combinatorial_M08_Aligned,RDKit_MMFF94_3D
COc1ccc(C2=C(c3nccs3)C3C=CC2C3(C)C)cc1,363.0,69.19,75.0,0.0001,4-Methoxyphenyl,2-Thiazolyl,"7,7-Dimethyl",NBD_QC_Functionalized,NBD_Combinatorial_M08_Aligned,RDKit_MMFF94_3D
COc1ccc(C2=C(c3nccs3)C3CC2(C)C=C3C)cc1,363.0,64.5,75.0,0.0001,4-Methoxyphenyl,2-Thiazolyl,"1,4-Dimethyl",NBD_QC_Functionalized,NBD_Combinatorial_M08_Aligned,RDKit_MMFF94_3D
CCNC(=O)C1=C(c2ccc(OC)cc2)C2C=CC1C2,353.0,73.78,75.0,0.0001,4-Methoxyphenyl,Ethylamide,Unsubstituted_C7,NBD_QC_Functionalized,NBD_Combinatorial_M08_Aligned,RDKit_MMFF94_3D
CCNC(=O)C1=C(c2ccc(OC)cc2)C2C=CC1C2(C)C,353.0,69.49,75.0,0.0001,4-Methoxyphenyl,Ethylamide,"7,7-Dimethyl",NBD_QC_Functionalized,NBD_Combinatorial_M08_Aligned,RDKit_MMFF94_3D
CCNC(=O)C1=C(c2ccc(OC)cc2)C2(C)C=C(C)C1C2,353.0,47.01,75.0,0.0001,4-Methoxyphenyl,Ethylamide,"1,4-Dimethyl",NBD_QC_Functionalized,NBD_Combinatorial_M08_Aligned,RDKit_MMFF94_3D
CN(C)c1ccc(C2=C(C#N)C3C=CC2C3)cc1,375.0,64.6,75.0,0.0001,4-Dimethylaminophenyl,Cyano,Unsubstituted_C7,NBD_QC_Functionalized,NBD_Combinatorial_M08_Aligned,RDKit_MMFF94_3D
CN(C)c1ccc(C2=C(C#N)C3C=CC2C3(C)C)cc1,375.0,61.5,75.0,0.0001,4-Dimethylaminophenyl,Cyano,"7,7-Dimethyl",NBD_QC_Functionalized,NBD_Combinatorial_M08_Aligned,RDKit_MMFF94_3D
CC1=CC2(C)CC1C(C#N)=C2c1ccc(N(C)C)cc1,375.0,54.44,75.0,0.0001,4-Dimethylaminophenyl,Cyano,"1,4-Dimethyl",NBD_QC_Functionalized,NBD_Combinatorial_M08_Aligned,RDKit_MMFF94_3D
COC(=O)C1=C(c2ccc(N(C)C)cc2)C2C=CC1C2,378.0,66.59,75.0,0.0001,4-Dimethylaminophenyl,Methyl ester,Unsubstituted_C7,NBD_QC_Functionalized,NBD_Combinatorial_M08_Aligned,RDKit_MMFF94_3D
COC(=O)C1=C(c2ccc(N(C)C)cc2)C2C=CC1C2(C)C,378.0,70.58,75.0,0.0001,4-Dimethylaminophenyl,Methyl ester,"7,7-Dimethyl",NBD_QC_Functionalized,NBD_Combinatorial_M08_Aligned,RDKit_MMFF94_3D
COC(=O)C1=C(c2ccc(N(C)C)cc2)C2(C)C=C(C)C1C2,378.0,62.19,75.0,0.0001,4-Dimethylaminophenyl,Methyl ester,"1,4-Dimethyl",NBD_QC_Functionalized,NBD_Combinatorial_M08_Aligned,RDKit_MMFF94_3D
CCOC(=O)C1=C(c2ccc(N(C)C)cc2)C2C=CC1C2,378.0,67.32,75.0,0.0001,4-Dimethylaminophenyl,Ethyl ester,Unsubstituted_C7,NBD_QC_Functionalized,NBD_Combinatorial_M08_Aligned,RDKit_MMFF94_3D
CCOC(=O)C1=C(c2ccc(N(C)C)cc2)C2C=CC1C2(C)C,378.0,73.5,75.0,0.0001,4-Dimethylaminophenyl,Ethyl ester,"7,7-Dimethyl",NBD_QC_Functionalized,NBD_Combinatorial_M08_Aligned,RDKit_MMFF94_3D
CCOC(=O)C1=C(c2ccc(N(C)C)cc2)C2(C)C=C(C)C1C2,378.0,51.49,75.0,0.0001,4-Dimethylaminophenyl,Ethyl ester,"1,4-Dimethyl",NBD_QC_Functionalized,NBD_Combinatorial_M08_Aligned,RDKit_MMFF94_3D
CC(=O)C1=C(c2ccc(N(C)C)cc2)C2C=CC1C2,380.0,73.5,75.0,0.0001,4-Dimethylaminophenyl,Acetyl,Unsubstituted_C7,NBD_QC_Functionalized,NBD_Combinatorial_M08_Aligned,RDKit_MMFF94_3D
CC(=O)C1=C(c2ccc(N(C)C)cc2)C2C=CC1C2(C)C,380.0,71.5,75.0,0.0001,4-Dimethylaminophenyl,Acetyl,"7,7-Dimethyl",NBD_QC_Functionalized,NBD_Combinatorial_M08_Aligned,RDKit_MMFF94_3D
CC(=O)C1=C(c2ccc(N(C)C)cc2)C2(C)C=C(C)C1C2,380.0,65.5,75.0,0.0001,4-Dimethylaminophenyl,Acetyl,"1,4-Dimethyl",NBD_QC_Functionalized,NBD_Combinatorial_M08_Aligned,RDKit_MMFF94_3D
CN(C)c1ccc(C2=C(C(F)(F)F)C3C=CC2C3)cc1,365.0,133.6,75.0,0.0001,4-Dimethylaminophenyl,Trifluoromethyl,Unsubstituted_C7,NBD_QC_Functionalized,NBD_Combinatorial_M08_Aligned,RDKit_MMFF94_3D
CN(C)c1ccc(C2=C(C(F)(F)F)C3C=CC2C3(C)C)cc1,365.0,68.62,75.0,0.0001,4-Dimethylaminophenyl,Trifluoromethyl,"7,7-Dimethyl",NBD_QC_Functionalized,NBD_Combinatorial_M08_Aligned,RDKit_MMFF94_3D
CC1=CC2(C)CC1C(C(F)(F)F)=C2c1ccc(N(C)C)cc1,365.0,127.2,75.0,0.0001,4-Dimethylaminophenyl,Trifluoromethyl,"1,4-Dimethyl",NBD_QC_Functionalized,NBD_Combinatorial_M08_Aligned,RDKit_MMFF94_3D
CN(C)c1ccc(C2=C(S(C)(=O)=O)C3C=CC2C3)cc1,370.0,59.5,75.0,0.0001,4-Dimethylaminophenyl,Methylsulfonyl,Unsubstituted_C7,NBD_QC_Functionalized,NBD_Combinatorial_M08_Aligned,RDKit_MMFF94_3D
CN(C)c1ccc(C2=C(S(C)(=O)=O)C3C=CC2C3(C)C)cc1,370.0,59.5,75.0,0.0001,4-Dimethylaminophenyl,Methylsulfonyl,"7,7-Dimethyl",NBD_QC_Functionalized,NBD_Combinatorial_M08_Aligned,RDKit_MMFF94_3D
CC1=CC2(C)CC1C(S(C)(=O)=O)=C2c1ccc(N(C)C)cc1,370.0,71.5,75.0,0.0001,4-Dimethylaminophenyl,Methylsulfonyl,"1,4-Dimethyl",NBD_QC_Functionalized,NBD_Combinatorial_M08_Aligned,RDKit_MMFF94_3D
CN(C)c1ccc(C2=C(C(N)=O)C3C=CC2C3)cc1,374.0,73.89,75.0,0.0001,4-Dimethylaminophenyl,Carboxamide,Unsubstituted_C7,NBD_QC_Functionalized,NBD_Combinatorial_M08_Aligned,RDKit_MMFF94_3D
CN(C)c1ccc(C2=C(C(N)=O)C3C=CC2C3(C)C)cc1,374.0,70.7,75.0,0.0001,4-Dimethylaminophenyl,Carboxamide,"7,7-Dimethyl",NBD_QC_Functionalized,NBD_Combinatorial_M08_Aligned,RDKit_MMFF94_3D
CC1=CC2(C)CC1C(C(N)=O)=C2c1ccc(N(C)C)cc1,374.0,69.5,75.0,0.0001,4-Dimethylaminophenyl,Carboxamide,"1,4-Dimethyl",NBD_QC_Functionalized,NBD_Combinatorial_M08_Aligned,RDKit_MMFF94_3D
CN(C)c1ccc(C2=C(c3ccc(C#N)cc3)C3C=CC2C3)cc1,405.0,69.5,75.0,0.0001,4-Dimethylaminophenyl,4-Cyanophenyl,Unsubstituted_C7,NBD_QC_Functionalized,NBD_Combinatorial_M08_Aligned,RDKit_MMFF94_3D
CN(C)c1ccc(C2=C(c3ccc(C#N)cc3)C3C=CC2C3(C)C)cc1,405.0,69.77,75.0,0.0001,4-Dimethylaminophenyl,4-Cyanophenyl,"7,7-Dimethyl",NBD_QC_Functionalized,NBD_Combinatorial_M08_Aligned,RDKit_MMFF94_3D
CC1=CC2(C)CC1C(c1ccc(C#N)cc1)=C2c1ccc(N(C)C)cc1,405.0,69.77,75.0,0.0001,4-Dimethylaminophenyl,4-Cyanophenyl,"1,4-Dimethyl",NBD_QC_Functionalized,NBD_Combinatorial_M08_Aligned,RDKit_MMFF94_3D
CN(C)c1ccc(C2=C(c3ccc([N+](=O)[O-])cc3)C3C=CC2C3)cc1,410.0,69.62,75.0,0.0001,4-Dimethylaminophenyl,4-Nitrophenyl,Unsubstituted_C7,NBD_QC_Functionalized,NBD_Combinatorial_M08_Aligned,RDKit_MMFF94_3D
CN(C)c1ccc(C2=C(c3ccc([N+](=O)[O-])cc3)C3C=CC2C3(C)C)cc1,410.0,69.62,75.0,0.0001,4-Dimethylaminophenyl,4-Nitrophenyl,"7,7-Dimethyl",NBD_QC_Functionalized,NBD_Combinatorial_M08_Aligned,RDKit_MMFF94_3D
CC1=CC2(C)CC1C(c1ccc([N+](=O)[O-])cc1)=C2c1ccc(N(C)C)cc1,410.0,69.62,75.0,0.0001,4-Dimethylaminophenyl,4-Nitrophenyl,"1,4-Dimethyl",NBD_QC_Functionalized,NBD_Combinatorial_M08_Aligned,RDKit_MMFF94_3D
CN(C)c1ccc(C2=C(c3ccc(C(F)(F)F)cc3)C3C=CC2C3)cc1,398.0,69.98,75.0,0.0001,4-Dimethylaminophenyl,4-Trifluoromethylphenyl,Unsubstituted_C7,NBD_QC_Functionalized,NBD_Combinatorial_M08_Aligned,RDKit_MMFF94_3D
CN(C)c1ccc(C2=C(c3ccc(C(F)(F)F)cc3)C3C=CC2C3(C)C)cc1,398.0,69.98,75.0,0.0001,4-Dimethylaminophenyl,4-Trifluoromethylphenyl,"7,7-Dimethyl",NBD_QC_Functionalized,NBD_Combinatorial_M08_Aligned,RDKit_MMFF94_3D
CC1=CC2(C)CC1C(c1ccc(C(F)(F)F)cc1)=C2c1ccc(N(C)C)cc1,398.0,58.5,75.0,0.0001,4-Dimethylaminophenyl,4-Trifluoromethylphenyl,"1,4-Dimethyl",NBD_QC_Functionalized,NBD_Combinatorial_M08_Aligned,RDKit_MMFF94_3D
CN(C)c1ccc(C2=C(C(=O)c3ccccc3)C3C=CC2C3)cc1,395.0,41.56,75.0,0.0001,4-Dimethylaminophenyl,Benzoyl,Unsubstituted_C7,NBD_QC_Functionalized,NBD_Combinatorial_M08_Aligned,RDKit_MMFF94_3D
CN(C)c1ccc(C2=C(C(=O)c3ccccc3)C3C=CC2C3(C)C)cc1,395.0,70.07,75.0,0.0001,4-Dimethylaminophenyl,Benzoyl,"7,7-Dimethyl",NBD_QC_Functionalized,NBD_Combinatorial_M08_Aligned,RDKit_MMFF94_3D
CC1=CC2(C)CC1C(C(=O)c1ccccc1)=C2c1ccc(N(C)C)cc1,395.0,39.27,75.0,0.0001,4-Dimethylaminophenyl,Benzoyl,"1,4-Dimethyl",NBD_QC_Functionalized,NBD_Combinatorial_M08_Aligned,RDKit_MMFF94_3D
CN(C)c1ccc(C2=C(c3ccccn3)C3C=CC2C3)cc1,388.0,62.5,75.0,0.0001,4-Dimethylaminophenyl,2-Pyridyl,Unsubstituted_C7,NBD_QC_Functionalized,NBD_Combinatorial_M08_Aligned,RDKit_MMFF94_3D
CN(C)c1ccc(C2=C(c3ccccn3)C3C=CC2C3(C)C)cc1,388.0,70.28,75.0,0.0001,4-Dimethylaminophenyl,2-Pyridyl,"7,7-Dimethyl",NBD_QC_Functionalized,NBD_Combinatorial_M08_Aligned,RDKit_MMFF94_3D
CC1=CC2(C)CC1C(c1ccccn1)=C2c1ccc(N(C)C)cc1,388.0,66.5,75.0,0.0001,4-Dimethylaminophenyl,2-Pyridyl,"1,4-Dimethyl",NBD_QC_Functionalized,NBD_Combinatorial_M08_Aligned,RDKit_MMFF94_3D
CN(C)c1ccc(C2=C(c3ccncc3)C3C=CC2C3)cc1,390.0,70.5,75.0,0.0001,4-Dimethylaminophenyl,4-Pyridyl,Unsubstituted_C7,NBD_QC_Functionalized,NBD_Combinatorial_M08_Aligned,RDKit_MMFF94_3D
CN(C)c1ccc(C2=C(c3ccncc3)C3C=CC2C3(C)C)cc1,390.0,70.22,75.0,0.0001,4-Dimethylaminophenyl,4-Pyridyl,"7,7-Dimethyl",NBD_QC_Functionalized,NBD_Combinatorial_M08_Aligned,RDKit_MMFF94_3D
CC1=CC2(C)CC1C(c1ccncc1)=C2c1ccc(N(C)C)cc1,390.0,70.22,75.0,0.0001,4-Dimethylaminophenyl,4-Pyridyl,"1,4-Dimethyl",NBD_QC_Functionalized,NBD_Combinatorial_M08_Aligned,RDKit_MMFF94_3D
CN(C)c1ccc(C2=C(C(=O)O)C3C=CC2C3)cc1,375.0,68.66,75.0,0.0001,4-Dimethylaminophenyl,Carboxylic acid,Unsubstituted_C7,NBD_QC_Functionalized,NBD_Combinatorial_M08_Aligned,RDKit_MMFF94_3D
CN(C)c1ccc(C2=C(C(=O)O)C3C=CC2C3(C)C)cc1,375.0,70.5,75.0,0.0001,4-Dimethylaminophenyl,Carboxylic acid,"7,7-Dimethyl",NBD_QC_Functionalized,NBD_Combinatorial_M08_Aligned,RDKit_MMFF94_3D
CC1=CC2(C)CC1C(C(=O)O)=C2c1ccc(N(C)C)cc1,375.0,59.39,75.0,0.0001,4-Dimethylaminophenyl,Carboxylic acid,"1,4-Dimethyl",NBD_QC_Functionalized,NBD_Combinatorial_M08_Aligned,RDKit_MMFF94_3D
CCCCC(CC)COC(=O)C1=C(c2ccc(N(C)C)cc2)C2C=CC1C2,380.0,50.05,75.0,0.0001,4-Dimethylaminophenyl,Ethylhexyl ester,Unsubstituted_C7,NBD_QC_Functionalized,NBD_Combinatorial_M08_Aligned,RDKit_MMFF94_3D
CCCCC(CC)COC(=O)C1=C(c2ccc(N(C)C)cc2)C2C=CC1C2(C)C,380.0,58.5,75.0,0.0001,4-Dimethylaminophenyl,Ethylhexyl ester,"7,7-Dimethyl",NBD_QC_Functionalized,NBD_Combinatorial_M08_Aligned,RDKit_MMFF94_3D
CCCCC(CC)COC(=O)C1=C(c2ccc(N(C)C)cc2)C2(C)C=C(C)C1C2,380.0,77.81,75.0,0.0001,4-Dimethylaminophenyl,Ethylhexyl ester,"1,4-Dimethyl",NBD_QC_Functionalized,NBD_Combinatorial_M08_Aligned,RDKit_MMFF94_3D
CN(C)c1ccc(C2=C(c3cccc(C#N)c3)C3C=CC2C3)cc1,402.0,69.86,75.0,0.0001,4-Dimethylaminophenyl,3-Cyanophenyl,Unsubstituted_C7,NBD_QC_Functionalized,NBD_Combinatorial_M08_Aligned,RDKit_MMFF94_3D
CN(C)c1ccc(C2=C(c3cccc(C#N)c3)C3C=CC2C3(C)C)cc1,402.0,69.86,75.0,0.0001,4-Dimethylaminophenyl,3-Cyanophenyl,"7,7-Dimethyl",NBD_QC_Functionalized,NBD_Combinatorial_M08_Aligned,RDKit_MMFF94_3D
CC1=CC2(C)CC1C(c1cccc(C#N)c1)=C2c1ccc(N(C)C)cc1,402.0,79.5,75.0,0.0001,4-Dimethylaminophenyl,3-Cyanophenyl,"1,4-Dimethyl",NBD_QC_Functionalized,NBD_Combinatorial_M08_Aligned,RDKit_MMFF94_3D
CC(C)OC(=O)C1=C(c2ccc(N(C)C)cc2)C2C=CC1C2,378.0,70.73,75.0,0.0001,4-Dimethylaminophenyl,Isopropyl ester,Unsubstituted_C7,NBD_QC_Functionalized,NBD_Combinatorial_M08_Aligned,RDKit_MMFF94_3D
CC(C)OC(=O)C1=C(c2ccc(N(C)C)cc2)C2C=CC1C2(C)C,378.0,73.5,75.0,0.0001,4-Dimethylaminophenyl,Isopropyl ester,"7,7-Dimethyl",NBD_QC_Functionalized,NBD_Combinatorial_M08_Aligned,RDKit_MMFF94_3D
CC1=CC2(C)CC1C(C(=O)OC(C)C)=C2c1ccc(N(C)C)cc1,378.0,57.92,75.0,0.0001,4-Dimethylaminophenyl,Isopropyl ester,"1,4-Dimethyl",NBD_QC_Functionalized,NBD_Combinatorial_M08_Aligned,RDKit_MMFF94_3D
CN(C)c1ccc(C2=C(S(=O)(=O)c3ccccc3)C3C=CC2C3)cc1,392.0,74.5,75.0,0.0001,4-Dimethylaminophenyl,Phenylsulfonyl,Unsubstituted_C7,NBD_QC_Functionalized,NBD_Combinatorial_M08_Aligned,RDKit_MMFF94_3D
CN(C)c1ccc(C2=C(S(=O)(=O)c3ccccc3)C3C=CC2C3(C)C)cc1,392.0,64.5,75.0,0.0001,4-Dimethylaminophenyl,Phenylsulfonyl,"7,7-Dimethyl",NBD_QC_Functionalized,NBD_Combinatorial_M08_Aligned,RDKit_MMFF94_3D
CC1=CC2(C)CC1C(S(=O)(=O)c1ccccc1)=C2c1ccc(N(C)C)cc1,392.0,148.13,75.0,0.0001,4-Dimethylaminophenyl,Phenylsulfonyl,"1,4-Dimethyl",NBD_QC_Functionalized,NBD_Combinatorial_M08_Aligned,RDKit_MMFF94_3D
CN(C)c1ccc(C2=C(c3nccs3)C3C=CC2C3)cc1,386.0,69.5,75.0,0.0001,4-Dimethylaminophenyl,2-Thiazolyl,Unsubstituted_C7,NBD_QC_Functionalized,NBD_Combinatorial_M08_Aligned,RDKit_MMFF94_3D
CN(C)c1ccc(C2=C(c3nccs3)C3C=CC2C3(C)C)cc1,386.0,70.34,75.0,0.0001,4-Dimethylaminophenyl,2-Thiazolyl,"7,7-Dimethyl",NBD_QC_Functionalized,NBD_Combinatorial_M08_Aligned,RDKit_MMFF94_3D
CC1=CC2(C)CC1C(c1nccs1)=C2c1ccc(N(C)C)cc1,386.0,61.5,75.0,0.0001,4-Dimethylaminophenyl,2-Thiazolyl,"1,4-Dimethyl",NBD_QC_Functionalized,NBD_Combinatorial_M08_Aligned,RDKit_MMFF94_3D
CCNC(=O)C1=C(c2ccc(N(C)C)cc2)C2C=CC1C2,376.0,47.24,75.0,0.0001,4-Dimethylaminophenyl,Ethylamide,Unsubstituted_C7,NBD_QC_Functionalized,NBD_Combinatorial_M08_Aligned,RDKit_MMFF94_3D
CCNC(=O)C1=C(c2ccc(N(C)C)cc2)C2C=CC1C2(C)C,376.0,70.64,75.0,0.0001,4-Dimethylaminophenyl,Ethylamide,"7,7-Dimethyl",NBD_QC_Functionalized,NBD_Combinatorial_M08_Aligned,RDKit_MMFF94_3D
CCNC(=O)C1=C(c2ccc(N(C)C)cc2)C2(C)C=C(C)C1C2,376.0,35.04,75.0,0.0001,4-Dimethylaminophenyl,Ethylamide,"1,4-Dimethyl",NBD_QC_Functionalized,NBD_Combinatorial_M08_Aligned,RDKit_MMFF94_3D
Cc1ccc(C2=C(C#N)C3C=CC2C3)cc1,335.0,64.5,75.0,0.0001,4-Methylphenyl,Cyano,Unsubstituted_C7,NBD_QC_Functionalized,NBD_Combinatorial_M08_Aligned,RDKit_MMFF94_3D
Cc1ccc(C2=C(C#N)C3C=CC2C3(C)C)cc1,335.0,75.5,75.0,0.0001,4-Methylphenyl,Cyano,"7,7-Dimethyl",NBD_QC_Functionalized,NBD_Combinatorial_M08_Aligned,RDKit_MMFF94_3D
CC1=CC2(C)CC1C(C#N)=C2c1ccc(C)cc1,335.0,57.82,75.0,0.0001,4-Methylphenyl,Cyano,"1,4-Dimethyl",NBD_QC_Functionalized,NBD_Combinatorial_M08_Aligned,RDKit_MMFF94_3D
COC(=O)C1=C(c2ccc(C)cc2)C2C=CC1C2,338.0,64.86,75.0,0.0001,4-Methylphenyl,Methyl ester,Unsubstituted_C7,NBD_QC_Functionalized,NBD_Combinatorial_M08_Aligned,RDKit_MMFF94_3D
COC(=O)C1=C(c2ccc(C)cc2)C2C=CC1C2(C)C,338.0,73.5,75.0,0.0001,4-Methylphenyl,Methyl ester,"7,7-Dimethyl",NBD_QC_Functionalized,NBD_Combinatorial_M08_Aligned,RDKit_MMFF94_3D
COC(=O)C1=C(c2ccc(C)cc2)C2(C)C=C(C)C1C2,338.0,55.87,75.0,0.0001,4-Methylphenyl,Methyl ester,"1,4-Dimethyl",NBD_QC_Functionalized,NBD_Combinatorial_M08_Aligned,RDKit_MMFF94_3D
CCOC(=O)C1=C(c2ccc(C)cc2)C2C=CC1C2,338.0,82.5,75.0,0.0001,4-Methylphenyl,Ethyl ester,Unsubstituted_C7,NBD_QC_Functionalized,NBD_Combinatorial_M08_Aligned,RDKit_MMFF94_3D
CCOC(=O)C1=C(c2ccc(C)cc2)C2C=CC1C2(C)C,338.0,68.58,75.0,0.0001,4-Methylphenyl,Ethyl ester,"7,7-Dimethyl",NBD_QC_Functionalized,NBD_Combinatorial_M08_Aligned,RDKit_MMFF94_3D
CCOC(=O)C1=C(c2ccc(C)cc2)C2(C)C=C(C)C1C2,338.0,60.59,75.0,0.0001,4-Methylphenyl,Ethyl ester,"1,4-Dimethyl",NBD_QC_Functionalized,NBD_Combinatorial_M08_Aligned,RDKit_MMFF94_3D
CC(=O)C1=C(c2ccc(C)cc2)C2C=CC1C2,340.0,74.5,75.0,0.0001,4-Methylphenyl,Acetyl,Unsubstituted_C7,NBD_QC_Functionalized,NBD_Combinatorial_M08_Aligned,RDKit_MMFF94_3D
CC(=O)C1=C(c2ccc(C)cc2)C2C=CC1C2(C)C,340.0,79.5,75.0,0.0001,4-Methylphenyl,Acetyl,"7,7-Dimethyl",NBD_QC_Functionalized,NBD_Combinatorial_M08_Aligned,RDKit_MMFF94_3D
CC(=O)C1=C(c2ccc(C)cc2)C2(C)C=C(C)C1C2,340.0,76.5,75.0,0.0001,4-Methylphenyl,Acetyl,"1,4-Dimethyl",NBD_QC_Functionalized,NBD_Combinatorial_M08_Aligned,RDKit_MMFF94_3D
Cc1ccc(C2=C(C(F)(F)F)C3C=CC2C3)cc1,325.0,132.02,75.0,0.0001,4-Methylphenyl,Trifluoromethyl,Unsubstituted_C7,NBD_QC_Functionalized,NBD_Combinatorial_M08_Aligned,RDKit_MMFF94_3D
Cc1ccc(C2=C(C(F)(F)F)C3C=CC2C3(C)C)cc1,325.0,73.5,75.0,0.0001,4-Methylphenyl,Trifluoromethyl,"7,7-Dimethyl",NBD_QC_Functionalized,NBD_Combinatorial_M08_Aligned,RDKit_MMFF94_3D
CC1=CC2(C)CC1C(C(F)(F)F)=C2c1ccc(C)cc1,325.0,125.6,75.0,0.0001,4-Methylphenyl,Trifluoromethyl,"1,4-Dimethyl",NBD_QC_Functionalized,NBD_Combinatorial_M08_Aligned,RDKit_MMFF94_3D
Cc1ccc(C2=C(S(C)(=O)=O)C3C=CC2C3)cc1,330.0,81.5,75.0,0.0001,4-Methylphenyl,Methylsulfonyl,Unsubstituted_C7,NBD_QC_Functionalized,NBD_Combinatorial_M08_Aligned,RDKit_MMFF94_3D
Cc1ccc(C2=C(S(C)(=O)=O)C3C=CC2C3(C)C)cc1,330.0,62.5,75.0,0.0001,4-Methylphenyl,Methylsulfonyl,"7,7-Dimethyl",NBD_QC_Functionalized,NBD_Combinatorial_M08_Aligned,RDKit_MMFF94_3D
CC1=CC2(C)CC1C(S(C)(=O)=O)=C2c1ccc(C)cc1,330.0,82.5,75.0,0.0001,4-Methylphenyl,Methylsulfonyl,"1,4-Dimethyl",NBD_QC_Functionalized,NBD_Combinatorial_M08_Aligned,RDKit_MMFF94_3D
Cc1ccc(C2=C(C(N)=O)C3C=CC2C3)cc1,334.0,52.37,75.0,0.0001,4-Methylphenyl,Carboxamide,Unsubstituted_C7,NBD_QC_Functionalized,NBD_Combinatorial_M08_Aligned,RDKit_MMFF94_3D
Cc1ccc(C2=C(C(N)=O)C3C=CC2C3(C)C)cc1,334.0,58.5,75.0,0.0001,4-Methylphenyl,Carboxamide,"7,7-Dimethyl",NBD_QC_Functionalized,NBD_Combinatorial_M08_Aligned,RDKit_MMFF94_3D
CC1=CC2(C)CC1C(C(N)=O)=C2c1ccc(C)cc1,334.0,81.45,75.0,0.0001,4-Methylphenyl,Carboxamide,"1,4-Dimethyl",NBD_QC_Functionalized,NBD_Combinatorial_M08_Aligned,RDKit_MMFF94_3D
Cc1ccc(C2=C(c3ccc(C#N)cc3)C3C=CC2C3)cc1,365.0,63.5,75.0,0.0001,4-Methylphenyl,4-Cyanophenyl,Unsubstituted_C7,NBD_QC_Functionalized,NBD_Combinatorial_M08_Aligned,RDKit_MMFF94_3D
Cc1ccc(C2=C(c3ccc(C#N)cc3)C3C=CC2C3(C)C)cc1,365.0,61.5,75.0,0.0001,4-Methylphenyl,4-Cyanophenyl,"7,7-Dimethyl",NBD_QC_Functionalized,NBD_Combinatorial_M08_Aligned,RDKit_MMFF94_3D
CC1=CC2(C)CC1C(c1ccc(C#N)cc1)=C2c1ccc(C)cc1,365.0,67.77,75.0,0.0001,4-Methylphenyl,4-Cyanophenyl,"1,4-Dimethyl",NBD_QC_Functionalized,NBD_Combinatorial_M08_Aligned,RDKit_MMFF94_3D
Cc1ccc(C2=C(c3ccc([N+](=O)[O-])cc3)C3C=CC2C3)cc1,370.0,68.5,75.0,0.0001,4-Methylphenyl,4-Nitrophenyl,Unsubstituted_C7,NBD_QC_Functionalized,NBD_Combinatorial_M08_Aligned,RDKit_MMFF94_3D
Cc1ccc(C2=C(c3ccc([N+](=O)[O-])cc3)C3C=CC2C3(C)C)cc1,370.0,61.5,75.0,0.0001,4-Methylphenyl,4-Nitrophenyl,"7,7-Dimethyl",NBD_QC_Functionalized,NBD_Combinatorial_M08_Aligned,RDKit_MMFF94_3D
CC1=CC2(C)CC1C(c1ccc([N+](=O)[O-])cc1)=C2c1ccc(C)cc1,370.0,67.62,75.0,0.0001,4-Methylphenyl,4-Nitrophenyl,"1,4-Dimethyl",NBD_QC_Functionalized,NBD_Combinatorial_M08_Aligned,RDKit_MMFF94_3D
Cc1ccc(C2=C(c3ccc(C(F)(F)F)cc3)C3C=CC2C3)cc1,358.0,67.98,75.0,0.0001,4-Methylphenyl,4-Trifluoromethylphenyl,Unsubstituted_C7,NBD_QC_Functionalized,NBD_Combinatorial_M08_Aligned,RDKit_MMFF94_3D
Cc1ccc(C2=C(c3ccc(C(F)(F)F)cc3)C3C=CC2C3(C)C)cc1,358.0,67.98,75.0,0.0001,4-Methylphenyl,4-Trifluoromethylphenyl,"7,7-Dimethyl",NBD_QC_Functionalized,NBD_Combinatorial_M08_Aligned,RDKit_MMFF94_3D
CC1=CC2(C)CC1C(c1ccc(C(F)(F)F)cc1)=C2c1ccc(C)cc1,358.0,67.98,75.0,0.0001,4-Methylphenyl,4-Trifluoromethylphenyl,"1,4-Dimethyl",NBD_QC_Functionalized,NBD_Combinatorial_M08_Aligned,RDKit_MMFF94_3D
Cc1ccc(C2=C(C(=O)c3ccccc3)C3C=CC2C3)cc1,355.0,78.5,75.0,0.0001,4-Methylphenyl,Benzoyl,Unsubstituted_C7,NBD_QC_Functionalized,NBD_Combinatorial_M08_Aligned,RDKit_MMFF94_3D
Cc1ccc(C2=C(C(=O)c3ccccc3)C3C=CC2C3(C)C)cc1,355.0,68.07,75.0,0.0001,4-Methylphenyl,Benzoyl,"7,7-Dimethyl",NBD_QC_Functionalized,NBD_Combinatorial_M08_Aligned,RDKit_MMFF94_3D
CC1=CC2(C)CC1C(C(=O)c1ccccc1)=C2c1ccc(C)cc1,355.0,73.5,75.0,0.0001,4-Methylphenyl,Benzoyl,"1,4-Dimethyl",NBD_QC_Functionalized,NBD_Combinatorial_M08_Aligned,RDKit_MMFF94_3D
Cc1ccc(C2=C(c3ccccn3)C3C=CC2C3)cc1,348.0,81.5,75.0,0.0001,4-Methylphenyl,2-Pyridyl,Unsubstituted_C7,NBD_QC_Functionalized,NBD_Combinatorial_M08_Aligned,RDKit_MMFF94_3D
Cc1ccc(C2=C(c3ccccn3)C3C=CC2C3(C)C)cc1,348.0,68.28,75.0,0.0001,4-Methylphenyl,2-Pyridyl,"7,7-Dimethyl",NBD_QC_Functionalized,NBD_Combinatorial_M08_Aligned,RDKit_MMFF94_3D
CC1=CC2(C)CC1C(c1ccccn1)=C2c1ccc(C)cc1,348.0,76.5,75.0,0.0001,4-Methylphenyl,2-Pyridyl,"1,4-Dimethyl",NBD_QC_Functionalized,NBD_Combinatorial_M08_Aligned,RDKit_MMFF94_3D
Cc1ccc(C2=C(c3ccncc3)C3C=CC2C3)cc1,350.0,68.22,75.0,0.0001,4-Methylphenyl,4-Pyridyl,Unsubstituted_C7,NBD_QC_Functionalized,NBD_Combinatorial_M08_Aligned,RDKit_MMFF94_3D
Cc1ccc(C2=C(c3ccncc3)C3C=CC2C3(C)C)cc1,350.0,68.22,75.0,0.0001,4-Methylphenyl,4-Pyridyl,"7,7-Dimethyl",NBD_QC_Functionalized,NBD_Combinatorial_M08_Aligned,RDKit_MMFF94_3D
CC1=CC2(C)CC1C(c1ccncc1)=C2c1ccc(C)cc1,350.0,65.5,75.0,0.0001,4-Methylphenyl,4-Pyridyl,"1,4-Dimethyl",NBD_QC_Functionalized,NBD_Combinatorial_M08_Aligned,RDKit_MMFF94_3D
Cc1ccc(C2=C(C(=O)O)C3C=CC2C3)cc1,335.0,77.5,75.0,0.0001,4-Methylphenyl,Carboxylic acid,Unsubstituted_C7,NBD_QC_Functionalized,NBD_Combinatorial_M08_Aligned,RDKit_MMFF94_3D
Cc1ccc(C2=C(C(=O)O)C3C=CC2C3(C)C)cc1,335.0,72.5,75.0,0.0001,4-Methylphenyl,Carboxylic acid,"7,7-Dimethyl",NBD_QC_Functionalized,NBD_Combinatorial_M08_Aligned,RDKit_MMFF94_3D
CC1=CC2(C)CC1C(C(=O)O)=C2c1ccc(C)cc1,335.0,62.28,75.0,0.0001,4-Methylphenyl,Carboxylic acid,"1,4-Dimethyl",NBD_QC_Functionalized,NBD_Combinatorial_M08_Aligned,RDKit_MMFF94_3D
CCCCC(CC)COC(=O)C1=C(c2ccc(C)cc2)C2C=CC1C2,340.0,55.06,75.0,0.0001,4-Methylphenyl,Ethylhexyl ester,Unsubstituted_C7,NBD_QC_Functionalized,NBD_Combinatorial_M08_Aligned,RDKit_MMFF94_3D
CCCCC(CC)COC(=O)C1=C(c2ccc(C)cc2)C2C=CC1C2(C)C,340.0,62.5,75.0,0.0001,4-Methylphenyl,Ethylhexyl ester,"7,7-Dimethyl",NBD_QC_Functionalized,NBD_Combinatorial_M08_Aligned,RDKit_MMFF94_3D
CCCCC(CC)COC(=O)C1=C(c2ccc(C)cc2)C2(C)C=C(C)C1C2,340.0,74.96,75.0,0.0001,4-Methylphenyl,Ethylhexyl ester,"1,4-Dimethyl",NBD_QC_Functionalized,NBD_Combinatorial_M08_Aligned,RDKit_MMFF94_3D
Cc1ccc(C2=C(c3cccc(C#N)c3)C3C=CC2C3)cc1,362.0,65.5,75.0,0.0001,4-Methylphenyl,3-Cyanophenyl,Unsubstituted_C7,NBD_QC_Functionalized,NBD_Combinatorial_M08_Aligned,RDKit_MMFF94_3D
Cc1ccc(C2=C(c3cccc(C#N)c3)C3C=CC2C3(C)C)cc1,362.0,67.86,75.0,0.0001,4-Methylphenyl,3-Cyanophenyl,"7,7-Dimethyl",NBD_QC_Functionalized,NBD_Combinatorial_M08_Aligned,RDKit_MMFF94_3D
CC1=CC2(C)CC1C(c1cccc(C#N)c1)=C2c1ccc(C)cc1,362.0,67.86,75.0,0.0001,4-Methylphenyl,3-Cyanophenyl,"1,4-Dimethyl",NBD_QC_Functionalized,NBD_Combinatorial_M08_Aligned,RDKit_MMFF94_3D
Cc1ccc(C2=C(C(=O)OC(C)C)C3C=CC2C3)cc1,338.0,67.5,75.0,0.0001,4-Methylphenyl,Isopropyl ester,Unsubstituted_C7,NBD_QC_Functionalized,NBD_Combinatorial_M08_Aligned,RDKit_MMFF94_3D
Cc1ccc(C2=C(C(=O)OC(C)C)C3C=CC2C3(C)C)cc1,338.0,68.58,75.0,0.0001,4-Methylphenyl,Isopropyl ester,"7,7-Dimethyl",NBD_QC_Functionalized,NBD_Combinatorial_M08_Aligned,RDKit_MMFF94_3D
CC1=CC2(C)CC1C(C(=O)OC(C)C)=C2c1ccc(C)cc1,338.0,64.47,75.0,0.0001,4-Methylphenyl,Isopropyl ester,"1,4-Dimethyl",NBD_QC_Functionalized,NBD_Combinatorial_M08_Aligned,RDKit_MMFF94_3D
Cc1ccc(C2=C(S(=O)(=O)c3ccccc3)C3C=CC2C3)cc1,352.0,67.5,75.0,0.0001,4-Methylphenyl,Phenylsulfonyl,Unsubstituted_C7,NBD_QC_Functionalized,NBD_Combinatorial_M08_Aligned,RDKit_MMFF94_3D
Cc1ccc(C2=C(S(=O)(=O)c3ccccc3)C3C=CC2C3(C)C)cc1,352.0,106.81,75.0,0.0001,4-Methylphenyl,Phenylsulfonyl,"7,7-Dimethyl",NBD_QC_Functionalized,NBD_Combinatorial_M08_Aligned,RDKit_MMFF94_3D
CC1=CC2(C)CC1C(S(=O)(=O)c1ccccc1)=C2c1ccc(C)cc1,352.0,68.5,75.0,0.0001,4-Methylphenyl,Phenylsulfonyl,"1,4-Dimethyl",NBD_QC_Functionalized,NBD_Combinatorial_M08_Aligned,RDKit_MMFF94_3D
Cc1ccc(C2=C(c3nccs3)C3C=CC2C3)cc1,346.0,61.5,75.0,0.0001,4-Methylphenyl,2-Thiazolyl,Unsubstituted_C7,NBD_QC_Functionalized,NBD_Combinatorial_M08_Aligned,RDKit_MMFF94_3D
Cc1ccc(C2=C(c3nccs3)C3C=CC2C3(C)C)cc1,346.0,68.34,75.0,0.0001,4-Methylphenyl,2-Thiazolyl,"7,7-Dimethyl",NBD_QC_Functionalized,NBD_Combinatorial_M08_Aligned,RDKit_MMFF94_3D
CC1=CC2(C)CC1C(c1nccs1)=C2c1ccc(C)cc1,346.0,63.5,75.0,0.0001,4-Methylphenyl,2-Thiazolyl,"1,4-Dimethyl",NBD_QC_Functionalized,NBD_Combinatorial_M08_Aligned,RDKit_MMFF94_3D
CCNC(=O)C1=C(c2ccc(C)cc2)C2C=CC1C2,336.0,70.53,75.0,0.0001,4-Methylphenyl,Ethylamide,Unsubstituted_C7,NBD_QC_Functionalized,NBD_Combinatorial_M08_Aligned,RDKit_MMFF94_3D
CCNC(=O)C1=C(c2ccc(C)cc2)C2C=CC1C2(C)C,336.0,66.5,75.0,0.0001,4-Methylphenyl,Ethylamide,"7,7-Dimethyl",NBD_QC_Functionalized,NBD_Combinatorial_M08_Aligned,RDKit_MMFF94_3D
CCNC(=O)C1=C(c2ccc(C)cc2)C2(C)C=C(C)C1C2,336.0,68.22,75.0,0.0001,4-Methylphenyl,Ethylamide,"1,4-Dimethyl",NBD_QC_Functionalized,NBD_Combinatorial_M08_Aligned,RDKit_MMFF94_3D
N#CC1=C(c2cccs2)C2C=CC1C2,342.0,67.23,75.0,0.0001,2-Thienyl,Cyano,Unsubstituted_C7,NBD_QC_Functionalized,NBD_Combinatorial_M08_Aligned,RDKit_MMFF94_3D
CC1(C)C2C=CC1C(c1cccs1)=C2C#N,342.0,66.5,75.0,0.0001,2-Thienyl,Cyano,"7,7-Dimethyl",NBD_QC_Functionalized,NBD_Combinatorial_M08_Aligned,RDKit_MMFF94_3D
CC1=CC2(C)CC1C(C#N)=C2c1cccs1,342.0,80.5,75.0,0.0001,2-Thienyl,Cyano,"1,4-Dimethyl",NBD_QC_Functionalized,NBD_Combinatorial_M08_Aligned,RDKit_MMFF94_3D
COC(=O)C1=C(c2cccs2)C2C=CC1C2,345.0,77.97,75.0,0.0001,2-Thienyl,Methyl ester,Unsubstituted_C7,NBD_QC_Functionalized,NBD_Combinatorial_M08_Aligned,RDKit_MMFF94_3D
COC(=O)C1=C(c2cccs2)C2C=CC1C2(C)C,345.0,61.5,75.0,0.0001,2-Thienyl,Methyl ester,"7,7-Dimethyl",NBD_QC_Functionalized,NBD_Combinatorial_M08_Aligned,RDKit_MMFF94_3D
COC(=O)C1=C(c2cccs2)C2(C)C=C(C)C1C2,345.0,69.87,75.0,0.0001,2-Thienyl,Methyl ester,"1,4-Dimethyl",NBD_QC_Functionalized,NBD_Combinatorial_M08_Aligned,RDKit_MMFF94_3D
CCOC(=O)C1=C(c2cccs2)C2C=CC1C2,345.0,76.06,75.0,0.0001,2-Thienyl,Ethyl ester,Unsubstituted_C7,NBD_QC_Functionalized,NBD_Combinatorial_M08_Aligned,RDKit_MMFF94_3D
CCOC(=O)C1=C(c2cccs2)C2C=CC1C2(C)C,345.0,78.5,75.0,0.0001,2-Thienyl,Ethyl ester,"7,7-Dimethyl",NBD_QC_Functionalized,NBD_Combinatorial_M08_Aligned,RDKit_MMFF94_3D
CCOC(=O)C1=C(c2cccs2)C2(C)C=C(C)C1C2,345.0,77.17,75.0,0.0001,2-Thienyl,Ethyl ester,"1,4-Dimethyl",NBD_QC_Functionalized,NBD_Combinatorial_M08_Aligned,RDKit_MMFF94_3D
CC(=O)C1=C(c2cccs2)C2C=CC1C2,347.0,50.69,75.0,0.0001,2-Thienyl,Acetyl,Unsubstituted_C7,NBD_QC_Functionalized,NBD_Combinatorial_M08_Aligned,RDKit_MMFF94_3D
CC(=O)C1=C(c2cccs2)C2C=CC1C2(C)C,347.0,68.87,75.0,0.0001,2-Thienyl,Acetyl,"7,7-Dimethyl",NBD_QC_Functionalized,NBD_Combinatorial_M08_Aligned,RDKit_MMFF94_3D
CC(=O)C1=C(c2cccs2)C2(C)C=C(C)C1C2,347.0,35.32,75.0,0.0001,2-Thienyl,Acetyl,"1,4-Dimethyl",NBD_QC_Functionalized,NBD_Combinatorial_M08_Aligned,RDKit_MMFF94_3D
FC(F)(F)C1=C(c2cccs2)C2C=CC1C2,332.0,70.5,75.0,0.0001,2-Thienyl,Trifluoromethyl,Unsubstituted_C7,NBD_QC_Functionalized,NBD_Combinatorial_M08_Aligned,RDKit_MMFF94_3D
CC1(C)C2C=CC1C(C(F)(F)F)=C2c1cccs1,332.0,75.7,75.0,0.0001,2-Thienyl,Trifluoromethyl,"7,7-Dimethyl",NBD_QC_Functionalized,NBD_Combinatorial_M08_Aligned,RDKit_MMFF94_3D
CC1=CC2(C)CC1C(C(F)(F)F)=C2c1cccs1,332.0,140.37,75.0,0.0001,2-Thienyl,Trifluoromethyl,"1,4-Dimethyl",NBD_QC_Functionalized,NBD_Combinatorial_M08_Aligned,RDKit_MMFF94_3D
CS(=O)(=O)C1=C(c2cccs2)C2C=CC1C2,337.0,76.5,75.0,0.0001,2-Thienyl,Methylsulfonyl,Unsubstituted_C7,NBD_QC_Functionalized,NBD_Combinatorial_M08_Aligned,RDKit_MMFF94_3D
CC1(C)C2C=CC1C(S(C)(=O)=O)=C2c1cccs1,337.0,101.24,75.0,0.0001,2-Thienyl,Methylsulfonyl,"7,7-Dimethyl",NBD_QC_Functionalized,NBD_Combinatorial_M08_Aligned,RDKit_MMFF94_3D
CC1=CC2(C)CC1C(S(C)(=O)=O)=C2c1cccs1,337.0,63.5,75.0,0.0001,2-Thienyl,Methylsulfonyl,"1,4-Dimethyl",NBD_QC_Functionalized,NBD_Combinatorial_M08_Aligned,RDKit_MMFF94_3D
NC(=O)C1=C(c2cccs2)C2C=CC1C2,341.0,84.37,75.0,0.0001,2-Thienyl,Carboxamide,Unsubstituted_C7,NBD_QC_Functionalized,NBD_Combinatorial_M08_Aligned,RDKit_MMFF94_3D
CC1(C)C2C=CC1C(c1cccs1)=C2C(N)=O,341.0,82.5,75.0,0.0001,2-Thienyl,Carboxamide,"7,7-Dimethyl",NBD_QC_Functionalized,NBD_Combinatorial_M08_Aligned,RDKit_MMFF94_3D
CC1=CC2(C)CC1C(C(N)=O)=C2c1cccs1,341.0,49.03,75.0,0.0001,2-Thienyl,Carboxamide,"1,4-Dimethyl",NBD_QC_Functionalized,NBD_Combinatorial_M08_Aligned,RDKit_MMFF94_3D
N#Cc1ccc(C2=C(c3cccs3)C3C=CC2C3)cc1,372.0,68.12,75.0,0.0001,2-Thienyl,4-Cyanophenyl,Unsubstituted_C7,NBD_QC_Functionalized,NBD_Combinatorial_M08_Aligned,RDKit_MMFF94_3D
CC1(C)C2C=CC1C(c1cccs1)=C2c1ccc(C#N)cc1,372.0,65.5,75.0,0.0001,2-Thienyl,4-Cyanophenyl,"7,7-Dimethyl",NBD_QC_Functionalized,NBD_Combinatorial_M08_Aligned,RDKit_MMFF94_3D
CC1=CC2(C)CC1C(c1ccc(C#N)cc1)=C2c1cccs1,372.0,68.12,75.0,0.0001,2-Thienyl,4-Cyanophenyl,"1,4-Dimethyl",NBD_QC_Functionalized,NBD_Combinatorial_M08_Aligned,RDKit_MMFF94_3D
O=[N+]([O-])c1ccc(C2=C(c3cccs3)C3C=CC2C3)cc1,377.0,80.5,75.0,0.0001,2-Thienyl,4-Nitrophenyl,Unsubstituted_C7,NBD_QC_Functionalized,NBD_Combinatorial_M08_Aligned,RDKit_MMFF94_3D
CC1(C)C2C=CC1C(c1cccs1)=C2c1ccc([N+](=O)[O-])cc1,377.0,67.97,75.0,0.0001,2-Thienyl,4-Nitrophenyl,"7,7-Dimethyl",NBD_QC_Functionalized,NBD_Combinatorial_M08_Aligned,RDKit_MMFF94_3D
CC1=CC2(C)CC1C(c1ccc([N+](=O)[O-])cc1)=C2c1cccs1,377.0,67.97,75.0,0.0001,2-Thienyl,4-Nitrophenyl,"1,4-Dimethyl",NBD_QC_Functionalized,NBD_Combinatorial_M08_Aligned,RDKit_MMFF94_3D
FC(F)(F)c1ccc(C2=C(c3cccs3)C3C=CC2C3)cc1,365.0,61.5,75.0,0.0001,2-Thienyl,4-Trifluoromethylphenyl,Unsubstituted_C7,NBD_QC_Functionalized,NBD_Combinatorial_M08_Aligned,RDKit_MMFF94_3D
CC1(C)C2C=CC1C(c1cccs1)=C2c1ccc(C(F)(F)F)cc1,365.0,68.5,75.0,0.0001,2-Thienyl,4-Trifluoromethylphenyl,"7,7-Dimethyl",NBD_QC_Functionalized,NBD_Combinatorial_M08_Aligned,RDKit_MMFF94_3D
CC1=CC2(C)CC1C(c1ccc(C(F)(F)F)cc1)=C2c1cccs1,365.0,68.33,75.0,0.0001,2-Thienyl,4-Trifluoromethylphenyl,"1,4-Dimethyl",NBD_QC_Functionalized,NBD_Combinatorial_M08_Aligned,RDKit_MMFF94_3D
O=C(C1=C(c2cccs2)C2C=CC1C2)c1ccccc1,362.0,53.47,75.0,0.0001,2-Thienyl,Benzoyl,Unsubstituted_C7,NBD_QC_Functionalized,NBD_Combinatorial_M08_Aligned,RDKit_MMFF94_3D
CC1(C)C2C=CC1C(c1cccs1)=C2C(=O)c1ccccc1,362.0,68.42,75.0,0.0001,2-Thienyl,Benzoyl,"7,7-Dimethyl",NBD_QC_Functionalized,NBD_Combinatorial_M08_Aligned,RDKit_MMFF94_3D
CC1=CC2(C)CC1C(C(=O)c1ccccc1)=C2c1cccs1,362.0,51.53,75.0,0.0001,2-Thienyl,Benzoyl,"1,4-Dimethyl",NBD_QC_Functionalized,NBD_Combinatorial_M08_Aligned,RDKit_MMFF94_3D
C1=CC2CC1C(c1ccccn1)=C2c1cccs1,355.0,78.5,75.0,0.0001,2-Thienyl,2-Pyridyl,Unsubstituted_C7,NBD_QC_Functionalized,NBD_Combinatorial_M08_Aligned,RDKit_MMFF94_3D
CC1(C)C2C=CC1C(c1cccs1)=C2c1ccccn1,355.0,68.63,75.0,0.0001,2-Thienyl,2-Pyridyl,"7,7-Dimethyl",NBD_QC_Functionalized,NBD_Combinatorial_M08_Aligned,RDKit_MMFF94_3D
CC1=CC2(C)CC1C(c1ccccn1)=C2c1cccs1,355.0,36.07,75.0,0.0001,2-Thienyl,2-Pyridyl,"1,4-Dimethyl",NBD_QC_Functionalized,NBD_Combinatorial_M08_Aligned,RDKit_MMFF94_3D
C1=CC2CC1C(c1ccncc1)=C2c1cccs1,357.0,68.57,75.0,0.0001,2-Thienyl,4-Pyridyl,Unsubstituted_C7,NBD_QC_Functionalized,NBD_Combinatorial_M08_Aligned,RDKit_MMFF94_3D
CC1(C)C2C=CC1C(c1cccs1)=C2c1ccncc1,357.0,68.57,75.0,0.0001,2-Thienyl,4-Pyridyl,"7,7-Dimethyl",NBD_QC_Functionalized,NBD_Combinatorial_M08_Aligned,RDKit_MMFF94_3D
CC1=CC2(C)CC1C(c1ccncc1)=C2c1cccs1,357.0,68.57,75.0,0.0001,2-Thienyl,4-Pyridyl,"1,4-Dimethyl",NBD_QC_Functionalized,NBD_Combinatorial_M08_Aligned,RDKit_MMFF94_3D
O=C(O)C1=C(c2cccs2)C2C=CC1C2,342.0,83.63,75.0,0.0001,2-Thienyl,Carboxylic acid,Unsubstituted_C7,NBD_QC_Functionalized,NBD_Combinatorial_M08_Aligned,RDKit_MMFF94_3D
CC1(C)C2C=CC1C(c1cccs1)=C2C(=O)O,342.0,66.5,75.0,0.0001,2-Thienyl,Carboxylic acid,"7,7-Dimethyl",NBD_QC_Functionalized,NBD_Combinatorial_M08_Aligned,RDKit_MMFF94_3D
CC1=CC2(C)CC1C(C(=O)O)=C2c1cccs1,342.0,79.48,75.0,0.0001,2-Thienyl,Carboxylic acid,"1,4-Dimethyl",NBD_QC_Functionalized,NBD_Combinatorial_M08_Aligned,RDKit_MMFF94_3D
CCCCC(CC)COC(=O)C1=C(c2cccs2)C2C=CC1C2,347.0,70.65,75.0,0.0001,2-Thienyl,Ethylhexyl ester,Unsubstituted_C7,NBD_QC_Functionalized,NBD_Combinatorial_M08_Aligned,RDKit_MMFF94_3D
CCCCC(CC)COC(=O)C1=C(c2cccs2)C2C=CC1C2(C)C,347.0,79.5,75.0,0.0001,2-Thienyl,Ethylhexyl ester,"7,7-Dimethyl",NBD_QC_Functionalized,NBD_Combinatorial_M08_Aligned,RDKit_MMFF94_3D
CCCCC(CC)COC(=O)C1=C(c2cccs2)C2(C)C=C(C)C1C2,347.0,76.61,75.0,0.0001,2-Thienyl,Ethylhexyl ester,"1,4-Dimethyl",NBD_QC_Functionalized,NBD_Combinatorial_M08_Aligned,RDKit_MMFF94_3D
N#Cc1cccc(C2=C(c3cccs3)C3C=CC2C3)c1,369.0,68.21,75.0,0.0001,2-Thienyl,3-Cyanophenyl,Unsubstituted_C7,NBD_QC_Functionalized,NBD_Combinatorial_M08_Aligned,RDKit_MMFF94_3D
CC1(C)C2C=CC1C(c1cccs1)=C2c1cccc(C#N)c1,369.0,68.21,75.0,0.0001,2-Thienyl,3-Cyanophenyl,"7,7-Dimethyl",NBD_QC_Functionalized,NBD_Combinatorial_M08_Aligned,RDKit_MMFF94_3D
CC1=CC2(C)CC1C(c1cccc(C#N)c1)=C2c1cccs1,369.0,68.21,75.0,0.0001,2-Thienyl,3-Cyanophenyl,"1,4-Dimethyl",NBD_QC_Functionalized,NBD_Combinatorial_M08_Aligned,RDKit_MMFF94_3D
CC(C)OC(=O)C1=C(c2cccs2)C2C=CC1C2,345.0,68.93,75.0,0.0001,2-Thienyl,Isopropyl ester,Unsubstituted_C7,NBD_QC_Functionalized,NBD_Combinatorial_M08_Aligned,RDKit_MMFF94_3D
CC(C)OC(=O)C1=C(c2cccs2)C2C=CC1C2(C)C,345.0,66.5,75.0,0.0001,2-Thienyl,Isopropyl ester,"7,7-Dimethyl",NBD_QC_Functionalized,NBD_Combinatorial_M08_Aligned,RDKit_MMFF94_3D
CC1=CC2(C)CC1C(C(=O)OC(C)C)=C2c1cccs1,345.0,70.41,75.0,0.0001,2-Thienyl,Isopropyl ester,"1,4-Dimethyl",NBD_QC_Functionalized,NBD_Combinatorial_M08_Aligned,RDKit_MMFF94_3D
O=S(=O)(C1=C(c2cccs2)C2C=CC1C2)c1ccccc1,359.0,68.5,75.0,0.0001,2-Thienyl,Phenylsulfonyl,Unsubstituted_C7,NBD_QC_Functionalized,NBD_Combinatorial_M08_Aligned,RDKit_MMFF94_3D
CC1(C)C2C=CC1C(S(=O)(=O)c1ccccc1)=C2c1cccs1,359.0,116.36,75.0,0.0001,2-Thienyl,Phenylsulfonyl,"7,7-Dimethyl",NBD_QC_Functionalized,NBD_Combinatorial_M08_Aligned,RDKit_MMFF94_3D
CC1=CC2(C)CC1C(S(=O)(=O)c1ccccc1)=C2c1cccs1,359.0,75.5,75.0,0.0001,2-Thienyl,Phenylsulfonyl,"1,4-Dimethyl",NBD_QC_Functionalized,NBD_Combinatorial_M08_Aligned,RDKit_MMFF94_3D
C1=CC2CC1C(c1cccs1)=C2c1nccs1,353.0,63.5,75.0,0.0001,2-Thienyl,2-Thiazolyl,Unsubstituted_C7,NBD_QC_Functionalized,NBD_Combinatorial_M08_Aligned,RDKit_MMFF94_3D
CC1(C)C2C=CC1C(c1nccs1)=C2c1cccs1,353.0,68.69,75.0,0.0001,2-Thienyl,2-Thiazolyl,"7,7-Dimethyl",NBD_QC_Functionalized,NBD_Combinatorial_M08_Aligned,RDKit_MMFF94_3D
CC1=CC2(C)CC1C(c1nccs1)=C2c1cccs1,353.0,70.5,75.0,0.0001,2-Thienyl,2-Thiazolyl,"1,4-Dimethyl",NBD_QC_Functionalized,NBD_Combinatorial_M08_Aligned,RDKit_MMFF94_3D
CCNC(=O)C1=C(c2cccs2)C2C=CC1C2,343.0,74.31,75.0,0.0001,2-Thienyl,Ethylamide,Unsubstituted_C7,NBD_QC_Functionalized,NBD_Combinatorial_M08_Aligned,RDKit_MMFF94_3D
CCNC(=O)C1=C(c2cccs2)C2C=CC1C2(C)C,343.0,71.5,75.0,0.0001,2-Thienyl,Ethylamide,"7,7-Dimethyl",NBD_QC_Functionalized,NBD_Combinatorial_M08_Aligned,RDKit_MMFF94_3D
CCNC(=O)C1=C(c2cccs2)C2(C)C=C(C)C1C2,343.0,53.21,75.0,0.0001,2-Thienyl,Ethylamide,"1,4-Dimethyl",NBD_QC_Functionalized,NBD_Combinatorial_M08_Aligned,RDKit_MMFF94_3D
N#CC1=C(c2ccco2)C2C=CC1C2,338.0,100.47,75.0,0.0001,2-Furyl,Cyano,Unsubstituted_C7,NBD_QC_Functionalized,NBD_Combinatorial_M08_Aligned,RDKit_MMFF94_3D
CC1(C)C2C=CC1C(c1ccco1)=C2C#N,338.0,33.09,75.0,0.0001,2-Furyl,Cyano,"7,7-Dimethyl",NBD_QC_Functionalized,NBD_Combinatorial_M08_Aligned,RDKit_MMFF94_3D
CC1=CC2(C)CC1C(C#N)=C2c1ccco1,338.0,94.57,75.0,0.0001,2-Furyl,Cyano,"1,4-Dimethyl",NBD_QC_Functionalized,NBD_Combinatorial_M08_Aligned,RDKit_MMFF94_3D
COC(=O)C1=C(c2ccco2)C2C=CC1C2,341.0,96.34,75.0,0.0001,2-Furyl,Methyl ester,Unsubstituted_C7,NBD_QC_Functionalized,NBD_Combinatorial_M08_Aligned,RDKit_MMFF94_3D
COC(=O)C1=C(c2ccco2)C2C=CC1C2(C)C,341.0,65.5,75.0,0.0001,2-Furyl,Methyl ester,"7,7-Dimethyl",NBD_QC_Functionalized,NBD_Combinatorial_M08_Aligned,RDKit_MMFF94_3D
COC(=O)C1=C(c2ccco2)C2(C)C=C(C)C1C2,341.0,92.94,75.0,0.0001,2-Furyl,Methyl ester,"1,4-Dimethyl",NBD_QC_Functionalized,NBD_Combinatorial_M08_Aligned,RDKit_MMFF94_3D
CCOC(=O)C1=C(c2ccco2)C2C=CC1C2,341.0,95.79,75.0,0.0001,2-Furyl,Ethyl ester,Unsubstituted_C7,NBD_QC_Functionalized,NBD_Combinatorial_M08_Aligned,RDKit_MMFF94_3D
CCOC(=O)C1=C(c2ccco2)C2C=CC1C2(C)C,341.0,72.5,75.0,0.0001,2-Furyl,Ethyl ester,"7,7-Dimethyl",NBD_QC_Functionalized,NBD_Combinatorial_M08_Aligned,RDKit_MMFF94_3D
CCOC(=O)C1=C(c2ccco2)C2(C)C=C(C)C1C2,341.0,92.46,75.0,0.0001,2-Furyl,Ethyl ester,"1,4-Dimethyl",NBD_QC_Functionalized,NBD_Combinatorial_M08_Aligned,RDKit_MMFF94_3D
CC(=O)C1=C(c2ccco2)C2C=CC1C2,343.0,62.95,75.0,0.0001,2-Furyl,Acetyl,Unsubstituted_C7,NBD_QC_Functionalized,NBD_Combinatorial_M08_Aligned,RDKit_MMFF94_3D
CC(=O)C1=C(c2ccco2)C2C=CC1C2(C)C,343.0,68.5,75.0,0.0001,2-Furyl,Acetyl,"7,7-Dimethyl",NBD_QC_Functionalized,NBD_Combinatorial_M08_Aligned,RDKit_MMFF94_3D
CC(=O)C1=C(c2ccco2)C2(C)C=C(C)C1C2,343.0,57.29,75.0,0.0001,2-Furyl,Acetyl,"1,4-Dimethyl",NBD_QC_Functionalized,NBD_Combinatorial_M08_Aligned,RDKit_MMFF94_3D
FC(F)(F)C1=C(c2ccco2)C2C=CC1C2,328.0,69.5,75.0,0.0001,2-Furyl,Trifluoromethyl,Unsubstituted_C7,NBD_QC_Functionalized,NBD_Combinatorial_M08_Aligned,RDKit_MMFF94_3D
CC1(C)C2C=CC1C(C(F)(F)F)=C2c1ccco1,328.0,74.5,75.0,0.0001,2-Furyl,Trifluoromethyl,"7,7-Dimethyl",NBD_QC_Functionalized,NBD_Combinatorial_M08_Aligned,RDKit_MMFF94_3D
CC1=CC2(C)CC1C(C(F)(F)F)=C2c1ccco1,328.0,82.5,75.0,0.0001,2-Furyl,Trifluoromethyl,"1,4-Dimethyl",NBD_QC_Functionalized,NBD_Combinatorial_M08_Aligned,RDKit_MMFF94_3D
CS(=O)(=O)C1=C(c2ccco2)C2C=CC1C2,333.0,61.5,75.0,0.0001,2-Furyl,Methylsulfonyl,Unsubstituted_C7,NBD_QC_Functionalized,NBD_Combinatorial_M08_Aligned,RDKit_MMFF94_3D
CC1(C)C2C=CC1C(S(C)(=O)=O)=C2c1ccco1,333.0,118.77,75.0,0.0001,2-Furyl,Methylsulfonyl,"7,7-Dimethyl",NBD_QC_Functionalized,NBD_Combinatorial_M08_Aligned,RDKit_MMFF94_3D
CC1=CC2(C)CC1C(S(C)(=O)=O)=C2c1ccco1,333.0,78.5,75.0,0.0001,2-Furyl,Methylsulfonyl,"1,4-Dimethyl",NBD_QC_Functionalized,NBD_Combinatorial_M08_Aligned,RDKit_MMFF94_3D
NC(=O)C1=C(c2ccco2)C2C=CC1C2,337.0,95.31,75.0,0.0001,2-Furyl,Carboxamide,Unsubstituted_C7,NBD_QC_Functionalized,NBD_Combinatorial_M08_Aligned,RDKit_MMFF94_3D
CC1(C)C2C=CC1C(c1ccco1)=C2C(N)=O,337.0,82.5,75.0,0.0001,2-Furyl,Carboxamide,"7,7-Dimethyl",NBD_QC_Functionalized,NBD_Combinatorial_M08_Aligned,RDKit_MMFF94_3D
CC1=CC2(C)CC1C(C(N)=O)=C2c1ccco1,337.0,73.48,75.0,0.0001,2-Furyl,Carboxamide,"1,4-Dimethyl",NBD_QC_Functionalized,NBD_Combinatorial_M08_Aligned,RDKit_MMFF94_3D
N#Cc1ccc(C2=C(c3ccco3)C3C=CC2C3)cc1,368.0,68.5,75.0,0.0001,2-Furyl,4-Cyanophenyl,Unsubstituted_C7,NBD_QC_Functionalized,NBD_Combinatorial_M08_Aligned,RDKit_MMFF94_3D
CC1(C)C2C=CC1C(c1ccco1)=C2c1ccc(C#N)cc1,368.0,63.5,75.0,0.0001,2-Furyl,4-Cyanophenyl,"7,7-Dimethyl",NBD_QC_Functionalized,NBD_Combinatorial_M08_Aligned,RDKit_MMFF94_3D
CC1=CC2(C)CC1C(c1ccc(C#N)cc1)=C2c1ccco1,368.0,61.5,75.0,0.0001,2-Furyl,4-Cyanophenyl,"1,4-Dimethyl",NBD_QC_Functionalized,NBD_Combinatorial_M08_Aligned,RDKit_MMFF94_3D
O=[N+]([O-])c1ccc(C2=C(c3ccco3)C3C=CC2C3)cc1,373.0,58.5,75.0,0.0001,2-Furyl,4-Nitrophenyl,Unsubstituted_C7,NBD_QC_Functionalized,NBD_Combinatorial_M08_Aligned,RDKit_MMFF94_3D
CC1(C)C2C=CC1C(c1ccco1)=C2c1ccc([N+](=O)[O-])cc1,373.0,67.77,75.0,0.0001,2-Furyl,4-Nitrophenyl,"7,7-Dimethyl",NBD_QC_Functionalized,NBD_Combinatorial_M08_Aligned,RDKit_MMFF94_3D
CC1=CC2(C)CC1C(c1ccc([N+](=O)[O-])cc1)=C2c1ccco1,373.0,67.77,75.0,0.0001,2-Furyl,4-Nitrophenyl,"1,4-Dimethyl",NBD_QC_Functionalized,NBD_Combinatorial_M08_Aligned,RDKit_MMFF94_3D
FC(F)(F)c1ccc(C2=C(c3ccco3)C3C=CC2C3)cc1,361.0,71.5,75.0,0.0001,2-Furyl,4-Trifluoromethylphenyl,Unsubstituted_C7,NBD_QC_Functionalized,NBD_Combinatorial_M08_Aligned,RDKit_MMFF94_3D
CC1(C)C2C=CC1C(c1ccco1)=C2c1ccc(C(F)(F)F)cc1,361.0,73.5,75.0,0.0001,2-Furyl,4-Trifluoromethylphenyl,"7,7-Dimethyl",NBD_QC_Functionalized,NBD_Combinatorial_M08_Aligned,RDKit_MMFF94_3D
CC1=CC2(C)CC1C(c1ccc(C(F)(F)F)cc1)=C2c1ccco1,361.0,59.5,75.0,0.0001,2-Furyl,4-Trifluoromethylphenyl,"1,4-Dimethyl",NBD_QC_Functionalized,NBD_Combinatorial_M08_Aligned,RDKit_MMFF94_3D
O=C(C1=C(c2ccco2)C2C=CC1C2)c1ccccc1,358.0,59.1,75.0,0.0001,2-Furyl,Benzoyl,Unsubstituted_C7,NBD_QC_Functionalized,NBD_Combinatorial_M08_Aligned,RDKit_MMFF94_3D
CC1(C)C2C=CC1C(c1ccco1)=C2C(=O)c1ccccc1,358.0,80.5,75.0,0.0001,2-Furyl,Benzoyl,"7,7-Dimethyl",NBD_QC_Functionalized,NBD_Combinatorial_M08_Aligned,RDKit_MMFF94_3D
CC1=CC2(C)CC1C(C(=O)c1ccccc1)=C2c1ccco1,358.0,56.21,75.0,0.0001,2-Furyl,Benzoyl,"1,4-Dimethyl",NBD_QC_Functionalized,NBD_Combinatorial_M08_Aligned,RDKit_MMFF94_3D
C1=CC2CC1C(c1ccccn1)=C2c1ccco1,351.0,58.78,75.0,0.0001,2-Furyl,2-Pyridyl,Unsubstituted_C7,NBD_QC_Functionalized,NBD_Combinatorial_M08_Aligned,RDKit_MMFF94_3D
CC1(C)C2C=CC1C(c1ccco1)=C2c1ccccn1,351.0,68.43,75.0,0.0001,2-Furyl,2-Pyridyl,"7,7-Dimethyl",NBD_QC_Functionalized,NBD_Combinatorial_M08_Aligned,RDKit_MMFF94_3D
CC1=CC2(C)CC1C(c1ccccn1)=C2c1ccco1,351.0,57.63,75.0,0.0001,2-Furyl,2-Pyridyl,"1,4-Dimethyl",NBD_QC_Functionalized,NBD_Combinatorial_M08_Aligned,RDKit_MMFF94_3D
C1=CC2CC1C(c1ccncc1)=C2c1ccco1,353.0,69.5,75.0,0.0001,2-Furyl,4-Pyridyl,Unsubstituted_C7,NBD_QC_Functionalized,NBD_Combinatorial_M08_Aligned,RDKit_MMFF94_3D
CC1(C)C2C=CC1C(c1ccco1)=C2c1ccncc1,353.0,68.37,75.0,0.0001,2-Furyl,4-Pyridyl,"7,7-Dimethyl",NBD_QC_Functionalized,NBD_Combinatorial_M08_Aligned,RDKit_MMFF94_3D
CC1=CC2(C)CC1C(c1ccncc1)=C2c1ccco1,353.0,68.37,75.0,0.0001,2-Furyl,4-Pyridyl,"1,4-Dimethyl",NBD_QC_Functionalized,NBD_Combinatorial_M08_Aligned,RDKit_MMFF94_3D
O=C(O)C1=C(c2ccco2)C2C=CC1C2,338.0,102.5,75.0,0.0001,2-Furyl,Carboxylic acid,Unsubstituted_C7,NBD_QC_Functionalized,NBD_Combinatorial_M08_Aligned,RDKit_MMFF94_3D
CC1(C)C2C=CC1C(c1ccco1)=C2C(=O)O,338.0,39.6,75.0,0.0001,2-Furyl,Carboxylic acid,"7,7-Dimethyl",NBD_QC_Functionalized,NBD_Combinatorial_M08_Aligned,RDKit_MMFF94_3D
CC1=CC2(C)CC1C(C(=O)O)=C2c1ccco1,338.0,101.75,75.0,0.0001,2-Furyl,Carboxylic acid,"1,4-Dimethyl",NBD_QC_Functionalized,NBD_Combinatorial_M08_Aligned,RDKit_MMFF94_3D
CCCCC(CC)COC(=O)C1=C(c2ccco2)C2C=CC1C2,343.0,88.27,75.0,0.0001,2-Furyl,Ethylhexyl ester,Unsubstituted_C7,NBD_QC_Functionalized,NBD_Combinatorial_M08_Aligned,RDKit_MMFF94_3D
CCCCC(CC)COC(=O)C1=C(c2ccco2)C2C=CC1C2(C)C,343.0,48.64,75.0,0.0001,2-Furyl,Ethylhexyl ester,"7,7-Dimethyl",NBD_QC_Functionalized,NBD_Combinatorial_M08_Aligned,RDKit_MMFF94_3D
CCCCC(CC)COC(=O)C1=C(c2ccco2)C2(C)C=C(C)C1C2,343.0,93.31,75.0,0.0001,2-Furyl,Ethylhexyl ester,"1,4-Dimethyl",NBD_QC_Functionalized,NBD_Combinatorial_M08_Aligned,RDKit_MMFF94_3D
N#Cc1cccc(C2=C(c3ccco3)C3C=CC2C3)c1,365.0,81.5,75.0,0.0001,2-Furyl,3-Cyanophenyl,Unsubstituted_C7,NBD_QC_Functionalized,NBD_Combinatorial_M08_Aligned,RDKit_MMFF94_3D
CC1(C)C2C=CC1C(c1ccco1)=C2c1cccc(C#N)c1,365.0,76.5,75.0,0.0001,2-Furyl,3-Cyanophenyl,"7,7-Dimethyl",NBD_QC_Functionalized,NBD_Combinatorial_M08_Aligned,RDKit_MMFF94_3D
CC1=CC2(C)CC1C(c1cccc(C#N)c1)=C2c1ccco1,365.0,68.01,75.0,0.0001,2-Furyl,3-Cyanophenyl,"1,4-Dimethyl",NBD_QC_Functionalized,NBD_Combinatorial_M08_Aligned,RDKit_MMFF94_3D
CC(C)OC(=O)C1=C(c2ccco2)C2C=CC1C2,341.0,103.47,75.0,0.0001,2-Furyl,Isopropyl ester,Unsubstituted_C7,NBD_QC_Functionalized,NBD_Combinatorial_M08_Aligned,RDKit_MMFF94_3D
CC(C)OC(=O)C1=C(c2ccco2)C2C=CC1C2(C)C,341.0,75.5,75.0,0.0001,2-Furyl,Isopropyl ester,"7,7-Dimethyl",NBD_QC_Functionalized,NBD_Combinatorial_M08_Aligned,RDKit_MMFF94_3D
CC1=CC2(C)CC1C(C(=O)OC(C)C)=C2c1ccco1,341.0,88.65,75.0,0.0001,2-Furyl,Isopropyl ester,"1,4-Dimethyl",NBD_QC_Functionalized,NBD_Combinatorial_M08_Aligned,RDKit_MMFF94_3D
O=S(=O)(C1=C(c2ccco2)C2C=CC1C2)c1ccccc1,355.0,79.5,75.0,0.0001,2-Furyl,Phenylsulfonyl,Unsubstituted_C7,NBD_QC_Functionalized,NBD_Combinatorial_M08_Aligned,RDKit_MMFF94_3D
CC1(C)C2C=CC1C(S(=O)(=O)c1ccccc1)=C2c1ccco1,355.0,77.5,75.0,0.0001,2-Furyl,Phenylsulfonyl,"7,7-Dimethyl",NBD_QC_Functionalized,NBD_Combinatorial_M08_Aligned,RDKit_MMFF94_3D
CC1=CC2(C)CC1C(S(=O)(=O)c1ccccc1)=C2c1ccco1,355.0,63.5,75.0,0.0001,2-Furyl,Phenylsulfonyl,"1,4-Dimethyl",NBD_QC_Functionalized,NBD_Combinatorial_M08_Aligned,RDKit_MMFF94_3D
C1=CC2CC1C(c1ccco1)=C2c1nccs1,349.0,46.63,75.0,0.0001,2-Furyl,2-Thiazolyl,Unsubstituted_C7,NBD_QC_Functionalized,NBD_Combinatorial_M08_Aligned,RDKit_MMFF94_3D
CC1(C)C2C=CC1C(c1nccs1)=C2c1ccco1,349.0,68.49,75.0,0.0001,2-Furyl,2-Thiazolyl,"7,7-Dimethyl",NBD_QC_Functionalized,NBD_Combinatorial_M08_Aligned,RDKit_MMFF94_3D
CC1=CC2(C)CC1C(c1nccs1)=C2c1ccco1,349.0,36.57,75.0,0.0001,2-Furyl,2-Thiazolyl,"1,4-Dimethyl",NBD_QC_Functionalized,NBD_Combinatorial_M08_Aligned,RDKit_MMFF94_3D
CCNC(=O)C1=C(c2ccco2)C2C=CC1C2,339.0,95.12,75.0,0.0001,2-Furyl,Ethylamide,Unsubstituted_C7,NBD_QC_Functionalized,NBD_Combinatorial_M08_Aligned,RDKit_MMFF94_3D
CCNC(=O)C1=C(c2ccco2)C2C=CC1C2(C)C,339.0,48.18,75.0,0.0001,2-Furyl,Ethylamide,"7,7-Dimethyl",NBD_QC_Functionalized,NBD_Combinatorial_M08_Aligned,RDKit_MMFF94_3D
CCNC(=O)C1=C(c2ccco2)C2(C)C=C(C)C1C2,339.0,102.68,75.0,0.0001,2-Furyl,Ethylamide,"1,4-Dimethyl",NBD_QC_Functionalized,NBD_Combinatorial_M08_Aligned,RDKit_MMFF94_3D
N#CC1=C(c2ccc(F)cc2)C2C=CC1C2,328.0,64.43,75.0,0.0001,4-Fluorophenyl,Cyano,Unsubstituted_C7,NBD_QC_Functionalized,NBD_Combinatorial_M08_Aligned,RDKit_MMFF94_3D
CC1(C)C2C=CC1C(c1ccc(F)cc1)=C2C#N,328.0,73.5,75.0,0.0001,4-Fluorophenyl,Cyano,"7,7-Dimethyl",NBD_QC_Functionalized,NBD_Combinatorial_M08_Aligned,RDKit_MMFF94_3D
CC1=CC2(C)CC1C(C#N)=C2c1ccc(F)cc1,328.0,59.27,75.0,0.0001,4-Fluorophenyl,Cyano,"1,4-Dimethyl",NBD_QC_Functionalized,NBD_Combinatorial_M08_Aligned,RDKit_MMFF94_3D
COC(=O)C1=C(c2ccc(F)cc2)C2C=CC1C2,331.0,67.95,75.0,0.0001,4-Fluorophenyl,Methyl ester,Unsubstituted_C7,NBD_QC_Functionalized,NBD_Combinatorial_M08_Aligned,RDKit_MMFF94_3D
COC(=O)C1=C(c2ccc(F)cc2)C2C=CC1C2(C)C,331.0,72.5,75.0,0.0001,4-Fluorophenyl,Methyl ester,"7,7-Dimethyl",NBD_QC_Functionalized,NBD_Combinatorial_M08_Aligned,RDKit_MMFF94_3D
COC(=O)C1=C(c2ccc(F)cc2)C2(C)C=C(C)C1C2,331.0,59.27,75.0,0.0001,4-Fluorophenyl,Methyl ester,"1,4-Dimethyl",NBD_QC_Functionalized,NBD_Combinatorial_M08_Aligned,RDKit_MMFF94_3D
CCOC(=O)C1=C(c2ccc(F)cc2)C2C=CC1C2,331.0,68.14,75.0,0.0001,4-Fluorophenyl,Ethyl ester,Unsubstituted_C7,NBD_QC_Functionalized,NBD_Combinatorial_M08_Aligned,RDKit_MMFF94_3D
CCOC(=O)C1=C(c2ccc(F)cc2)C2C=CC1C2(C)C,331.0,79.5,75.0,0.0001,4-Fluorophenyl,Ethyl ester,"7,7-Dimethyl",NBD_QC_Functionalized,NBD_Combinatorial_M08_Aligned,RDKit_MMFF94_3D
CCOC(=O)C1=C(c2ccc(F)cc2)C2(C)C=C(C)C1C2,331.0,63.02,75.0,0.0001,4-Fluorophenyl,Ethyl ester,"1,4-Dimethyl",NBD_QC_Functionalized,NBD_Combinatorial_M08_Aligned,RDKit_MMFF94_3D
CC(=O)C1=C(c2ccc(F)cc2)C2C=CC1C2,333.0,68.5,75.0,0.0001,4-Fluorophenyl,Acetyl,Unsubstituted_C7,NBD_QC_Functionalized,NBD_Combinatorial_M08_Aligned,RDKit_MMFF94_3D
CC(=O)C1=C(c2ccc(F)cc2)C2C=CC1C2(C)C,333.0,68.17,75.0,0.0001,4-Fluorophenyl,Acetyl,"7,7-Dimethyl",NBD_QC_Functionalized,NBD_Combinatorial_M08_Aligned,RDKit_MMFF94_3D
CC(=O)C1=C(c2ccc(F)cc2)C2(C)C=C(C)C1C2,333.0,76.5,75.0,0.0001,4-Fluorophenyl,Acetyl,"1,4-Dimethyl",NBD_QC_Functionalized,NBD_Combinatorial_M08_Aligned,RDKit_MMFF94_3D
Fc1ccc(C2=C(C(F)(F)F)C3C=CC2C3)cc1,318.0,135.91,75.0,0.0001,4-Fluorophenyl,Trifluoromethyl,Unsubstituted_C7,NBD_QC_Functionalized,NBD_Combinatorial_M08_Aligned,RDKit_MMFF94_3D
CC1(C)C2C=CC1C(C(F)(F)F)=C2c1ccc(F)cc1,318.0,68.03,75.0,0.0001,4-Fluorophenyl,Trifluoromethyl,"7,7-Dimethyl",NBD_QC_Functionalized,NBD_Combinatorial_M08_Aligned,RDKit_MMFF94_3D
CC1=CC2(C)CC1C(C(F)(F)F)=C2c1ccc(F)cc1,318.0,127.33,75.0,0.0001,4-Fluorophenyl,Trifluoromethyl,"1,4-Dimethyl",NBD_QC_Functionalized,NBD_Combinatorial_M08_Aligned,RDKit_MMFF94_3D
CS(=O)(=O)C1=C(c2ccc(F)cc2)C2C=CC1C2,323.0,79.5,75.0,0.0001,4-Fluorophenyl,Methylsulfonyl,Unsubstituted_C7,NBD_QC_Functionalized,NBD_Combinatorial_M08_Aligned,RDKit_MMFF94_3D
CC1(C)C2C=CC1C(S(C)(=O)=O)=C2c1ccc(F)cc1,323.0,81.84,75.0,0.0001,4-Fluorophenyl,Methylsulfonyl,"7,7-Dimethyl",NBD_QC_Functionalized,NBD_Combinatorial_M08_Aligned,RDKit_MMFF94_3D
CC1=CC2(C)CC1C(S(C)(=O)=O)=C2c1ccc(F)cc1,323.0,69.5,75.0,0.0001,4-Fluorophenyl,Methylsulfonyl,"1,4-Dimethyl",NBD_QC_Functionalized,NBD_Combinatorial_M08_Aligned,RDKit_MMFF94_3D
NC(=O)C1=C(c2ccc(F)cc2)C2C=CC1C2,327.0,58.08,75.0,0.0001,4-Fluorophenyl,Carboxamide,Unsubstituted_C7,NBD_QC_Functionalized,NBD_Combinatorial_M08_Aligned,RDKit_MMFF94_3D
CC1(C)C2C=CC1C(c1ccc(F)cc1)=C2C(N)=O,327.0,76.5,75.0,0.0001,4-Fluorophenyl,Carboxamide,"7,7-Dimethyl",NBD_QC_Functionalized,NBD_Combinatorial_M08_Aligned,RDKit_MMFF94_3D
CC1=CC2(C)CC1C(C(N)=O)=C2c1ccc(F)cc1,327.0,47.25,75.0,0.0001,4-Fluorophenyl,Carboxamide,"1,4-Dimethyl",NBD_QC_Functionalized,NBD_Combinatorial_M08_Aligned,RDKit_MMFF94_3D
N#Cc1ccc(C2=C(c3ccc(F)cc3)C3C=CC2C3)cc1,358.0,67.42,75.0,0.0001,4-Fluorophenyl,4-Cyanophenyl,Unsubstituted_C7,NBD_QC_Functionalized,NBD_Combinatorial_M08_Aligned,RDKit_MMFF94_3D
CC1(C)C2C=CC1C(c1ccc(C#N)cc1)=C2c1ccc(F)cc1,358.0,81.5,75.0,0.0001,4-Fluorophenyl,4-Cyanophenyl,"7,7-Dimethyl",NBD_QC_Functionalized,NBD_Combinatorial_M08_Aligned,RDKit_MMFF94_3D
CC1=CC2(C)CC1C(c1ccc(C#N)cc1)=C2c1ccc(F)cc1,358.0,67.42,75.0,0.0001,4-Fluorophenyl,4-Cyanophenyl,"1,4-Dimethyl",NBD_QC_Functionalized,NBD_Combinatorial_M08_Aligned,RDKit_MMFF94_3D
O=[N+]([O-])c1ccc(C2=C(c3ccc(F)cc3)C3C=CC2C3)cc1,363.0,58.5,75.0,0.0001,4-Fluorophenyl,4-Nitrophenyl,Unsubstituted_C7,NBD_QC_Functionalized,NBD_Combinatorial_M08_Aligned,RDKit_MMFF94_3D
CC1(C)C2C=CC1C(c1ccc([N+](=O)[O-])cc1)=C2c1ccc(F)cc1,363.0,72.5,75.0,0.0001,4-Fluorophenyl,4-Nitrophenyl,"7,7-Dimethyl",NBD_QC_Functionalized,NBD_Combinatorial_M08_Aligned,RDKit_MMFF94_3D
CC1=CC2(C)CC1C(c1ccc([N+](=O)[O-])cc1)=C2c1ccc(F)cc1,363.0,67.27,75.0,0.0001,4-Fluorophenyl,4-Nitrophenyl,"1,4-Dimethyl",NBD_QC_Functionalized,NBD_Combinatorial_M08_Aligned,RDKit_MMFF94_3D
Fc1ccc(C2=C(c3ccc(C(F)(F)F)cc3)C3C=CC2C3)cc1,351.0,75.5,75.0,0.0001,4-Fluorophenyl,4-Trifluoromethylphenyl,Unsubstituted_C7,NBD_QC_Functionalized,NBD_Combinatorial_M08_Aligned,RDKit_MMFF94_3D
CC1(C)C2C=CC1C(c1ccc(C(F)(F)F)cc1)=C2c1ccc(F)cc1,351.0,65.5,75.0,0.0001,4-Fluorophenyl,4-Trifluoromethylphenyl,"7,7-Dimethyl",NBD_QC_Functionalized,NBD_Combinatorial_M08_Aligned,RDKit_MMFF94_3D
CC1=CC2(C)CC1C(c1ccc(C(F)(F)F)cc1)=C2c1ccc(F)cc1,351.0,72.5,75.0,0.0001,4-Fluorophenyl,4-Trifluoromethylphenyl,"1,4-Dimethyl",NBD_QC_Functionalized,NBD_Combinatorial_M08_Aligned,RDKit_MMFF94_3D
O=C(C1=C(c2ccc(F)cc2)C2C=CC1C2)c1ccccc1,348.0,40.09,75.0,0.0001,4-Fluorophenyl,Benzoyl,Unsubstituted_C7,NBD_QC_Functionalized,NBD_Combinatorial_M08_Aligned,RDKit_MMFF94_3D
CC1(C)C2C=CC1C(c1ccc(F)cc1)=C2C(=O)c1ccccc1,348.0,67.72,75.0,0.0001,4-Fluorophenyl,Benzoyl,"7,7-Dimethyl",NBD_QC_Functionalized,NBD_Combinatorial_M08_Aligned,RDKit_MMFF94_3D
CC1=CC2(C)CC1C(C(=O)c1ccccc1)=C2c1ccc(F)cc1,348.0,67.5,75.0,0.0001,4-Fluorophenyl,Benzoyl,"1,4-Dimethyl",NBD_QC_Functionalized,NBD_Combinatorial_M08_Aligned,RDKit_MMFF94_3D
Fc1ccc(C2=C(c3ccccn3)C3C=CC2C3)cc1,341.0,35.68,75.0,0.0001,4-Fluorophenyl,2-Pyridyl,Unsubstituted_C7,NBD_QC_Functionalized,NBD_Combinatorial_M08_Aligned,RDKit_MMFF94_3D
CC1(C)C2C=CC1C(c1ccccn1)=C2c1ccc(F)cc1,341.0,67.93,75.0,0.0001,4-Fluorophenyl,2-Pyridyl,"7,7-Dimethyl",NBD_QC_Functionalized,NBD_Combinatorial_M08_Aligned,RDKit_MMFF94_3D
CC1=CC2(C)CC1C(c1ccccn1)=C2c1ccc(F)cc1,341.0,73.5,75.0,0.0001,4-Fluorophenyl,2-Pyridyl,"1,4-Dimethyl",NBD_QC_Functionalized,NBD_Combinatorial_M08_Aligned,RDKit_MMFF94_3D
Fc1ccc(C2=C(c3ccncc3)C3C=CC2C3)cc1,343.0,67.87,75.0,0.0001,4-Fluorophenyl,4-Pyridyl,Unsubstituted_C7,NBD_QC_Functionalized,NBD_Combinatorial_M08_Aligned,RDKit_MMFF94_3D
CC1(C)C2C=CC1C(c1ccc(F)cc1)=C2c1ccncc1,343.0,67.87,75.0,0.0001,4-Fluorophenyl,4-Pyridyl,"7,7-Dimethyl",NBD_QC_Functionalized,NBD_Combinatorial_M08_Aligned,RDKit_MMFF94_3D
CC1=CC2(C)CC1C(c1ccncc1)=C2c1ccc(F)cc1,343.0,67.87,75.0,0.0001,4-Fluorophenyl,4-Pyridyl,"1,4-Dimethyl",NBD_QC_Functionalized,NBD_Combinatorial_M08_Aligned,RDKit_MMFF94_3D
O=C(O)C1=C(c2ccc(F)cc2)C2C=CC1C2,328.0,71.09,75.0,0.0001,4-Fluorophenyl,Carboxylic acid,Unsubstituted_C7,NBD_QC_Functionalized,NBD_Combinatorial_M08_Aligned,RDKit_MMFF94_3D
CC1(C)C2C=CC1C(c1ccc(F)cc1)=C2C(=O)O,328.0,67.5,75.0,0.0001,4-Fluorophenyl,Carboxylic acid,"7,7-Dimethyl",NBD_QC_Functionalized,NBD_Combinatorial_M08_Aligned,RDKit_MMFF94_3D
CC1=CC2(C)CC1C(C(=O)O)=C2c1ccc(F)cc1,328.0,66.21,75.0,0.0001,4-Fluorophenyl,Carboxylic acid,"1,4-Dimethyl",NBD_QC_Functionalized,NBD_Combinatorial_M08_Aligned,RDKit_MMFF94_3D
CCCCC(CC)COC(=O)C1=C(c2ccc(F)cc2)C2C=CC1C2,333.0,60.4,75.0,0.0001,4-Fluorophenyl,Ethylhexyl ester,Unsubstituted_C7,NBD_QC_Functionalized,NBD_Combinatorial_M08_Aligned,RDKit_MMFF94_3D
CCCCC(CC)COC(=O)C1=C(c2ccc(F)cc2)C2C=CC1C2(C)C,333.0,71.5,75.0,0.0001,4-Fluorophenyl,Ethylhexyl ester,"7,7-Dimethyl",NBD_QC_Functionalized,NBD_Combinatorial_M08_Aligned,RDKit_MMFF94_3D
CCCCC(CC)COC(=O)C1=C(c2ccc(F)cc2)C2(C)C=C(C)C1C2,333.0,62.03,75.0,0.0001,4-Fluorophenyl,Ethylhexyl ester,"1,4-Dimethyl",NBD_QC_Functionalized,NBD_Combinatorial_M08_Aligned,RDKit_MMFF94_3D
N#Cc1cccc(C2=C(c3ccc(F)cc3)C3C=CC2C3)c1,355.0,67.51,75.0,0.0001,4-Fluorophenyl,3-Cyanophenyl,Unsubstituted_C7,NBD_QC_Functionalized,NBD_Combinatorial_M08_Aligned,RDKit_MMFF94_3D
CC1(C)C2C=CC1C(c1cccc(C#N)c1)=C2c1ccc(F)cc1,355.0,67.5,75.0,0.0001,4-Fluorophenyl,3-Cyanophenyl,"7,7-Dimethyl",NBD_QC_Functionalized,NBD_Combinatorial_M08_Aligned,RDKit_MMFF94_3D
CC1=CC2(C)CC1C(c1cccc(C#N)c1)=C2c1ccc(F)cc1,355.0,67.51,75.0,0.0001,4-Fluorophenyl,3-Cyanophenyl,"1,4-Dimethyl",NBD_QC_Functionalized,NBD_Combinatorial_M08_Aligned,RDKit_MMFF94_3D
CC(C)OC(=O)C1=C(c2ccc(F)cc2)C2C=CC1C2,331.0,65.05,75.0,0.0001,4-Fluorophenyl,Isopropyl ester,Unsubstituted_C7,NBD_QC_Functionalized,NBD_Combinatorial_M08_Aligned,RDKit_MMFF94_3D
CC(C)OC(=O)C1=C(c2ccc(F)cc2)C2C=CC1C2(C)C,331.0,69.5,75.0,0.0001,4-Fluorophenyl,Isopropyl ester,"7,7-Dimethyl",NBD_QC_Functionalized,NBD_Combinatorial_M08_Aligned,RDKit_MMFF94_3D
CC1=CC2(C)CC1C(C(=O)OC(C)C)=C2c1ccc(F)cc1,331.0,58.52,75.0,0.0001,4-Fluorophenyl,Isopropyl ester,"1,4-Dimethyl",NBD_QC_Functionalized,NBD_Combinatorial_M08_Aligned,RDKit_MMFF94_3D
O=S(=O)(C1=C(c2ccc(F)cc2)C2C=CC1C2)c1ccccc1,345.0,72.5,75.0,0.0001,4-Fluorophenyl,Phenylsulfonyl,Unsubstituted_C7,NBD_QC_Functionalized,NBD_Combinatorial_M08_Aligned,RDKit_MMFF94_3D
CC1(C)C2C=CC1C(S(=O)(=O)c1ccccc1)=C2c1ccc(F)cc1,345.0,116.51,75.0,0.0001,4-Fluorophenyl,Phenylsulfonyl,"7,7-Dimethyl",NBD_QC_Functionalized,NBD_Combinatorial_M08_Aligned,RDKit_MMFF94_3D
CC1=CC2(C)CC1C(S(=O)(=O)c1ccccc1)=C2c1ccc(F)cc1,345.0,71.5,75.0,0.0001,4-Fluorophenyl,Phenylsulfonyl,"1,4-Dimethyl",NBD_QC_Functionalized,NBD_Combinatorial_M08_Aligned,RDKit_MMFF94_3D
Fc1ccc(C2=C(c3nccs3)C3C=CC2C3)cc1,339.0,64.5,75.0,0.0001,4-Fluorophenyl,2-Thiazolyl,Unsubstituted_C7,NBD_QC_Functionalized,NBD_Combinatorial_M08_Aligned,RDKit_MMFF94_3D
CC1(C)C2C=CC1C(c1nccs1)=C2c1ccc(F)cc1,339.0,67.99,75.0,0.0001,4-Fluorophenyl,2-Thiazolyl,"7,7-Dimethyl",NBD_QC_Functionalized,NBD_Combinatorial_M08_Aligned,RDKit_MMFF94_3D
CC1=CC2(C)CC1C(c1nccs1)=C2c1ccc(F)cc1,339.0,59.5,75.0,0.0001,4-Fluorophenyl,2-Thiazolyl,"1,4-Dimethyl",NBD_QC_Functionalized,NBD_Combinatorial_M08_Aligned,RDKit_MMFF94_3D
CCNC(=O)C1=C(c2ccc(F)cc2)C2C=CC1C2,329.0,76.7,75.0,0.0001,4-Fluorophenyl,Ethylamide,Unsubstituted_C7,NBD_QC_Functionalized,NBD_Combinatorial_M08_Aligned,RDKit_MMFF94_3D
CCNC(=O)C1=C(c2ccc(F)cc2)C2C=CC1C2(C)C,329.0,74.5,75.0,0.0001,4-Fluorophenyl,Ethylamide,"7,7-Dimethyl",NBD_QC_Functionalized,NBD_Combinatorial_M08_Aligned,RDKit_MMFF94_3D
CCNC(=O)C1=C(c2ccc(F)cc2)C2(C)C=C(C)C1C2,329.0,46.97,75.0,0.0001,4-Fluorophenyl,Ethylamide,"1,4-Dimethyl",NBD_QC_Functionalized,NBD_Combinatorial_M08_Aligned,RDKit_MMFF94_3D
CCOc1ccc(C2=C(C#N)C3C=CC2C3)cc1,354.0,63.05,75.0,0.0001,4-Ethoxyphenyl,Cyano,Unsubstituted_C7,NBD_QC_Functionalized,NBD_Combinatorial_M08_Aligned,RDKit_MMFF94_3D
CCOc1ccc(C2=C(C#N)C3C=CC2C3(C)C)cc1,354.0,66.5,75.0,0.0001,4-Ethoxyphenyl,Cyano,"7,7-Dimethyl",NBD_QC_Functionalized,NBD_Combinatorial_M08_Aligned,RDKit_MMFF94_3D
CCOc1ccc(C2=C(C#N)C3CC2(C)C=C3C)cc1,354.0,67.5,75.0,0.0001,4-Ethoxyphenyl,Cyano,"1,4-Dimethyl",NBD_QC_Functionalized,NBD_Combinatorial_M08_Aligned,RDKit_MMFF94_3D
CCOc1ccc(C2=C(C(=O)OC)C3C=CC2C3)cc1,357.0,78.41,75.0,0.0001,4-Ethoxyphenyl,Methyl ester,Unsubstituted_C7,NBD_QC_Functionalized,NBD_Combinatorial_M08_Aligned,RDKit_MMFF94_3D
CCOc1ccc(C2=C(C(=O)OC)C3C=CC2C3(C)C)cc1,357.0,64.5,75.0,0.0001,4-Ethoxyphenyl,Methyl ester,"7,7-Dimethyl",NBD_QC_Functionalized,NBD_Combinatorial_M08_Aligned,RDKit_MMFF94_3D
CCOc1ccc(C2=C(C(=O)OC)C3CC2(C)C=C3C)cc1,357.0,68.58,75.0,0.0001,4-Ethoxyphenyl,Methyl ester,"1,4-Dimethyl",NBD_QC_Functionalized,NBD_Combinatorial_M08_Aligned,RDKit_MMFF94_3D
CCOC(=O)C1=C(c2ccc(OCC)cc2)C2C=CC1C2,357.0,58.5,75.0,0.0001,4-Ethoxyphenyl,Ethyl ester,Unsubstituted_C7,NBD_QC_Functionalized,NBD_Combinatorial_M08_Aligned,RDKit_MMFF94_3D
CCOC(=O)C1=C(c2ccc(OCC)cc2)C2C=CC1C2(C)C,357.0,80.5,75.0,0.0001,4-Ethoxyphenyl,Ethyl ester,"7,7-Dimethyl",NBD_QC_Functionalized,NBD_Combinatorial_M08_Aligned,RDKit_MMFF94_3D
CCOC(=O)C1=C(c2ccc(OCC)cc2)C2(C)C=C(C)C1C2,357.0,65.61,75.0,0.0001,4-Ethoxyphenyl,Ethyl ester,"1,4-Dimethyl",NBD_QC_Functionalized,NBD_Combinatorial_M08_Aligned,RDKit_MMFF94_3D
CCOc1ccc(C2=C(C(C)=O)C3C=CC2C3)cc1,359.0,33.48,75.0,0.0001,4-Ethoxyphenyl,Acetyl,Unsubstituted_C7,NBD_QC_Functionalized,NBD_Combinatorial_M08_Aligned,RDKit_MMFF94_3D
CCOc1ccc(C2=C(C(C)=O)C3C=CC2C3(C)C)cc1,359.0,69.47,75.0,0.0001,4-Ethoxyphenyl,Acetyl,"7,7-Dimethyl",NBD_QC_Functionalized,NBD_Combinatorial_M08_Aligned,RDKit_MMFF94_3D
CCOc1ccc(C2=C(C(C)=O)C3CC2(C)C=C3C)cc1,359.0,43.7,75.0,0.0001,4-Ethoxyphenyl,Acetyl,"1,4-Dimethyl",NBD_QC_Functionalized,NBD_Combinatorial_M08_Aligned,RDKit_MMFF94_3D
CCOc1ccc(C2=C(C(F)(F)F)C3C=CC2C3)cc1,344.0,60.5,75.0,0.0001,4-Ethoxyphenyl,Trifluoromethyl,Unsubstituted_C7,NBD_QC_Functionalized,NBD_Combinatorial_M08_Aligned,RDKit_MMFF94_3D
CCOc1ccc(C2=C(C(F)(F)F)C3C=CC2C3(C)C)cc1,344.0,61.5,75.0,0.0001,4-Ethoxyphenyl,Trifluoromethyl,"7,7-Dimethyl",NBD_QC_Functionalized,NBD_Combinatorial_M08_Aligned,RDKit_MMFF94_3D
CCOc1ccc(C2=C(C(F)(F)F)C3CC2(C)C=C3C)cc1,344.0,61.5,75.0,0.0001,4-Ethoxyphenyl,Trifluoromethyl,"1,4-Dimethyl",NBD_QC_Functionalized,NBD_Combinatorial_M08_Aligned,RDKit_MMFF94_3D
CCOc1ccc(C2=C(S(C)(=O)=O)C3C=CC2C3)cc1,349.0,58.5,75.0,0.0001,4-Ethoxyphenyl,Methylsulfonyl,Unsubstituted_C7,NBD_QC_Functionalized,NBD_Combinatorial_M08_Aligned,RDKit_MMFF94_3D
CCOc1ccc(C2=C(S(C)(=O)=O)C3C=CC2C3(C)C)cc1,349.0,81.5,75.0,0.0001,4-Ethoxyphenyl,Methylsulfonyl,"7,7-Dimethyl",NBD_QC_Functionalized,NBD_Combinatorial_M08_Aligned,RDKit_MMFF94_3D
CCOc1ccc(C2=C(S(C)(=O)=O)C3CC2(C)C=C3C)cc1,349.0,135.53,75.0,0.0001,4-Ethoxyphenyl,Methylsulfonyl,"1,4-Dimethyl",NBD_QC_Functionalized,NBD_Combinatorial_M08_Aligned,RDKit_MMFF94_3D
CCOc1ccc(C2=C(C(N)=O)C3C=CC2C3)cc1,353.0,68.5,75.0,0.0001,4-Ethoxyphenyl,Carboxamide,Unsubstituted_C7,NBD_QC_Functionalized,NBD_Combinatorial_M08_Aligned,RDKit_MMFF94_3D
CCOc1ccc(C2=C(C(N)=O)C3C=CC2C3(C)C)cc1,353.0,76.5,75.0,0.0001,4-Ethoxyphenyl,Carboxamide,"7,7-Dimethyl",NBD_QC_Functionalized,NBD_Combinatorial_M08_Aligned,RDKit_MMFF94_3D
CCOc1ccc(C2=C(C(N)=O)C3CC2(C)C=C3C)cc1,353.0,82.5,75.0,0.0001,4-Ethoxyphenyl,Carboxamide,"1,4-Dimethyl",NBD_QC_Functionalized,NBD_Combinatorial_M08_Aligned,RDKit_MMFF94_3D
CCOc1ccc(C2=C(c3ccc(C#N)cc3)C3C=CC2C3)cc1,384.0,79.5,75.0,0.0001,4-Ethoxyphenyl,4-Cyanophenyl,Unsubstituted_C7,NBD_QC_Functionalized,NBD_Combinatorial_M08_Aligned,RDKit_MMFF94_3D
CCOc1ccc(C2=C(c3ccc(C#N)cc3)C3C=CC2C3(C)C)cc1,384.0,70.5,75.0,0.0001,4-Ethoxyphenyl,4-Cyanophenyl,"7,7-Dimethyl",NBD_QC_Functionalized,NBD_Combinatorial_M08_Aligned,RDKit_MMFF94_3D
CCOc1ccc(C2=C(c3ccc(C#N)cc3)C3CC2(C)C=C3C)cc1,384.0,65.5,75.0,0.0001,4-Ethoxyphenyl,4-Cyanophenyl,"1,4-Dimethyl",NBD_QC_Functionalized,NBD_Combinatorial_M08_Aligned,RDKit_MMFF94_3D
CCOc1ccc(C2=C(c3ccc([N+](=O)[O-])cc3)C3C=CC2C3)cc1,389.0,68.57,75.0,0.0001,4-Ethoxyphenyl,4-Nitrophenyl,Unsubstituted_C7,NBD_QC_Functionalized,NBD_Combinatorial_M08_Aligned,RDKit_MMFF94_3D
CCOc1ccc(C2=C(c3ccc([N+](=O)[O-])cc3)C3C=CC2C3(C)C)cc1,389.0,71.5,75.0,0.0001,4-Ethoxyphenyl,4-Nitrophenyl,"7,7-Dimethyl",NBD_QC_Functionalized,NBD_Combinatorial_M08_Aligned,RDKit_MMFF94_3D
CCOc1ccc(C2=C(c3ccc([N+](=O)[O-])cc3)C3CC2(C)C=C3C)cc1,389.0,81.5,75.0,0.0001,4-Ethoxyphenyl,4-Nitrophenyl,"1,4-Dimethyl",NBD_QC_Functionalized,NBD_Combinatorial_M08_Aligned,RDKit_MMFF94_3D
CCOc1ccc(C2=C(c3ccc(C(F)(F)F)cc3)C3C=CC2C3)cc1,377.0,68.93,75.0,0.0001,4-Ethoxyphenyl,4-Trifluoromethylphenyl,Unsubstituted_C7,NBD_QC_Functionalized,NBD_Combinatorial_M08_Aligned,RDKit_MMFF94_3D
CCOc1ccc(C2=C(c3ccc(C(F)(F)F)cc3)C3C=CC2C3(C)C)cc1,377.0,68.93,75.0,0.0001,4-Ethoxyphenyl,4-Trifluoromethylphenyl,"7,7-Dimethyl",NBD_QC_Functionalized,NBD_Combinatorial_M08_Aligned,RDKit_MMFF94_3D
CCOc1ccc(C2=C(c3ccc(C(F)(F)F)cc3)C3CC2(C)C=C3C)cc1,377.0,58.5,75.0,0.0001,4-Ethoxyphenyl,4-Trifluoromethylphenyl,"1,4-Dimethyl",NBD_QC_Functionalized,NBD_Combinatorial_M08_Aligned,RDKit_MMFF94_3D
CCOc1ccc(C2=C(C(=O)c3ccccc3)C3C=CC2C3)cc1,374.0,60.5,75.0,0.0001,4-Ethoxyphenyl,Benzoyl,Unsubstituted_C7,NBD_QC_Functionalized,NBD_Combinatorial_M08_Aligned,RDKit_MMFF94_3D
CCOc1ccc(C2=C(C(=O)c3ccccc3)C3C=CC2C3(C)C)cc1,374.0,62.5,75.0,0.0001,4-Ethoxyphenyl,Benzoyl,"7,7-Dimethyl",NBD_QC_Functionalized,NBD_Combinatorial_M08_Aligned,RDKit_MMFF94_3D
CCOc1ccc(C2=C(C(=O)c3ccccc3)C3CC2(C)C=C3C)cc1,374.0,72.5,75.0,0.0001,4-Ethoxyphenyl,Benzoyl,"1,4-Dimethyl",NBD_QC_Functionalized,NBD_Combinatorial_M08_Aligned,RDKit_MMFF94_3D
CCOc1ccc(C2=C(c3ccccn3)C3C=CC2C3)cc1,367.0,75.5,75.0,0.0001,4-Ethoxyphenyl,2-Pyridyl,Unsubstituted_C7,NBD_QC_Functionalized,NBD_Combinatorial_M08_Aligned,RDKit_MMFF94_3D
CCOc1ccc(C2=C(c3ccccn3)C3C=CC2C3(C)C)cc1,367.0,69.23,75.0,0.0001,4-Ethoxyphenyl,2-Pyridyl,"7,7-Dimethyl",NBD_QC_Functionalized,NBD_Combinatorial_M08_Aligned,RDKit_MMFF94_3D
CCOc1ccc(C2=C(c3ccccn3)C3CC2(C)C=C3C)cc1,367.0,30.15,75.0,0.0001,4-Ethoxyphenyl,2-Pyridyl,"1,4-Dimethyl",NBD_QC_Functionalized,NBD_Combinatorial_M08_Aligned,RDKit_MMFF94_3D
CCOc1ccc(C2=C(c3ccncc3)C3C=CC2C3)cc1,369.0,73.5,75.0,0.0001,4-Ethoxyphenyl,4-Pyridyl,Unsubstituted_C7,NBD_QC_Functionalized,NBD_Combinatorial_M08_Aligned,RDKit_MMFF94_3D
CCOc1ccc(C2=C(c3ccncc3)C3C=CC2C3(C)C)cc1,369.0,69.17,75.0,0.0001,4-Ethoxyphenyl,4-Pyridyl,"7,7-Dimethyl",NBD_QC_Functionalized,NBD_Combinatorial_M08_Aligned,RDKit_MMFF94_3D
CCOc1ccc(C2=C(c3ccncc3)C3CC2(C)C=C3C)cc1,369.0,69.17,75.0,0.0001,4-Ethoxyphenyl,4-Pyridyl,"1,4-Dimethyl",NBD_QC_Functionalized,NBD_Combinatorial_M08_Aligned,RDKit_MMFF94_3D
CCOc1ccc(C2=C(C(=O)O)C3C=CC2C3)cc1,354.0,59.21,75.0,0.0001,4-Ethoxyphenyl,Carboxylic acid,Unsubstituted_C7,NBD_QC_Functionalized,NBD_Combinatorial_M08_Aligned,RDKit_MMFF94_3D
CCOc1ccc(C2=C(C(=O)O)C3C=CC2C3(C)C)cc1,354.0,70.5,75.0,0.0001,4-Ethoxyphenyl,Carboxylic acid,"7,7-Dimethyl",NBD_QC_Functionalized,NBD_Combinatorial_M08_Aligned,RDKit_MMFF94_3D
CCOc1ccc(C2=C(C(=O)O)C3CC2(C)C=C3C)cc1,354.0,60.5,75.0,0.0001,4-Ethoxyphenyl,Carboxylic acid,"1,4-Dimethyl",NBD_QC_Functionalized,NBD_Combinatorial_M08_Aligned,RDKit_MMFF94_3D
CCCCC(CC)COC(=O)C1=C(c2ccc(OCC)cc2)C2C=CC1C2,359.0,68.01,75.0,0.0001,4-Ethoxyphenyl,Ethylhexyl ester,Unsubstituted_C7,NBD_QC_Functionalized,NBD_Combinatorial_M08_Aligned,RDKit_MMFF94_3D
CCCCC(CC)COC(=O)C1=C(c2ccc(OCC)cc2)C2C=CC1C2(C)C,359.0,64.5,75.0,0.0001,4-Ethoxyphenyl,Ethylhexyl ester,"7,7-Dimethyl",NBD_QC_Functionalized,NBD_Combinatorial_M08_Aligned,RDKit_MMFF94_3D
CCCCC(CC)COC(=O)C1=C(c2ccc(OCC)cc2)C2(C)C=C(C)C1C2,359.0,56.29,75.0,0.0001,4-Ethoxyphenyl,Ethylhexyl ester,"1,4-Dimethyl",NBD_QC_Functionalized,NBD_Combinatorial_M08_Aligned,RDKit_MMFF94_3D
CCOc1ccc(C2=C(c3cccc(C#N)c3)C3C=CC2C3)cc1,381.0,69.5,75.0,0.0001,4-Ethoxyphenyl,3-Cyanophenyl,Unsubstituted_C7,NBD_QC_Functionalized,NBD_Combinatorial_M08_Aligned,RDKit_MMFF94_3D
CCOc1ccc(C2=C(c3cccc(C#N)c3)C3C=CC2C3(C)C)cc1,381.0,62.5,75.0,0.0001,4-Ethoxyphenyl,3-Cyanophenyl,"7,7-Dimethyl",NBD_QC_Functionalized,NBD_Combinatorial_M08_Aligned,RDKit_MMFF94_3D
CCOc1ccc(C2=C(c3cccc(C#N)c3)C3CC2(C)C=C3C)cc1,381.0,75.5,75.0,0.0001,4-Ethoxyphenyl,3-Cyanophenyl,"1,4-Dimethyl",NBD_QC_Functionalized,NBD_Combinatorial_M08_Aligned,RDKit_MMFF94_3D
CCOc1ccc(C2=C(C(=O)OC(C)C)C3C=CC2C3)cc1,357.0,73.64,75.0,0.0001,4-Ethoxyphenyl,Isopropyl ester,Unsubstituted_C7,NBD_QC_Functionalized,NBD_Combinatorial_M08_Aligned,RDKit_MMFF94_3D
CCOc1ccc(C2=C(C(=O)OC(C)C)C3C=CC2C3(C)C)cc1,357.0,70.5,75.0,0.0001,4-Ethoxyphenyl,Isopropyl ester,"7,7-Dimethyl",NBD_QC_Functionalized,NBD_Combinatorial_M08_Aligned,RDKit_MMFF94_3D
CCOc1ccc(C2=C(C(=O)OC(C)C)C3CC2(C)C=C3C)cc1,357.0,58.19,75.0,0.0001,4-Ethoxyphenyl,Isopropyl ester,"1,4-Dimethyl",NBD_QC_Functionalized,NBD_Combinatorial_M08_Aligned,RDKit_MMFF94_3D
CCOc1ccc(C2=C(S(=O)(=O)c3ccccc3)C3C=CC2C3)cc1,371.0,61.5,75.0,0.0001,4-Ethoxyphenyl,Phenylsulfonyl,Unsubstituted_C7,NBD_QC_Functionalized,NBD_Combinatorial_M08_Aligned,RDKit_MMFF94_3D
CCOc1ccc(C2=C(S(=O)(=O)c3ccccc3)C3C=CC2C3(C)C)cc1,371.0,115.07,75.0,0.0001,4-Ethoxyphenyl,Phenylsulfonyl,"7,7-Dimethyl",NBD_QC_Functionalized,NBD_Combinatorial_M08_Aligned,RDKit_MMFF94_3D
CCOc1ccc(C2=C(S(=O)(=O)c3ccccc3)C3CC2(C)C=C3C)cc1,371.0,80.5,75.0,0.0001,4-Ethoxyphenyl,Phenylsulfonyl,"1,4-Dimethyl",NBD_QC_Functionalized,NBD_Combinatorial_M08_Aligned,RDKit_MMFF94_3D
CCOc1ccc(C2=C(c3nccs3)C3C=CC2C3)cc1,365.0,63.5,75.0,0.0001,4-Ethoxyphenyl,2-Thiazolyl,Unsubstituted_C7,NBD_QC_Functionalized,NBD_Combinatorial_M08_Aligned,RDKit_MMFF94_3D
CCOc1ccc(C2=C(c3nccs3)C3C=CC2C3(C)C)cc1,365.0,69.29,75.0,0.0001,4-Ethoxyphenyl,2-Thiazolyl,"7,7-Dimethyl",NBD_QC_Functionalized,NBD_Combinatorial_M08_Aligned,RDKit_MMFF94_3D
CCOc1ccc(C2=C(c3nccs3)C3CC2(C)C=C3C)cc1,365.0,75.5,75.0,0.0001,4-Ethoxyphenyl,2-Thiazolyl,"1,4-Dimethyl",NBD_QC_Functionalized,NBD_Combinatorial_M08_Aligned,RDKit_MMFF94_3D
CCNC(=O)C1=C(c2ccc(OCC)cc2)C2C=CC1C2,355.0,64.68,75.0,0.0001,4-Ethoxyphenyl,Ethylamide,Unsubstituted_C7,NBD_QC_Functionalized,NBD_Combinatorial_M08_Aligned,RDKit_MMFF94_3D
CCNC(=O)C1=C(c2ccc(OCC)cc2)C2C=CC1C2(C)C,355.0,64.5,75.0,0.0001,4-Ethoxyphenyl,Ethylamide,"7,7-Dimethyl",NBD_QC_Functionalized,NBD_Combinatorial_M08_Aligned,RDKit_MMFF94_3D
CCNC(=O)C1=C(c2ccc(OCC)cc2)C2(C)C=C(C)C1C2,355.0,76.81,75.0,0.0001,4-Ethoxyphenyl,Ethylamide,"1,4-Dimethyl",NBD_QC_Functionalized,NBD_Combinatorial_M08_Aligned,RDKit_MMFF94_3D
N#CC1=C(c2ccc(O)cc2)C2C=CC1C2,348.0,62.67,75.0,0.0001,4-Hydroxyphenyl,Cyano,Unsubstituted_C7,NBD_QC_Functionalized,NBD_Combinatorial_M08_Aligned,RDKit_MMFF94_3D
CC1(C)C2C=CC1C(c1ccc(O)cc1)=C2C#N,348.0,69.32,75.0,0.0001,4-Hydroxyphenyl,Cyano,"7,7-Dimethyl",NBD_QC_Functionalized,NBD_Combinatorial_M08_Aligned,RDKit_MMFF94_3D
CC1=CC2(C)CC1C(C#N)=C2c1ccc(O)cc1,348.0,59.97,75.0,0.0001,4-Hydroxyphenyl,Cyano,"1,4-Dimethyl",NBD_QC_Functionalized,NBD_Combinatorial_M08_Aligned,RDKit_MMFF94_3D
COC(=O)C1=C(c2ccc(O)cc2)C2C=CC1C2,351.0,64.31,75.0,0.0001,4-Hydroxyphenyl,Methyl ester,Unsubstituted_C7,NBD_QC_Functionalized,NBD_Combinatorial_M08_Aligned,RDKit_MMFF94_3D
COC(=O)C1=C(c2ccc(O)cc2)C2C=CC1C2(C)C,351.0,69.23,75.0,0.0001,4-Hydroxyphenyl,Methyl ester,"7,7-Dimethyl",NBD_QC_Functionalized,NBD_Combinatorial_M08_Aligned,RDKit_MMFF94_3D
COC(=O)C1=C(c2ccc(O)cc2)C2(C)C=C(C)C1C2,351.0,67.66,75.0,0.0001,4-Hydroxyphenyl,Methyl ester,"1,4-Dimethyl",NBD_QC_Functionalized,NBD_Combinatorial_M08_Aligned,RDKit_MMFF94_3D
CCOC(=O)C1=C(c2ccc(O)cc2)C2C=CC1C2,351.0,64.28,75.0,0.0001,4-Hydroxyphenyl,Ethyl ester,Unsubstituted_C7,NBD_QC_Functionalized,NBD_Combinatorial_M08_Aligned,RDKit_MMFF94_3D
CCOC(=O)C1=C(c2ccc(O)cc2)C2C=CC1C2(C)C,351.0,72.5,75.0,0.0001,4-Hydroxyphenyl,Ethyl ester,"7,7-Dimethyl",NBD_QC_Functionalized,NBD_Combinatorial_M08_Aligned,RDKit_MMFF94_3D
CCOC(=O)C1=C(c2ccc(O)cc2)C2(C)C=C(C)C1C2,351.0,60.76,75.0,0.0001,4-Hydroxyphenyl,Ethyl ester,"1,4-Dimethyl",NBD_QC_Functionalized,NBD_Combinatorial_M08_Aligned,RDKit_MMFF94_3D
CC(=O)C1=C(c2ccc(O)cc2)C2C=CC1C2,353.0,42.62,75.0,0.0001,4-Hydroxyphenyl,Acetyl,Unsubstituted_C7,NBD_QC_Functionalized,NBD_Combinatorial_M08_Aligned,RDKit_MMFF94_3D
CC(=O)C1=C(c2ccc(O)cc2)C2C=CC1C2(C)C,353.0,69.17,75.0,0.0001,4-Hydroxyphenyl,Acetyl,"7,7-Dimethyl",NBD_QC_Functionalized,NBD_Combinatorial_M08_Aligned,RDKit_MMFF94_3D
CC(=O)C1=C(c2ccc(O)cc2)C2(C)C=C(C)C1C2,353.0,43.56,75.0,0.0001,4-Hydroxyphenyl,Acetyl,"1,4-Dimethyl",NBD_QC_Functionalized,NBD_Combinatorial_M08_Aligned,RDKit_MMFF94_3D
Oc1ccc(C2=C(C(F)(F)F)C3C=CC2C3)cc1,338.0,133.96,75.0,0.0001,4-Hydroxyphenyl,Trifluoromethyl,Unsubstituted_C7,NBD_QC_Functionalized,NBD_Combinatorial_M08_Aligned,RDKit_MMFF94_3D
CC1(C)C2C=CC1C(C(F)(F)F)=C2c1ccc(O)cc1,338.0,69.07,75.0,0.0001,4-Hydroxyphenyl,Trifluoromethyl,"7,7-Dimethyl",NBD_QC_Functionalized,NBD_Combinatorial_M08_Aligned,RDKit_MMFF94_3D
CC1=CC2(C)CC1C(C(F)(F)F)=C2c1ccc(O)cc1,338.0,127.44,75.0,0.0001,4-Hydroxyphenyl,Trifluoromethyl,"1,4-Dimethyl",NBD_QC_Functionalized,NBD_Combinatorial_M08_Aligned,RDKit_MMFF94_3D
CS(=O)(=O)C1=C(c2ccc(O)cc2)C2C=CC1C2,343.0,78.5,75.0,0.0001,4-Hydroxyphenyl,Methylsulfonyl,Unsubstituted_C7,NBD_QC_Functionalized,NBD_Combinatorial_M08_Aligned,RDKit_MMFF94_3D
CC1(C)C2C=CC1C(S(C)(=O)=O)=C2c1ccc(O)cc1,343.0,104.57,75.0,0.0001,4-Hydroxyphenyl,Methylsulfonyl,"7,7-Dimethyl",NBD_QC_Functionalized,NBD_Combinatorial_M08_Aligned,RDKit_MMFF94_3D
CC1=CC2(C)CC1C(S(C)(=O)=O)=C2c1ccc(O)cc1,343.0,59.5,75.0,0.0001,4-Hydroxyphenyl,Methylsulfonyl,"1,4-Dimethyl",NBD_QC_Functionalized,NBD_Combinatorial_M08_Aligned,RDKit_MMFF94_3D
NC(=O)C1=C(c2ccc(O)cc2)C2C=CC1C2,347.0,56.68,75.0,0.0001,4-Hydroxyphenyl,Carboxamide,Unsubstituted_C7,NBD_QC_Functionalized,NBD_Combinatorial_M08_Aligned,RDKit_MMFF94_3D
CC1(C)C2C=CC1C(c1ccc(O)cc1)=C2C(N)=O,347.0,69.35,75.0,0.0001,4-Hydroxyphenyl,Carboxamide,"7,7-Dimethyl",NBD_QC_Functionalized,NBD_Combinatorial_M08_Aligned,RDKit_MMFF94_3D
CC1=CC2(C)CC1C(C(N)=O)=C2c1ccc(O)cc1,347.0,70.16,75.0,0.0001,4-Hydroxyphenyl,Carboxamide,"1,4-Dimethyl",NBD_QC_Functionalized,NBD_Combinatorial_M08_Aligned,RDKit_MMFF94_3D
N#Cc1ccc(C2=C(c3ccc(O)cc3)C3C=CC2C3)cc1,378.0,68.5,75.0,0.0001,4-Hydroxyphenyl,4-Cyanophenyl,Unsubstituted_C7,NBD_QC_Functionalized,NBD_Combinatorial_M08_Aligned,RDKit_MMFF94_3D
CC1(C)C2C=CC1C(c1ccc(C#N)cc1)=C2c1ccc(O)cc1,378.0,68.42,75.0,0.0001,4-Hydroxyphenyl,4-Cyanophenyl,"7,7-Dimethyl",NBD_QC_Functionalized,NBD_Combinatorial_M08_Aligned,RDKit_MMFF94_3D
CC1=CC2(C)CC1C(c1ccc(C#N)cc1)=C2c1ccc(O)cc1,378.0,77.5,75.0,0.0001,4-Hydroxyphenyl,4-Cyanophenyl,"1,4-Dimethyl",NBD_QC_Functionalized,NBD_Combinatorial_M08_Aligned,RDKit_MMFF94_3D
O=[N+]([O-])c1ccc(C2=C(c3ccc(O)cc3)C3C=CC2C3)cc1,383.0,68.27,75.0,0.0001,4-Hydroxyphenyl,4-Nitrophenyl,Unsubstituted_C7,NBD_QC_Functionalized,NBD_Combinatorial_M08_Aligned,RDKit_MMFF94_3D
CC1(C)C2C=CC1C(c1ccc([N+](=O)[O-])cc1)=C2c1ccc(O)cc1,383.0,68.27,75.0,0.0001,4-Hydroxyphenyl,4-Nitrophenyl,"7,7-Dimethyl",NBD_QC_Functionalized,NBD_Combinatorial_M08_Aligned,RDKit_MMFF94_3D
CC1=CC2(C)CC1C(c1ccc([N+](=O)[O-])cc1)=C2c1ccc(O)cc1,383.0,81.5,75.0,0.0001,4-Hydroxyphenyl,4-Nitrophenyl,"1,4-Dimethyl",NBD_QC_Functionalized,NBD_Combinatorial_M08_Aligned,RDKit_MMFF94_3D
Oc1ccc(C2=C(c3ccc(C(F)(F)F)cc3)C3C=CC2C3)cc1,371.0,62.5,75.0,0.0001,4-Hydroxyphenyl,4-Trifluoromethylphenyl,Unsubstituted_C7,NBD_QC_Functionalized,NBD_Combinatorial_M08_Aligned,RDKit_MMFF94_3D
CC1(C)C2C=CC1C(c1ccc(C(F)(F)F)cc1)=C2c1ccc(O)cc1,371.0,68.63,75.0,0.0001,4-Hydroxyphenyl,4-Trifluoromethylphenyl,"7,7-Dimethyl",NBD_QC_Functionalized,NBD_Combinatorial_M08_Aligned,RDKit_MMFF94_3D
CC1=CC2(C)CC1C(c1ccc(C(F)(F)F)cc1)=C2c1ccc(O)cc1,371.0,68.63,75.0,0.0001,4-Hydroxyphenyl,4-Trifluoromethylphenyl,"1,4-Dimethyl",NBD_QC_Functionalized,NBD_Combinatorial_M08_Aligned,RDKit_MMFF94_3D
O=C(C1=C(c2ccc(O)cc2)C2C=CC1C2)c1ccccc1,368.0,63.5,75.0,0.0001,4-Hydroxyphenyl,Benzoyl,Unsubstituted_C7,NBD_QC_Functionalized,NBD_Combinatorial_M08_Aligned,RDKit_MMFF94_3D
CC1(C)C2C=CC1C(c1ccc(O)cc1)=C2C(=O)c1ccccc1,368.0,68.72,75.0,0.0001,4-Hydroxyphenyl,Benzoyl,"7,7-Dimethyl",NBD_QC_Functionalized,NBD_Combinatorial_M08_Aligned,RDKit_MMFF94_3D
CC1=CC2(C)CC1C(C(=O)c1ccccc1)=C2c1ccc(O)cc1,368.0,59.5,75.0,0.0001,4-Hydroxyphenyl,Benzoyl,"1,4-Dimethyl",NBD_QC_Functionalized,NBD_Combinatorial_M08_Aligned,RDKit_MMFF94_3D
Oc1ccc(C2=C(c3ccccn3)C3C=CC2C3)cc1,361.0,77.5,75.0,0.0001,4-Hydroxyphenyl,2-Pyridyl,Unsubstituted_C7,NBD_QC_Functionalized,NBD_Combinatorial_M08_Aligned,RDKit_MMFF94_3D
CC1(C)C2C=CC1C(c1ccccn1)=C2c1ccc(O)cc1,361.0,68.93,75.0,0.0001,4-Hydroxyphenyl,2-Pyridyl,"7,7-Dimethyl",NBD_QC_Functionalized,NBD_Combinatorial_M08_Aligned,RDKit_MMFF94_3D
CC1=CC2(C)CC1C(c1ccccn1)=C2c1ccc(O)cc1,361.0,67.5,75.0,0.0001,4-Hydroxyphenyl,2-Pyridyl,"1,4-Dimethyl",NBD_QC_Functionalized,NBD_Combinatorial_M08_Aligned,RDKit_MMFF94_3D
Oc1ccc(C2=C(c3ccncc3)C3C=CC2C3)cc1,363.0,65.5,75.0,0.0001,4-Hydroxyphenyl,4-Pyridyl,Unsubstituted_C7,NBD_QC_Functionalized,NBD_Combinatorial_M08_Aligned,RDKit_MMFF94_3D
CC1(C)C2C=CC1C(c1ccc(O)cc1)=C2c1ccncc1,363.0,68.87,75.0,0.0001,4-Hydroxyphenyl,4-Pyridyl,"7,7-Dimethyl",NBD_QC_Functionalized,NBD_Combinatorial_M08_Aligned,RDKit_MMFF94_3D
CC1=CC2(C)CC1C(c1ccncc1)=C2c1ccc(O)cc1,363.0,68.87,75.0,0.0001,4-Hydroxyphenyl,4-Pyridyl,"1,4-Dimethyl",NBD_QC_Functionalized,NBD_Combinatorial_M08_Aligned,RDKit_MMFF94_3D
O=C(O)C1=C(c2ccc(O)cc2)C2C=CC1C2,348.0,73.52,75.0,0.0001,4-Hydroxyphenyl,Carboxylic acid,Unsubstituted_C7,NBD_QC_Functionalized,NBD_Combinatorial_M08_Aligned,RDKit_MMFF94_3D
CC1(C)C2C=CC1C(c1ccc(O)cc1)=C2C(=O)O,348.0,59.5,75.0,0.0001,4-Hydroxyphenyl,Carboxylic acid,"7,7-Dimethyl",NBD_QC_Functionalized,NBD_Combinatorial_M08_Aligned,RDKit_MMFF94_3D
CC1=CC2(C)CC1C(C(=O)O)=C2c1ccc(O)cc1,348.0,65.41,75.0,0.0001,4-Hydroxyphenyl,Carboxylic acid,"1,4-Dimethyl",NBD_QC_Functionalized,NBD_Combinatorial_M08_Aligned,RDKit_MMFF94_3D
CCCCC(CC)COC(=O)C1=C(c2ccc(O)cc2)C2C=CC1C2,353.0,61.48,75.0,0.0001,4-Hydroxyphenyl,Ethylhexyl ester,Unsubstituted_C7,NBD_QC_Functionalized,NBD_Combinatorial_M08_Aligned,RDKit_MMFF94_3D
CCCCC(CC)COC(=O)C1=C(c2ccc(O)cc2)C2C=CC1C2(C)C,353.0,69.17,75.0,0.0001,4-Hydroxyphenyl,Ethylhexyl ester,"7,7-Dimethyl",NBD_QC_Functionalized,NBD_Combinatorial_M08_Aligned,RDKit_MMFF94_3D
CCCCC(CC)COC(=O)C1=C(c2ccc(O)cc2)C2(C)C=C(C)C1C2,353.0,48.57,75.0,0.0001,4-Hydroxyphenyl,Ethylhexyl ester,"1,4-Dimethyl",NBD_QC_Functionalized,NBD_Combinatorial_M08_Aligned,RDKit_MMFF94_3D
N#Cc1cccc(C2=C(c3ccc(O)cc3)C3C=CC2C3)c1,375.0,63.5,75.0,0.0001,4-Hydroxyphenyl,3-Cyanophenyl,Unsubstituted_C7,NBD_QC_Functionalized,NBD_Combinatorial_M08_Aligned,RDKit_MMFF94_3D
CC1(C)C2C=CC1C(c1cccc(C#N)c1)=C2c1ccc(O)cc1,375.0,80.5,75.0,0.0001,4-Hydroxyphenyl,3-Cyanophenyl,"7,7-Dimethyl",NBD_QC_Functionalized,NBD_Combinatorial_M08_Aligned,RDKit_MMFF94_3D
CC1=CC2(C)CC1C(c1cccc(C#N)c1)=C2c1ccc(O)cc1,375.0,79.5,75.0,0.0001,4-Hydroxyphenyl,3-Cyanophenyl,"1,4-Dimethyl",NBD_QC_Functionalized,NBD_Combinatorial_M08_Aligned,RDKit_MMFF94_3D
CC(C)OC(=O)C1=C(c2ccc(O)cc2)C2C=CC1C2,351.0,82.5,75.0,0.0001,4-Hydroxyphenyl,Isopropyl ester,Unsubstituted_C7,NBD_QC_Functionalized,NBD_Combinatorial_M08_Aligned,RDKit_MMFF94_3D
CC(C)OC(=O)C1=C(c2ccc(O)cc2)C2C=CC1C2(C)C,351.0,79.5,75.0,0.0001,4-Hydroxyphenyl,Isopropyl ester,"7,7-Dimethyl",NBD_QC_Functionalized,NBD_Combinatorial_M08_Aligned,RDKit_MMFF94_3D
CC1=CC2(C)CC1C(C(=O)OC(C)C)=C2c1ccc(O)cc1,351.0,52.38,75.0,0.0001,4-Hydroxyphenyl,Isopropyl ester,"1,4-Dimethyl",NBD_QC_Functionalized,NBD_Combinatorial_M08_Aligned,RDKit_MMFF94_3D
O=S(=O)(C1=C(c2ccc(O)cc2)C2C=CC1C2)c1ccccc1,365.0,68.5,75.0,0.0001,4-Hydroxyphenyl,Phenylsulfonyl,Unsubstituted_C7,NBD_QC_Functionalized,NBD_Combinatorial_M08_Aligned,RDKit_MMFF94_3D
CC1(C)C2C=CC1C(S(=O)(=O)c1ccccc1)=C2c1ccc(O)cc1,365.0,83.75,75.0,0.0001,4-Hydroxyphenyl,Phenylsulfonyl,"7,7-Dimethyl",NBD_QC_Functionalized,NBD_Combinatorial_M08_Aligned,RDKit_MMFF94_3D
CC1=CC2(C)CC1C(S(=O)(=O)c1ccccc1)=C2c1ccc(O)cc1,365.0,79.5,75.0,0.0001,4-Hydroxyphenyl,Phenylsulfonyl,"1,4-Dimethyl",NBD_QC_Functionalized,NBD_Combinatorial_M08_Aligned,RDKit_MMFF94_3D
Oc1ccc(C2=C(c3nccs3)C3C=CC2C3)cc1,359.0,82.5,75.0,0.0001,4-Hydroxyphenyl,2-Thiazolyl,Unsubstituted_C7,NBD_QC_Functionalized,NBD_Combinatorial_M08_Aligned,RDKit_MMFF94_3D
CC1(C)C2C=CC1C(c1nccs1)=C2c1ccc(O)cc1,359.0,78.5,75.0,0.0001,4-Hydroxyphenyl,2-Thiazolyl,"7,7-Dimethyl",NBD_QC_Functionalized,NBD_Combinatorial_M08_Aligned,RDKit_MMFF94_3D
CC1=CC2(C)CC1C(c1nccs1)=C2c1ccc(O)cc1,359.0,66.5,75.0,0.0001,4-Hydroxyphenyl,2-Thiazolyl,"1,4-Dimethyl",NBD_QC_Functionalized,NBD_Combinatorial_M08_Aligned,RDKit_MMFF94_3D
CCNC(=O)C1=C(c2ccc(O)cc2)C2C=CC1C2,349.0,74.22,75.0,0.0001,4-Hydroxyphenyl,Ethylamide,Unsubstituted_C7,NBD_QC_Functionalized,NBD_Combinatorial_M08_Aligned,RDKit_MMFF94_3D
CCNC(=O)C1=C(c2ccc(O)cc2)C2C=CC1C2(C)C,349.0,61.5,75.0,0.0001,4-Hydroxyphenyl,Ethylamide,"7,7-Dimethyl",NBD_QC_Functionalized,NBD_Combinatorial_M08_Aligned,RDKit_MMFF94_3D
CCNC(=O)C1=C(c2ccc(O)cc2)C2(C)C=C(C)C1C2,349.0,65.5,75.0,0.0001,4-Hydroxyphenyl,Ethylamide,"1,4-Dimethyl",NBD_QC_Functionalized,NBD_Combinatorial_M08_Aligned,RDKit_MMFF94_3D
COc1ccc(C2=C(C#N)C3C=CC2C3)cc1OC,358.0,64.29,75.0,0.0001,"3,4-Dimethoxyphenyl",Cyano,Unsubstituted_C7,NBD_QC_Functionalized,NBD_Combinatorial_M08_Aligned,RDKit_MMFF94_3D
COc1ccc(C2=C(C#N)C3C=CC2C3(C)C)cc1OC,358.0,78.5,75.0,0.0001,"3,4-Dimethoxyphenyl",Cyano,"7,7-Dimethyl",NBD_QC_Functionalized,NBD_Combinatorial_M08_Aligned,RDKit_MMFF94_3D
COc1ccc(C2=C(C#N)C3CC2(C)C=C3C)cc1OC,358.0,53.89,75.0,0.0001,"3,4-Dimethoxyphenyl",Cyano,"1,4-Dimethyl",NBD_QC_Functionalized,NBD_Combinatorial_M08_Aligned,RDKit_MMFF94_3D
COC(=O)C1=C(c2ccc(OC)c(OC)c2)C2C=CC1C2,361.0,61.49,75.0,0.0001,"3,4-Dimethoxyphenyl",Methyl ester,Unsubstituted_C7,NBD_QC_Functionalized,NBD_Combinatorial_M08_Aligned,RDKit_MMFF94_3D
COC(=O)C1=C(c2ccc(OC)c(OC)c2)C2C=CC1C2(C)C,361.0,61.5,75.0,0.0001,"3,4-Dimethoxyphenyl",Methyl ester,"7,7-Dimethyl",NBD_QC_Functionalized,NBD_Combinatorial_M08_Aligned,RDKit_MMFF94_3D
COC(=O)C1=C(c2ccc(OC)c(OC)c2)C2(C)C=C(C)C1C2,361.0,65.65,75.0,0.0001,"3,4-Dimethoxyphenyl",Methyl ester,"1,4-Dimethyl",NBD_QC_Functionalized,NBD_Combinatorial_M08_Aligned,RDKit_MMFF94_3D
CCOC(=O)C1=C(c2ccc(OC)c(OC)c2)C2C=CC1C2,361.0,72.74,75.0,0.0001,"3,4-Dimethoxyphenyl",Ethyl ester,Unsubstituted_C7,NBD_QC_Functionalized,NBD_Combinatorial_M08_Aligned,RDKit_MMFF94_3D
CCOC(=O)C1=C(c2ccc(OC)c(OC)c2)C2C=CC1C2(C)C,361.0,69.73,75.0,0.0001,"3,4-Dimethoxyphenyl",Ethyl ester,"7,7-Dimethyl",NBD_QC_Functionalized,NBD_Combinatorial_M08_Aligned,RDKit_MMFF94_3D
CCOC(=O)C1=C(c2ccc(OC)c(OC)c2)C2(C)C=C(C)C1C2,361.0,63.44,75.0,0.0001,"3,4-Dimethoxyphenyl",Ethyl ester,"1,4-Dimethyl",NBD_QC_Functionalized,NBD_Combinatorial_M08_Aligned,RDKit_MMFF94_3D
COc1ccc(C2=C(C(C)=O)C3C=CC2C3)cc1OC,363.0,81.5,75.0,0.0001,"3,4-Dimethoxyphenyl",Acetyl,Unsubstituted_C7,NBD_QC_Functionalized,NBD_Combinatorial_M08_Aligned,RDKit_MMFF94_3D
COc1ccc(C2=C(C(C)=O)C3C=CC2C3(C)C)cc1OC,363.0,69.67,75.0,0.0001,"3,4-Dimethoxyphenyl",Acetyl,"7,7-Dimethyl",NBD_QC_Functionalized,NBD_Combinatorial_M08_Aligned,RDKit_MMFF94_3D
COc1ccc(C2=C(C(C)=O)C3CC2(C)C=C3C)cc1OC,363.0,30.8,75.0,0.0001,"3,4-Dimethoxyphenyl",Acetyl,"1,4-Dimethyl",NBD_QC_Functionalized,NBD_Combinatorial_M08_Aligned,RDKit_MMFF94_3D
COc1ccc(C2=C(C(F)(F)F)C3C=CC2C3)cc1OC,348.0,133.01,75.0,0.0001,"3,4-Dimethoxyphenyl",Trifluoromethyl,Unsubstituted_C7,NBD_QC_Functionalized,NBD_Combinatorial_M08_Aligned,RDKit_MMFF94_3D
COc1ccc(C2=C(C(F)(F)F)C3C=CC2C3(C)C)cc1OC,348.0,68.15,75.0,0.0001,"3,4-Dimethoxyphenyl",Trifluoromethyl,"7,7-Dimethyl",NBD_QC_Functionalized,NBD_Combinatorial_M08_Aligned,RDKit_MMFF94_3D
COc1ccc(C2=C(C(F)(F)F)C3CC2(C)C=C3C)cc1OC,348.0,123.29,75.0,0.0001,"3,4-Dimethoxyphenyl",Trifluoromethyl,"1,4-Dimethyl",NBD_QC_Functionalized,NBD_Combinatorial_M08_Aligned,RDKit_MMFF94_3D
COc1ccc(C2=C(S(C)(=O)=O)C3C=CC2C3)cc1OC,353.0,63.5,75.0,0.0001,"3,4-Dimethoxyphenyl",Methylsulfonyl,Unsubstituted_C7,NBD_QC_Functionalized,NBD_Combinatorial_M08_Aligned,RDKit_MMFF94_3D
COc1ccc(C2=C(S(C)(=O)=O)C3C=CC2C3(C)C)cc1OC,353.0,109.79,75.0,0.0001,"3,4-Dimethoxyphenyl",Methylsulfonyl,"7,7-Dimethyl",NBD_QC_Functionalized,NBD_Combinatorial_M08_Aligned,RDKit_MMFF94_3D
COc1ccc(C2=C(S(C)(=O)=O)C3CC2(C)C=C3C)cc1OC,353.0,70.5,75.0,0.0001,"3,4-Dimethoxyphenyl",Methylsulfonyl,"1,4-Dimethyl",NBD_QC_Functionalized,NBD_Combinatorial_M08_Aligned,RDKit_MMFF94_3D
COc1ccc(C2=C(C(N)=O)C3C=CC2C3)cc1OC,357.0,51.96,75.0,0.0001,"3,4-Dimethoxyphenyl",Carboxamide,Unsubstituted_C7,NBD_QC_Functionalized,NBD_Combinatorial_M08_Aligned,RDKit_MMFF94_3D
COc1ccc(C2=C(C(N)=O)C3C=CC2C3(C)C)cc1OC,357.0,69.85,75.0,0.0001,"3,4-Dimethoxyphenyl",Carboxamide,"7,7-Dimethyl",NBD_QC_Functionalized,NBD_Combinatorial_M08_Aligned,RDKit_MMFF94_3D
COc1ccc(C2=C(C(N)=O)C3CC2(C)C=C3C)cc1OC,357.0,63.55,75.0,0.0001,"3,4-Dimethoxyphenyl",Carboxamide,"1,4-Dimethyl",NBD_QC_Functionalized,NBD_Combinatorial_M08_Aligned,RDKit_MMFF94_3D
COc1ccc(C2=C(c3ccc(C#N)cc3)C3C=CC2C3)cc1OC,388.0,68.92,75.0,0.0001,"3,4-Dimethoxyphenyl",4-Cyanophenyl,Unsubstituted_C7,NBD_QC_Functionalized,NBD_Combinatorial_M08_Aligned,RDKit_MMFF94_3D
COc1ccc(C2=C(c3ccc(C#N)cc3)C3C=CC2C3(C)C)cc1OC,388.0,68.92,75.0,0.0001,"3,4-Dimethoxyphenyl",4-Cyanophenyl,"7,7-Dimethyl",NBD_QC_Functionalized,NBD_Combinatorial_M08_Aligned,RDKit_MMFF94_3D
COc1ccc(C2=C(c3ccc(C#N)cc3)C3CC2(C)C=C3C)cc1OC,388.0,78.5,75.0,0.0001,"3,4-Dimethoxyphenyl",4-Cyanophenyl,"1,4-Dimethyl",NBD_QC_Functionalized,NBD_Combinatorial_M08_Aligned,RDKit_MMFF94_3D
COc1ccc(C2=C(c3ccc([N+](=O)[O-])cc3)C3C=CC2C3)cc1OC,393.0,66.5,75.0,0.0001,"3,4-Dimethoxyphenyl",4-Nitrophenyl,Unsubstituted_C7,NBD_QC_Functionalized,NBD_Combinatorial_M08_Aligned,RDKit_MMFF94_3D
COc1ccc(C2=C(c3ccc([N+](=O)[O-])cc3)C3C=CC2C3(C)C)cc1OC,393.0,68.77,75.0,0.0001,"3,4-Dimethoxyphenyl",4-Nitrophenyl,"7,7-Dimethyl",NBD_QC_Functionalized,NBD_Combinatorial_M08_Aligned,RDKit_MMFF94_3D
COc1ccc(C2=C(c3ccc([N+](=O)[O-])cc3)C3CC2(C)C=C3C)cc1OC,393.0,62.5,75.0,0.0001,"3,4-Dimethoxyphenyl",4-Nitrophenyl,"1,4-Dimethyl",NBD_QC_Functionalized,NBD_Combinatorial_M08_Aligned,RDKit_MMFF94_3D
COc1ccc(C2=C(c3ccc(C(F)(F)F)cc3)C3C=CC2C3)cc1OC,381.0,69.13,75.0,0.0001,"3,4-Dimethoxyphenyl",4-Trifluoromethylphenyl,Unsubstituted_C7,NBD_QC_Functionalized,NBD_Combinatorial_M08_Aligned,RDKit_MMFF94_3D
COc1ccc(C2=C(c3ccc(C(F)(F)F)cc3)C3C=CC2C3(C)C)cc1OC,381.0,69.13,75.0,0.0001,"3,4-Dimethoxyphenyl",4-Trifluoromethylphenyl,"7,7-Dimethyl",NBD_QC_Functionalized,NBD_Combinatorial_M08_Aligned,RDKit_MMFF94_3D
COc1ccc(C2=C(c3ccc(C(F)(F)F)cc3)C3CC2(C)C=C3C)cc1OC,381.0,70.5,75.0,0.0001,"3,4-Dimethoxyphenyl",4-Trifluoromethylphenyl,"1,4-Dimethyl",NBD_QC_Functionalized,NBD_Combinatorial_M08_Aligned,RDKit_MMFF94_3D
COc1ccc(C2=C(C(=O)c3ccccc3)C3C=CC2C3)cc1OC,378.0,46.57,75.0,0.0001,"3,4-Dimethoxyphenyl",Benzoyl,Unsubstituted_C7,NBD_QC_Functionalized,NBD_Combinatorial_M08_Aligned,RDKit_MMFF94_3D
COc1ccc(C2=C(C(=O)c3ccccc3)C3C=CC2C3(C)C)cc1OC,378.0,69.22,75.0,0.0001,"3,4-Dimethoxyphenyl",Benzoyl,"7,7-Dimethyl",NBD_QC_Functionalized,NBD_Combinatorial_M08_Aligned,RDKit_MMFF94_3D
COc1ccc(C2=C(C(=O)c3ccccc3)C3CC2(C)C=C3C)cc1OC,378.0,46.92,75.0,0.0001,"3,4-Dimethoxyphenyl",Benzoyl,"1,4-Dimethyl",NBD_QC_Functionalized,NBD_Combinatorial_M08_Aligned,RDKit_MMFF94_3D
COc1ccc(C2=C(c3ccccn3)C3C=CC2C3)cc1OC,371.0,69.5,75.0,0.0001,"3,4-Dimethoxyphenyl",2-Pyridyl,Unsubstituted_C7,NBD_QC_Functionalized,NBD_Combinatorial_M08_Aligned,RDKit_MMFF94_3D
COc1ccc(C2=C(c3ccccn3)C3C=CC2C3(C)C)cc1OC,371.0,69.43,75.0,0.0001,"3,4-Dimethoxyphenyl",2-Pyridyl,"7,7-Dimethyl",NBD_QC_Functionalized,NBD_Combinatorial_M08_Aligned,RDKit_MMFF94_3D
COc1ccc(C2=C(c3ccccn3)C3CC2(C)C=C3C)cc1OC,371.0,69.5,75.0,0.0001,"3,4-Dimethoxyphenyl",2-Pyridyl,"1,4-Dimethyl",NBD_QC_Functionalized,NBD_Combinatorial_M08_Aligned,RDKit_MMFF94_3D
COc1ccc(C2=C(c3ccncc3)C3C=CC2C3)cc1OC,373.0,69.37,75.0,0.0001,"3,4-Dimethoxyphenyl",4-Pyridyl,Unsubstituted_C7,NBD_QC_Functionalized,NBD_Combinatorial_M08_Aligned,RDKit_MMFF94_3D
COc1ccc(C2=C(c3ccncc3)C3C=CC2C3(C)C)cc1OC,373.0,69.37,75.0,0.0001,"3,4-Dimethoxyphenyl",4-Pyridyl,"7,7-Dimethyl",NBD_QC_Functionalized,NBD_Combinatorial_M08_Aligned,RDKit_MMFF94_3D
COc1ccc(C2=C(c3ccncc3)C3CC2(C)C=C3C)cc1OC,373.0,69.37,75.0,0.0001,"3,4-Dimethoxyphenyl",4-Pyridyl,"1,4-Dimethyl",NBD_QC_Functionalized,NBD_Combinatorial_M08_Aligned,RDKit_MMFF94_3D
COc1ccc(C2=C(C(=O)O)C3C=CC2C3)cc1OC,358.0,72.64,75.0,0.0001,"3,4-Dimethoxyphenyl",Carboxylic acid,Unsubstituted_C7,NBD_QC_Functionalized,NBD_Combinatorial_M08_Aligned,RDKit_MMFF94_3D
COc1ccc(C2=C(C(=O)O)C3C=CC2C3(C)C)cc1OC,358.0,69.5,75.0,0.0001,"3,4-Dimethoxyphenyl",Carboxylic acid,"7,7-Dimethyl",NBD_QC_Functionalized,NBD_Combinatorial_M08_Aligned,RDKit_MMFF94_3D
COc1ccc(C2=C(C(=O)O)C3CC2(C)C=C3C)cc1OC,358.0,68.6,75.0,0.0001,"3,4-Dimethoxyphenyl",Carboxylic acid,"1,4-Dimethyl",NBD_QC_Functionalized,NBD_Combinatorial_M08_Aligned,RDKit_MMFF94_3D
CCCCC(CC)COC(=O)C1=C(c2ccc(OC)c(OC)c2)C2C=CC1C2,363.0,90.97,75.0,0.0001,"3,4-Dimethoxyphenyl",Ethylhexyl ester,Unsubstituted_C7,NBD_QC_Functionalized,NBD_Combinatorial_M08_Aligned,RDKit_MMFF94_3D
CCCCC(CC)COC(=O)C1=C(c2ccc(OC)c(OC)c2)C2C=CC1C2(C)C,363.0,72.5,75.0,0.0001,"3,4-Dimethoxyphenyl",Ethylhexyl ester,"7,7-Dimethyl",NBD_QC_Functionalized,NBD_Combinatorial_M08_Aligned,RDKit_MMFF94_3D
CCCCC(CC)COC(=O)C1=C(c2ccc(OC)c(OC)c2)C2(C)C=C(C)C1C2,363.0,58.1,75.0,0.0001,"3,4-Dimethoxyphenyl",Ethylhexyl ester,"1,4-Dimethyl",NBD_QC_Functionalized,NBD_Combinatorial_M08_Aligned,RDKit_MMFF94_3D
COc1ccc(C2=C(c3cccc(C#N)c3)C3C=CC2C3)cc1OC,385.0,69.01,75.0,0.0001,"3,4-Dimethoxyphenyl",3-Cyanophenyl,Unsubstituted_C7,NBD_QC_Functionalized,NBD_Combinatorial_M08_Aligned,RDKit_MMFF94_3D
COc1ccc(C2=C(c3cccc(C#N)c3)C3C=CC2C3(C)C)cc1OC,385.0,69.01,75.0,0.0001,"3,4-Dimethoxyphenyl",3-Cyanophenyl,"7,7-Dimethyl",NBD_QC_Functionalized,NBD_Combinatorial_M08_Aligned,RDKit_MMFF94_3D
COc1ccc(C2=C(c3cccc(C#N)c3)C3CC2(C)C=C3C)cc1OC,385.0,69.01,75.0,0.0001,"3,4-Dimethoxyphenyl",3-Cyanophenyl,"1,4-Dimethyl",NBD_QC_Functionalized,NBD_Combinatorial_M08_Aligned,RDKit_MMFF94_3D
COc1ccc(C2=C(C(=O)OC(C)C)C3C=CC2C3)cc1OC,361.0,66.69,75.0,0.0001,"3,4-Dimethoxyphenyl",Isopropyl ester,Unsubstituted_C7,NBD_QC_Functionalized,NBD_Combinatorial_M08_Aligned,RDKit_MMFF94_3D
COc1ccc(C2=C(C(=O)OC(C)C)C3C=CC2C3(C)C)cc1OC,361.0,67.5,75.0,0.0001,"3,4-Dimethoxyphenyl",Isopropyl ester,"7,7-Dimethyl",NBD_QC_Functionalized,NBD_Combinatorial_M08_Aligned,RDKit_MMFF94_3D
COc1ccc(C2=C(C(=O)OC(C)C)C3CC2(C)C=C3C)cc1OC,361.0,63.3,75.0,0.0001,"3,4-Dimethoxyphenyl",Isopropyl ester,"1,4-Dimethyl",NBD_QC_Functionalized,NBD_Combinatorial_M08_Aligned,RDKit_MMFF94_3D
COc1ccc(C2=C(S(=O)(=O)c3ccccc3)C3C=CC2C3)cc1OC,375.0,58.5,75.0,0.0001,"3,4-Dimethoxyphenyl",Phenylsulfonyl,Unsubstituted_C7,NBD_QC_Functionalized,NBD_Combinatorial_M08_Aligned,RDKit_MMFF94_3D
COc1ccc(C2=C(S(=O)(=O)c3ccccc3)C3C=CC2C3(C)C)cc1OC,375.0,74.5,75.0,0.0001,"3,4-Dimethoxyphenyl",Phenylsulfonyl,"7,7-Dimethyl",NBD_QC_Functionalized,NBD_Combinatorial_M08_Aligned,RDKit_MMFF94_3D
COc1ccc(C2=C(S(=O)(=O)c3ccccc3)C3CC2(C)C=C3C)cc1OC,375.0,73.5,75.0,0.0001,"3,4-Dimethoxyphenyl",Phenylsulfonyl,"1,4-Dimethyl",NBD_QC_Functionalized,NBD_Combinatorial_M08_Aligned,RDKit_MMFF94_3D
COc1ccc(C2=C(c3nccs3)C3C=CC2C3)cc1OC,369.0,70.5,75.0,0.0001,"3,4-Dimethoxyphenyl",2-Thiazolyl,Unsubstituted_C7,NBD_QC_Functionalized,NBD_Combinatorial_M08_Aligned,RDKit_MMFF94_3D
COc1ccc(C2=C(c3nccs3)C3C=CC2C3(C)C)cc1OC,369.0,69.49,75.0,0.0001,"3,4-Dimethoxyphenyl",2-Thiazolyl,"7,7-Dimethyl",NBD_QC_Functionalized,NBD_Combinatorial_M08_Aligned,RDKit_MMFF94_3D
COc1ccc(C2=C(c3nccs3)C3CC2(C)C=C3C)cc1OC,369.0,76.5,75.0,0.0001,"3,4-Dimethoxyphenyl",2-Thiazolyl,"1,4-Dimethyl",NBD_QC_Functionalized,NBD_Combinatorial_M08_Aligned,RDKit_MMFF94_3D
CCNC(=O)C1=C(c2ccc(OC)c(OC)c2)C2C=CC1C2,359.0,66.28,75.0,0.0001,"3,4-Dimethoxyphenyl",Ethylamide,Unsubstituted_C7,NBD_QC_Functionalized,NBD_Combinatorial_M08_Aligned,RDKit_MMFF94_3D
CCNC(=O)C1=C(c2ccc(OC)c(OC)c2)C2C=CC1C2(C)C,359.0,67.5,75.0,0.0001,"3,4-Dimethoxyphenyl",Ethylamide,"7,7-Dimethyl",NBD_QC_Functionalized,NBD_Combinatorial_M08_Aligned,RDKit_MMFF94_3D
CCNC(=O)C1=C(c2ccc(OC)c(OC)c2)C2(C)C=C(C)C1C2,359.0,41.01,75.0,0.0001,"3,4-Dimethoxyphenyl",Ethylamide,"1,4-Dimethyl",NBD_QC_Functionalized,NBD_Combinatorial_M08_Aligned,RDKit_MMFF94_3D
COc1cccc(C2=C(C#N)C3C=CC2C3)c1,346.0,66.33,75.0,0.0001,3-Methoxyphenyl,Cyano,Unsubstituted_C7,NBD_QC_Functionalized,NBD_Combinatorial_M08_Aligned,RDKit_MMFF94_3D
COc1cccc(C2=C(C#N)C3C=CC2C3(C)C)c1,346.0,74.5,75.0,0.0001,3-Methoxyphenyl,Cyano,"7,7-Dimethyl",NBD_QC_Functionalized,NBD_Combinatorial_M08_Aligned,RDKit_MMFF94_3D
COc1cccc(C2=C(C#N)C3CC2(C)C=C3C)c1,346.0,57.96,75.0,0.0001,3-Methoxyphenyl,Cyano,"1,4-Dimethyl",NBD_QC_Functionalized,NBD_Combinatorial_M08_Aligned,RDKit_MMFF94_3D
COC(=O)C1=C(c2cccc(OC)c2)C2C=CC1C2,349.0,82.5,75.0,0.0001,3-Methoxyphenyl,Methyl ester,Unsubstituted_C7,NBD_QC_Functionalized,NBD_Combinatorial_M08_Aligned,RDKit_MMFF94_3D
COC(=O)C1=C(c2cccc(OC)c2)C2C=CC1C2(C)C,349.0,74.5,75.0,0.0001,3-Methoxyphenyl,Methyl ester,"7,7-Dimethyl",NBD_QC_Functionalized,NBD_Combinatorial_M08_Aligned,RDKit_MMFF94_3D
COC(=O)C1=C(c2cccc(OC)c2)C2(C)C=C(C)C1C2,349.0,56.76,75.0,0.0001,3-Methoxyphenyl,Methyl ester,"1,4-Dimethyl",NBD_QC_Functionalized,NBD_Combinatorial_M08_Aligned,RDKit_MMFF94_3D
CCOC(=O)C1=C(c2cccc(OC)c2)C2C=CC1C2,349.0,58.08,75.0,0.0001,3-Methoxyphenyl,Ethyl ester,Unsubstituted_C7,NBD_QC_Functionalized,NBD_Combinatorial_M08_Aligned,RDKit_MMFF94_3D
CCOC(=O)C1=C(c2cccc(OC)c2)C2C=CC1C2(C)C,349.0,71.5,75.0,0.0001,3-Methoxyphenyl,Ethyl ester,"7,7-Dimethyl",NBD_QC_Functionalized,NBD_Combinatorial_M08_Aligned,RDKit_MMFF94_3D
CCOC(=O)C1=C(c2cccc(OC)c2)C2(C)C=C(C)C1C2,349.0,51.35,75.0,0.0001,3-Methoxyphenyl,Ethyl ester,"1,4-Dimethyl",NBD_QC_Functionalized,NBD_Combinatorial_M08_Aligned,RDKit_MMFF94_3D
COc1cccc(C2=C(C(C)=O)C3C=CC2C3)c1,351.0,43.42,75.0,0.0001,3-Methoxyphenyl,Acetyl,Unsubstituted_C7,NBD_QC_Functionalized,NBD_Combinatorial_M08_Aligned,RDKit_MMFF94_3D
COc1cccc(C2=C(C(C)=O)C3C=CC2C3(C)C)c1,351.0,69.07,75.0,0.0001,3-Methoxyphenyl,Acetyl,"7,7-Dimethyl",NBD_QC_Functionalized,NBD_Combinatorial_M08_Aligned,RDKit_MMFF94_3D
COc1cccc(C2=C(C(C)=O)C3CC2(C)C=C3C)c1,351.0,41.93,75.0,0.0001,3-Methoxyphenyl,Acetyl,"1,4-Dimethyl",NBD_QC_Functionalized,NBD_Combinatorial_M08_Aligned,RDKit_MMFF94_3D
COc1cccc(C2=C(C(F)(F)F)C3C=CC2C3)c1,336.0,134.89,75.0,0.0001,3-Methoxyphenyl,Trifluoromethyl,Unsubstituted_C7,NBD_QC_Functionalized,NBD_Combinatorial_M08_Aligned,RDKit_MMFF94_3D
COc1cccc(C2=C(C(F)(F)F)C3C=CC2C3(C)C)c1,336.0,64.82,75.0,0.0001,3-Methoxyphenyl,Trifluoromethyl,"7,7-Dimethyl",NBD_QC_Functionalized,NBD_Combinatorial_M08_Aligned,RDKit_MMFF94_3D
COc1cccc(C2=C(C(F)(F)F)C3CC2(C)C=C3C)c1,336.0,125.88,75.0,0.0001,3-Methoxyphenyl,Trifluoromethyl,"1,4-Dimethyl",NBD_QC_Functionalized,NBD_Combinatorial_M08_Aligned,RDKit_MMFF94_3D
COc1cccc(C2=C(S(C)(=O)=O)C3C=CC2C3)c1,341.0,77.5,75.0,0.0001,3-Methoxyphenyl,Methylsulfonyl,Unsubstituted_C7,NBD_QC_Functionalized,NBD_Combinatorial_M08_Aligned,RDKit_MMFF94_3D
COc1cccc(C2=C(S(C)(=O)=O)C3C=CC2C3(C)C)c1,341.0,74.5,75.0,0.0001,3-Methoxyphenyl,Methylsulfonyl,"7,7-Dimethyl",NBD_QC_Functionalized,NBD_Combinatorial_M08_Aligned,RDKit_MMFF94_3D
COc1cccc(C2=C(S(C)(=O)=O)C3CC2(C)C=C3C)c1,341.0,62.5,75.0,0.0001,3-Methoxyphenyl,Methylsulfonyl,"1,4-Dimethyl",NBD_QC_Functionalized,NBD_Combinatorial_M08_Aligned,RDKit_MMFF94_3D
COc1cccc(C2=C(C(N)=O)C3C=CC2C3)c1,345.0,52.18,75.0,0.0001,3-Methoxyphenyl,Carboxamide,Unsubstituted_C7,NBD_QC_Functionalized,NBD_Combinatorial_M08_Aligned,RDKit_MMFF94_3D
COc1cccc(C2=C(C(N)=O)C3C=CC2C3(C)C)c1,345.0,69.25,75.0,0.0001,3-Methoxyphenyl,Carboxamide,"7,7-Dimethyl",NBD_QC_Functionalized,NBD_Combinatorial_M08_Aligned,RDKit_MMFF94_3D
COc1cccc(C2=C(C(N)=O)C3CC2(C)C=C3C)c1,345.0,70.72,75.0,0.0001,3-Methoxyphenyl,Carboxamide,"1,4-Dimethyl",NBD_QC_Functionalized,NBD_Combinatorial_M08_Aligned,RDKit_MMFF94_3D
COc1cccc(C2=C(c3ccc(C#N)cc3)C3C=CC2C3)c1,376.0,68.32,75.0,0.0001,3-Methoxyphenyl,4-Cyanophenyl,Unsubstituted_C7,NBD_QC_Functionalized,NBD_Combinatorial_M08_Aligned,RDKit_MMFF94_3D
COc1cccc(C2=C(c3ccc(C#N)cc3)C3C=CC2C3(C)C)c1,376.0,75.5,75.0,0.0001,3-Methoxyphenyl,4-Cyanophenyl,"7,7-Dimethyl",NBD_QC_Functionalized,NBD_Combinatorial_M08_Aligned,RDKit_MMFF94_3D
COc1cccc(C2=C(c3ccc(C#N)cc3)C3CC2(C)C=C3C)c1,376.0,68.32,75.0,0.0001,3-Methoxyphenyl,4-Cyanophenyl,"1,4-Dimethyl",NBD_QC_Functionalized,NBD_Combinatorial_M08_Aligned,RDKit_MMFF94_3D
COc1cccc(C2=C(c3ccc([N+](=O)[O-])cc3)C3C=CC2C3)c1,381.0,68.17,75.0,0.0001,3-Methoxyphenyl,4-Nitrophenyl,Unsubstituted_C7,NBD_QC_Functionalized,NBD_Combinatorial_M08_Aligned,RDKit_MMFF94_3D
COc1cccc(C2=C(c3ccc([N+](=O)[O-])cc3)C3C=CC2C3(C)C)c1,381.0,68.17,75.0,0.0001,3-Methoxyphenyl,4-Nitrophenyl,"7,7-Dimethyl",NBD_QC_Functionalized,NBD_Combinatorial_M08_Aligned,RDKit_MMFF94_3D
COc1cccc(C2=C(c3ccc([N+](=O)[O-])cc3)C3CC2(C)C=C3C)c1,381.0,68.17,75.0,0.0001,3-Methoxyphenyl,4-Nitrophenyl,"1,4-Dimethyl",NBD_QC_Functionalized,NBD_Combinatorial_M08_Aligned,RDKit_MMFF94_3D
COc1cccc(C2=C(c3ccc(C(F)(F)F)cc3)C3C=CC2C3)c1,369.0,68.53,75.0,0.0001,3-Methoxyphenyl,4-Trifluoromethylphenyl,Unsubstituted_C7,NBD_QC_Functionalized,NBD_Combinatorial_M08_Aligned,RDKit_MMFF94_3D
COc1cccc(C2=C(c3ccc(C(F)(F)F)cc3)C3C=CC2C3(C)C)c1,369.0,60.5,75.0,0.0001,3-Methoxyphenyl,4-Trifluoromethylphenyl,"7,7-Dimethyl",NBD_QC_Functionalized,NBD_Combinatorial_M08_Aligned,RDKit_MMFF94_3D
COc1cccc(C2=C(c3ccc(C(F)(F)F)cc3)C3CC2(C)C=C3C)c1,369.0,68.53,75.0,0.0001,3-Methoxyphenyl,4-Trifluoromethylphenyl,"1,4-Dimethyl",NBD_QC_Functionalized,NBD_Combinatorial_M08_Aligned,RDKit_MMFF94_3D
COc1cccc(C2=C(C(=O)c3ccccc3)C3C=CC2C3)c1,366.0,39.82,75.0,0.0001,3-Methoxyphenyl,Benzoyl,Unsubstituted_C7,NBD_QC_Functionalized,NBD_Combinatorial_M08_Aligned,RDKit_MMFF94_3D
COc1cccc(C2=C(C(=O)c3ccccc3)C3C=CC2C3(C)C)c1,366.0,68.62,75.0,0.0001,3-Methoxyphenyl,Benzoyl,"7,7-Dimethyl",NBD_QC_Functionalized,NBD_Combinatorial_M08_Aligned,RDKit_MMFF94_3D
COc1cccc(C2=C(C(=O)c3ccccc3)C3CC2(C)C=C3C)c1,366.0,39.09,75.0,0.0001,3-Methoxyphenyl,Benzoyl,"1,4-Dimethyl",NBD_QC_Functionalized,NBD_Combinatorial_M08_Aligned,RDKit_MMFF94_3D
COc1cccc(C2=C(c3ccccn3)C3C=CC2C3)c1,359.0,40.3,75.0,0.0001,3-Methoxyphenyl,2-Pyridyl,Unsubstituted_C7,NBD_QC_Functionalized,NBD_Combinatorial_M08_Aligned,RDKit_MMFF94_3D
COc1cccc(C2=C(c3ccccn3)C3C=CC2C3(C)C)c1,359.0,68.83,75.0,0.0001,3-Methoxyphenyl,2-Pyridyl,"7,7-Dimethyl",NBD_QC_Functionalized,NBD_Combinatorial_M08_Aligned,RDKit_MMFF94_3D
COc1cccc(C2=C(c3ccccn3)C3CC2(C)C=C3C)c1,359.0,60.5,75.0,0.0001,3-Methoxyphenyl,2-Pyridyl,"1,4-Dimethyl",NBD_QC_Functionalized,NBD_Combinatorial_M08_Aligned,RDKit_MMFF94_3D
COc1cccc(C2=C(c3ccncc3)C3C=CC2C3)c1,361.0,68.77,75.0,0.0001,3-Methoxyphenyl,4-Pyridyl,Unsubstituted_C7,NBD_QC_Functionalized,NBD_Combinatorial_M08_Aligned,RDKit_MMFF94_3D
COc1cccc(C2=C(c3ccncc3)C3C=CC2C3(C)C)c1,361.0,68.77,75.0,0.0001,3-Methoxyphenyl,4-Pyridyl,"7,7-Dimethyl",NBD_QC_Functionalized,NBD_Combinatorial_M08_Aligned,RDKit_MMFF94_3D
COc1cccc(C2=C(c3ccncc3)C3CC2(C)C=C3C)c1,361.0,82.5,75.0,0.0001,3-Methoxyphenyl,4-Pyridyl,"1,4-Dimethyl",NBD_QC_Functionalized,NBD_Combinatorial_M08_Aligned,RDKit_MMFF94_3D
COc1cccc(C2=C(C(=O)O)C3C=CC2C3)c1,346.0,70.5,75.0,0.0001,3-Methoxyphenyl,Carboxylic acid,Unsubstituted_C7,NBD_QC_Functionalized,NBD_Combinatorial_M08_Aligned,RDKit_MMFF94_3D
COc1cccc(C2=C(C(=O)O)C3C=CC2C3(C)C)c1,346.0,58.5,75.0,0.0001,3-Methoxyphenyl,Carboxylic acid,"7,7-Dimethyl",NBD_QC_Functionalized,NBD_Combinatorial_M08_Aligned,RDKit_MMFF94_3D
COc1cccc(C2=C(C(=O)O)C3CC2(C)C=C3C)c1,346.0,63.78,75.0,0.0001,3-Methoxyphenyl,Carboxylic acid,"1,4-Dimethyl",NBD_QC_Functionalized,NBD_Combinatorial_M08_Aligned,RDKit_MMFF94_3D
CCCCC(CC)COC(=O)C1=C(c2cccc(OC)c2)C2C=CC1C2,351.0,37.92,75.0,0.0001,3-Methoxyphenyl,Ethylhexyl ester,Unsubstituted_C7,NBD_QC_Functionalized,NBD_Combinatorial_M08_Aligned,RDKit_MMFF94_3D
CCCCC(CC)COC(=O)C1=C(c2cccc(OC)c2)C2C=CC1C2(C)C,351.0,81.5,75.0,0.0001,3-Methoxyphenyl,Ethylhexyl ester,"7,7-Dimethyl",NBD_QC_Functionalized,NBD_Combinatorial_M08_Aligned,RDKit_MMFF94_3D
CCCCC(CC)COC(=O)C1=C(c2cccc(OC)c2)C2(C)C=C(C)C1C2,351.0,77.5,75.0,0.0001,3-Methoxyphenyl,Ethylhexyl ester,"1,4-Dimethyl",NBD_QC_Functionalized,NBD_Combinatorial_M08_Aligned,RDKit_MMFF94_3D
COc1cccc(C2=C(c3cccc(C#N)c3)C3C=CC2C3)c1,373.0,80.5,75.0,0.0001,3-Methoxyphenyl,3-Cyanophenyl,Unsubstituted_C7,NBD_QC_Functionalized,NBD_Combinatorial_M08_Aligned,RDKit_MMFF94_3D
COc1cccc(C2=C(c3cccc(C#N)c3)C3C=CC2C3(C)C)c1,373.0,77.5,75.0,0.0001,3-Methoxyphenyl,3-Cyanophenyl,"7,7-Dimethyl",NBD_QC_Functionalized,NBD_Combinatorial_M08_Aligned,RDKit_MMFF94_3D
COc1cccc(C2=C(c3cccc(C#N)c3)C3CC2(C)C=C3C)c1,373.0,68.41,75.0,0.0001,3-Methoxyphenyl,3-Cyanophenyl,"1,4-Dimethyl",NBD_QC_Functionalized,NBD_Combinatorial_M08_Aligned,RDKit_MMFF94_3D
COc1cccc(C2=C(C(=O)OC(C)C)C3C=CC2C3)c1,349.0,59.13,75.0,0.0001,3-Methoxyphenyl,Isopropyl ester,Unsubstituted_C7,NBD_QC_Functionalized,NBD_Combinatorial_M08_Aligned,RDKit_MMFF94_3D
COc1cccc(C2=C(C(=O)OC(C)C)C3C=CC2C3(C)C)c1,349.0,69.13,75.0,0.0001,3-Methoxyphenyl,Isopropyl ester,"7,7-Dimethyl",NBD_QC_Functionalized,NBD_Combinatorial_M08_Aligned,RDKit_MMFF94_3D
COc1cccc(C2=C(C(=O)OC(C)C)C3CC2(C)C=C3C)c1,349.0,52.65,75.0,0.0001,3-Methoxyphenyl,Isopropyl ester,"1,4-Dimethyl",NBD_QC_Functionalized,NBD_Combinatorial_M08_Aligned,RDKit_MMFF94_3D
COc1cccc(C2=C(S(=O)(=O)c3ccccc3)C3C=CC2C3)c1,363.0,58.5,75.0,0.0001,3-Methoxyphenyl,Phenylsulfonyl,Unsubstituted_C7,NBD_QC_Functionalized,NBD_Combinatorial_M08_Aligned,RDKit_MMFF94_3D
COc1cccc(C2=C(S(=O)(=O)c3ccccc3)C3C=CC2C3(C)C)c1,363.0,127.27,75.0,0.0001,3-Methoxyphenyl,Phenylsulfonyl,"7,7-Dimethyl",NBD_QC_Functionalized,NBD_Combinatorial_M08_Aligned,RDKit_MMFF94_3D
COc1cccc(C2=C(S(=O)(=O)c3ccccc3)C3CC2(C)C=C3C)c1,363.0,60.5,75.0,0.0001,3-Methoxyphenyl,Phenylsulfonyl,"1,4-Dimethyl",NBD_QC_Functionalized,NBD_Combinatorial_M08_Aligned,RDKit_MMFF94_3D
COc1cccc(C2=C(c3nccs3)C3C=CC2C3)c1,357.0,79.5,75.0,0.0001,3-Methoxyphenyl,2-Thiazolyl,Unsubstituted_C7,NBD_QC_Functionalized,NBD_Combinatorial_M08_Aligned,RDKit_MMFF94_3D
COc1cccc(C2=C(c3nccs3)C3C=CC2C3(C)C)c1,357.0,68.89,75.0,0.0001,3-Methoxyphenyl,2-Thiazolyl,"7,7-Dimethyl",NBD_QC_Functionalized,NBD_Combinatorial_M08_Aligned,RDKit_MMFF94_3D
COc1cccc(C2=C(c3nccs3)C3CC2(C)C=C3C)c1,357.0,59.5,75.0,0.0001,3-Methoxyphenyl,2-Thiazolyl,"1,4-Dimethyl",NBD_QC_Functionalized,NBD_Combinatorial_M08_Aligned,RDKit_MMFF94_3D
CCNC(=O)C1=C(c2cccc(OC)c2)C2C=CC1C2,347.0,59.05,75.0,0.0001,3-Methoxyphenyl,Ethylamide,Unsubstituted_C7,NBD_QC_Functionalized,NBD_Combinatorial_M08_Aligned,RDKit_MMFF94_3D
CCNC(=O)C1=C(c2cccc(OC)c2)C2C=CC1C2(C)C,347.0,63.5,75.0,0.0001,3-Methoxyphenyl,Ethylamide,"7,7-Dimethyl",NBD_QC_Functionalized,NBD_Combinatorial_M08_Aligned,RDKit_MMFF94_3D
CCNC(=O)C1=C(c2cccc(OC)c2)C2(C)C=C(C)C1C2,347.0,75.5,75.0,0.0001,3-Methoxyphenyl,Ethylamide,"1,4-Dimethyl",NBD_QC_Functionalized,NBD_Combinatorial_M08_Aligned,RDKit_MMFF94_3D
CC1=C(C#N)C2C=CC1C2,290.0,102.92,75.0,0.0001,Methyl,Cyano,Unsubstituted_C7,NBD_QC_Functionalized,NBD_Combinatorial_M08_Aligned,RDKit_MMFF94_3D
CC1=C(C#N)C2C=CC1C2(C)C,290.0,36.7,75.0,0.0001,Methyl,Cyano,"7,7-Dimethyl",NBD_QC_Functionalized,NBD_Combinatorial_M08_Aligned,RDKit_MMFF94_3D
CC1=CC2(C)CC1C(C#N)=C2C,290.0,97.78,75.0,0.0001,Methyl,Cyano,"1,4-Dimethyl",NBD_QC_Functionalized,NBD_Combinatorial_M08_Aligned,RDKit_MMFF94_3D
COC(=O)C1=C(C)C2C=CC1C2,293.0,115.02,75.0,0.0001,Methyl,Methyl ester,Unsubstituted_C7,NBD_QC_Functionalized,NBD_Combinatorial_M08_Aligned,RDKit_MMFF94_3D
COC(=O)C1=C(C)C2C=CC1C2(C)C,293.0,49.05,75.0,0.0001,Methyl,Methyl ester,"7,7-Dimethyl",NBD_QC_Functionalized,NBD_Combinatorial_M08_Aligned,RDKit_MMFF94_3D
COC(=O)C1=C(C)C2(C)C=C(C)C1C2,293.0,112.79,75.0,0.0001,Methyl,Methyl ester,"1,4-Dimethyl",NBD_QC_Functionalized,NBD_Combinatorial_M08_Aligned,RDKit_MMFF94_3D
CCOC(=O)C1=C(C)C2C=CC1C2,293.0,66.5,75.0,0.0001,Methyl,Ethyl ester,Unsubstituted_C7,NBD_QC_Functionalized,NBD_Combinatorial_M08_Aligned,RDKit_MMFF94_3D
CCOC(=O)C1=C(C)C2C=CC1C2(C)C,293.0,79.5,75.0,0.0001,Methyl,Ethyl ester,"7,7-Dimethyl",NBD_QC_Functionalized,NBD_Combinatorial_M08_Aligned,RDKit_MMFF94_3D
CCOC(=O)C1=C(C)C2(C)C=C(C)C1C2,293.0,111.24,75.0,0.0001,Methyl,Ethyl ester,"1,4-Dimethyl",NBD_QC_Functionalized,NBD_Combinatorial_M08_Aligned,RDKit_MMFF94_3D
CC(=O)C1=C(C)C2C=CC1C2,295.0,87.6,75.0,0.0001,Methyl,Acetyl,Unsubstituted_C7,NBD_QC_Functionalized,NBD_Combinatorial_M08_Aligned,RDKit_MMFF94_3D
CC(=O)C1=C(C)C2C=CC1C2(C)C,295.0,65.5,75.0,0.0001,Methyl,Acetyl,"7,7-Dimethyl",NBD_QC_Functionalized,NBD_Combinatorial_M08_Aligned,RDKit_MMFF94_3D
CC(=O)C1=C(C)C2(C)C=C(C)C1C2,295.0,75.05,75.0,0.0001,Methyl,Acetyl,"1,4-Dimethyl",NBD_QC_Functionalized,NBD_Combinatorial_M08_Aligned,RDKit_MMFF94_3D
CC1=C(C(F)(F)F)C2C=CC1C2,280.0,75.5,75.0,0.0001,Methyl,Trifluoromethyl,Unsubstituted_C7,NBD_QC_Functionalized,NBD_Combinatorial_M08_Aligned,RDKit_MMFF94_3D
CC1=C(C(F)(F)F)C2C=CC1C2(C)C,280.0,113.23,75.0,0.0001,Methyl,Trifluoromethyl,"7,7-Dimethyl",NBD_QC_Functionalized,NBD_Combinatorial_M08_Aligned,RDKit_MMFF94_3D
CC1=CC2(C)CC1C(C(F)(F)F)=C2C,280.0,67.5,75.0,0.0001,Methyl,Trifluoromethyl,"1,4-Dimethyl",NBD_QC_Functionalized,NBD_Combinatorial_M08_Aligned,RDKit_MMFF94_3D
CC1=C(S(C)(=O)=O)C2C=CC1C2,285.0,76.5,75.0,0.0001,Methyl,Methylsulfonyl,Unsubstituted_C7,NBD_QC_Functionalized,NBD_Combinatorial_M08_Aligned,RDKit_MMFF94_3D
CC1=C(S(C)(=O)=O)C2C=CC1C2(C)C,285.0,60.5,75.0,0.0001,Methyl,Methylsulfonyl,"7,7-Dimethyl",NBD_QC_Functionalized,NBD_Combinatorial_M08_Aligned,RDKit_MMFF94_3D
CC1=CC2(C)CC1C(S(C)(=O)=O)=C2C,285.0,61.5,75.0,0.0001,Methyl,Methylsulfonyl,"1,4-Dimethyl",NBD_QC_Functionalized,NBD_Combinatorial_M08_Aligned,RDKit_MMFF94_3D
CC1=C(C(N)=O)C2C=CC1C2,289.0,65.5,75.0,0.0001,Methyl,Carboxamide,Unsubstituted_C7,NBD_QC_Functionalized,NBD_Combinatorial_M08_Aligned,RDKit_MMFF94_3D
CC1=C(C(N)=O)C2C=CC1C2(C)C,289.0,33.08,75.0,0.0001,Methyl,Carboxamide,"7,7-Dimethyl",NBD_QC_Functionalized,NBD_Combinatorial_M08_Aligned,RDKit_MMFF94_3D
CC1=CC2(C)CC1C(C(N)=O)=C2C,289.0,94.0,75.0,0.0001,Methyl,Carboxamide,"1,4-Dimethyl",NBD_QC_Functionalized,NBD_Combinatorial_M08_Aligned,RDKit_MMFF94_3D
CC1=C(c2ccc(C#N)cc2)C2C=CC1C2,320.0,77.5,75.0,0.0001,Methyl,4-Cyanophenyl,Unsubstituted_C7,NBD_QC_Functionalized,NBD_Combinatorial_M08_Aligned,RDKit_MMFF94_3D
CC1=C(c2ccc(C#N)cc2)C2C=CC1C2(C)C,320.0,65.52,75.0,0.0001,Methyl,4-Cyanophenyl,"7,7-Dimethyl",NBD_QC_Functionalized,NBD_Combinatorial_M08_Aligned,RDKit_MMFF94_3D
CC1=CC2(C)CC1C(c1ccc(C#N)cc1)=C2C,320.0,58.5,75.0,0.0001,Methyl,4-Cyanophenyl,"1,4-Dimethyl",NBD_QC_Functionalized,NBD_Combinatorial_M08_Aligned,RDKit_MMFF94_3D
CC1=C(c2ccc([N+](=O)[O-])cc2)C2C=CC1C2,325.0,60.5,75.0,0.0001,Methyl,4-Nitrophenyl,Unsubstituted_C7,NBD_QC_Functionalized,NBD_Combinatorial_M08_Aligned,RDKit_MMFF94_3D
CC1=C(c2ccc([N+](=O)[O-])cc2)C2C=CC1C2(C)C,325.0,65.37,75.0,0.0001,Methyl,4-Nitrophenyl,"7,7-Dimethyl",NBD_QC_Functionalized,NBD_Combinatorial_M08_Aligned,RDKit_MMFF94_3D
CC1=CC2(C)CC1C(c1ccc([N+](=O)[O-])cc1)=C2C,325.0,71.5,75.0,0.0001,Methyl,4-Nitrophenyl,"1,4-Dimethyl",NBD_QC_Functionalized,NBD_Combinatorial_M08_Aligned,RDKit_MMFF94_3D
CC1=C(c2ccc(C(F)(F)F)cc2)C2C=CC1C2,313.0,78.5,75.0,0.0001,Methyl,4-Trifluoromethylphenyl,Unsubstituted_C7,NBD_QC_Functionalized,NBD_Combinatorial_M08_Aligned,RDKit_MMFF94_3D
CC1=C(c2ccc(C(F)(F)F)cc2)C2C=CC1C2(C)C,313.0,65.73,75.0,0.0001,Methyl,4-Trifluoromethylphenyl,"7,7-Dimethyl",NBD_QC_Functionalized,NBD_Combinatorial_M08_Aligned,RDKit_MMFF94_3D
CC1=CC2(C)CC1C(c1ccc(C(F)(F)F)cc1)=C2C,313.0,74.5,75.0,0.0001,Methyl,4-Trifluoromethylphenyl,"1,4-Dimethyl",NBD_QC_Functionalized,NBD_Combinatorial_M08_Aligned,RDKit_MMFF94_3D
CC1=C(C(=O)c2ccccc2)C2C=CC1C2,310.0,64.04,75.0,0.0001,Methyl,Benzoyl,Unsubstituted_C7,NBD_QC_Functionalized,NBD_Combinatorial_M08_Aligned,RDKit_MMFF94_3D
CC1=C(C(=O)c2ccccc2)C2C=CC1C2(C)C,310.0,63.5,75.0,0.0001,Methyl,Benzoyl,"7,7-Dimethyl",NBD_QC_Functionalized,NBD_Combinatorial_M08_Aligned,RDKit_MMFF94_3D
CC1=CC2(C)CC1C(C(=O)c1ccccc1)=C2C,310.0,58.24,75.0,0.0001,Methyl,Benzoyl,"1,4-Dimethyl",NBD_QC_Functionalized,NBD_Combinatorial_M08_Aligned,RDKit_MMFF94_3D
CC1=C(c2ccccn2)C2C=CC1C2,303.0,64.0,75.0,0.0001,Methyl,2-Pyridyl,Unsubstituted_C7,NBD_QC_Functionalized,NBD_Combinatorial_M08_Aligned,RDKit_MMFF94_3D
CC1=C(c2ccccn2)C2C=CC1C2(C)C,303.0,66.03,75.0,0.0001,Methyl,2-Pyridyl,"7,7-Dimethyl",NBD_QC_Functionalized,NBD_Combinatorial_M08_Aligned,RDKit_MMFF94_3D
CC1=CC2(C)CC1C(c1ccccn1)=C2C,303.0,56.16,75.0,0.0001,Methyl,2-Pyridyl,"1,4-Dimethyl",NBD_QC_Functionalized,NBD_Combinatorial_M08_Aligned,RDKit_MMFF94_3D
CC1=C(c2ccncc2)C2C=CC1C2,305.0,60.5,75.0,0.0001,Methyl,4-Pyridyl,Unsubstituted_C7,NBD_QC_Functionalized,NBD_Combinatorial_M08_Aligned,RDKit_MMFF94_3D
CC1=C(c2ccncc2)C2C=CC1C2(C)C,305.0,65.97,75.0,0.0001,Methyl,4-Pyridyl,"7,7-Dimethyl",NBD_QC_Functionalized,NBD_Combinatorial_M08_Aligned,RDKit_MMFF94_3D
CC1=CC2(C)CC1C(c1ccncc1)=C2C,305.0,79.5,75.0,0.0001,Methyl,4-Pyridyl,"1,4-Dimethyl",NBD_QC_Functionalized,NBD_Combinatorial_M08_Aligned,RDKit_MMFF94_3D
CC1=C(C(=O)O)C2C=CC1C2,290.0,74.5,75.0,0.0001,Methyl,Carboxylic acid,Unsubstituted_C7,NBD_QC_Functionalized,NBD_Combinatorial_M08_Aligned,RDKit_MMFF94_3D
CC1=C(C(=O)O)C2C=CC1C2(C)C,290.0,79.5,75.0,0.0001,Methyl,Carboxylic acid,"7,7-Dimethyl",NBD_QC_Functionalized,NBD_Combinatorial_M08_Aligned,RDKit_MMFF94_3D
CC1=CC2(C)CC1C(C(=O)O)=C2C,290.0,111.98,75.0,0.0001,Methyl,Carboxylic acid,"1,4-Dimethyl",NBD_QC_Functionalized,NBD_Combinatorial_M08_Aligned,RDKit_MMFF94_3D
CCCCC(CC)COC(=O)C1=C(C)C2C=CC1C2,295.0,66.5,75.0,0.0001,Methyl,Ethylhexyl ester,Unsubstituted_C7,NBD_QC_Functionalized,NBD_Combinatorial_M08_Aligned,RDKit_MMFF94_3D
CCCCC(CC)COC(=O)C1=C(C)C2C=CC1C2(C)C,295.0,49.28,75.0,0.0001,Methyl,Ethylhexyl ester,"7,7-Dimethyl",NBD_QC_Functionalized,NBD_Combinatorial_M08_Aligned,RDKit_MMFF94_3D
CCCCC(CC)COC(=O)C1=C(C)C2(C)C=C(C)C1C2,295.0,94.49,75.0,0.0001,Methyl,Ethylhexyl ester,"1,4-Dimethyl",NBD_QC_Functionalized,NBD_Combinatorial_M08_Aligned,RDKit_MMFF94_3D
CC1=C(c2cccc(C#N)c2)C2C=CC1C2,317.0,60.5,75.0,0.0001,Methyl,3-Cyanophenyl,Unsubstituted_C7,NBD_QC_Functionalized,NBD_Combinatorial_M08_Aligned,RDKit_MMFF94_3D
CC1=C(c2cccc(C#N)c2)C2C=CC1C2(C)C,317.0,65.61,75.0,0.0001,Methyl,3-Cyanophenyl,"7,7-Dimethyl",NBD_QC_Functionalized,NBD_Combinatorial_M08_Aligned,RDKit_MMFF94_3D
CC1=CC2(C)CC1C(c1cccc(C#N)c1)=C2C,317.0,67.5,75.0,0.0001,Methyl,3-Cyanophenyl,"1,4-Dimethyl",NBD_QC_Functionalized,NBD_Combinatorial_M08_Aligned,RDKit_MMFF94_3D
CC1=C(C(=O)OC(C)C)C2C=CC1C2,293.0,61.5,75.0,0.0001,Methyl,Isopropyl ester,Unsubstituted_C7,NBD_QC_Functionalized,NBD_Combinatorial_M08_Aligned,RDKit_MMFF94_3D
CC1=C(C(=O)OC(C)C)C2C=CC1C2(C)C,293.0,49.27,75.0,0.0001,Methyl,Isopropyl ester,"7,7-Dimethyl",NBD_QC_Functionalized,NBD_Combinatorial_M08_Aligned,RDKit_MMFF94_3D
CC1=CC2(C)CC1C(C(=O)OC(C)C)=C2C,293.0,108.78,75.0,0.0001,Methyl,Isopropyl ester,"1,4-Dimethyl",NBD_QC_Functionalized,NBD_Combinatorial_M08_Aligned,RDKit_MMFF94_3D
CC1=C(S(=O)(=O)c2ccccc2)C2C=CC1C2,307.0,65.5,75.0,0.0001,Methyl,Phenylsulfonyl,Unsubstituted_C7,NBD_QC_Functionalized,NBD_Combinatorial_M08_Aligned,RDKit_MMFF94_3D
CC1=C(S(=O)(=O)c2ccccc2)C2C=CC1C2(C)C,307.0,147.98,75.0,0.0001,Methyl,Phenylsulfonyl,"7,7-Dimethyl",NBD_QC_Functionalized,NBD_Combinatorial_M08_Aligned,RDKit_MMFF94_3D
CC1=CC2(C)CC1C(S(=O)(=O)c1ccccc1)=C2C,307.0,69.5,75.0,0.0001,Methyl,Phenylsulfonyl,"1,4-Dimethyl",NBD_QC_Functionalized,NBD_Combinatorial_M08_Aligned,RDKit_MMFF94_3D
CC1=C(c2nccs2)C2C=CC1C2,301.0,64.84,75.0,0.0001,Methyl,2-Thiazolyl,Unsubstituted_C7,NBD_QC_Functionalized,NBD_Combinatorial_M08_Aligned,RDKit_MMFF94_3D
CC1=C(c2nccs2)C2C=CC1C2(C)C,301.0,60.5,75.0,0.0001,Methyl,2-Thiazolyl,"7,7-Dimethyl",NBD_QC_Functionalized,NBD_Combinatorial_M08_Aligned,RDKit_MMFF94_3D
CC1=CC2(C)CC1C(c1nccs1)=C2C,301.0,47.65,75.0,0.0001,Methyl,2-Thiazolyl,"1,4-Dimethyl",NBD_QC_Functionalized,NBD_Combinatorial_M08_Aligned,RDKit_MMFF94_3D
CCNC(=O)C1=C(C)C2C=CC1C2,291.0,115.14,75.0,0.0001,Methyl,Ethylamide,Unsubstituted_C7,NBD_QC_Functionalized,NBD_Combinatorial_M08_Aligned,RDKit_MMFF94_3D
CCNC(=O)C1=C(C)C2C=CC1C2(C)C,291.0,80.5,75.0,0.0001,Methyl,Ethylamide,"7,7-Dimethyl",NBD_QC_Functionalized,NBD_Combinatorial_M08_Aligned,RDKit_MMFF94_3D
CCNC(=O)C1=C(C)C2(C)C=C(C)C1C2,291.0,91.22,75.0,0.0001,Methyl,Ethylamide,"1,4-Dimethyl",NBD_QC_Functionalized,NBD_Combinatorial_M08_Aligned,RDKit_MMFF94_3D
CCC1=C(C#N)C2C=CC1C2,292.0,102.55,75.0,0.0001,Ethyl,Cyano,Unsubstituted_C7,NBD_QC_Functionalized,NBD_Combinatorial_M08_Aligned,RDKit_MMFF94_3D
CCC1=C(C#N)C2C=CC1C2(C)C,292.0,36.39,75.0,0.0001,Ethyl,Cyano,"7,7-Dimethyl",NBD_QC_Functionalized,NBD_Combinatorial_M08_Aligned,RDKit_MMFF94_3D
CCC1=C(C#N)C2CC1(C)C=C2C,292.0,96.7,75.0,0.0001,Ethyl,Cyano,"1,4-Dimethyl",NBD_QC_Functionalized,NBD_Combinatorial_M08_Aligned,RDKit_MMFF94_3D
CCC1=C(C(=O)OC)C2C=CC1C2,295.0,64.5,75.0,0.0001,Ethyl,Methyl ester,Unsubstituted_C7,NBD_QC_Functionalized,NBD_Combinatorial_M08_Aligned,RDKit_MMFF94_3D
CCC1=C(C(=O)OC)C2C=CC1C2(C)C,295.0,68.5,75.0,0.0001,Ethyl,Methyl ester,"7,7-Dimethyl",NBD_QC_Functionalized,NBD_Combinatorial_M08_Aligned,RDKit_MMFF94_3D
CCC1=C(C(=O)OC)C2CC1(C)C=C2C,295.0,101.27,75.0,0.0001,Ethyl,Methyl ester,"1,4-Dimethyl",NBD_QC_Functionalized,NBD_Combinatorial_M08_Aligned,RDKit_MMFF94_3D
CCOC(=O)C1=C(CC)C2C=CC1C2,295.0,114.78,75.0,0.0001,Ethyl,Ethyl ester,Unsubstituted_C7,NBD_QC_Functionalized,NBD_Combinatorial_M08_Aligned,RDKit_MMFF94_3D
CCOC(=O)C1=C(CC)C2C=CC1C2(C)C,295.0,51.32,75.0,0.0001,Ethyl,Ethyl ester,"7,7-Dimethyl",NBD_QC_Functionalized,NBD_Combinatorial_M08_Aligned,RDKit_MMFF94_3D
CCOC(=O)C1=C(CC)C2(C)C=C(C)C1C2,295.0,107.38,75.0,0.0001,Ethyl,Ethyl ester,"1,4-Dimethyl",NBD_QC_Functionalized,NBD_Combinatorial_M08_Aligned,RDKit_MMFF94_3D
CCC1=C(C(C)=O)C2C=CC1C2,297.0,68.1,75.0,0.0001,Ethyl,Acetyl,Unsubstituted_C7,NBD_QC_Functionalized,NBD_Combinatorial_M08_Aligned,RDKit_MMFF94_3D
CCC1=C(C(C)=O)C2C=CC1C2(C)C,297.0,76.5,75.0,0.0001,Ethyl,Acetyl,"7,7-Dimethyl",NBD_QC_Functionalized,NBD_Combinatorial_M08_Aligned,RDKit_MMFF94_3D
CCC1=C(C(C)=O)C2CC1(C)C=C2C,297.0,81.88,75.0,0.0001,Ethyl,Acetyl,"1,4-Dimethyl",NBD_QC_Functionalized,NBD_Combinatorial_M08_Aligned,RDKit_MMFF94_3D
CCC1=C(C(F)(F)F)C2C=CC1C2,282.0,58.5,75.0,0.0001,Ethyl,Trifluoromethyl,Unsubstituted_C7,NBD_QC_Functionalized,NBD_Combinatorial_M08_Aligned,RDKit_MMFF94_3D
CCC1=C(C(F)(F)F)C2C=CC1C2(C)C,282.0,77.5,75.0,0.0001,Ethyl,Trifluoromethyl,"7,7-Dimethyl",NBD_QC_Functionalized,NBD_Combinatorial_M08_Aligned,RDKit_MMFF94_3D
CCC1=C(C(F)(F)F)C2CC1(C)C=C2C,282.0,59.5,75.0,0.0001,Ethyl,Trifluoromethyl,"1,4-Dimethyl",NBD_QC_Functionalized,NBD_Combinatorial_M08_Aligned,RDKit_MMFF94_3D
CCC1=C(S(C)(=O)=O)C2C=CC1C2,287.0,72.5,75.0,0.0001,Ethyl,Methylsulfonyl,Unsubstituted_C7,NBD_QC_Functionalized,NBD_Combinatorial_M08_Aligned,RDKit_MMFF94_3D
CCC1=C(S(C)(=O)=O)C2C=CC1C2(C)C,287.0,76.5,75.0,0.0001,Ethyl,Methylsulfonyl,"7,7-Dimethyl",NBD_QC_Functionalized,NBD_Combinatorial_M08_Aligned,RDKit_MMFF94_3D
CCC1=C(S(C)(=O)=O)C2CC1(C)C=C2C,287.0,68.5,75.0,0.0001,Ethyl,Methylsulfonyl,"1,4-Dimethyl",NBD_QC_Functionalized,NBD_Combinatorial_M08_Aligned,RDKit_MMFF94_3D
CCC1=C(C(N)=O)C2C=CC1C2,291.0,107.22,75.0,0.0001,Ethyl,Carboxamide,Unsubstituted_C7,NBD_QC_Functionalized,NBD_Combinatorial_M08_Aligned,RDKit_MMFF94_3D
CCC1=C(C(N)=O)C2C=CC1C2(C)C,291.0,79.5,75.0,0.0001,Ethyl,Carboxamide,"7,7-Dimethyl",NBD_QC_Functionalized,NBD_Combinatorial_M08_Aligned,RDKit_MMFF94_3D
CCC1=C(C(N)=O)C2CC1(C)C=C2C,291.0,103.36,75.0,0.0001,Ethyl,Carboxamide,"1,4-Dimethyl",NBD_QC_Functionalized,NBD_Combinatorial_M08_Aligned,RDKit_MMFF94_3D
CCC1=C(c2ccc(C#N)cc2)C2C=CC1C2,322.0,60.5,75.0,0.0001,Ethyl,4-Cyanophenyl,Unsubstituted_C7,NBD_QC_Functionalized,NBD_Combinatorial_M08_Aligned,RDKit_MMFF94_3D
CCC1=C(c2ccc(C#N)cc2)C2C=CC1C2(C)C,322.0,65.62,75.0,0.0001,Ethyl,4-Cyanophenyl,"7,7-Dimethyl",NBD_QC_Functionalized,NBD_Combinatorial_M08_Aligned,RDKit_MMFF94_3D
CCC1=C(c2ccc(C#N)cc2)C2CC1(C)C=C2C,322.0,65.62,75.0,0.0001,Ethyl,4-Cyanophenyl,"1,4-Dimethyl",NBD_QC_Functionalized,NBD_Combinatorial_M08_Aligned,RDKit_MMFF94_3D
CCC1=C(c2ccc([N+](=O)[O-])cc2)C2C=CC1C2,327.0,72.5,75.0,0.0001,Ethyl,4-Nitrophenyl,Unsubstituted_C7,NBD_QC_Functionalized,NBD_Combinatorial_M08_Aligned,RDKit_MMFF94_3D
CCC1=C(c2ccc([N+](=O)[O-])cc2)C2C=CC1C2(C)C,327.0,65.47,75.0,0.0001,Ethyl,4-Nitrophenyl,"7,7-Dimethyl",NBD_QC_Functionalized,NBD_Combinatorial_M08_Aligned,RDKit_MMFF94_3D
CCC1=C(c2ccc([N+](=O)[O-])cc2)C2CC1(C)C=C2C,327.0,63.5,75.0,0.0001,Ethyl,4-Nitrophenyl,"1,4-Dimethyl",NBD_QC_Functionalized,NBD_Combinatorial_M08_Aligned,RDKit_MMFF94_3D
CCC1=C(c2ccc(C(F)(F)F)cc2)C2C=CC1C2,315.0,58.5,75.0,0.0001,Ethyl,4-Trifluoromethylphenyl,Unsubstituted_C7,NBD_QC_Functionalized,NBD_Combinatorial_M08_Aligned,RDKit_MMFF94_3D
CCC1=C(c2ccc(C(F)(F)F)cc2)C2C=CC1C2(C)C,315.0,64.5,75.0,0.0001,Ethyl,4-Trifluoromethylphenyl,"7,7-Dimethyl",NBD_QC_Functionalized,NBD_Combinatorial_M08_Aligned,RDKit_MMFF94_3D
CCC1=C(c2ccc(C(F)(F)F)cc2)C2CC1(C)C=C2C,315.0,65.5,75.0,0.0001,Ethyl,4-Trifluoromethylphenyl,"1,4-Dimethyl",NBD_QC_Functionalized,NBD_Combinatorial_M08_Aligned,RDKit_MMFF94_3D
CCC1=C(C(=O)c2ccccc2)C2C=CC1C2,312.0,79.5,75.0,0.0001,Ethyl,Benzoyl,Unsubstituted_C7,NBD_QC_Functionalized,NBD_Combinatorial_M08_Aligned,RDKit_MMFF94_3D
CCC1=C(C(=O)c2ccccc2)C2C=CC1C2(C)C,312.0,77.5,75.0,0.0001,Ethyl,Benzoyl,"7,7-Dimethyl",NBD_QC_Functionalized,NBD_Combinatorial_M08_Aligned,RDKit_MMFF94_3D
CCC1=C(C(=O)c2ccccc2)C2CC1(C)C=C2C,312.0,78.5,75.0,0.0001,Ethyl,Benzoyl,"1,4-Dimethyl",NBD_QC_Functionalized,NBD_Combinatorial_M08_Aligned,RDKit_MMFF94_3D
CCC1=C(c2ccccn2)C2C=CC1C2,305.0,61.5,75.0,0.0001,Ethyl,2-Pyridyl,Unsubstituted_C7,NBD_QC_Functionalized,NBD_Combinatorial_M08_Aligned,RDKit_MMFF94_3D
CCC1=C(c2ccccn2)C2C=CC1C2(C)C,305.0,66.13,75.0,0.0001,Ethyl,2-Pyridyl,"7,7-Dimethyl",NBD_QC_Functionalized,NBD_Combinatorial_M08_Aligned,RDKit_MMFF94_3D
CCC1=C(c2ccccn2)C2CC1(C)C=C2C,305.0,65.31,75.0,0.0001,Ethyl,2-Pyridyl,"1,4-Dimethyl",NBD_QC_Functionalized,NBD_Combinatorial_M08_Aligned,RDKit_MMFF94_3D
CCC1=C(c2ccncc2)C2C=CC1C2,307.0,73.5,75.0,0.0001,Ethyl,4-Pyridyl,Unsubstituted_C7,NBD_QC_Functionalized,NBD_Combinatorial_M08_Aligned,RDKit_MMFF94_3D
CCC1=C(c2ccncc2)C2C=CC1C2(C)C,307.0,66.07,75.0,0.0001,Ethyl,4-Pyridyl,"7,7-Dimethyl",NBD_QC_Functionalized,NBD_Combinatorial_M08_Aligned,RDKit_MMFF94_3D
CCC1=C(c2ccncc2)C2CC1(C)C=C2C,307.0,66.5,75.0,0.0001,Ethyl,4-Pyridyl,"1,4-Dimethyl",NBD_QC_Functionalized,NBD_Combinatorial_M08_Aligned,RDKit_MMFF94_3D
CCC1=C(C(=O)O)C2C=CC1C2,292.0,114.07,75.0,0.0001,Ethyl,Carboxylic acid,Unsubstituted_C7,NBD_QC_Functionalized,NBD_Combinatorial_M08_Aligned,RDKit_MMFF94_3D
CCC1=C(C(=O)O)C2C=CC1C2(C)C,292.0,56.24,75.0,0.0001,Ethyl,Carboxylic acid,"7,7-Dimethyl",NBD_QC_Functionalized,NBD_Combinatorial_M08_Aligned,RDKit_MMFF94_3D
CCC1=C(C(=O)O)C2CC1(C)C=C2C,292.0,124.24,75.0,0.0001,Ethyl,Carboxylic acid,"1,4-Dimethyl",NBD_QC_Functionalized,NBD_Combinatorial_M08_Aligned,RDKit_MMFF94_3D
CCCCC(CC)COC(=O)C1=C(CC)C2C=CC1C2,297.0,119.7,75.0,0.0001,Ethyl,Ethylhexyl ester,Unsubstituted_C7,NBD_QC_Functionalized,NBD_Combinatorial_M08_Aligned,RDKit_MMFF94_3D
CCCCC(CC)COC(=O)C1=C(CC)C2C=CC1C2(C)C,297.0,48.67,75.0,0.0001,Ethyl,Ethylhexyl ester,"7,7-Dimethyl",NBD_QC_Functionalized,NBD_Combinatorial_M08_Aligned,RDKit_MMFF94_3D
CCCCC(CC)COC(=O)C1=C(CC)C2(C)C=C(C)C1C2,297.0,109.49,75.0,0.0001,Ethyl,Ethylhexyl ester,"1,4-Dimethyl",NBD_QC_Functionalized,NBD_Combinatorial_M08_Aligned,RDKit_MMFF94_3D
CCC1=C(c2cccc(C#N)c2)C2C=CC1C2,319.0,58.5,75.0,0.0001,Ethyl,3-Cyanophenyl,Unsubstituted_C7,NBD_QC_Functionalized,NBD_Combinatorial_M08_Aligned,RDKit_MMFF94_3D
CCC1=C(c2cccc(C#N)c2)C2C=CC1C2(C)C,319.0,73.5,75.0,0.0001,Ethyl,3-Cyanophenyl,"7,7-Dimethyl",NBD_QC_Functionalized,NBD_Combinatorial_M08_Aligned,RDKit_MMFF94_3D
CCC1=C(c2cccc(C#N)c2)C2CC1(C)C=C2C,319.0,63.5,75.0,0.0001,Ethyl,3-Cyanophenyl,"1,4-Dimethyl",NBD_QC_Functionalized,NBD_Combinatorial_M08_Aligned,RDKit_MMFF94_3D
CCC1=C(C(=O)OC(C)C)C2C=CC1C2,295.0,76.5,75.0,0.0001,Ethyl,Isopropyl ester,Unsubstituted_C7,NBD_QC_Functionalized,NBD_Combinatorial_M08_Aligned,RDKit_MMFF94_3D
CCC1=C(C(=O)OC(C)C)C2C=CC1C2(C)C,295.0,52.06,75.0,0.0001,Ethyl,Isopropyl ester,"7,7-Dimethyl",NBD_QC_Functionalized,NBD_Combinatorial_M08_Aligned,RDKit_MMFF94_3D
CCC1=C(C(=O)OC(C)C)C2CC1(C)C=C2C,295.0,101.86,75.0,0.0001,Ethyl,Isopropyl ester,"1,4-Dimethyl",NBD_QC_Functionalized,NBD_Combinatorial_M08_Aligned,RDKit_MMFF94_3D
CCC1=C(S(=O)(=O)c2ccccc2)C2C=CC1C2,309.0,82.5,75.0,0.0001,Ethyl,Phenylsulfonyl,Unsubstituted_C7,NBD_QC_Functionalized,NBD_Combinatorial_M08_Aligned,RDKit_MMFF94_3D
CCC1=C(S(=O)(=O)c2ccccc2)C2C=CC1C2(C)C,309.0,79.5,75.0,0.0001,Ethyl,Phenylsulfonyl,"7,7-Dimethyl",NBD_QC_Functionalized,NBD_Combinatorial_M08_Aligned,RDKit_MMFF94_3D
CCC1=C(S(=O)(=O)c2ccccc2)C2CC1(C)C=C2C,309.0,72.5,75.0,0.0001,Ethyl,Phenylsulfonyl,"1,4-Dimethyl",NBD_QC_Functionalized,NBD_Combinatorial_M08_Aligned,RDKit_MMFF94_3D
CCC1=C(c2nccs2)C2C=CC1C2,303.0,73.5,75.0,0.0001,Ethyl,2-Thiazolyl,Unsubstituted_C7,NBD_QC_Functionalized,NBD_Combinatorial_M08_Aligned,RDKit_MMFF94_3D
CCC1=C(c2nccs2)C2C=CC1C2(C)C,303.0,78.5,75.0,0.0001,Ethyl,2-Thiazolyl,"7,7-Dimethyl",NBD_QC_Functionalized,NBD_Combinatorial_M08_Aligned,RDKit_MMFF94_3D
CCC1=C(c2nccs2)C2CC1(C)C=C2C,303.0,44.39,75.0,0.0001,Ethyl,2-Thiazolyl,"1,4-Dimethyl",NBD_QC_Functionalized,NBD_Combinatorial_M08_Aligned,RDKit_MMFF94_3D
CCNC(=O)C1=C(CC)C2C=CC1C2,293.0,62.5,75.0,0.0001,Ethyl,Ethylamide,Unsubstituted_C7,NBD_QC_Functionalized,NBD_Combinatorial_M08_Aligned,RDKit_MMFF94_3D
CCNC(=O)C1=C(CC)C2C=CC1C2(C)C,293.0,42.74,75.0,0.0001,Ethyl,Ethylamide,"7,7-Dimethyl",NBD_QC_Functionalized,NBD_Combinatorial_M08_Aligned,RDKit_MMFF94_3D
CCNC(=O)C1=C(CC)C2(C)C=C(C)C1C2,293.0,106.69,75.0,0.0001,Ethyl,Ethylamide,"1,4-Dimethyl",NBD_QC_Functionalized,NBD_Combinatorial_M08_Aligned,RDKit_MMFF94_3D
COC1=C(C#N)C2C=CC1C2,305.0,33.13,75.0,0.0001,Methoxy,Cyano,Unsubstituted_C7,NBD_QC_Functionalized,NBD_Combinatorial_M08_Aligned,RDKit_MMFF94_3D
COC1=C(C#N)C2C=CC1C2(C)C,305.0,67.17,75.0,0.0001,Methoxy,Cyano,"7,7-Dimethyl",NBD_QC_Functionalized,NBD_Combinatorial_M08_Aligned,RDKit_MMFF94_3D
COC1=C(C#N)C2CC1(C)C=C2C,305.0,41.98,75.0,0.0001,Methoxy,Cyano,"1,4-Dimethyl",NBD_QC_Functionalized,NBD_Combinatorial_M08_Aligned,RDKit_MMFF94_3D
COC(=O)C1=C(OC)C2C=CC1C2,308.0,76.5,75.0,0.0001,Methoxy,Methyl ester,Unsubstituted_C7,NBD_QC_Functionalized,NBD_Combinatorial_M08_Aligned,RDKit_MMFF94_3D
COC(=O)C1=C(OC)C2C=CC1C2(C)C,308.0,67.08,75.0,0.0001,Methoxy,Methyl ester,"7,7-Dimethyl",NBD_QC_Functionalized,NBD_Combinatorial_M08_Aligned,RDKit_MMFF94_3D
COC(=O)C1=C(OC)C2(C)C=C(C)C1C2,308.0,62.5,75.0,0.0001,Methoxy,Methyl ester,"1,4-Dimethyl",NBD_QC_Functionalized,NBD_Combinatorial_M08_Aligned,RDKit_MMFF94_3D
CCOC(=O)C1=C(OC)C2C=CC1C2,308.0,82.5,75.0,0.0001,Methoxy,Ethyl ester,Unsubstituted_C7,NBD_QC_Functionalized,NBD_Combinatorial_M08_Aligned,RDKit_MMFF94_3D
CCOC(=O)C1=C(OC)C2C=CC1C2(C)C,308.0,67.08,75.0,0.0001,Methoxy,Ethyl ester,"7,7-Dimethyl",NBD_QC_Functionalized,NBD_Combinatorial_M08_Aligned,RDKit_MMFF94_3D
CCOC(=O)C1=C(OC)C2(C)C=C(C)C1C2,308.0,64.5,75.0,0.0001,Methoxy,Ethyl ester,"1,4-Dimethyl",NBD_QC_Functionalized,NBD_Combinatorial_M08_Aligned,RDKit_MMFF94_3D
COC1=C(C(C)=O)C2C=CC1C2,310.0,67.02,75.0,0.0001,Methoxy,Acetyl,Unsubstituted_C7,NBD_QC_Functionalized,NBD_Combinatorial_M08_Aligned,RDKit_MMFF94_3D
COC1=C(C(C)=O)C2C=CC1C2(C)C,310.0,67.02,75.0,0.0001,Methoxy,Acetyl,"7,7-Dimethyl",NBD_QC_Functionalized,NBD_Combinatorial_M08_Aligned,RDKit_MMFF94_3D
COC1=C(C(C)=O)C2CC1(C)C=C2C,310.0,64.5,75.0,0.0001,Methoxy,Acetyl,"1,4-Dimethyl",NBD_QC_Functionalized,NBD_Combinatorial_M08_Aligned,RDKit_MMFF94_3D
COC1=C(C(F)(F)F)C2C=CC1C2,295.0,68.5,75.0,0.0001,Methoxy,Trifluoromethyl,Unsubstituted_C7,NBD_QC_Functionalized,NBD_Combinatorial_M08_Aligned,RDKit_MMFF94_3D
COC1=C(C(F)(F)F)C2C=CC1C2(C)C,295.0,69.5,75.0,0.0001,Methoxy,Trifluoromethyl,"7,7-Dimethyl",NBD_QC_Functionalized,NBD_Combinatorial_M08_Aligned,RDKit_MMFF94_3D
COC1=C(C(F)(F)F)C2CC1(C)C=C2C,295.0,105.24,75.0,0.0001,Methoxy,Trifluoromethyl,"1,4-Dimethyl",NBD_QC_Functionalized,NBD_Combinatorial_M08_Aligned,RDKit_MMFF94_3D
COC1=C(S(C)(=O)=O)C2C=CC1C2,300.0,129.56,75.0,0.0001,Methoxy,Methylsulfonyl,Unsubstituted_C7,NBD_QC_Functionalized,NBD_Combinatorial_M08_Aligned,RDKit_MMFF94_3D
COC1=C(S(C)(=O)=O)C2C=CC1C2(C)C,300.0,71.5,75.0,0.0001,Methoxy,Methylsulfonyl,"7,7-Dimethyl",NBD_QC_Functionalized,NBD_Combinatorial_M08_Aligned,RDKit_MMFF94_3D
COC1=C(S(C)(=O)=O)C2CC1(C)C=C2C,300.0,73.5,75.0,0.0001,Methoxy,Methylsulfonyl,"1,4-Dimethyl",NBD_QC_Functionalized,NBD_Combinatorial_M08_Aligned,RDKit_MMFF94_3D
COC1=C(C(N)=O)C2C=CC1C2,304.0,81.5,75.0,0.0001,Methoxy,Carboxamide,Unsubstituted_C7,NBD_QC_Functionalized,NBD_Combinatorial_M08_Aligned,RDKit_MMFF94_3D
COC1=C(C(N)=O)C2C=CC1C2(C)C,304.0,67.2,75.0,0.0001,Methoxy,Carboxamide,"7,7-Dimethyl",NBD_QC_Functionalized,NBD_Combinatorial_M08_Aligned,RDKit_MMFF94_3D
COC1=C(C(N)=O)C2CC1(C)C=C2C,304.0,40.31,75.0,0.0001,Methoxy,Carboxamide,"1,4-Dimethyl",NBD_QC_Functionalized,NBD_Combinatorial_M08_Aligned,RDKit_MMFF94_3D
COC1=C(c2ccc(C#N)cc2)C2C=CC1C2,335.0,81.5,75.0,0.0001,Methoxy,4-Cyanophenyl,Unsubstituted_C7,NBD_QC_Functionalized,NBD_Combinatorial_M08_Aligned,RDKit_MMFF94_3D
COC1=C(c2ccc(C#N)cc2)C2C=CC1C2(C)C,335.0,69.5,75.0,0.0001,Methoxy,4-Cyanophenyl,"7,7-Dimethyl",NBD_QC_Functionalized,NBD_Combinatorial_M08_Aligned,RDKit_MMFF94_3D
COC1=C(c2ccc(C#N)cc2)C2CC1(C)C=C2C,335.0,69.5,75.0,0.0001,Methoxy,4-Cyanophenyl,"1,4-Dimethyl",NBD_QC_Functionalized,NBD_Combinatorial_M08_Aligned,RDKit_MMFF94_3D
COC1=C(c2ccc([N+](=O)[O-])cc2)C2C=CC1C2,340.0,66.12,75.0,0.0001,Methoxy,4-Nitrophenyl,Unsubstituted_C7,NBD_QC_Functionalized,NBD_Combinatorial_M08_Aligned,RDKit_MMFF94_3D
COC1=C(c2ccc([N+](=O)[O-])cc2)C2C=CC1C2(C)C,340.0,66.12,75.0,0.0001,Methoxy,4-Nitrophenyl,"7,7-Dimethyl",NBD_QC_Functionalized,NBD_Combinatorial_M08_Aligned,RDKit_MMFF94_3D
COC1=C(c2ccc([N+](=O)[O-])cc2)C2CC1(C)C=C2C,340.0,66.12,75.0,0.0001,Methoxy,4-Nitrophenyl,"1,4-Dimethyl",NBD_QC_Functionalized,NBD_Combinatorial_M08_Aligned,RDKit_MMFF94_3D
COC1=C(c2ccc(C(F)(F)F)cc2)C2C=CC1C2,328.0,66.48,75.0,0.0001,Methoxy,4-Trifluoromethylphenyl,Unsubstituted_C7,NBD_QC_Functionalized,NBD_Combinatorial_M08_Aligned,RDKit_MMFF94_3D
COC1=C(c2ccc(C(F)(F)F)cc2)C2C=CC1C2(C)C,328.0,74.5,75.0,0.0001,Methoxy,4-Trifluoromethylphenyl,"7,7-Dimethyl",NBD_QC_Functionalized,NBD_Combinatorial_M08_Aligned,RDKit_MMFF94_3D
COC1=C(c2ccc(C(F)(F)F)cc2)C2CC1(C)C=C2C,328.0,66.48,75.0,0.0001,Methoxy,4-Trifluoromethylphenyl,"1,4-Dimethyl",NBD_QC_Functionalized,NBD_Combinatorial_M08_Aligned,RDKit_MMFF94_3D
COC1=C(C(=O)c2ccccc2)C2C=CC1C2,325.0,66.57,75.0,0.0001,Methoxy,Benzoyl,Unsubstituted_C7,NBD_QC_Functionalized,NBD_Combinatorial_M08_Aligned,RDKit_MMFF94_3D
COC1=C(C(=O)c2ccccc2)C2C=CC1C2(C)C,325.0,66.57,75.0,0.0001,Methoxy,Benzoyl,"7,7-Dimethyl",NBD_QC_Functionalized,NBD_Combinatorial_M08_Aligned,RDKit_MMFF94_3D
COC1=C(C(=O)c2ccccc2)C2CC1(C)C=C2C,325.0,66.57,75.0,0.0001,Methoxy,Benzoyl,"1,4-Dimethyl",NBD_QC_Functionalized,NBD_Combinatorial_M08_Aligned,RDKit_MMFF94_3D
COC1=C(c2ccccn2)C2C=CC1C2,318.0,66.78,75.0,0.0001,Methoxy,2-Pyridyl,Unsubstituted_C7,NBD_QC_Functionalized,NBD_Combinatorial_M08_Aligned,RDKit_MMFF94_3D
COC1=C(c2ccccn2)C2C=CC1C2(C)C,318.0,81.5,75.0,0.0001,Methoxy,2-Pyridyl,"7,7-Dimethyl",NBD_QC_Functionalized,NBD_Combinatorial_M08_Aligned,RDKit_MMFF94_3D
COC1=C(c2ccccn2)C2CC1(C)C=C2C,318.0,66.78,75.0,0.0001,Methoxy,2-Pyridyl,"1,4-Dimethyl",NBD_QC_Functionalized,NBD_Combinatorial_M08_Aligned,RDKit_MMFF94_3D
COC1=C(c2ccncc2)C2C=CC1C2,320.0,66.72,75.0,0.0001,Methoxy,4-Pyridyl,Unsubstituted_C7,NBD_QC_Functionalized,NBD_Combinatorial_M08_Aligned,RDKit_MMFF94_3D
COC1=C(c2ccncc2)C2C=CC1C2(C)C,320.0,65.5,75.0,0.0001,Methoxy,4-Pyridyl,"7,7-Dimethyl",NBD_QC_Functionalized,NBD_Combinatorial_M08_Aligned,RDKit_MMFF94_3D
COC1=C(c2ccncc2)C2CC1(C)C=C2C,320.0,66.72,75.0,0.0001,Methoxy,4-Pyridyl,"1,4-Dimethyl",NBD_QC_Functionalized,NBD_Combinatorial_M08_Aligned,RDKit_MMFF94_3D
COC1=C(C(=O)O)C2C=CC1C2,305.0,43.32,75.0,0.0001,Methoxy,Carboxylic acid,Unsubstituted_C7,NBD_QC_Functionalized,NBD_Combinatorial_M08_Aligned,RDKit_MMFF94_3D
COC1=C(C(=O)O)C2C=CC1C2(C)C,305.0,67.17,75.0,0.0001,Methoxy,Carboxylic acid,"7,7-Dimethyl",NBD_QC_Functionalized,NBD_Combinatorial_M08_Aligned,RDKit_MMFF94_3D
COC1=C(C(=O)O)C2CC1(C)C=C2C,305.0,30.53,75.0,0.0001,Methoxy,Carboxylic acid,"1,4-Dimethyl",NBD_QC_Functionalized,NBD_Combinatorial_M08_Aligned,RDKit_MMFF94_3D
CCCCC(CC)COC(=O)C1=C(OC)C2C=CC1C2,310.0,37.55,75.0,0.0001,Methoxy,Ethylhexyl ester,Unsubstituted_C7,NBD_QC_Functionalized,NBD_Combinatorial_M08_Aligned,RDKit_MMFF94_3D
CCCCC(CC)COC(=O)C1=C(OC)C2C=CC1C2(C)C,310.0,67.02,75.0,0.0001,Methoxy,Ethylhexyl ester,"7,7-Dimethyl",NBD_QC_Functionalized,NBD_Combinatorial_M08_Aligned,RDKit_MMFF94_3D
CCCCC(CC)COC(=O)C1=C(OC)C2(C)C=C(C)C1C2,310.0,66.5,75.0,0.0001,Methoxy,Ethylhexyl ester,"1,4-Dimethyl",NBD_QC_Functionalized,NBD_Combinatorial_M08_Aligned,RDKit_MMFF94_3D
COC1=C(c2cccc(C#N)c2)C2C=CC1C2,332.0,66.36,75.0,0.0001,Methoxy,3-Cyanophenyl,Unsubstituted_C7,NBD_QC_Functionalized,NBD_Combinatorial_M08_Aligned,RDKit_MMFF94_3D
COC1=C(c2cccc(C#N)c2)C2C=CC1C2(C)C,332.0,60.5,75.0,0.0001,Methoxy,3-Cyanophenyl,"7,7-Dimethyl",NBD_QC_Functionalized,NBD_Combinatorial_M08_Aligned,RDKit_MMFF94_3D
COC1=C(c2cccc(C#N)c2)C2CC1(C)C=C2C,332.0,66.36,75.0,0.0001,Methoxy,3-Cyanophenyl,"1,4-Dimethyl",NBD_QC_Functionalized,NBD_Combinatorial_M08_Aligned,RDKit_MMFF94_3D
COC1=C(C(=O)OC(C)C)C2C=CC1C2,308.0,61.5,75.0,0.0001,Methoxy,Isopropyl ester,Unsubstituted_C7,NBD_QC_Functionalized,NBD_Combinatorial_M08_Aligned,RDKit_MMFF94_3D
COC1=C(C(=O)OC(C)C)C2C=CC1C2(C)C,308.0,79.5,75.0,0.0001,Methoxy,Isopropyl ester,"7,7-Dimethyl",NBD_QC_Functionalized,NBD_Combinatorial_M08_Aligned,RDKit_MMFF94_3D
COC1=C(C(=O)OC(C)C)C2CC1(C)C=C2C,308.0,82.5,75.0,0.0001,Methoxy,Isopropyl ester,"1,4-Dimethyl",NBD_QC_Functionalized,NBD_Combinatorial_M08_Aligned,RDKit_MMFF94_3D
COC1=C(S(=O)(=O)c2ccccc2)C2C=CC1C2,322.0,148.13,75.0,0.0001,Methoxy,Phenylsulfonyl,Unsubstituted_C7,NBD_QC_Functionalized,NBD_Combinatorial_M08_Aligned,RDKit_MMFF94_3D
COC1=C(S(=O)(=O)c2ccccc2)C2C=CC1C2(C)C,322.0,78.64,75.0,0.0001,Methoxy,Phenylsulfonyl,"7,7-Dimethyl",NBD_QC_Functionalized,NBD_Combinatorial_M08_Aligned,RDKit_MMFF94_3D
COC1=C(S(=O)(=O)c2ccccc2)C2CC1(C)C=C2C,322.0,135.6,75.0,0.0001,Methoxy,Phenylsulfonyl,"1,4-Dimethyl",NBD_QC_Functionalized,NBD_Combinatorial_M08_Aligned,RDKit_MMFF94_3D
COC1=C(c2nccs2)C2C=CC1C2,316.0,66.84,75.0,0.0001,Methoxy,2-Thiazolyl,Unsubstituted_C7,NBD_QC_Functionalized,NBD_Combinatorial_M08_Aligned,RDKit_MMFF94_3D
COC1=C(c2nccs2)C2C=CC1C2(C)C,316.0,66.84,75.0,0.0001,Methoxy,2-Thiazolyl,"7,7-Dimethyl",NBD_QC_Functionalized,NBD_Combinatorial_M08_Aligned,RDKit_MMFF94_3D
COC1=C(c2nccs2)C2CC1(C)C=C2C,316.0,66.84,75.0,0.0001,Methoxy,2-Thiazolyl,"1,4-Dimethyl",NBD_QC_Functionalized,NBD_Combinatorial_M08_Aligned,RDKit_MMFF94_3D
CCNC(=O)C1=C(OC)C2C=CC1C2,306.0,72.5,75.0,0.0001,Methoxy,Ethylamide,Unsubstituted_C7,NBD_QC_Functionalized,NBD_Combinatorial_M08_Aligned,RDKit_MMFF94_3D
CCNC(=O)C1=C(OC)C2C=CC1C2(C)C,306.0,67.14,75.0,0.0001,Methoxy,Ethylamide,"7,7-Dimethyl",NBD_QC_Functionalized,NBD_Combinatorial_M08_Aligned,RDKit_MMFF94_3D
CCNC(=O)C1=C(OC)C2(C)C=C(C)C1C2,306.0,82.5,75.0,0.0001,Methoxy,Ethylamide,"1,4-Dimethyl",NBD_QC_Functionalized,NBD_Combinatorial_M08_Aligned,RDKit_MMFF94_3D
CCOC1=C(C#N)C2C=CC1C2,306.0,44.37,75.0,0.0001,Ethoxy,Cyano,Unsubstituted_C7,NBD_QC_Functionalized,NBD_Combinatorial_M08_Aligned,RDKit_MMFF94_3D
CCOC1=C(C#N)C2C=CC1C2(C)C,306.0,67.22,75.0,0.0001,Ethoxy,Cyano,"7,7-Dimethyl",NBD_QC_Functionalized,NBD_Combinatorial_M08_Aligned,RDKit_MMFF94_3D
CCOC1=C(C#N)C2CC1(C)C=C2C,306.0,32.07,75.0,0.0001,Ethoxy,Cyano,"1,4-Dimethyl",NBD_QC_Functionalized,NBD_Combinatorial_M08_Aligned,RDKit_MMFF94_3D
CCOC1=C(C(=O)OC)C2C=CC1C2,309.0,32.68,75.0,0.0001,Ethoxy,Methyl ester,Unsubstituted_C7,NBD_QC_Functionalized,NBD_Combinatorial_M08_Aligned,RDKit_MMFF94_3D
CCOC1=C(C(=O)OC)C2C=CC1C2(C)C,309.0,67.13,75.0,0.0001,Ethoxy,Methyl ester,"7,7-Dimethyl",NBD_QC_Functionalized,NBD_Combinatorial_M08_Aligned,RDKit_MMFF94_3D
CCOC1=C(C(=O)OC)C2CC1(C)C=C2C,309.0,73.5,75.0,0.0001,Ethoxy,Methyl ester,"1,4-Dimethyl",NBD_QC_Functionalized,NBD_Combinatorial_M08_Aligned,RDKit_MMFF94_3D
CCOC(=O)C1=C(OCC)C2C=CC1C2,309.0,59.5,75.0,0.0001,Ethoxy,Ethyl ester,Unsubstituted_C7,NBD_QC_Functionalized,NBD_Combinatorial_M08_Aligned,RDKit_MMFF94_3D
CCOC(=O)C1=C(OCC)C2C=CC1C2(C)C,309.0,67.13,75.0,0.0001,Ethoxy,Ethyl ester,"7,7-Dimethyl",NBD_QC_Functionalized,NBD_Combinatorial_M08_Aligned,RDKit_MMFF94_3D
CCOC(=O)C1=C(OCC)C2(C)C=C(C)C1C2,309.0,70.5,75.0,0.0001,Ethoxy,Ethyl ester,"1,4-Dimethyl",NBD_QC_Functionalized,NBD_Combinatorial_M08_Aligned,RDKit_MMFF94_3D
CCOC1=C(C(C)=O)C2C=CC1C2,311.0,82.5,75.0,0.0001,Ethoxy,Acetyl,Unsubstituted_C7,NBD_QC_Functionalized,NBD_Combinatorial_M08_Aligned,RDKit_MMFF94_3D
CCOC1=C(C(C)=O)C2C=CC1C2(C)C,311.0,68.5,75.0,0.0001,Ethoxy,Acetyl,"7,7-Dimethyl",NBD_QC_Functionalized,NBD_Combinatorial_M08_Aligned,RDKit_MMFF94_3D
CCOC1=C(C(C)=O)C2CC1(C)C=C2C,311.0,67.07,75.0,0.0001,Ethoxy,Acetyl,"1,4-Dimethyl",NBD_QC_Functionalized,NBD_Combinatorial_M08_Aligned,RDKit_MMFF94_3D
CCOC1=C(C(F)(F)F)C2C=CC1C2,296.0,105.45,75.0,0.0001,Ethoxy,Trifluoromethyl,Unsubstituted_C7,NBD_QC_Functionalized,NBD_Combinatorial_M08_Aligned,RDKit_MMFF94_3D
CCOC1=C(C(F)(F)F)C2C=CC1C2(C)C,296.0,32.56,75.0,0.0001,Ethoxy,Trifluoromethyl,"7,7-Dimethyl",NBD_QC_Functionalized,NBD_Combinatorial_M08_Aligned,RDKit_MMFF94_3D
CCOC1=C(C(F)(F)F)C2CC1(C)C=C2C,296.0,105.01,75.0,0.0001,Ethoxy,Trifluoromethyl,"1,4-Dimethyl",NBD_QC_Functionalized,NBD_Combinatorial_M08_Aligned,RDKit_MMFF94_3D
CCOC1=C(S(C)(=O)=O)C2C=CC1C2,301.0,126.98,75.0,0.0001,Ethoxy,Methylsulfonyl,Unsubstituted_C7,NBD_QC_Functionalized,NBD_Combinatorial_M08_Aligned,RDKit_MMFF94_3D
CCOC1=C(S(C)(=O)=O)C2C=CC1C2(C)C,301.0,62.71,75.0,0.0001,Ethoxy,Methylsulfonyl,"7,7-Dimethyl",NBD_QC_Functionalized,NBD_Combinatorial_M08_Aligned,RDKit_MMFF94_3D
CCOC1=C(S(C)(=O)=O)C2CC1(C)C=C2C,301.0,140.71,75.0,0.0001,Ethoxy,Methylsulfonyl,"1,4-Dimethyl",NBD_QC_Functionalized,NBD_Combinatorial_M08_Aligned,RDKit_MMFF94_3D
CCOC1=C(C(N)=O)C2C=CC1C2,305.0,49.03,75.0,0.0001,Ethoxy,Carboxamide,Unsubstituted_C7,NBD_QC_Functionalized,NBD_Combinatorial_M08_Aligned,RDKit_MMFF94_3D
CCOC1=C(C(N)=O)C2C=CC1C2(C)C,305.0,63.5,75.0,0.0001,Ethoxy,Carboxamide,"7,7-Dimethyl",NBD_QC_Functionalized,NBD_Combinatorial_M08_Aligned,RDKit_MMFF94_3D
CCOC1=C(C(N)=O)C2CC1(C)C=C2C,305.0,41.97,75.0,0.0001,Ethoxy,Carboxamide,"1,4-Dimethyl",NBD_QC_Functionalized,NBD_Combinatorial_M08_Aligned,RDKit_MMFF94_3D
CCOC1=C(c2ccc(C#N)cc2)C2C=CC1C2,336.0,66.32,75.0,0.0001,Ethoxy,4-Cyanophenyl,Unsubstituted_C7,NBD_QC_Functionalized,NBD_Combinatorial_M08_Aligned,RDKit_MMFF94_3D
CCOC1=C(c2ccc(C#N)cc2)C2C=CC1C2(C)C,336.0,58.5,75.0,0.0001,Ethoxy,4-Cyanophenyl,"7,7-Dimethyl",NBD_QC_Functionalized,NBD_Combinatorial_M08_Aligned,RDKit_MMFF94_3D
CCOC1=C(c2ccc(C#N)cc2)C2CC1(C)C=C2C,336.0,66.32,75.0,0.0001,Ethoxy,4-Cyanophenyl,"1,4-Dimethyl",NBD_QC_Functionalized,NBD_Combinatorial_M08_Aligned,RDKit_MMFF94_3D
CCOC1=C(c2ccc([N+](=O)[O-])cc2)C2C=CC1C2,341.0,66.17,75.0,0.0001,Ethoxy,4-Nitrophenyl,Unsubstituted_C7,NBD_QC_Functionalized,NBD_Combinatorial_M08_Aligned,RDKit_MMFF94_3D
CCOC1=C(c2ccc([N+](=O)[O-])cc2)C2C=CC1C2(C)C,341.0,66.17,75.0,0.0001,Ethoxy,4-Nitrophenyl,"7,7-Dimethyl",NBD_QC_Functionalized,NBD_Combinatorial_M08_Aligned,RDKit_MMFF94_3D
CCOC1=C(c2ccc([N+](=O)[O-])cc2)C2CC1(C)C=C2C,341.0,66.17,75.0,0.0001,Ethoxy,4-Nitrophenyl,"1,4-Dimethyl",NBD_QC_Functionalized,NBD_Combinatorial_M08_Aligned,RDKit_MMFF94_3D
CCOC1=C(c2ccc(C(F)(F)F)cc2)C2C=CC1C2,329.0,66.53,75.0,0.0001,Ethoxy,4-Trifluoromethylphenyl,Unsubstituted_C7,NBD_QC_Functionalized,NBD_Combinatorial_M08_Aligned,RDKit_MMFF94_3D
CCOC1=C(c2ccc(C(F)(F)F)cc2)C2C=CC1C2(C)C,329.0,66.53,75.0,0.0001,Ethoxy,4-Trifluoromethylphenyl,"7,7-Dimethyl",NBD_QC_Functionalized,NBD_Combinatorial_M08_Aligned,RDKit_MMFF94_3D
CCOC1=C(c2ccc(C(F)(F)F)cc2)C2CC1(C)C=C2C,329.0,65.5,75.0,0.0001,Ethoxy,4-Trifluoromethylphenyl,"1,4-Dimethyl",NBD_QC_Functionalized,NBD_Combinatorial_M08_Aligned,RDKit_MMFF94_3D
CCOC1=C(C(=O)c2ccccc2)C2C=CC1C2,326.0,61.5,75.0,0.0001,Ethoxy,Benzoyl,Unsubstituted_C7,NBD_QC_Functionalized,NBD_Combinatorial_M08_Aligned,RDKit_MMFF94_3D
CCOC1=C(C(=O)c2ccccc2)C2C=CC1C2(C)C,326.0,66.62,75.0,0.0001,Ethoxy,Benzoyl,"7,7-Dimethyl",NBD_QC_Functionalized,NBD_Combinatorial_M08_Aligned,RDKit_MMFF94_3D
CCOC1=C(C(=O)c2ccccc2)C2CC1(C)C=C2C,326.0,66.62,75.0,0.0001,Ethoxy,Benzoyl,"1,4-Dimethyl",NBD_QC_Functionalized,NBD_Combinatorial_M08_Aligned,RDKit_MMFF94_3D
CCOC1=C(c2ccccn2)C2C=CC1C2,319.0,66.83,75.0,0.0001,Ethoxy,2-Pyridyl,Unsubstituted_C7,NBD_QC_Functionalized,NBD_Combinatorial_M08_Aligned,RDKit_MMFF94_3D
CCOC1=C(c2ccccn2)C2C=CC1C2(C)C,319.0,66.83,75.0,0.0001,Ethoxy,2-Pyridyl,"7,7-Dimethyl",NBD_QC_Functionalized,NBD_Combinatorial_M08_Aligned,RDKit_MMFF94_3D
CCOC1=C(c2ccccn2)C2CC1(C)C=C2C,319.0,66.83,75.0,0.0001,Ethoxy,2-Pyridyl,"1,4-Dimethyl",NBD_QC_Functionalized,NBD_Combinatorial_M08_Aligned,RDKit_MMFF94_3D
CCOC1=C(c2ccncc2)C2C=CC1C2,321.0,66.77,75.0,0.0001,Ethoxy,4-Pyridyl,Unsubstituted_C7,NBD_QC_Functionalized,NBD_Combinatorial_M08_Aligned,RDKit_MMFF94_3D
CCOC1=C(c2ccncc2)C2C=CC1C2(C)C,321.0,66.77,75.0,0.0001,Ethoxy,4-Pyridyl,"7,7-Dimethyl",NBD_QC_Functionalized,NBD_Combinatorial_M08_Aligned,RDKit_MMFF94_3D
CCOC1=C(c2ccncc2)C2CC1(C)C=C2C,321.0,66.77,75.0,0.0001,Ethoxy,4-Pyridyl,"1,4-Dimethyl",NBD_QC_Functionalized,NBD_Combinatorial_M08_Aligned,RDKit_MMFF94_3D
CCOC1=C(C(=O)O)C2C=CC1C2,306.0,63.5,75.0,0.0001,Ethoxy,Carboxylic acid,Unsubstituted_C7,NBD_QC_Functionalized,NBD_Combinatorial_M08_Aligned,RDKit_MMFF94_3D
CCOC1=C(C(=O)O)C2C=CC1C2(C)C,306.0,71.5,75.0,0.0001,Ethoxy,Carboxylic acid,"7,7-Dimethyl",NBD_QC_Functionalized,NBD_Combinatorial_M08_Aligned,RDKit_MMFF94_3D
CCOC1=C(C(=O)O)C2CC1(C)C=C2C,306.0,40.69,75.0,0.0001,Ethoxy,Carboxylic acid,"1,4-Dimethyl",NBD_QC_Functionalized,NBD_Combinatorial_M08_Aligned,RDKit_MMFF94_3D
CCCCC(CC)COC(=O)C1=C(OCC)C2C=CC1C2,311.0,41.99,75.0,0.0001,Ethoxy,Ethylhexyl ester,Unsubstituted_C7,NBD_QC_Functionalized,NBD_Combinatorial_M08_Aligned,RDKit_MMFF94_3D
CCCCC(CC)COC(=O)C1=C(OCC)C2C=CC1C2(C)C,311.0,60.5,75.0,0.0001,Ethoxy,Ethylhexyl ester,"7,7-Dimethyl",NBD_QC_Functionalized,NBD_Combinatorial_M08_Aligned,RDKit_MMFF94_3D
CCCCC(CC)COC(=O)C1=C(OCC)C2(C)C=C(C)C1C2,311.0,33.26,75.0,0.0001,Ethoxy,Ethylhexyl ester,"1,4-Dimethyl",NBD_QC_Functionalized,NBD_Combinatorial_M08_Aligned,RDKit_MMFF94_3D
CCOC1=C(c2cccc(C#N)c2)C2C=CC1C2,333.0,66.41,75.0,0.0001,Ethoxy,3-Cyanophenyl,Unsubstituted_C7,NBD_QC_Functionalized,NBD_Combinatorial_M08_Aligned,RDKit_MMFF94_3D
CCOC1=C(c2cccc(C#N)c2)C2C=CC1C2(C)C,333.0,76.5,75.0,0.0001,Ethoxy,3-Cyanophenyl,"7,7-Dimethyl",NBD_QC_Functionalized,NBD_Combinatorial_M08_Aligned,RDKit_MMFF94_3D
CCOC1=C(c2cccc(C#N)c2)C2CC1(C)C=C2C,333.0,66.41,75.0,0.0001,Ethoxy,3-Cyanophenyl,"1,4-Dimethyl",NBD_QC_Functionalized,NBD_Combinatorial_M08_Aligned,RDKit_MMFF94_3D
CCOC1=C(C(=O)OC(C)C)C2C=CC1C2,309.0,31.35,75.0,0.0001,Ethoxy,Isopropyl ester,Unsubstituted_C7,NBD_QC_Functionalized,NBD_Combinatorial_M08_Aligned,RDKit_MMFF94_3D
CCOC1=C(C(=O)OC(C)C)C2C=CC1C2(C)C,309.0,67.13,75.0,0.0001,Ethoxy,Isopropyl ester,"7,7-Dimethyl",NBD_QC_Functionalized,NBD_Combinatorial_M08_Aligned,RDKit_MMFF94_3D
CCOC1=C(C(=O)OC(C)C)C2CC1(C)C=C2C,309.0,66.5,75.0,0.0001,Ethoxy,Isopropyl ester,"1,4-Dimethyl",NBD_QC_Functionalized,NBD_Combinatorial_M08_Aligned,RDKit_MMFF94_3D
CCOC1=C(S(=O)(=O)c2ccccc2)C2C=CC1C2,323.0,142.86,75.0,0.0001,Ethoxy,Phenylsulfonyl,Unsubstituted_C7,NBD_QC_Functionalized,NBD_Combinatorial_M08_Aligned,RDKit_MMFF94_3D
CCOC1=C(S(=O)(=O)c2ccccc2)C2C=CC1C2(C)C,323.0,81.39,75.0,0.0001,Ethoxy,Phenylsulfonyl,"7,7-Dimethyl",NBD_QC_Functionalized,NBD_Combinatorial_M08_Aligned,RDKit_MMFF94_3D
CCOC1=C(S(=O)(=O)c2ccccc2)C2CC1(C)C=C2C,323.0,70.5,75.0,0.0001,Ethoxy,Phenylsulfonyl,"1,4-Dimethyl",NBD_QC_Functionalized,NBD_Combinatorial_M08_Aligned,RDKit_MMFF94_3D
CCOC1=C(c2nccs2)C2C=CC1C2,317.0,79.5,75.0,0.0001,Ethoxy,2-Thiazolyl,Unsubstituted_C7,NBD_QC_Functionalized,NBD_Combinatorial_M08_Aligned,RDKit_MMFF94_3D
CCOC1=C(c2nccs2)C2C=CC1C2(C)C,317.0,66.89,75.0,0.0001,Ethoxy,2-Thiazolyl,"7,7-Dimethyl",NBD_QC_Functionalized,NBD_Combinatorial_M08_Aligned,RDKit_MMFF94_3D
CCOC1=C(c2nccs2)C2CC1(C)C=C2C,317.0,66.89,75.0,0.0001,Ethoxy,2-Thiazolyl,"1,4-Dimethyl",NBD_QC_Functionalized,NBD_Combinatorial_M08_Aligned,RDKit_MMFF94_3D
CCNC(=O)C1=C(OCC)C2C=CC1C2,307.0,67.19,75.0,0.0001,Ethoxy,Ethylamide,Unsubstituted_C7,NBD_QC_Functionalized,NBD_Combinatorial_M08_Aligned,RDKit_MMFF94_3D
CCNC(=O)C1=C(OCC)C2C=CC1C2(C)C,307.0,70.5,75.0,0.0001,Ethoxy,Ethylamide,"7,7-Dimethyl",NBD_QC_Functionalized,NBD_Combinatorial_M08_Aligned,RDKit_MMFF94_3D
CCNC(=O)C1=C(OCC)C2(C)C=C(C)C1C2,307.0,59.5,75.0,0.0001,Ethoxy,Ethylamide,"1,4-Dimethyl",NBD_QC_Functionalized,NBD_Combinatorial_M08_Aligned,RDKit_MMFF94_3D
CN(C)C1=C(C#N)C2C=CC1C2,322.0,68.02,75.0,0.0001,Dimethylamino,Cyano,Unsubstituted_C7,NBD_QC_Functionalized,NBD_Combinatorial_M08_Aligned,RDKit_MMFF94_3D
CN(C)C1=C(C#N)C2C=CC1C2(C)C,322.0,68.02,75.0,0.0001,Dimethylamino,Cyano,"7,7-Dimethyl",NBD_QC_Functionalized,NBD_Combinatorial_M08_Aligned,RDKit_MMFF94_3D
CC1=CC2(C)CC1C(C#N)=C2N(C)C,322.0,68.02,75.0,0.0001,Dimethylamino,Cyano,"1,4-Dimethyl",NBD_QC_Functionalized,NBD_Combinatorial_M08_Aligned,RDKit_MMFF94_3D
COC(=O)C1=C(N(C)C)C2C=CC1C2,325.0,67.93,75.0,0.0001,Dimethylamino,Methyl ester,Unsubstituted_C7,NBD_QC_Functionalized,NBD_Combinatorial_M08_Aligned,RDKit_MMFF94_3D
COC(=O)C1=C(N(C)C)C2C=CC1C2(C)C,325.0,67.93,75.0,0.0001,Dimethylamino,Methyl ester,"7,7-Dimethyl",NBD_QC_Functionalized,NBD_Combinatorial_M08_Aligned,RDKit_MMFF94_3D
COC(=O)C1=C(N(C)C)C2(C)C=C(C)C1C2,325.0,67.93,75.0,0.0001,Dimethylamino,Methyl ester,"1,4-Dimethyl",NBD_QC_Functionalized,NBD_Combinatorial_M08_Aligned,RDKit_MMFF94_3D
CCOC(=O)C1=C(N(C)C)C2C=CC1C2,325.0,76.5,75.0,0.0001,Dimethylamino,Ethyl ester,Unsubstituted_C7,NBD_QC_Functionalized,NBD_Combinatorial_M08_Aligned,RDKit_MMFF94_3D
CCOC(=O)C1=C(N(C)C)C2C=CC1C2(C)C,325.0,65.5,75.0,0.0001,Dimethylamino,Ethyl ester,"7,7-Dimethyl",NBD_QC_Functionalized,NBD_Combinatorial_M08_Aligned,RDKit_MMFF94_3D
CCOC(=O)C1=C(N(C)C)C2(C)C=C(C)C1C2,325.0,67.93,75.0,0.0001,Dimethylamino,Ethyl ester,"1,4-Dimethyl",NBD_QC_Functionalized,NBD_Combinatorial_M08_Aligned,RDKit_MMFF94_3D
CC(=O)C1=C(N(C)C)C2C=CC1C2,327.0,74.5,75.0,0.0001,Dimethylamino,Acetyl,Unsubstituted_C7,NBD_QC_Functionalized,NBD_Combinatorial_M08_Aligned,RDKit_MMFF94_3D
CC(=O)C1=C(N(C)C)C2C=CC1C2(C)C,327.0,67.5,75.0,0.0001,Dimethylamino,Acetyl,"7,7-Dimethyl",NBD_QC_Functionalized,NBD_Combinatorial_M08_Aligned,RDKit_MMFF94_3D
CC(=O)C1=C(N(C)C)C2(C)C=C(C)C1C2,327.0,67.87,75.0,0.0001,Dimethylamino,Acetyl,"1,4-Dimethyl",NBD_QC_Functionalized,NBD_Combinatorial_M08_Aligned,RDKit_MMFF94_3D
CN(C)C1=C(C(F)(F)F)C2C=CC1C2,312.0,61.23,75.0,0.0001,Dimethylamino,Trifluoromethyl,Unsubstituted_C7,NBD_QC_Functionalized,NBD_Combinatorial_M08_Aligned,RDKit_MMFF94_3D
CN(C)C1=C(C(F)(F)F)C2C=CC1C2(C)C,312.0,63.5,75.0,0.0001,Dimethylamino,Trifluoromethyl,"7,7-Dimethyl",NBD_QC_Functionalized,NBD_Combinatorial_M08_Aligned,RDKit_MMFF94_3D
CC1=CC2(C)CC1C(C(F)(F)F)=C2N(C)C,312.0,40.95,75.0,0.0001,Dimethylamino,Trifluoromethyl,"1,4-Dimethyl",NBD_QC_Functionalized,NBD_Combinatorial_M08_Aligned,RDKit_MMFF94_3D
CN(C)C1=C(S(C)(=O)=O)C2C=CC1C2,317.0,67.32,75.0,0.0001,Dimethylamino,Methylsulfonyl,Unsubstituted_C7,NBD_QC_Functionalized,NBD_Combinatorial_M08_Aligned,RDKit_MMFF94_3D
CN(C)C1=C(S(C)(=O)=O)C2C=CC1C2(C)C,317.0,66.5,75.0,0.0001,Dimethylamino,Methylsulfonyl,"7,7-Dimethyl",NBD_QC_Functionalized,NBD_Combinatorial_M08_Aligned,RDKit_MMFF94_3D
CC1=CC2(C)CC1C(S(C)(=O)=O)=C2N(C)C,317.0,70.15,75.0,0.0001,Dimethylamino,Methylsulfonyl,"1,4-Dimethyl",NBD_QC_Functionalized,NBD_Combinatorial_M08_Aligned,RDKit_MMFF94_3D
CN(C)C1=C(C(N)=O)C2C=CC1C2,321.0,68.05,75.0,0.0001,Dimethylamino,Carboxamide,Unsubstituted_C7,NBD_QC_Functionalized,NBD_Combinatorial_M08_Aligned,RDKit_MMFF94_3D
CN(C)C1=C(C(N)=O)C2C=CC1C2(C)C,321.0,68.05,75.0,0.0001,Dimethylamino,Carboxamide,"7,7-Dimethyl",NBD_QC_Functionalized,NBD_Combinatorial_M08_Aligned,RDKit_MMFF94_3D
CC1=CC2(C)CC1C(C(N)=O)=C2N(C)C,321.0,68.05,75.0,0.0001,Dimethylamino,Carboxamide,"1,4-Dimethyl",NBD_QC_Functionalized,NBD_Combinatorial_M08_Aligned,RDKit_MMFF94_3D
CN(C)C1=C(c2ccc(C#N)cc2)C2C=CC1C2,352.0,75.5,75.0,0.0001,Dimethylamino,4-Cyanophenyl,Unsubstituted_C7,NBD_QC_Functionalized,NBD_Combinatorial_M08_Aligned,RDKit_MMFF94_3D
CN(C)C1=C(c2ccc(C#N)cc2)C2C=CC1C2(C)C,352.0,67.12,75.0,0.0001,Dimethylamino,4-Cyanophenyl,"7,7-Dimethyl",NBD_QC_Functionalized,NBD_Combinatorial_M08_Aligned,RDKit_MMFF94_3D
CC1=CC2(C)CC1C(c1ccc(C#N)cc1)=C2N(C)C,352.0,64.5,75.0,0.0001,Dimethylamino,4-Cyanophenyl,"1,4-Dimethyl",NBD_QC_Functionalized,NBD_Combinatorial_M08_Aligned,RDKit_MMFF94_3D
CN(C)C1=C(c2ccc([N+](=O)[O-])cc2)C2C=CC1C2,357.0,66.97,75.0,0.0001,Dimethylamino,4-Nitrophenyl,Unsubstituted_C7,NBD_QC_Functionalized,NBD_Combinatorial_M08_Aligned,RDKit_MMFF94_3D
CN(C)C1=C(c2ccc([N+](=O)[O-])cc2)C2C=CC1C2(C)C,357.0,72.5,75.0,0.0001,Dimethylamino,4-Nitrophenyl,"7,7-Dimethyl",NBD_QC_Functionalized,NBD_Combinatorial_M08_Aligned,RDKit_MMFF94_3D
CC1=CC2(C)CC1C(c1ccc([N+](=O)[O-])cc1)=C2N(C)C,357.0,66.97,75.0,0.0001,Dimethylamino,4-Nitrophenyl,"1,4-Dimethyl",NBD_QC_Functionalized,NBD_Combinatorial_M08_Aligned,RDKit_MMFF94_3D
CN(C)C1=C(c2ccc(C(F)(F)F)cc2)C2C=CC1C2,345.0,67.33,75.0,0.0001,Dimethylamino,4-Trifluoromethylphenyl,Unsubstituted_C7,NBD_QC_Functionalized,NBD_Combinatorial_M08_Aligned,RDKit_MMFF94_3D
CN(C)C1=C(c2ccc(C(F)(F)F)cc2)C2C=CC1C2(C)C,345.0,67.33,75.0,0.0001,Dimethylamino,4-Trifluoromethylphenyl,"7,7-Dimethyl",NBD_QC_Functionalized,NBD_Combinatorial_M08_Aligned,RDKit_MMFF94_3D
CC1=CC2(C)CC1C(c1ccc(C(F)(F)F)cc1)=C2N(C)C,345.0,67.33,75.0,0.0001,Dimethylamino,4-Trifluoromethylphenyl,"1,4-Dimethyl",NBD_QC_Functionalized,NBD_Combinatorial_M08_Aligned,RDKit_MMFF94_3D
CN(C)C1=C(C(=O)c2ccccc2)C2C=CC1C2,342.0,67.42,75.0,0.0001,Dimethylamino,Benzoyl,Unsubstituted_C7,NBD_QC_Functionalized,NBD_Combinatorial_M08_Aligned,RDKit_MMFF94_3D
CN(C)C1=C(C(=O)c2ccccc2)C2C=CC1C2(C)C,342.0,68.5,75.0,0.0001,Dimethylamino,Benzoyl,"7,7-Dimethyl",NBD_QC_Functionalized,NBD_Combinatorial_M08_Aligned,RDKit_MMFF94_3D
CC1=CC2(C)CC1C(C(=O)c1ccccc1)=C2N(C)C,342.0,68.5,75.0,0.0001,Dimethylamino,Benzoyl,"1,4-Dimethyl",NBD_QC_Functionalized,NBD_Combinatorial_M08_Aligned,RDKit_MMFF94_3D
CN(C)C1=C(c2ccccn2)C2C=CC1C2,335.0,58.5,75.0,0.0001,Dimethylamino,2-Pyridyl,Unsubstituted_C7,NBD_QC_Functionalized,NBD_Combinatorial_M08_Aligned,RDKit_MMFF94_3D
CN(C)C1=C(c2ccccn2)C2C=CC1C2(C)C,335.0,76.5,75.0,0.0001,Dimethylamino,2-Pyridyl,"7,7-Dimethyl",NBD_QC_Functionalized,NBD_Combinatorial_M08_Aligned,RDKit_MMFF94_3D
CC1=CC2(C)CC1C(c1ccccn1)=C2N(C)C,335.0,67.63,75.0,0.0001,Dimethylamino,2-Pyridyl,"1,4-Dimethyl",NBD_QC_Functionalized,NBD_Combinatorial_M08_Aligned,RDKit_MMFF94_3D
CN(C)C1=C(c2ccncc2)C2C=CC1C2,337.0,69.5,75.0,0.0001,Dimethylamino,4-Pyridyl,Unsubstituted_C7,NBD_QC_Functionalized,NBD_Combinatorial_M08_Aligned,RDKit_MMFF94_3D
CN(C)C1=C(c2ccncc2)C2C=CC1C2(C)C,337.0,67.57,75.0,0.0001,Dimethylamino,4-Pyridyl,"7,7-Dimethyl",NBD_QC_Functionalized,NBD_Combinatorial_M08_Aligned,RDKit_MMFF94_3D
CC1=CC2(C)CC1C(c1ccncc1)=C2N(C)C,337.0,67.57,75.0,0.0001,Dimethylamino,4-Pyridyl,"1,4-Dimethyl",NBD_QC_Functionalized,NBD_Combinatorial_M08_Aligned,RDKit_MMFF94_3D
CN(C)C1=C(C(=O)O)C2C=CC1C2,322.0,73.5,75.0,0.0001,Dimethylamino,Carboxylic acid,Unsubstituted_C7,NBD_QC_Functionalized,NBD_Combinatorial_M08_Aligned,RDKit_MMFF94_3D
CN(C)C1=C(C(=O)O)C2C=CC1C2(C)C,322.0,64.5,75.0,0.0001,Dimethylamino,Carboxylic acid,"7,7-Dimethyl",NBD_QC_Functionalized,NBD_Combinatorial_M08_Aligned,RDKit_MMFF94_3D
CC1=CC2(C)CC1C(C(=O)O)=C2N(C)C,322.0,68.02,75.0,0.0001,Dimethylamino,Carboxylic acid,"1,4-Dimethyl",NBD_QC_Functionalized,NBD_Combinatorial_M08_Aligned,RDKit_MMFF94_3D
CCCCC(CC)COC(=O)C1=C(N(C)C)C2C=CC1C2,327.0,67.87,75.0,0.0001,Dimethylamino,Ethylhexyl ester,Unsubstituted_C7,NBD_QC_Functionalized,NBD_Combinatorial_M08_Aligned,RDKit_MMFF94_3D
CCCCC(CC)COC(=O)C1=C(N(C)C)C2C=CC1C2(C)C,327.0,62.5,75.0,0.0001,Dimethylamino,Ethylhexyl ester,"7,7-Dimethyl",NBD_QC_Functionalized,NBD_Combinatorial_M08_Aligned,RDKit_MMFF94_3D
CCCCC(CC)COC(=O)C1=C(N(C)C)C2(C)C=C(C)C1C2,327.0,67.87,75.0,0.0001,Dimethylamino,Ethylhexyl ester,"1,4-Dimethyl",NBD_QC_Functionalized,NBD_Combinatorial_M08_Aligned,RDKit_MMFF94_3D
CN(C)C1=C(c2cccc(C#N)c2)C2C=CC1C2,349.0,67.21,75.0,0.0001,Dimethylamino,3-Cyanophenyl,Unsubstituted_C7,NBD_QC_Functionalized,NBD_Combinatorial_M08_Aligned,RDKit_MMFF94_3D
CN(C)C1=C(c2cccc(C#N)c2)C2C=CC1C2(C)C,349.0,67.21,75.0,0.0001,Dimethylamino,3-Cyanophenyl,"7,7-Dimethyl",NBD_QC_Functionalized,NBD_Combinatorial_M08_Aligned,RDKit_MMFF94_3D
CC1=CC2(C)CC1C(c1cccc(C#N)c1)=C2N(C)C,349.0,78.5,75.0,0.0001,Dimethylamino,3-Cyanophenyl,"1,4-Dimethyl",NBD_QC_Functionalized,NBD_Combinatorial_M08_Aligned,RDKit_MMFF94_3D
CC(C)OC(=O)C1=C(N(C)C)C2C=CC1C2,325.0,72.5,75.0,0.0001,Dimethylamino,Isopropyl ester,Unsubstituted_C7,NBD_QC_Functionalized,NBD_Combinatorial_M08_Aligned,RDKit_MMFF94_3D
CC(C)OC(=O)C1=C(N(C)C)C2C=CC1C2(C)C,325.0,67.93,75.0,0.0001,Dimethylamino,Isopropyl ester,"7,7-Dimethyl",NBD_QC_Functionalized,NBD_Combinatorial_M08_Aligned,RDKit_MMFF94_3D
CC1=CC2(C)CC1C(C(=O)OC(C)C)=C2N(C)C,325.0,67.93,75.0,0.0001,Dimethylamino,Isopropyl ester,"1,4-Dimethyl",NBD_QC_Functionalized,NBD_Combinatorial_M08_Aligned,RDKit_MMFF94_3D
CN(C)C1=C(S(=O)(=O)c2ccccc2)C2C=CC1C2,339.0,64.5,75.0,0.0001,Dimethylamino,Phenylsulfonyl,Unsubstituted_C7,NBD_QC_Functionalized,NBD_Combinatorial_M08_Aligned,RDKit_MMFF94_3D
CN(C)C1=C(S(=O)(=O)c2ccccc2)C2C=CC1C2(C)C,339.0,62.5,75.0,0.0001,Dimethylamino,Phenylsulfonyl,"7,7-Dimethyl",NBD_QC_Functionalized,NBD_Combinatorial_M08_Aligned,RDKit_MMFF94_3D
CC1=CC2(C)CC1C(S(=O)(=O)c1ccccc1)=C2N(C)C,339.0,98.97,75.0,0.0001,Dimethylamino,Phenylsulfonyl,"1,4-Dimethyl",NBD_QC_Functionalized,NBD_Combinatorial_M08_Aligned,RDKit_MMFF94_3D
CN(C)C1=C(c2nccs2)C2C=CC1C2,333.0,76.5,75.0,0.0001,Dimethylamino,2-Thiazolyl,Unsubstituted_C7,NBD_QC_Functionalized,NBD_Combinatorial_M08_Aligned,RDKit_MMFF94_3D
CN(C)C1=C(c2nccs2)C2C=CC1C2(C)C,333.0,67.69,75.0,0.0001,Dimethylamino,2-Thiazolyl,"7,7-Dimethyl",NBD_QC_Functionalized,NBD_Combinatorial_M08_Aligned,RDKit_MMFF94_3D
CC1=CC2(C)CC1C(c1nccs1)=C2N(C)C,333.0,67.69,75.0,0.0001,Dimethylamino,2-Thiazolyl,"1,4-Dimethyl",NBD_QC_Functionalized,NBD_Combinatorial_M08_Aligned,RDKit_MMFF94_3D
CCNC(=O)C1=C(N(C)C)C2C=CC1C2,323.0,75.5,75.0,0.0001,Dimethylamino,Ethylamide,Unsubstituted_C7,NBD_QC_Functionalized,NBD_Combinatorial_M08_Aligned,RDKit_MMFF94_3D
CCNC(=O)C1=C(N(C)C)C2C=CC1C2(C)C,323.0,67.99,75.0,0.0001,Dimethylamino,Ethylamide,"7,7-Dimethyl",NBD_QC_Functionalized,NBD_Combinatorial_M08_Aligned,RDKit_MMFF94_3D
CCNC(=O)C1=C(N(C)C)C2(C)C=C(C)C1C2,323.0,67.99,75.0,0.0001,Dimethylamino,Ethylamide,"1,4-Dimethyl",NBD_QC_Functionalized,NBD_Combinatorial_M08_Aligned,RDKit_MMFF94_3D
N#CC1=C(c2ccc(Cl)cc2)C2C=CC1C2,330.0,64.29,75.0,0.0001,4-Chlorophenyl,Cyano,Unsubstituted_C7,NBD_QC_Functionalized,NBD_Combinatorial_M08_Aligned,RDKit_MMFF94_3D
CC1(C)C2C=CC1C(c1ccc(Cl)cc1)=C2C#N,330.0,60.5,75.0,0.0001,4-Chlorophenyl,Cyano,"7,7-Dimethyl",NBD_QC_Functionalized,NBD_Combinatorial_M08_Aligned,RDKit_MMFF94_3D
CC1=CC2(C)CC1C(C#N)=C2c1ccc(Cl)cc1,330.0,59.13,75.0,0.0001,4-Chlorophenyl,Cyano,"1,4-Dimethyl",NBD_QC_Functionalized,NBD_Combinatorial_M08_Aligned,RDKit_MMFF94_3D
COC(=O)C1=C(c2ccc(Cl)cc2)C2C=CC1C2,333.0,67.94,75.0,0.0001,4-Chlorophenyl,Methyl ester,Unsubstituted_C7,NBD_QC_Functionalized,NBD_Combinatorial_M08_Aligned,RDKit_MMFF94_3D
COC(=O)C1=C(c2ccc(Cl)cc2)C2C=CC1C2(C)C,333.0,81.5,75.0,0.0001,4-Chlorophenyl,Methyl ester,"7,7-Dimethyl",NBD_QC_Functionalized,NBD_Combinatorial_M08_Aligned,RDKit_MMFF94_3D
COC(=O)C1=C(c2ccc(Cl)cc2)C2(C)C=C(C)C1C2,333.0,65.57,75.0,0.0001,4-Chlorophenyl,Methyl ester,"1,4-Dimethyl",NBD_QC_Functionalized,NBD_Combinatorial_M08_Aligned,RDKit_MMFF94_3D
CCOC(=O)C1=C(c2ccc(Cl)cc2)C2C=CC1C2,333.0,80.5,75.0,0.0001,4-Chlorophenyl,Ethyl ester,Unsubstituted_C7,NBD_QC_Functionalized,NBD_Combinatorial_M08_Aligned,RDKit_MMFF94_3D
CCOC(=O)C1=C(c2ccc(Cl)cc2)C2C=CC1C2(C)C,333.0,65.5,75.0,0.0001,4-Chlorophenyl,Ethyl ester,"7,7-Dimethyl",NBD_QC_Functionalized,NBD_Combinatorial_M08_Aligned,RDKit_MMFF94_3D
CCOC(=O)C1=C(c2ccc(Cl)cc2)C2(C)C=C(C)C1C2,333.0,61.16,75.0,0.0001,4-Chlorophenyl,Ethyl ester,"1,4-Dimethyl",NBD_QC_Functionalized,NBD_Combinatorial_M08_Aligned,RDKit_MMFF94_3D
CC(=O)C1=C(c2ccc(Cl)cc2)C2C=CC1C2,335.0,74.5,75.0,0.0001,4-Chlorophenyl,Acetyl,Unsubstituted_C7,NBD_QC_Functionalized,NBD_Combinatorial_M08_Aligned,RDKit_MMFF94_3D
CC(=O)C1=C(c2ccc(Cl)cc2)C2C=CC1C2(C)C,335.0,68.27,75.0,0.0001,4-Chlorophenyl,Acetyl,"7,7-Dimethyl",NBD_QC_Functionalized,NBD_Combinatorial_M08_Aligned,RDKit_MMFF94_3D
CC(=O)C1=C(c2ccc(Cl)cc2)C2(C)C=C(C)C1C2,335.0,77.5,75.0,0.0001,4-Chlorophenyl,Acetyl,"1,4-Dimethyl",NBD_QC_Functionalized,NBD_Combinatorial_M08_Aligned,RDKit_MMFF94_3D
FC(F)(F)C1=C(c2ccc(Cl)cc2)C2C=CC1C2,320.0,135.76,75.0,0.0001,4-Chlorophenyl,Trifluoromethyl,Unsubstituted_C7,NBD_QC_Functionalized,NBD_Combinatorial_M08_Aligned,RDKit_MMFF94_3D
CC1(C)C2C=CC1C(C(F)(F)F)=C2c1ccc(Cl)cc1,320.0,67.88,75.0,0.0001,4-Chlorophenyl,Trifluoromethyl,"7,7-Dimethyl",NBD_QC_Functionalized,NBD_Combinatorial_M08_Aligned,RDKit_MMFF94_3D
CC1=CC2(C)CC1C(C(F)(F)F)=C2c1ccc(Cl)cc1,320.0,127.18,75.0,0.0001,4-Chlorophenyl,Trifluoromethyl,"1,4-Dimethyl",NBD_QC_Functionalized,NBD_Combinatorial_M08_Aligned,RDKit_MMFF94_3D
CS(=O)(=O)C1=C(c2ccc(Cl)cc2)C2C=CC1C2,325.0,61.5,75.0,0.0001,4-Chlorophenyl,Methylsulfonyl,Unsubstituted_C7,NBD_QC_Functionalized,NBD_Combinatorial_M08_Aligned,RDKit_MMFF94_3D
CC1(C)C2C=CC1C(S(C)(=O)=O)=C2c1ccc(Cl)cc1,325.0,95.79,75.0,0.0001,4-Chlorophenyl,Methylsulfonyl,"7,7-Dimethyl",NBD_QC_Functionalized,NBD_Combinatorial_M08_Aligned,RDKit_MMFF94_3D
CC1=CC2(C)CC1C(S(C)(=O)=O)=C2c1ccc(Cl)cc1,325.0,81.5,75.0,0.0001,4-Chlorophenyl,Methylsulfonyl,"1,4-Dimethyl",NBD_QC_Functionalized,NBD_Combinatorial_M08_Aligned,RDKit_MMFF94_3D
NC(=O)C1=C(c2ccc(Cl)cc2)C2C=CC1C2,329.0,58.23,75.0,0.0001,4-Chlorophenyl,Carboxamide,Unsubstituted_C7,NBD_QC_Functionalized,NBD_Combinatorial_M08_Aligned,RDKit_MMFF94_3D
CC1(C)C2C=CC1C(c1ccc(Cl)cc1)=C2C(N)=O,329.0,68.5,75.0,0.0001,4-Chlorophenyl,Carboxamide,"7,7-Dimethyl",NBD_QC_Functionalized,NBD_Combinatorial_M08_Aligned,RDKit_MMFF94_3D
CC1=CC2(C)CC1C(C(N)=O)=C2c1ccc(Cl)cc1,329.0,47.49,75.0,0.0001,4-Chlorophenyl,Carboxamide,"1,4-Dimethyl",NBD_QC_Functionalized,NBD_Combinatorial_M08_Aligned,RDKit_MMFF94_3D
N#Cc1ccc(C2=C(c3ccc(Cl)cc3)C3C=CC2C3)cc1,360.0,67.52,75.0,0.0001,4-Chlorophenyl,4-Cyanophenyl,Unsubstituted_C7,NBD_QC_Functionalized,NBD_Combinatorial_M08_Aligned,RDKit_MMFF94_3D
CC1(C)C2C=CC1C(c1ccc(C#N)cc1)=C2c1ccc(Cl)cc1,360.0,62.5,75.0,0.0001,4-Chlorophenyl,4-Cyanophenyl,"7,7-Dimethyl",NBD_QC_Functionalized,NBD_Combinatorial_M08_Aligned,RDKit_MMFF94_3D
CC1=CC2(C)CC1C(c1ccc(C#N)cc1)=C2c1ccc(Cl)cc1,360.0,67.52,75.0,0.0001,4-Chlorophenyl,4-Cyanophenyl,"1,4-Dimethyl",NBD_QC_Functionalized,NBD_Combinatorial_M08_Aligned,RDKit_MMFF94_3D
O=[N+]([O-])c1ccc(C2=C(c3ccc(Cl)cc3)C3C=CC2C3)cc1,365.0,72.5,75.0,0.0001,4-Chlorophenyl,4-Nitrophenyl,Unsubstituted_C7,NBD_QC_Functionalized,NBD_Combinatorial_M08_Aligned,RDKit_MMFF94_3D
CC1(C)C2C=CC1C(c1ccc([N+](=O)[O-])cc1)=C2c1ccc(Cl)cc1,365.0,74.5,75.0,0.0001,4-Chlorophenyl,4-Nitrophenyl,"7,7-Dimethyl",NBD_QC_Functionalized,NBD_Combinatorial_M08_Aligned,RDKit_MMFF94_3D
CC1=CC2(C)CC1C(c1ccc([N+](=O)[O-])cc1)=C2c1ccc(Cl)cc1,365.0,76.5,75.0,0.0001,4-Chlorophenyl,4-Nitrophenyl,"1,4-Dimethyl",NBD_QC_Functionalized,NBD_Combinatorial_M08_Aligned,RDKit_MMFF94_3D
FC(F)(F)c1ccc(C2=C(c3ccc(Cl)cc3)C3C=CC2C3)cc1,353.0,79.5,75.0,0.0001,4-Chlorophenyl,4-Trifluoromethylphenyl,Unsubstituted_C7,NBD_QC_Functionalized,NBD_Combinatorial_M08_Aligned,RDKit_MMFF94_3D
CC1(C)C2C=CC1C(c1ccc(C(F)(F)F)cc1)=C2c1ccc(Cl)cc1,353.0,65.5,75.0,0.0001,4-Chlorophenyl,4-Trifluoromethylphenyl,"7,7-Dimethyl",NBD_QC_Functionalized,NBD_Combinatorial_M08_Aligned,RDKit_MMFF94_3D
CC1=CC2(C)CC1C(c1ccc(C(F)(F)F)cc1)=C2c1ccc(Cl)cc1,353.0,71.5,75.0,0.0001,4-Chlorophenyl,4-Trifluoromethylphenyl,"1,4-Dimethyl",NBD_QC_Functionalized,NBD_Combinatorial_M08_Aligned,RDKit_MMFF94_3D
O=C(C1=C(c2ccc(Cl)cc2)C2C=CC1C2)c1ccccc1,350.0,41.03,75.0,0.0001,4-Chlorophenyl,Benzoyl,Unsubstituted_C7,NBD_QC_Functionalized,NBD_Combinatorial_M08_Aligned,RDKit_MMFF94_3D
CC1(C)C2C=CC1C(c1ccc(Cl)cc1)=C2C(=O)c1ccccc1,350.0,67.82,75.0,0.0001,4-Chlorophenyl,Benzoyl,"7,7-Dimethyl",NBD_QC_Functionalized,NBD_Combinatorial_M08_Aligned,RDKit_MMFF94_3D
CC1=CC2(C)CC1C(C(=O)c1ccccc1)=C2c1ccc(Cl)cc1,350.0,70.5,75.0,0.0001,4-Chlorophenyl,Benzoyl,"1,4-Dimethyl",NBD_QC_Functionalized,NBD_Combinatorial_M08_Aligned,RDKit_MMFF94_3D
Clc1ccc(C2=C(c3ccccn3)C3C=CC2C3)cc1,343.0,35.46,75.0,0.0001,4-Chlorophenyl,2-Pyridyl,Unsubstituted_C7,NBD_QC_Functionalized,NBD_Combinatorial_M08_Aligned,RDKit_MMFF94_3D
CC1(C)C2C=CC1C(c1ccccn1)=C2c1ccc(Cl)cc1,343.0,68.03,75.0,0.0001,4-Chlorophenyl,2-Pyridyl,"7,7-Dimethyl",NBD_QC_Functionalized,NBD_Combinatorial_M08_Aligned,RDKit_MMFF94_3D
CC1=CC2(C)CC1C(c1ccccn1)=C2c1ccc(Cl)cc1,343.0,76.5,75.0,0.0001,4-Chlorophenyl,2-Pyridyl,"1,4-Dimethyl",NBD_QC_Functionalized,NBD_Combinatorial_M08_Aligned,RDKit_MMFF94_3D
Clc1ccc(C2=C(c3ccncc3)C3C=CC2C3)cc1,345.0,67.97,75.0,0.0001,4-Chlorophenyl,4-Pyridyl,Unsubstituted_C7,NBD_QC_Functionalized,NBD_Combinatorial_M08_Aligned,RDKit_MMFF94_3D
CC1(C)C2C=CC1C(c1ccc(Cl)cc1)=C2c1ccncc1,345.0,67.97,75.0,0.0001,4-Chlorophenyl,4-Pyridyl,"7,7-Dimethyl",NBD_QC_Functionalized,NBD_Combinatorial_M08_Aligned,RDKit_MMFF94_3D
CC1=CC2(C)CC1C(c1ccncc1)=C2c1ccc(Cl)cc1,345.0,67.97,75.0,0.0001,4-Chlorophenyl,4-Pyridyl,"1,4-Dimethyl",NBD_QC_Functionalized,NBD_Combinatorial_M08_Aligned,RDKit_MMFF94_3D
O=C(O)C1=C(c2ccc(Cl)cc2)C2C=CC1C2,330.0,72.21,75.0,0.0001,4-Chlorophenyl,Carboxylic acid,Unsubstituted_C7,NBD_QC_Functionalized,NBD_Combinatorial_M08_Aligned,RDKit_MMFF94_3D
CC1(C)C2C=CC1C(c1ccc(Cl)cc1)=C2C(=O)O,330.0,58.5,75.0,0.0001,4-Chlorophenyl,Carboxylic acid,"7,7-Dimethyl",NBD_QC_Functionalized,NBD_Combinatorial_M08_Aligned,RDKit_MMFF94_3D
CC1=CC2(C)CC1C(C(=O)O)=C2c1ccc(Cl)cc1,330.0,64.77,75.0,0.0001,4-Chlorophenyl,Carboxylic acid,"1,4-Dimethyl",NBD_QC_Functionalized,NBD_Combinatorial_M08_Aligned,RDKit_MMFF94_3D
CCCCC(CC)COC(=O)C1=C(c2ccc(Cl)cc2)C2C=CC1C2,335.0,64.54,75.0,0.0001,4-Chlorophenyl,Ethylhexyl ester,Unsubstituted_C7,NBD_QC_Functionalized,NBD_Combinatorial_M08_Aligned,RDKit_MMFF94_3D
CCCCC(CC)COC(=O)C1=C(c2ccc(Cl)cc2)C2C=CC1C2(C)C,335.0,73.5,75.0,0.0001,4-Chlorophenyl,Ethylhexyl ester,"7,7-Dimethyl",NBD_QC_Functionalized,NBD_Combinatorial_M08_Aligned,RDKit_MMFF94_3D
CCCCC(CC)COC(=O)C1=C(c2ccc(Cl)cc2)C2(C)C=C(C)C1C2,335.0,72.53,75.0,0.0001,4-Chlorophenyl,Ethylhexyl ester,"1,4-Dimethyl",NBD_QC_Functionalized,NBD_Combinatorial_M08_Aligned,RDKit_MMFF94_3D
N#Cc1cccc(C2=C(c3ccc(Cl)cc3)C3C=CC2C3)c1,357.0,67.61,75.0,0.0001,4-Chlorophenyl,3-Cyanophenyl,Unsubstituted_C7,NBD_QC_Functionalized,NBD_Combinatorial_M08_Aligned,RDKit_MMFF94_3D
CC1(C)C2C=CC1C(c1cccc(C#N)c1)=C2c1ccc(Cl)cc1,357.0,59.5,75.0,0.0001,4-Chlorophenyl,3-Cyanophenyl,"7,7-Dimethyl",NBD_QC_Functionalized,NBD_Combinatorial_M08_Aligned,RDKit_MMFF94_3D
CC1=CC2(C)CC1C(c1cccc(C#N)c1)=C2c1ccc(Cl)cc1,357.0,67.61,75.0,0.0001,4-Chlorophenyl,3-Cyanophenyl,"1,4-Dimethyl",NBD_QC_Functionalized,NBD_Combinatorial_M08_Aligned,RDKit_MMFF94_3D
CC(C)OC(=O)C1=C(c2ccc(Cl)cc2)C2C=CC1C2,333.0,63.99,75.0,0.0001,4-Chlorophenyl,Isopropyl ester,Unsubstituted_C7,NBD_QC_Functionalized,NBD_Combinatorial_M08_Aligned,RDKit_MMFF94_3D
CC(C)OC(=O)C1=C(c2ccc(Cl)cc2)C2C=CC1C2(C)C,333.0,62.5,75.0,0.0001,4-Chlorophenyl,Isopropyl ester,"7,7-Dimethyl",NBD_QC_Functionalized,NBD_Combinatorial_M08_Aligned,RDKit_MMFF94_3D
CC1=CC2(C)CC1C(C(=O)OC(C)C)=C2c1ccc(Cl)cc1,333.0,55.24,75.0,0.0001,4-Chlorophenyl,Isopropyl ester,"1,4-Dimethyl",NBD_QC_Functionalized,NBD_Combinatorial_M08_Aligned,RDKit_MMFF94_3D
O=S(=O)(C1=C(c2ccc(Cl)cc2)C2C=CC1C2)c1ccccc1,347.0,78.5,75.0,0.0001,4-Chlorophenyl,Phenylsulfonyl,Unsubstituted_C7,NBD_QC_Functionalized,NBD_Combinatorial_M08_Aligned,RDKit_MMFF94_3D
CC1(C)C2C=CC1C(S(=O)(=O)c1ccccc1)=C2c1ccc(Cl)cc1,347.0,116.63,75.0,0.0001,4-Chlorophenyl,Phenylsulfonyl,"7,7-Dimethyl",NBD_QC_Functionalized,NBD_Combinatorial_M08_Aligned,RDKit_MMFF94_3D
CC1=CC2(C)CC1C(S(=O)(=O)c1ccccc1)=C2c1ccc(Cl)cc1,347.0,74.5,75.0,0.0001,4-Chlorophenyl,Phenylsulfonyl,"1,4-Dimethyl",NBD_QC_Functionalized,NBD_Combinatorial_M08_Aligned,RDKit_MMFF94_3D
Clc1ccc(C2=C(c3nccs3)C3C=CC2C3)cc1,341.0,72.5,75.0,0.0001,4-Chlorophenyl,2-Thiazolyl,Unsubstituted_C7,NBD_QC_Functionalized,NBD_Combinatorial_M08_Aligned,RDKit_MMFF94_3D
CC1(C)C2C=CC1C(c1nccs1)=C2c1ccc(Cl)cc1,341.0,68.09,75.0,0.0001,4-Chlorophenyl,2-Thiazolyl,"7,7-Dimethyl",NBD_QC_Functionalized,NBD_Combinatorial_M08_Aligned,RDKit_MMFF94_3D
CC1=CC2(C)CC1C(c1nccs1)=C2c1ccc(Cl)cc1,341.0,60.5,75.0,0.0001,4-Chlorophenyl,2-Thiazolyl,"1,4-Dimethyl",NBD_QC_Functionalized,NBD_Combinatorial_M08_Aligned,RDKit_MMFF94_3D
CCNC(=O)C1=C(c2ccc(Cl)cc2)C2C=CC1C2,331.0,74.5,75.0,0.0001,4-Chlorophenyl,Ethylamide,Unsubstituted_C7,NBD_QC_Functionalized,NBD_Combinatorial_M08_Aligned,RDKit_MMFF94_3D
CCNC(=O)C1=C(c2ccc(Cl)cc2)C2C=CC1C2(C)C,331.0,75.5,75.0,0.0001,4-Chlorophenyl,Ethylamide,"7,7-Dimethyl",NBD_QC_Functionalized,NBD_Combinatorial_M08_Aligned,RDKit_MMFF94_3D
CCNC(=O)C1=C(c2ccc(Cl)cc2)C2(C)C=C(C)C1C2,331.0,47.61,75.0,0.0001,4-Chlorophenyl,Ethylamide,"1,4-Dimethyl",NBD_QC_Functionalized,NBD_Combinatorial_M08_Aligned,RDKit_MMFF94_3D
N#CC1=C(c2ccc(Br)cc2)C2C=CC1C2,332.0,64.01,75.0,0.0001,4-Bromophenyl,Cyano,Unsubstituted_C7,NBD_QC_Functionalized,NBD_Combinatorial_M08_Aligned,RDKit_MMFF94_3D
CC1(C)C2C=CC1C(c1ccc(Br)cc1)=C2C#N,332.0,68.52,75.0,0.0001,4-Bromophenyl,Cyano,"7,7-Dimethyl",NBD_QC_Functionalized,NBD_Combinatorial_M08_Aligned,RDKit_MMFF94_3D
CC1=CC2(C)CC1C(C#N)=C2c1ccc(Br)cc1,332.0,58.85,75.0,0.0001,4-Bromophenyl,Cyano,"1,4-Dimethyl",NBD_QC_Functionalized,NBD_Combinatorial_M08_Aligned,RDKit_MMFF94_3D
COC(=O)C1=C(c2ccc(Br)cc2)C2C=CC1C2,335.0,67.31,75.0,0.0001,4-Bromophenyl,Methyl ester,Unsubstituted_C7,NBD_QC_Functionalized,NBD_Combinatorial_M08_Aligned,RDKit_MMFF94_3D
COC(=O)C1=C(c2ccc(Br)cc2)C2C=CC1C2(C)C,335.0,82.5,75.0,0.0001,4-Bromophenyl,Methyl ester,"7,7-Dimethyl",NBD_QC_Functionalized,NBD_Combinatorial_M08_Aligned,RDKit_MMFF94_3D
COC(=O)C1=C(c2ccc(Br)cc2)C2(C)C=C(C)C1C2,335.0,65.19,75.0,0.0001,4-Bromophenyl,Methyl ester,"1,4-Dimethyl",NBD_QC_Functionalized,NBD_Combinatorial_M08_Aligned,RDKit_MMFF94_3D
CCOC(=O)C1=C(c2ccc(Br)cc2)C2C=CC1C2,335.0,62.5,75.0,0.0001,4-Bromophenyl,Ethyl ester,Unsubstituted_C7,NBD_QC_Functionalized,NBD_Combinatorial_M08_Aligned,RDKit_MMFF94_3D
CCOC(=O)C1=C(c2ccc(Br)cc2)C2C=CC1C2(C)C,335.0,60.5,75.0,0.0001,4-Bromophenyl,Ethyl ester,"7,7-Dimethyl",NBD_QC_Functionalized,NBD_Combinatorial_M08_Aligned,RDKit_MMFF94_3D
CCOC(=O)C1=C(c2ccc(Br)cc2)C2(C)C=C(C)C1C2,335.0,60.5,75.0,0.0001,4-Bromophenyl,Ethyl ester,"1,4-Dimethyl",NBD_QC_Functionalized,NBD_Combinatorial_M08_Aligned,RDKit_MMFF94_3D
CC(=O)C1=C(c2ccc(Br)cc2)C2C=CC1C2,337.0,61.5,75.0,0.0001,4-Bromophenyl,Acetyl,Unsubstituted_C7,NBD_QC_Functionalized,NBD_Combinatorial_M08_Aligned,RDKit_MMFF94_3D
CC(=O)C1=C(c2ccc(Br)cc2)C2C=CC1C2(C)C,337.0,68.37,75.0,0.0001,4-Bromophenyl,Acetyl,"7,7-Dimethyl",NBD_QC_Functionalized,NBD_Combinatorial_M08_Aligned,RDKit_MMFF94_3D
CC(=O)C1=C(c2ccc(Br)cc2)C2(C)C=C(C)C1C2,337.0,82.5,75.0,0.0001,4-Bromophenyl,Acetyl,"1,4-Dimethyl",NBD_QC_Functionalized,NBD_Combinatorial_M08_Aligned,RDKit_MMFF94_3D
FC(F)(F)C1=C(c2ccc(Br)cc2)C2C=CC1C2,322.0,135.45,75.0,0.0001,4-Bromophenyl,Trifluoromethyl,Unsubstituted_C7,NBD_QC_Functionalized,NBD_Combinatorial_M08_Aligned,RDKit_MMFF94_3D
CC1(C)C2C=CC1C(C(F)(F)F)=C2c1ccc(Br)cc1,322.0,59.5,75.0,0.0001,4-Bromophenyl,Trifluoromethyl,"7,7-Dimethyl",NBD_QC_Functionalized,NBD_Combinatorial_M08_Aligned,RDKit_MMFF94_3D
CC1=CC2(C)CC1C(C(F)(F)F)=C2c1ccc(Br)cc1,322.0,126.87,75.0,0.0001,4-Bromophenyl,Trifluoromethyl,"1,4-Dimethyl",NBD_QC_Functionalized,NBD_Combinatorial_M08_Aligned,RDKit_MMFF94_3D
CS(=O)(=O)C1=C(c2ccc(Br)cc2)C2C=CC1C2,327.0,58.5,75.0,0.0001,4-Bromophenyl,Methylsulfonyl,Unsubstituted_C7,NBD_QC_Functionalized,NBD_Combinatorial_M08_Aligned,RDKit_MMFF94_3D
CC1(C)C2C=CC1C(S(C)(=O)=O)=C2c1ccc(Br)cc1,327.0,87.83,75.0,0.0001,4-Bromophenyl,Methylsulfonyl,"7,7-Dimethyl",NBD_QC_Functionalized,NBD_Combinatorial_M08_Aligned,RDKit_MMFF94_3D
CC1=CC2(C)CC1C(S(C)(=O)=O)=C2c1ccc(Br)cc1,327.0,67.5,75.0,0.0001,4-Bromophenyl,Methylsulfonyl,"1,4-Dimethyl",NBD_QC_Functionalized,NBD_Combinatorial_M08_Aligned,RDKit_MMFF94_3D
NC(=O)C1=C(c2ccc(Br)cc2)C2C=CC1C2,331.0,57.27,75.0,0.0001,4-Bromophenyl,Carboxamide,Unsubstituted_C7,NBD_QC_Functionalized,NBD_Combinatorial_M08_Aligned,RDKit_MMFF94_3D
CC1(C)C2C=CC1C(c1ccc(Br)cc1)=C2C(N)=O,331.0,81.5,75.0,0.0001,4-Bromophenyl,Carboxamide,"7,7-Dimethyl",NBD_QC_Functionalized,NBD_Combinatorial_M08_Aligned,RDKit_MMFF94_3D
CC1=CC2(C)CC1C(C(N)=O)=C2c1ccc(Br)cc1,331.0,46.67,75.0,0.0001,4-Bromophenyl,Carboxamide,"1,4-Dimethyl",NBD_QC_Functionalized,NBD_Combinatorial_M08_Aligned,RDKit_MMFF94_3D
N#Cc1ccc(C2=C(c3ccc(Br)cc3)C3C=CC2C3)cc1,362.0,67.62,75.0,0.0001,4-Bromophenyl,4-Cyanophenyl,Unsubstituted_C7,NBD_QC_Functionalized,NBD_Combinatorial_M08_Aligned,RDKit_MMFF94_3D
CC1(C)C2C=CC1C(c1ccc(C#N)cc1)=C2c1ccc(Br)cc1,362.0,64.5,75.0,0.0001,4-Bromophenyl,4-Cyanophenyl,"7,7-Dimethyl",NBD_QC_Functionalized,NBD_Combinatorial_M08_Aligned,RDKit_MMFF94_3D
CC1=CC2(C)CC1C(c1ccc(C#N)cc1)=C2c1ccc(Br)cc1,362.0,67.62,75.0,0.0001,4-Bromophenyl,4-Cyanophenyl,"1,4-Dimethyl",NBD_QC_Functionalized,NBD_Combinatorial_M08_Aligned,RDKit_MMFF94_3D
O=[N+]([O-])c1ccc(C2=C(c3ccc(Br)cc3)C3C=CC2C3)cc1,367.0,65.5,75.0,0.0001,4-Bromophenyl,4-Nitrophenyl,Unsubstituted_C7,NBD_QC_Functionalized,NBD_Combinatorial_M08_Aligned,RDKit_MMFF94_3D
CC1(C)C2C=CC1C(c1ccc([N+](=O)[O-])cc1)=C2c1ccc(Br)cc1,367.0,72.5,75.0,0.0001,4-Bromophenyl,4-Nitrophenyl,"7,7-Dimethyl",NBD_QC_Functionalized,NBD_Combinatorial_M08_Aligned,RDKit_MMFF94_3D
CC1=CC2(C)CC1C(c1ccc([N+](=O)[O-])cc1)=C2c1ccc(Br)cc1,367.0,67.47,75.0,0.0001,4-Bromophenyl,4-Nitrophenyl,"1,4-Dimethyl",NBD_QC_Functionalized,NBD_Combinatorial_M08_Aligned,RDKit_MMFF94_3D
FC(F)(F)c1ccc(C2=C(c3ccc(Br)cc3)C3C=CC2C3)cc1,355.0,59.5,75.0,0.0001,4-Bromophenyl,4-Trifluoromethylphenyl,Unsubstituted_C7,NBD_QC_Functionalized,NBD_Combinatorial_M08_Aligned,RDKit_MMFF94_3D
CC1(C)C2C=CC1C(c1ccc(C(F)(F)F)cc1)=C2c1ccc(Br)cc1,355.0,78.5,75.0,0.0001,4-Bromophenyl,4-Trifluoromethylphenyl,"7,7-Dimethyl",NBD_QC_Functionalized,NBD_Combinatorial_M08_Aligned,RDKit_MMFF94_3D
CC1=CC2(C)CC1C(c1ccc(C(F)(F)F)cc1)=C2c1ccc(Br)cc1,355.0,78.5,75.0,0.0001,4-Bromophenyl,4-Trifluoromethylphenyl,"1,4-Dimethyl",NBD_QC_Functionalized,NBD_Combinatorial_M08_Aligned,RDKit_MMFF94_3D
O=C(C1=C(c2ccc(Br)cc2)C2C=CC1C2)c1ccccc1,352.0,38.46,75.0,0.0001,4-Bromophenyl,Benzoyl,Unsubstituted_C7,NBD_QC_Functionalized,NBD_Combinatorial_M08_Aligned,RDKit_MMFF94_3D
CC1(C)C2C=CC1C(c1ccc(Br)cc1)=C2C(=O)c1ccccc1,352.0,67.92,75.0,0.0001,4-Bromophenyl,Benzoyl,"7,7-Dimethyl",NBD_QC_Functionalized,NBD_Combinatorial_M08_Aligned,RDKit_MMFF94_3D
CC1=CC2(C)CC1C(C(=O)c1ccccc1)=C2c1ccc(Br)cc1,352.0,58.5,75.0,0.0001,4-Bromophenyl,Benzoyl,"1,4-Dimethyl",NBD_QC_Functionalized,NBD_Combinatorial_M08_Aligned,RDKit_MMFF94_3D
Brc1ccc(C2=C(c3ccccn3)C3C=CC2C3)cc1,345.0,76.5,75.0,0.0001,4-Bromophenyl,2-Pyridyl,Unsubstituted_C7,NBD_QC_Functionalized,NBD_Combinatorial_M08_Aligned,RDKit_MMFF94_3D
CC1(C)C2C=CC1C(c1ccccn1)=C2c1ccc(Br)cc1,345.0,68.13,75.0,0.0001,4-Bromophenyl,2-Pyridyl,"7,7-Dimethyl",NBD_QC_Functionalized,NBD_Combinatorial_M08_Aligned,RDKit_MMFF94_3D
CC1=CC2(C)CC1C(c1ccccn1)=C2c1ccc(Br)cc1,345.0,78.5,75.0,0.0001,4-Bromophenyl,2-Pyridyl,"1,4-Dimethyl",NBD_QC_Functionalized,NBD_Combinatorial_M08_Aligned,RDKit_MMFF94_3D
Brc1ccc(C2=C(c3ccncc3)C3C=CC2C3)cc1,347.0,68.07,75.0,0.0001,4-Bromophenyl,4-Pyridyl,Unsubstituted_C7,NBD_QC_Functionalized,NBD_Combinatorial_M08_Aligned,RDKit_MMFF94_3D
CC1(C)C2C=CC1C(c1ccc(Br)cc1)=C2c1ccncc1,347.0,68.07,75.0,0.0001,4-Bromophenyl,4-Pyridyl,"7,7-Dimethyl",NBD_QC_Functionalized,NBD_Combinatorial_M08_Aligned,RDKit_MMFF94_3D
CC1=CC2(C)CC1C(c1ccncc1)=C2c1ccc(Br)cc1,347.0,68.07,75.0,0.0001,4-Bromophenyl,4-Pyridyl,"1,4-Dimethyl",NBD_QC_Functionalized,NBD_Combinatorial_M08_Aligned,RDKit_MMFF94_3D
O=C(O)C1=C(c2ccc(Br)cc2)C2C=CC1C2,332.0,69.04,75.0,0.0001,4-Bromophenyl,Carboxylic acid,Unsubstituted_C7,NBD_QC_Functionalized,NBD_Combinatorial_M08_Aligned,RDKit_MMFF94_3D
CC1(C)C2C=CC1C(c1ccc(Br)cc1)=C2C(=O)O,332.0,64.5,75.0,0.0001,4-Bromophenyl,Carboxylic acid,"7,7-Dimethyl",NBD_QC_Functionalized,NBD_Combinatorial_M08_Aligned,RDKit_MMFF94_3D
CC1=CC2(C)CC1C(C(=O)O)=C2c1ccc(Br)cc1,332.0,64.28,75.0,0.0001,4-Bromophenyl,Carboxylic acid,"1,4-Dimethyl",NBD_QC_Functionalized,NBD_Combinatorial_M08_Aligned,RDKit_MMFF94_3D
CCCCC(CC)COC(=O)C1=C(c2ccc(Br)cc2)C2C=CC1C2,337.0,71.5,75.0,0.0001,4-Bromophenyl,Ethylhexyl ester,Unsubstituted_C7,NBD_QC_Functionalized,NBD_Combinatorial_M08_Aligned,RDKit_MMFF94_3D
CCCCC(CC)COC(=O)C1=C(c2ccc(Br)cc2)C2C=CC1C2(C)C,337.0,68.5,75.0,0.0001,4-Bromophenyl,Ethylhexyl ester,"7,7-Dimethyl",NBD_QC_Functionalized,NBD_Combinatorial_M08_Aligned,RDKit_MMFF94_3D
CCCCC(CC)COC(=O)C1=C(c2ccc(Br)cc2)C2(C)C=C(C)C1C2,337.0,66.94,75.0,0.0001,4-Bromophenyl,Ethylhexyl ester,"1,4-Dimethyl",NBD_QC_Functionalized,NBD_Combinatorial_M08_Aligned,RDKit_MMFF94_3D
N#Cc1cccc(C2=C(c3ccc(Br)cc3)C3C=CC2C3)c1,359.0,67.71,75.0,0.0001,4-Bromophenyl,3-Cyanophenyl,Unsubstituted_C7,NBD_QC_Functionalized,NBD_Combinatorial_M08_Aligned,RDKit_MMFF94_3D
CC1(C)C2C=CC1C(c1cccc(C#N)c1)=C2c1ccc(Br)cc1,359.0,68.5,75.0,0.0001,4-Bromophenyl,3-Cyanophenyl,"7,7-Dimethyl",NBD_QC_Functionalized,NBD_Combinatorial_M08_Aligned,RDKit_MMFF94_3D
CC1=CC2(C)CC1C(c1cccc(C#N)c1)=C2c1ccc(Br)cc1,359.0,67.71,75.0,0.0001,4-Bromophenyl,3-Cyanophenyl,"1,4-Dimethyl",NBD_QC_Functionalized,NBD_Combinatorial_M08_Aligned,RDKit_MMFF94_3D
CC(C)OC(=O)C1=C(c2ccc(Br)cc2)C2C=CC1C2,335.0,63.42,75.0,0.0001,4-Bromophenyl,Isopropyl ester,Unsubstituted_C7,NBD_QC_Functionalized,NBD_Combinatorial_M08_Aligned,RDKit_MMFF94_3D
CC(C)OC(=O)C1=C(c2ccc(Br)cc2)C2C=CC1C2(C)C,335.0,69.5,75.0,0.0001,4-Bromophenyl,Isopropyl ester,"7,7-Dimethyl",NBD_QC_Functionalized,NBD_Combinatorial_M08_Aligned,RDKit_MMFF94_3D
CC1=CC2(C)CC1C(C(=O)OC(C)C)=C2c1ccc(Br)cc1,335.0,54.33,75.0,0.0001,4-Bromophenyl,Isopropyl ester,"1,4-Dimethyl",NBD_QC_Functionalized,NBD_Combinatorial_M08_Aligned,RDKit_MMFF94_3D
O=S(=O)(C1=C(c2ccc(Br)cc2)C2C=CC1C2)c1ccccc1,349.0,59.5,75.0,0.0001,4-Bromophenyl,Phenylsulfonyl,Unsubstituted_C7,NBD_QC_Functionalized,NBD_Combinatorial_M08_Aligned,RDKit_MMFF94_3D
CC1(C)C2C=CC1C(S(=O)(=O)c1ccccc1)=C2c1ccc(Br)cc1,349.0,116.86,75.0,0.0001,4-Bromophenyl,Phenylsulfonyl,"7,7-Dimethyl",NBD_QC_Functionalized,NBD_Combinatorial_M08_Aligned,RDKit_MMFF94_3D
CC1=CC2(C)CC1C(S(=O)(=O)c1ccccc1)=C2c1ccc(Br)cc1,349.0,77.5,75.0,0.0001,4-Bromophenyl,Phenylsulfonyl,"1,4-Dimethyl",NBD_QC_Functionalized,NBD_Combinatorial_M08_Aligned,RDKit_MMFF94_3D
Brc1ccc(C2=C(c3nccs3)C3C=CC2C3)cc1,343.0,76.5,75.0,0.0001,4-Bromophenyl,2-Thiazolyl,Unsubstituted_C7,NBD_QC_Functionalized,NBD_Combinatorial_M08_Aligned,RDKit_MMFF94_3D
CC1(C)C2C=CC1C(c1nccs1)=C2c1ccc(Br)cc1,343.0,68.19,75.0,0.0001,4-Bromophenyl,2-Thiazolyl,"7,7-Dimethyl",NBD_QC_Functionalized,NBD_Combinatorial_M08_Aligned,RDKit_MMFF94_3D
CC1=CC2(C)CC1C(c1nccs1)=C2c1ccc(Br)cc1,343.0,66.5,75.0,0.0001,4-Bromophenyl,2-Thiazolyl,"1,4-Dimethyl",NBD_QC_Functionalized,NBD_Combinatorial_M08_Aligned,RDKit_MMFF94_3D
CCNC(=O)C1=C(c2ccc(Br)cc2)C2C=CC1C2,333.0,67.5,75.0,0.0001,4-Bromophenyl,Ethylamide,Unsubstituted_C7,NBD_QC_Functionalized,NBD_Combinatorial_M08_Aligned,RDKit_MMFF94_3D
CCNC(=O)C1=C(c2ccc(Br)cc2)C2C=CC1C2(C)C,333.0,75.5,75.0,0.0001,4-Bromophenyl,Ethylamide,"7,7-Dimethyl",NBD_QC_Functionalized,NBD_Combinatorial_M08_Aligned,RDKit_MMFF94_3D
CCNC(=O)C1=C(c2ccc(Br)cc2)C2(C)C=C(C)C1C2,333.0,47.15,75.0,0.0001,4-Bromophenyl,Ethylamide,"1,4-Dimethyl",NBD_QC_Functionalized,NBD_Combinatorial_M08_Aligned,RDKit_MMFF94_3D
Cc1cccc(C2=C(C#N)C3C=CC2C3)c1,332.0,62.5,75.0,0.0001,3-Methylphenyl,Cyano,Unsubstituted_C7,NBD_QC_Functionalized,NBD_Combinatorial_M08_Aligned,RDKit_MMFF94_3D
Cc1cccc(C2=C(C#N)C3C=CC2C3(C)C)c1,332.0,60.5,75.0,0.0001,3-Methylphenyl,Cyano,"7,7-Dimethyl",NBD_QC_Functionalized,NBD_Combinatorial_M08_Aligned,RDKit_MMFF94_3D
CC1=CC2(C)CC1C(C#N)=C2c1cccc(C)c1,332.0,52.09,75.0,0.0001,3-Methylphenyl,Cyano,"1,4-Dimethyl",NBD_QC_Functionalized,NBD_Combinatorial_M08_Aligned,RDKit_MMFF94_3D
COC(=O)C1=C(c2cccc(C)c2)C2C=CC1C2,335.0,63.48,75.0,0.0001,3-Methylphenyl,Methyl ester,Unsubstituted_C7,NBD_QC_Functionalized,NBD_Combinatorial_M08_Aligned,RDKit_MMFF94_3D
COC(=O)C1=C(c2cccc(C)c2)C2C=CC1C2(C)C,335.0,59.5,75.0,0.0001,3-Methylphenyl,Methyl ester,"7,7-Dimethyl",NBD_QC_Functionalized,NBD_Combinatorial_M08_Aligned,RDKit_MMFF94_3D
COC(=O)C1=C(c2cccc(C)c2)C2(C)C=C(C)C1C2,335.0,56.0,75.0,0.0001,3-Methylphenyl,Methyl ester,"1,4-Dimethyl",NBD_QC_Functionalized,NBD_Combinatorial_M08_Aligned,RDKit_MMFF94_3D
CCOC(=O)C1=C(c2cccc(C)c2)C2C=CC1C2,335.0,68.51,75.0,0.0001,3-Methylphenyl,Ethyl ester,Unsubstituted_C7,NBD_QC_Functionalized,NBD_Combinatorial_M08_Aligned,RDKit_MMFF94_3D
CCOC(=O)C1=C(c2cccc(C)c2)C2C=CC1C2(C)C,335.0,60.5,75.0,0.0001,3-Methylphenyl,Ethyl ester,"7,7-Dimethyl",NBD_QC_Functionalized,NBD_Combinatorial_M08_Aligned,RDKit_MMFF94_3D
CCOC(=O)C1=C(c2cccc(C)c2)C2(C)C=C(C)C1C2,335.0,54.09,75.0,0.0001,3-Methylphenyl,Ethyl ester,"1,4-Dimethyl",NBD_QC_Functionalized,NBD_Combinatorial_M08_Aligned,RDKit_MMFF94_3D
CC(=O)C1=C(c2cccc(C)c2)C2C=CC1C2,337.0,59.5,75.0,0.0001,3-Methylphenyl,Acetyl,Unsubstituted_C7,NBD_QC_Functionalized,NBD_Combinatorial_M08_Aligned,RDKit_MMFF94_3D
CC(=O)C1=C(c2cccc(C)c2)C2C=CC1C2(C)C,337.0,68.37,75.0,0.0001,3-Methylphenyl,Acetyl,"7,7-Dimethyl",NBD_QC_Functionalized,NBD_Combinatorial_M08_Aligned,RDKit_MMFF94_3D
CC(=O)C1=C(c2cccc(C)c2)C2(C)C=C(C)C1C2,337.0,41.36,75.0,0.0001,3-Methylphenyl,Acetyl,"1,4-Dimethyl",NBD_QC_Functionalized,NBD_Combinatorial_M08_Aligned,RDKit_MMFF94_3D
Cc1cccc(C2=C(C(F)(F)F)C3C=CC2C3)c1,322.0,80.5,75.0,0.0001,3-Methylphenyl,Trifluoromethyl,Unsubstituted_C7,NBD_QC_Functionalized,NBD_Combinatorial_M08_Aligned,RDKit_MMFF94_3D
Cc1cccc(C2=C(C(F)(F)F)C3C=CC2C3(C)C)c1,322.0,66.34,75.0,0.0001,3-Methylphenyl,Trifluoromethyl,"7,7-Dimethyl",NBD_QC_Functionalized,NBD_Combinatorial_M08_Aligned,RDKit_MMFF94_3D
CC1=CC2(C)CC1C(C(F)(F)F)=C2c1cccc(C)c1,322.0,125.8,75.0,0.0001,3-Methylphenyl,Trifluoromethyl,"1,4-Dimethyl",NBD_QC_Functionalized,NBD_Combinatorial_M08_Aligned,RDKit_MMFF94_3D
Cc1cccc(C2=C(S(C)(=O)=O)C3C=CC2C3)c1,327.0,74.5,75.0,0.0001,3-Methylphenyl,Methylsulfonyl,Unsubstituted_C7,NBD_QC_Functionalized,NBD_Combinatorial_M08_Aligned,RDKit_MMFF94_3D
Cc1cccc(C2=C(S(C)(=O)=O)C3C=CC2C3(C)C)c1,327.0,101.85,75.0,0.0001,3-Methylphenyl,Methylsulfonyl,"7,7-Dimethyl",NBD_QC_Functionalized,NBD_Combinatorial_M08_Aligned,RDKit_MMFF94_3D
CC1=CC2(C)CC1C(S(C)(=O)=O)=C2c1cccc(C)c1,327.0,70.5,75.0,0.0001,3-Methylphenyl,Methylsulfonyl,"1,4-Dimethyl",NBD_QC_Functionalized,NBD_Combinatorial_M08_Aligned,RDKit_MMFF94_3D
Cc1cccc(C2=C(C(N)=O)C3C=CC2C3)c1,331.0,74.03,75.0,0.0001,3-Methylphenyl,Carboxamide,Unsubstituted_C7,NBD_QC_Functionalized,NBD_Combinatorial_M08_Aligned,RDKit_MMFF94_3D
Cc1cccc(C2=C(C(N)=O)C3C=CC2C3(C)C)c1,331.0,64.5,75.0,0.0001,3-Methylphenyl,Carboxamide,"7,7-Dimethyl",NBD_QC_Functionalized,NBD_Combinatorial_M08_Aligned,RDKit_MMFF94_3D
CC1=CC2(C)CC1C(C(N)=O)=C2c1cccc(C)c1,331.0,68.24,75.0,0.0001,3-Methylphenyl,Carboxamide,"1,4-Dimethyl",NBD_QC_Functionalized,NBD_Combinatorial_M08_Aligned,RDKit_MMFF94_3D
Cc1cccc(C2=C(c3ccc(C#N)cc3)C3C=CC2C3)c1,362.0,78.5,75.0,0.0001,3-Methylphenyl,4-Cyanophenyl,Unsubstituted_C7,NBD_QC_Functionalized,NBD_Combinatorial_M08_Aligned,RDKit_MMFF94_3D
Cc1cccc(C2=C(c3ccc(C#N)cc3)C3C=CC2C3(C)C)c1,362.0,78.5,75.0,0.0001,3-Methylphenyl,4-Cyanophenyl,"7,7-Dimethyl",NBD_QC_Functionalized,NBD_Combinatorial_M08_Aligned,RDKit_MMFF94_3D
CC1=CC2(C)CC1C(c1ccc(C#N)cc1)=C2c1cccc(C)c1,362.0,67.62,75.0,0.0001,3-Methylphenyl,4-Cyanophenyl,"1,4-Dimethyl",NBD_QC_Functionalized,NBD_Combinatorial_M08_Aligned,RDKit_MMFF94_3D
Cc1cccc(C2=C(c3ccc([N+](=O)[O-])cc3)C3C=CC2C3)c1,367.0,75.5,75.0,0.0001,3-Methylphenyl,4-Nitrophenyl,Unsubstituted_C7,NBD_QC_Functionalized,NBD_Combinatorial_M08_Aligned,RDKit_MMFF94_3D
Cc1cccc(C2=C(c3ccc([N+](=O)[O-])cc3)C3C=CC2C3(C)C)c1,367.0,70.5,75.0,0.0001,3-Methylphenyl,4-Nitrophenyl,"7,7-Dimethyl",NBD_QC_Functionalized,NBD_Combinatorial_M08_Aligned,RDKit_MMFF94_3D
CC1=CC2(C)CC1C(c1ccc([N+](=O)[O-])cc1)=C2c1cccc(C)c1,367.0,67.47,75.0,0.0001,3-Methylphenyl,4-Nitrophenyl,"1,4-Dimethyl",NBD_QC_Functionalized,NBD_Combinatorial_M08_Aligned,RDKit_MMFF94_3D
Cc1cccc(C2=C(c3ccc(C(F)(F)F)cc3)C3C=CC2C3)c1,355.0,67.83,75.0,0.0001,3-Methylphenyl,4-Trifluoromethylphenyl,Unsubstituted_C7,NBD_QC_Functionalized,NBD_Combinatorial_M08_Aligned,RDKit_MMFF94_3D
Cc1cccc(C2=C(c3ccc(C(F)(F)F)cc3)C3C=CC2C3(C)C)c1,355.0,67.83,75.0,0.0001,3-Methylphenyl,4-Trifluoromethylphenyl,"7,7-Dimethyl",NBD_QC_Functionalized,NBD_Combinatorial_M08_Aligned,RDKit_MMFF94_3D
CC1=CC2(C)CC1C(c1ccc(C(F)(F)F)cc1)=C2c1cccc(C)c1,355.0,67.83,75.0,0.0001,3-Methylphenyl,4-Trifluoromethylphenyl,"1,4-Dimethyl",NBD_QC_Functionalized,NBD_Combinatorial_M08_Aligned,RDKit_MMFF94_3D
Cc1cccc(C2=C(C(=O)c3ccccc3)C3C=CC2C3)c1,352.0,38.46,75.0,0.0001,3-Methylphenyl,Benzoyl,Unsubstituted_C7,NBD_QC_Functionalized,NBD_Combinatorial_M08_Aligned,RDKit_MMFF94_3D
Cc1cccc(C2=C(C(=O)c3ccccc3)C3C=CC2C3(C)C)c1,352.0,70.5,75.0,0.0001,3-Methylphenyl,Benzoyl,"7,7-Dimethyl",NBD_QC_Functionalized,NBD_Combinatorial_M08_Aligned,RDKit_MMFF94_3D
CC1=CC2(C)CC1C(C(=O)c1ccccc1)=C2c1cccc(C)c1,352.0,58.5,75.0,0.0001,3-Methylphenyl,Benzoyl,"1,4-Dimethyl",NBD_QC_Functionalized,NBD_Combinatorial_M08_Aligned,RDKit_MMFF94_3D
Cc1cccc(C2=C(c3ccccn3)C3C=CC2C3)c1,345.0,77.5,75.0,0.0001,3-Methylphenyl,2-Pyridyl,Unsubstituted_C7,NBD_QC_Functionalized,NBD_Combinatorial_M08_Aligned,RDKit_MMFF94_3D
Cc1cccc(C2=C(c3ccccn3)C3C=CC2C3(C)C)c1,345.0,70.5,75.0,0.0001,3-Methylphenyl,2-Pyridyl,"7,7-Dimethyl",NBD_QC_Functionalized,NBD_Combinatorial_M08_Aligned,RDKit_MMFF94_3D
CC1=CC2(C)CC1C(c1ccccn1)=C2c1cccc(C)c1,345.0,59.5,75.0,0.0001,3-Methylphenyl,2-Pyridyl,"1,4-Dimethyl",NBD_QC_Functionalized,NBD_Combinatorial_M08_Aligned,RDKit_MMFF94_3D
Cc1cccc(C2=C(c3ccncc3)C3C=CC2C3)c1,347.0,58.5,75.0,0.0001,3-Methylphenyl,4-Pyridyl,Unsubstituted_C7,NBD_QC_Functionalized,NBD_Combinatorial_M08_Aligned,RDKit_MMFF94_3D
Cc1cccc(C2=C(c3ccncc3)C3C=CC2C3(C)C)c1,347.0,68.07,75.0,0.0001,3-Methylphenyl,4-Pyridyl,"7,7-Dimethyl",NBD_QC_Functionalized,NBD_Combinatorial_M08_Aligned,RDKit_MMFF94_3D
CC1=CC2(C)CC1C(c1ccncc1)=C2c1cccc(C)c1,347.0,80.5,75.0,0.0001,3-Methylphenyl,4-Pyridyl,"1,4-Dimethyl",NBD_QC_Functionalized,NBD_Combinatorial_M08_Aligned,RDKit_MMFF94_3D
Cc1cccc(C2=C(C(=O)O)C3C=CC2C3)c1,332.0,66.72,75.0,0.0001,3-Methylphenyl,Carboxylic acid,Unsubstituted_C7,NBD_QC_Functionalized,NBD_Combinatorial_M08_Aligned,RDKit_MMFF94_3D
Cc1cccc(C2=C(C(=O)O)C3C=CC2C3(C)C)c1,332.0,72.5,75.0,0.0001,3-Methylphenyl,Carboxylic acid,"7,7-Dimethyl",NBD_QC_Functionalized,NBD_Combinatorial_M08_Aligned,RDKit_MMFF94_3D
CC1=CC2(C)CC1C(C(=O)O)=C2c1cccc(C)c1,332.0,62.1,75.0,0.0001,3-Methylphenyl,Carboxylic acid,"1,4-Dimethyl",NBD_QC_Functionalized,NBD_Combinatorial_M08_Aligned,RDKit_MMFF94_3D
CCCCC(CC)COC(=O)C1=C(c2cccc(C)c2)C2C=CC1C2,337.0,63.94,75.0,0.0001,3-Methylphenyl,Ethylhexyl ester,Unsubstituted_C7,NBD_QC_Functionalized,NBD_Combinatorial_M08_Aligned,RDKit_MMFF94_3D
CCCCC(CC)COC(=O)C1=C(c2cccc(C)c2)C2C=CC1C2(C)C,337.0,72.5,75.0,0.0001,3-Methylphenyl,Ethylhexyl ester,"7,7-Dimethyl",NBD_QC_Functionalized,NBD_Combinatorial_M08_Aligned,RDKit_MMFF94_3D
CCCCC(CC)COC(=O)C1=C(c2cccc(C)c2)C2(C)C=C(C)C1C2,337.0,61.4,75.0,0.0001,3-Methylphenyl,Ethylhexyl ester,"1,4-Dimethyl",NBD_QC_Functionalized,NBD_Combinatorial_M08_Aligned,RDKit_MMFF94_3D
Cc1cccc(C2=C(c3cccc(C#N)c3)C3C=CC2C3)c1,359.0,67.71,75.0,0.0001,3-Methylphenyl,3-Cyanophenyl,Unsubstituted_C7,NBD_QC_Functionalized,NBD_Combinatorial_M08_Aligned,RDKit_MMFF94_3D
Cc1cccc(C2=C(c3cccc(C#N)c3)C3C=CC2C3(C)C)c1,359.0,67.71,75.0,0.0001,3-Methylphenyl,3-Cyanophenyl,"7,7-Dimethyl",NBD_QC_Functionalized,NBD_Combinatorial_M08_Aligned,RDKit_MMFF94_3D
CC1=CC2(C)CC1C(c1cccc(C#N)c1)=C2c1cccc(C)c1,359.0,67.71,75.0,0.0001,3-Methylphenyl,3-Cyanophenyl,"1,4-Dimethyl",NBD_QC_Functionalized,NBD_Combinatorial_M08_Aligned,RDKit_MMFF94_3D
Cc1cccc(C2=C(C(=O)OC(C)C)C3C=CC2C3)c1,335.0,77.5,75.0,0.0001,3-Methylphenyl,Isopropyl ester,Unsubstituted_C7,NBD_QC_Functionalized,NBD_Combinatorial_M08_Aligned,RDKit_MMFF94_3D
Cc1cccc(C2=C(C(=O)OC(C)C)C3C=CC2C3(C)C)c1,335.0,68.43,75.0,0.0001,3-Methylphenyl,Isopropyl ester,"7,7-Dimethyl",NBD_QC_Functionalized,NBD_Combinatorial_M08_Aligned,RDKit_MMFF94_3D
CC1=CC2(C)CC1C(C(=O)OC(C)C)=C2c1cccc(C)c1,335.0,57.2,75.0,0.0001,3-Methylphenyl,Isopropyl ester,"1,4-Dimethyl",NBD_QC_Functionalized,NBD_Combinatorial_M08_Aligned,RDKit_MMFF94_3D
Cc1cccc(C2=C(S(=O)(=O)c3ccccc3)C3C=CC2C3)c1,349.0,74.5,75.0,0.0001,3-Methylphenyl,Phenylsulfonyl,Unsubstituted_C7,NBD_QC_Functionalized,NBD_Combinatorial_M08_Aligned,RDKit_MMFF94_3D
Cc1cccc(C2=C(S(=O)(=O)c3ccccc3)C3C=CC2C3(C)C)c1,349.0,65.5,75.0,0.0001,3-Methylphenyl,Phenylsulfonyl,"7,7-Dimethyl",NBD_QC_Functionalized,NBD_Combinatorial_M08_Aligned,RDKit_MMFF94_3D
CC1=CC2(C)CC1C(S(=O)(=O)c1ccccc1)=C2c1cccc(C)c1,349.0,60.5,75.0,0.0001,3-Methylphenyl,Phenylsulfonyl,"1,4-Dimethyl",NBD_QC_Functionalized,NBD_Combinatorial_M08_Aligned,RDKit_MMFF94_3D
Cc1cccc(C2=C(c3nccs3)C3C=CC2C3)c1,343.0,79.5,75.0,0.0001,3-Methylphenyl,2-Thiazolyl,Unsubstituted_C7,NBD_QC_Functionalized,NBD_Combinatorial_M08_Aligned,RDKit_MMFF94_3D
Cc1cccc(C2=C(c3nccs3)C3C=CC2C3(C)C)c1,343.0,68.19,75.0,0.0001,3-Methylphenyl,2-Thiazolyl,"7,7-Dimethyl",NBD_QC_Functionalized,NBD_Combinatorial_M08_Aligned,RDKit_MMFF94_3D
CC1=CC2(C)CC1C(c1nccs1)=C2c1cccc(C)c1,343.0,80.5,75.0,0.0001,3-Methylphenyl,2-Thiazolyl,"1,4-Dimethyl",NBD_QC_Functionalized,NBD_Combinatorial_M08_Aligned,RDKit_MMFF94_3D
CCNC(=O)C1=C(c2cccc(C)c2)C2C=CC1C2,333.0,70.09,75.0,0.0001,3-Methylphenyl,Ethylamide,Unsubstituted_C7,NBD_QC_Functionalized,NBD_Combinatorial_M08_Aligned,RDKit_MMFF94_3D
CCNC(=O)C1=C(c2cccc(C)c2)C2C=CC1C2(C)C,333.0,64.5,75.0,0.0001,3-Methylphenyl,Ethylamide,"7,7-Dimethyl",NBD_QC_Functionalized,NBD_Combinatorial_M08_Aligned,RDKit_MMFF94_3D
CCNC(=O)C1=C(c2cccc(C)c2)C2(C)C=C(C)C1C2,333.0,65.81,75.0,0.0001,3-Methylphenyl,Ethylamide,"1,4-Dimethyl",NBD_QC_Functionalized,NBD_Combinatorial_M08_Aligned,RDKit_MMFF94_3D
CSc1ccc(C2=C(C#N)C3C=CC2C3)cc1,348.0,66.09,75.0,0.0001,4-Methylthiophenyl,Cyano,Unsubstituted_C7,NBD_QC_Functionalized,NBD_Combinatorial_M08_Aligned,RDKit_MMFF94_3D
CSc1ccc(C2=C(C#N)C3C=CC2C3(C)C)cc1,348.0,82.5,75.0,0.0001,4-Methylthiophenyl,Cyano,"7,7-Dimethyl",NBD_QC_Functionalized,NBD_Combinatorial_M08_Aligned,RDKit_MMFF94_3D
CSc1ccc(C2=C(C#N)C3CC2(C)C=C3C)cc1,348.0,59.39,75.0,0.0001,4-Methylthiophenyl,Cyano,"1,4-Dimethyl",NBD_QC_Functionalized,NBD_Combinatorial_M08_Aligned,RDKit_MMFF94_3D
COC(=O)C1=C(c2ccc(SC)cc2)C2C=CC1C2,351.0,79.5,75.0,0.0001,4-Methylthiophenyl,Methyl ester,Unsubstituted_C7,NBD_QC_Functionalized,NBD_Combinatorial_M08_Aligned,RDKit_MMFF94_3D
COC(=O)C1=C(c2ccc(SC)cc2)C2C=CC1C2(C)C,351.0,60.5,75.0,0.0001,4-Methylthiophenyl,Methyl ester,"7,7-Dimethyl",NBD_QC_Functionalized,NBD_Combinatorial_M08_Aligned,RDKit_MMFF94_3D
COC(=O)C1=C(c2ccc(SC)cc2)C2(C)C=C(C)C1C2,351.0,63.2,75.0,0.0001,4-Methylthiophenyl,Methyl ester,"1,4-Dimethyl",NBD_QC_Functionalized,NBD_Combinatorial_M08_Aligned,RDKit_MMFF94_3D
CCOC(=O)C1=C(c2ccc(SC)cc2)C2C=CC1C2,351.0,68.03,75.0,0.0001,4-Methylthiophenyl,Ethyl ester,Unsubstituted_C7,NBD_QC_Functionalized,NBD_Combinatorial_M08_Aligned,RDKit_MMFF94_3D
CCOC(=O)C1=C(c2ccc(SC)cc2)C2C=CC1C2(C)C,351.0,77.5,75.0,0.0001,4-Methylthiophenyl,Ethyl ester,"7,7-Dimethyl",NBD_QC_Functionalized,NBD_Combinatorial_M08_Aligned,RDKit_MMFF94_3D
CCOC(=O)C1=C(c2ccc(SC)cc2)C2(C)C=C(C)C1C2,351.0,58.39,75.0,0.0001,4-Methylthiophenyl,Ethyl ester,"1,4-Dimethyl",NBD_QC_Functionalized,NBD_Combinatorial_M08_Aligned,RDKit_MMFF94_3D
CSc1ccc(C2=C(C(C)=O)C3C=CC2C3)cc1,353.0,34.99,75.0,0.0001,4-Methylthiophenyl,Acetyl,Unsubstituted_C7,NBD_QC_Functionalized,NBD_Combinatorial_M08_Aligned,RDKit_MMFF94_3D
CSc1ccc(C2=C(C(C)=O)C3C=CC2C3(C)C)cc1,353.0,69.17,75.0,0.0001,4-Methylthiophenyl,Acetyl,"7,7-Dimethyl",NBD_QC_Functionalized,NBD_Combinatorial_M08_Aligned,RDKit_MMFF94_3D
CSc1ccc(C2=C(C(C)=O)C3CC2(C)C=C3C)cc1,353.0,40.75,75.0,0.0001,4-Methylthiophenyl,Acetyl,"1,4-Dimethyl",NBD_QC_Functionalized,NBD_Combinatorial_M08_Aligned,RDKit_MMFF94_3D
CSc1ccc(C2=C(C(F)(F)F)C3C=CC2C3)cc1,338.0,133.69,75.0,0.0001,4-Methylthiophenyl,Trifluoromethyl,Unsubstituted_C7,NBD_QC_Functionalized,NBD_Combinatorial_M08_Aligned,RDKit_MMFF94_3D
CSc1ccc(C2=C(C(F)(F)F)C3C=CC2C3(C)C)cc1,338.0,70.21,75.0,0.0001,4-Methylthiophenyl,Trifluoromethyl,"7,7-Dimethyl",NBD_QC_Functionalized,NBD_Combinatorial_M08_Aligned,RDKit_MMFF94_3D
CSc1ccc(C2=C(C(F)(F)F)C3CC2(C)C=C3C)cc1,338.0,126.86,75.0,0.0001,4-Methylthiophenyl,Trifluoromethyl,"1,4-Dimethyl",NBD_QC_Functionalized,NBD_Combinatorial_M08_Aligned,RDKit_MMFF94_3D
CSc1ccc(C2=C(S(C)(=O)=O)C3C=CC2C3)cc1,343.0,66.5,75.0,0.0001,4-Methylthiophenyl,Methylsulfonyl,Unsubstituted_C7,NBD_QC_Functionalized,NBD_Combinatorial_M08_Aligned,RDKit_MMFF94_3D
CSc1ccc(C2=C(S(C)(=O)=O)C3C=CC2C3(C)C)cc1,343.0,70.68,75.0,0.0001,4-Methylthiophenyl,Methylsulfonyl,"7,7-Dimethyl",NBD_QC_Functionalized,NBD_Combinatorial_M08_Aligned,RDKit_MMFF94_3D
CSc1ccc(C2=C(S(C)(=O)=O)C3CC2(C)C=C3C)cc1,343.0,82.5,75.0,0.0001,4-Methylthiophenyl,Methylsulfonyl,"1,4-Dimethyl",NBD_QC_Functionalized,NBD_Combinatorial_M08_Aligned,RDKit_MMFF94_3D
CSc1ccc(C2=C(C(N)=O)C3C=CC2C3)cc1,347.0,58.2,75.0,0.0001,4-Methylthiophenyl,Carboxamide,Unsubstituted_C7,NBD_QC_Functionalized,NBD_Combinatorial_M08_Aligned,RDKit_MMFF94_3D
CSc1ccc(C2=C(C(N)=O)C3C=CC2C3(C)C)cc1,347.0,67.5,75.0,0.0001,4-Methylthiophenyl,Carboxamide,"7,7-Dimethyl",NBD_QC_Functionalized,NBD_Combinatorial_M08_Aligned,RDKit_MMFF94_3D
CSc1ccc(C2=C(C(N)=O)C3CC2(C)C=C3C)cc1,347.0,67.79,75.0,0.0001,4-Methylthiophenyl,Carboxamide,"1,4-Dimethyl",NBD_QC_Functionalized,NBD_Combinatorial_M08_Aligned,RDKit_MMFF94_3D
CSc1ccc(C2=C(c3ccc(C#N)cc3)C3C=CC2C3)cc1,378.0,71.5,75.0,0.0001,4-Methylthiophenyl,4-Cyanophenyl,Unsubstituted_C7,NBD_QC_Functionalized,NBD_Combinatorial_M08_Aligned,RDKit_MMFF94_3D
CSc1ccc(C2=C(c3ccc(C#N)cc3)C3C=CC2C3(C)C)cc1,378.0,68.42,75.0,0.0001,4-Methylthiophenyl,4-Cyanophenyl,"7,7-Dimethyl",NBD_QC_Functionalized,NBD_Combinatorial_M08_Aligned,RDKit_MMFF94_3D
CSc1ccc(C2=C(c3ccc(C#N)cc3)C3CC2(C)C=C3C)cc1,378.0,68.42,75.0,0.0001,4-Methylthiophenyl,4-Cyanophenyl,"1,4-Dimethyl",NBD_QC_Functionalized,NBD_Combinatorial_M08_Aligned,RDKit_MMFF94_3D
CSc1ccc(C2=C(c3ccc([N+](=O)[O-])cc3)C3C=CC2C3)cc1,383.0,68.27,75.0,0.0001,4-Methylthiophenyl,4-Nitrophenyl,Unsubstituted_C7,NBD_QC_Functionalized,NBD_Combinatorial_M08_Aligned,RDKit_MMFF94_3D
CSc1ccc(C2=C(c3ccc([N+](=O)[O-])cc3)C3C=CC2C3(C)C)cc1,383.0,76.5,75.0,0.0001,4-Methylthiophenyl,4-Nitrophenyl,"7,7-Dimethyl",NBD_QC_Functionalized,NBD_Combinatorial_M08_Aligned,RDKit_MMFF94_3D
CSc1ccc(C2=C(c3ccc([N+](=O)[O-])cc3)C3CC2(C)C=C3C)cc1,383.0,68.27,75.0,0.0001,4-Methylthiophenyl,4-Nitrophenyl,"1,4-Dimethyl",NBD_QC_Functionalized,NBD_Combinatorial_M08_Aligned,RDKit_MMFF94_3D
CSc1ccc(C2=C(c3ccc(C(F)(F)F)cc3)C3C=CC2C3)cc1,371.0,68.63,75.0,0.0001,4-Methylthiophenyl,4-Trifluoromethylphenyl,Unsubstituted_C7,NBD_QC_Functionalized,NBD_Combinatorial_M08_Aligned,RDKit_MMFF94_3D
CSc1ccc(C2=C(c3ccc(C(F)(F)F)cc3)C3C=CC2C3(C)C)cc1,371.0,60.5,75.0,0.0001,4-Methylthiophenyl,4-Trifluoromethylphenyl,"7,7-Dimethyl",NBD_QC_Functionalized,NBD_Combinatorial_M08_Aligned,RDKit_MMFF94_3D
CSc1ccc(C2=C(c3ccc(C(F)(F)F)cc3)C3CC2(C)C=C3C)cc1,371.0,68.63,75.0,0.0001,4-Methylthiophenyl,4-Trifluoromethylphenyl,"1,4-Dimethyl",NBD_QC_Functionalized,NBD_Combinatorial_M08_Aligned,RDKit_MMFF94_3D
CSc1ccc(C2=C(C(=O)c3ccccc3)C3C=CC2C3)cc1,368.0,60.5,75.0,0.0001,4-Methylthiophenyl,Benzoyl,Unsubstituted_C7,NBD_QC_Functionalized,NBD_Combinatorial_M08_Aligned,RDKit_MMFF94_3D
CSc1ccc(C2=C(C(=O)c3ccccc3)C3C=CC2C3(C)C)cc1,368.0,75.5,75.0,0.0001,4-Methylthiophenyl,Benzoyl,"7,7-Dimethyl",NBD_QC_Functionalized,NBD_Combinatorial_M08_Aligned,RDKit_MMFF94_3D
CSc1ccc(C2=C(C(=O)c3ccccc3)C3CC2(C)C=C3C)cc1,368.0,68.5,75.0,0.0001,4-Methylthiophenyl,Benzoyl,"1,4-Dimethyl",NBD_QC_Functionalized,NBD_Combinatorial_M08_Aligned,RDKit_MMFF94_3D
CSc1ccc(C2=C(c3ccccn3)C3C=CC2C3)cc1,361.0,35.53,75.0,0.0001,4-Methylthiophenyl,2-Pyridyl,Unsubstituted_C7,NBD_QC_Functionalized,NBD_Combinatorial_M08_Aligned,RDKit_MMFF94_3D
CSc1ccc(C2=C(c3ccccn3)C3C=CC2C3(C)C)cc1,361.0,59.5,75.0,0.0001,4-Methylthiophenyl,2-Pyridyl,"7,7-Dimethyl",NBD_QC_Functionalized,NBD_Combinatorial_M08_Aligned,RDKit_MMFF94_3D
CSc1ccc(C2=C(c3ccccn3)C3CC2(C)C=C3C)cc1,361.0,70.5,75.0,0.0001,4-Methylthiophenyl,2-Pyridyl,"1,4-Dimethyl",NBD_QC_Functionalized,NBD_Combinatorial_M08_Aligned,RDKit_MMFF94_3D
CSc1ccc(C2=C(c3ccncc3)C3C=CC2C3)cc1,363.0,68.87,75.0,0.0001,4-Methylthiophenyl,4-Pyridyl,Unsubstituted_C7,NBD_QC_Functionalized,NBD_Combinatorial_M08_Aligned,RDKit_MMFF94_3D
CSc1ccc(C2=C(c3ccncc3)C3C=CC2C3(C)C)cc1,363.0,77.5,75.0,0.0001,4-Methylthiophenyl,4-Pyridyl,"7,7-Dimethyl",NBD_QC_Functionalized,NBD_Combinatorial_M08_Aligned,RDKit_MMFF94_3D
CSc1ccc(C2=C(c3ccncc3)C3CC2(C)C=C3C)cc1,363.0,68.87,75.0,0.0001,4-Methylthiophenyl,4-Pyridyl,"1,4-Dimethyl",NBD_QC_Functionalized,NBD_Combinatorial_M08_Aligned,RDKit_MMFF94_3D
CSc1ccc(C2=C(C(=O)O)C3C=CC2C3)cc1,348.0,77.5,75.0,0.0001,4-Methylthiophenyl,Carboxylic acid,Unsubstituted_C7,NBD_QC_Functionalized,NBD_Combinatorial_M08_Aligned,RDKit_MMFF94_3D
CSc1ccc(C2=C(C(=O)O)C3C=CC2C3(C)C)cc1,348.0,70.5,75.0,0.0001,4-Methylthiophenyl,Carboxylic acid,"7,7-Dimethyl",NBD_QC_Functionalized,NBD_Combinatorial_M08_Aligned,RDKit_MMFF94_3D
CSc1ccc(C2=C(C(=O)O)C3CC2(C)C=C3C)cc1,348.0,65.57,75.0,0.0001,4-Methylthiophenyl,Carboxylic acid,"1,4-Dimethyl",NBD_QC_Functionalized,NBD_Combinatorial_M08_Aligned,RDKit_MMFF94_3D
CCCCC(CC)COC(=O)C1=C(c2ccc(SC)cc2)C2C=CC1C2,353.0,70.85,75.0,0.0001,4-Methylthiophenyl,Ethylhexyl ester,Unsubstituted_C7,NBD_QC_Functionalized,NBD_Combinatorial_M08_Aligned,RDKit_MMFF94_3D
CCCCC(CC)COC(=O)C1=C(c2ccc(SC)cc2)C2C=CC1C2(C)C,353.0,69.17,75.0,0.0001,4-Methylthiophenyl,Ethylhexyl ester,"7,7-Dimethyl",NBD_QC_Functionalized,NBD_Combinatorial_M08_Aligned,RDKit_MMFF94_3D
CCCCC(CC)COC(=O)C1=C(c2ccc(SC)cc2)C2(C)C=C(C)C1C2,353.0,75.5,75.0,0.0001,4-Methylthiophenyl,Ethylhexyl ester,"1,4-Dimethyl",NBD_QC_Functionalized,NBD_Combinatorial_M08_Aligned,RDKit_MMFF94_3D
CSc1ccc(C2=C(c3cccc(C#N)c3)C3C=CC2C3)cc1,375.0,68.51,75.0,0.0001,4-Methylthiophenyl,3-Cyanophenyl,Unsubstituted_C7,NBD_QC_Functionalized,NBD_Combinatorial_M08_Aligned,RDKit_MMFF94_3D
CSc1ccc(C2=C(c3cccc(C#N)c3)C3C=CC2C3(C)C)cc1,375.0,65.5,75.0,0.0001,4-Methylthiophenyl,3-Cyanophenyl,"7,7-Dimethyl",NBD_QC_Functionalized,NBD_Combinatorial_M08_Aligned,RDKit_MMFF94_3D
CSc1ccc(C2=C(c3cccc(C#N)c3)C3CC2(C)C=C3C)cc1,375.0,68.51,75.0,0.0001,4-Methylthiophenyl,3-Cyanophenyl,"1,4-Dimethyl",NBD_QC_Functionalized,NBD_Combinatorial_M08_Aligned,RDKit_MMFF94_3D
CSc1ccc(C2=C(C(=O)OC(C)C)C3C=CC2C3)cc1,351.0,65.17,75.0,0.0001,4-Methylthiophenyl,Isopropyl ester,Unsubstituted_C7,NBD_QC_Functionalized,NBD_Combinatorial_M08_Aligned,RDKit_MMFF94_3D
CSc1ccc(C2=C(C(=O)OC(C)C)C3C=CC2C3(C)C)cc1,351.0,69.23,75.0,0.0001,4-Methylthiophenyl,Isopropyl ester,"7,7-Dimethyl",NBD_QC_Functionalized,NBD_Combinatorial_M08_Aligned,RDKit_MMFF94_3D
CSc1ccc(C2=C(C(=O)OC(C)C)C3CC2(C)C=C3C)cc1,351.0,56.78,75.0,0.0001,4-Methylthiophenyl,Isopropyl ester,"1,4-Dimethyl",NBD_QC_Functionalized,NBD_Combinatorial_M08_Aligned,RDKit_MMFF94_3D
CSc1ccc(C2=C(S(=O)(=O)c3ccccc3)C3C=CC2C3)cc1,365.0,66.5,75.0,0.0001,4-Methylthiophenyl,Phenylsulfonyl,Unsubstituted_C7,NBD_QC_Functionalized,NBD_Combinatorial_M08_Aligned,RDKit_MMFF94_3D
CSc1ccc(C2=C(S(=O)(=O)c3ccccc3)C3C=CC2C3(C)C)cc1,365.0,81.5,75.0,0.0001,4-Methylthiophenyl,Phenylsulfonyl,"7,7-Dimethyl",NBD_QC_Functionalized,NBD_Combinatorial_M08_Aligned,RDKit_MMFF94_3D
CSc1ccc(C2=C(S(=O)(=O)c3ccccc3)C3CC2(C)C=C3C)cc1,365.0,59.5,75.0,0.0001,4-Methylthiophenyl,Phenylsulfonyl,"1,4-Dimethyl",NBD_QC_Functionalized,NBD_Combinatorial_M08_Aligned,RDKit_MMFF94_3D
CSc1ccc(C2=C(c3nccs3)C3C=CC2C3)cc1,359.0,82.5,75.0,0.0001,4-Methylthiophenyl,2-Thiazolyl,Unsubstituted_C7,NBD_QC_Functionalized,NBD_Combinatorial_M08_Aligned,RDKit_MMFF94_3D
CSc1ccc(C2=C(c3nccs3)C3C=CC2C3(C)C)cc1,359.0,68.99,75.0,0.0001,4-Methylthiophenyl,2-Thiazolyl,"7,7-Dimethyl",NBD_QC_Functionalized,NBD_Combinatorial_M08_Aligned,RDKit_MMFF94_3D
CSc1ccc(C2=C(c3nccs3)C3CC2(C)C=C3C)cc1,359.0,69.5,75.0,0.0001,4-Methylthiophenyl,2-Thiazolyl,"1,4-Dimethyl",NBD_QC_Functionalized,NBD_Combinatorial_M08_Aligned,RDKit_MMFF94_3D
CCNC(=O)C1=C(c2ccc(SC)cc2)C2C=CC1C2,349.0,72.94,75.0,0.0001,4-Methylthiophenyl,Ethylamide,Unsubstituted_C7,NBD_QC_Functionalized,NBD_Combinatorial_M08_Aligned,RDKit_MMFF94_3D
CCNC(=O)C1=C(c2ccc(SC)cc2)C2C=CC1C2(C)C,349.0,77.5,75.0,0.0001,4-Methylthiophenyl,Ethylamide,"7,7-Dimethyl",NBD_QC_Functionalized,NBD_Combinatorial_M08_Aligned,RDKit_MMFF94_3D
CCNC(=O)C1=C(c2ccc(SC)cc2)C2(C)C=C(C)C1C2,349.0,45.3,75.0,0.0001,4-Methylthiophenyl,Ethylamide,"1,4-Dimethyl",NBD_QC_Functionalized,NBD_Combinatorial_M08_Aligned,RDKit_MMFF94_3D
N#CC1=C(c2cc3ccccc3s2)C2C=CC1C2,358.0,77.49,75.0,0.0001,Benzothiophenyl,Cyano,Unsubstituted_C7,NBD_QC_Functionalized,NBD_Combinatorial_M08_Aligned,RDKit_MMFF94_3D
CC1(C)C2C=CC1C(c1cc3ccccc3s1)=C2C#N,358.0,64.5,75.0,0.0001,Benzothiophenyl,Cyano,"7,7-Dimethyl",NBD_QC_Functionalized,NBD_Combinatorial_M08_Aligned,RDKit_MMFF94_3D
CC1=CC2(C)CC1C(C#N)=C2c1cc2ccccc2s1,358.0,71.5,75.0,0.0001,Benzothiophenyl,Cyano,"1,4-Dimethyl",NBD_QC_Functionalized,NBD_Combinatorial_M08_Aligned,RDKit_MMFF94_3D
COC(=O)C1=C(c2cc3ccccc3s2)C2C=CC1C2,361.0,77.16,75.0,0.0001,Benzothiophenyl,Methyl ester,Unsubstituted_C7,NBD_QC_Functionalized,NBD_Combinatorial_M08_Aligned,RDKit_MMFF94_3D
COC(=O)C1=C(c2cc3ccccc3s2)C2C=CC1C2(C)C,361.0,79.5,75.0,0.0001,Benzothiophenyl,Methyl ester,"7,7-Dimethyl",NBD_QC_Functionalized,NBD_Combinatorial_M08_Aligned,RDKit_MMFF94_3D
COC(=O)C1=C(c2cc3ccccc3s2)C2(C)C=C(C)C1C2,361.0,72.4,75.0,0.0001,Benzothiophenyl,Methyl ester,"1,4-Dimethyl",NBD_QC_Functionalized,NBD_Combinatorial_M08_Aligned,RDKit_MMFF94_3D
CCOC(=O)C1=C(c2cc3ccccc3s2)C2C=CC1C2,361.0,76.25,75.0,0.0001,Benzothiophenyl,Ethyl ester,Unsubstituted_C7,NBD_QC_Functionalized,NBD_Combinatorial_M08_Aligned,RDKit_MMFF94_3D
CCOC(=O)C1=C(c2cc3ccccc3s2)C2C=CC1C2(C)C,361.0,69.5,75.0,0.0001,Benzothiophenyl,Ethyl ester,"7,7-Dimethyl",NBD_QC_Functionalized,NBD_Combinatorial_M08_Aligned,RDKit_MMFF94_3D
CCOC(=O)C1=C(c2cc3ccccc3s2)C2(C)C=C(C)C1C2,361.0,77.36,75.0,0.0001,Benzothiophenyl,Ethyl ester,"1,4-Dimethyl",NBD_QC_Functionalized,NBD_Combinatorial_M08_Aligned,RDKit_MMFF94_3D
CC(=O)C1=C(c2cc3ccccc3s2)C2C=CC1C2,363.0,58.5,75.0,0.0001,Benzothiophenyl,Acetyl,Unsubstituted_C7,NBD_QC_Functionalized,NBD_Combinatorial_M08_Aligned,RDKit_MMFF94_3D
CC(=O)C1=C(c2cc3ccccc3s2)C2C=CC1C2(C)C,363.0,69.67,75.0,0.0001,Benzothiophenyl,Acetyl,"7,7-Dimethyl",NBD_QC_Functionalized,NBD_Combinatorial_M08_Aligned,RDKit_MMFF94_3D
CC(=O)C1=C(c2cc3ccccc3s2)C2(C)C=C(C)C1C2,363.0,68.5,75.0,0.0001,Benzothiophenyl,Acetyl,"1,4-Dimethyl",NBD_QC_Functionalized,NBD_Combinatorial_M08_Aligned,RDKit_MMFF94_3D
FC(F)(F)C1=C(c2cc3ccccc3s2)C2C=CC1C2,348.0,148.48,75.0,0.0001,Benzothiophenyl,Trifluoromethyl,Unsubstituted_C7,NBD_QC_Functionalized,NBD_Combinatorial_M08_Aligned,RDKit_MMFF94_3D
CC1(C)C2C=CC1C(C(F)(F)F)=C2c1cc2ccccc2s1,348.0,78.09,75.0,0.0001,Benzothiophenyl,Trifluoromethyl,"7,7-Dimethyl",NBD_QC_Functionalized,NBD_Combinatorial_M08_Aligned,RDKit_MMFF94_3D
CC1=CC2(C)CC1C(C(F)(F)F)=C2c1cc2ccccc2s1,348.0,142.31,75.0,0.0001,Benzothiophenyl,Trifluoromethyl,"1,4-Dimethyl",NBD_QC_Functionalized,NBD_Combinatorial_M08_Aligned,RDKit_MMFF94_3D
CS(=O)(=O)C1=C(c2cc3ccccc3s2)C2C=CC1C2,353.0,145.01,75.0,0.0001,Benzothiophenyl,Methylsulfonyl,Unsubstituted_C7,NBD_QC_Functionalized,NBD_Combinatorial_M08_Aligned,RDKit_MMFF94_3D
CC1(C)C2C=CC1C(S(C)(=O)=O)=C2c1cc2ccccc2s1,353.0,112.99,75.0,0.0001,Benzothiophenyl,Methylsulfonyl,"7,7-Dimethyl",NBD_QC_Functionalized,NBD_Combinatorial_M08_Aligned,RDKit_MMFF94_3D
CC1=CC2(C)CC1C(S(C)(=O)=O)=C2c1cc2ccccc2s1,353.0,69.5,75.0,0.0001,Benzothiophenyl,Methylsulfonyl,"1,4-Dimethyl",NBD_QC_Functionalized,NBD_Combinatorial_M08_Aligned,RDKit_MMFF94_3D
NC(=O)C1=C(c2cc3ccccc3s2)C2C=CC1C2,357.0,79.09,75.0,0.0001,Benzothiophenyl,Carboxamide,Unsubstituted_C7,NBD_QC_Functionalized,NBD_Combinatorial_M08_Aligned,RDKit_MMFF94_3D
CC1(C)C2C=CC1C(c1cc3ccccc3s1)=C2C(N)=O,357.0,73.5,75.0,0.0001,Benzothiophenyl,Carboxamide,"7,7-Dimethyl",NBD_QC_Functionalized,NBD_Combinatorial_M08_Aligned,RDKit_MMFF94_3D
CC1=CC2(C)CC1C(C(N)=O)=C2c1cc2ccccc2s1,357.0,81.73,75.0,0.0001,Benzothiophenyl,Carboxamide,"1,4-Dimethyl",NBD_QC_Functionalized,NBD_Combinatorial_M08_Aligned,RDKit_MMFF94_3D
N#Cc1ccc(C2=C(c3cc4ccccc4s3)C3C=CC2C3)cc1,388.0,68.92,75.0,0.0001,Benzothiophenyl,4-Cyanophenyl,Unsubstituted_C7,NBD_QC_Functionalized,NBD_Combinatorial_M08_Aligned,RDKit_MMFF94_3D
CC1(C)C2C=CC1C(c1cc3ccccc3s1)=C2c1ccc(C#N)cc1,388.0,68.92,75.0,0.0001,Benzothiophenyl,4-Cyanophenyl,"7,7-Dimethyl",NBD_QC_Functionalized,NBD_Combinatorial_M08_Aligned,RDKit_MMFF94_3D
CC1=CC2(C)CC1C(c1ccc(C#N)cc1)=C2c1cc2ccccc2s1,388.0,68.92,75.0,0.0001,Benzothiophenyl,4-Cyanophenyl,"1,4-Dimethyl",NBD_QC_Functionalized,NBD_Combinatorial_M08_Aligned,RDKit_MMFF94_3D
O=[N+]([O-])c1ccc(C2=C(c3cc4ccccc4s3)C3C=CC2C3)cc1,393.0,80.5,75.0,0.0001,Benzothiophenyl,4-Nitrophenyl,Unsubstituted_C7,NBD_QC_Functionalized,NBD_Combinatorial_M08_Aligned,RDKit_MMFF94_3D
CC1(C)C2C=CC1C(c1cc3ccccc3s1)=C2c1ccc([N+](=O)[O-])cc1,393.0,68.77,75.0,0.0001,Benzothiophenyl,4-Nitrophenyl,"7,7-Dimethyl",NBD_QC_Functionalized,NBD_Combinatorial_M08_Aligned,RDKit_MMFF94_3D
CC1=CC2(C)CC1C(c1ccc([N+](=O)[O-])cc1)=C2c1cc2ccccc2s1,393.0,68.77,75.0,0.0001,Benzothiophenyl,4-Nitrophenyl,"1,4-Dimethyl",NBD_QC_Functionalized,NBD_Combinatorial_M08_Aligned,RDKit_MMFF94_3D
FC(F)(F)c1ccc(C2=C(c3cc4ccccc4s3)C3C=CC2C3)cc1,381.0,69.13,75.0,0.0001,Benzothiophenyl,4-Trifluoromethylphenyl,Unsubstituted_C7,NBD_QC_Functionalized,NBD_Combinatorial_M08_Aligned,RDKit_MMFF94_3D
CC1(C)C2C=CC1C(c1cc3ccccc3s1)=C2c1ccc(C(F)(F)F)cc1,381.0,61.5,75.0,0.0001,Benzothiophenyl,4-Trifluoromethylphenyl,"7,7-Dimethyl",NBD_QC_Functionalized,NBD_Combinatorial_M08_Aligned,RDKit_MMFF94_3D
CC1=CC2(C)CC1C(c1ccc(C(F)(F)F)cc1)=C2c1cc2ccccc2s1,381.0,69.13,75.0,0.0001,Benzothiophenyl,4-Trifluoromethylphenyl,"1,4-Dimethyl",NBD_QC_Functionalized,NBD_Combinatorial_M08_Aligned,RDKit_MMFF94_3D
O=C(C1=C(c2cc3ccccc3s2)C2C=CC1C2)c1ccccc1,378.0,40.55,75.0,0.0001,Benzothiophenyl,Benzoyl,Unsubstituted_C7,NBD_QC_Functionalized,NBD_Combinatorial_M08_Aligned,RDKit_MMFF94_3D
CC1(C)C2C=CC1C(c1cc3ccccc3s1)=C2C(=O)c1ccccc1,378.0,69.22,75.0,0.0001,Benzothiophenyl,Benzoyl,"7,7-Dimethyl",NBD_QC_Functionalized,NBD_Combinatorial_M08_Aligned,RDKit_MMFF94_3D
CC1=CC2(C)CC1C(C(=O)c1ccccc1)=C2c1cc2ccccc2s1,378.0,68.5,75.0,0.0001,Benzothiophenyl,Benzoyl,"1,4-Dimethyl",NBD_QC_Functionalized,NBD_Combinatorial_M08_Aligned,RDKit_MMFF94_3D
C1=CC2CC1C(c1ccccn1)=C2c1cc2ccccc2s1,371.0,32.24,75.0,0.0001,Benzothiophenyl,2-Pyridyl,Unsubstituted_C7,NBD_QC_Functionalized,NBD_Combinatorial_M08_Aligned,RDKit_MMFF94_3D
CC1(C)C2C=CC1C(c1cc3ccccc3s1)=C2c1ccccn1,371.0,69.43,75.0,0.0001,Benzothiophenyl,2-Pyridyl,"7,7-Dimethyl",NBD_QC_Functionalized,NBD_Combinatorial_M08_Aligned,RDKit_MMFF94_3D
CC1=CC2(C)CC1C(c1ccccn1)=C2c1cc2ccccc2s1,371.0,77.5,75.0,0.0001,Benzothiophenyl,2-Pyridyl,"1,4-Dimethyl",NBD_QC_Functionalized,NBD_Combinatorial_M08_Aligned,RDKit_MMFF94_3D
C1=CC2CC1C(c1ccncc1)=C2c1cc2ccccc2s1,373.0,64.5,75.0,0.0001,Benzothiophenyl,4-Pyridyl,Unsubstituted_C7,NBD_QC_Functionalized,NBD_Combinatorial_M08_Aligned,RDKit_MMFF94_3D
CC1(C)C2C=CC1C(c1cc3ccccc3s1)=C2c1ccncc1,373.0,69.37,75.0,0.0001,Benzothiophenyl,4-Pyridyl,"7,7-Dimethyl",NBD_QC_Functionalized,NBD_Combinatorial_M08_Aligned,RDKit_MMFF94_3D
CC1=CC2(C)CC1C(c1ccncc1)=C2c1cc2ccccc2s1,373.0,75.5,75.0,0.0001,Benzothiophenyl,4-Pyridyl,"1,4-Dimethyl",NBD_QC_Functionalized,NBD_Combinatorial_M08_Aligned,RDKit_MMFF94_3D
O=C(O)C1=C(c2cc3ccccc3s2)C2C=CC1C2,358.0,79.77,75.0,0.0001,Benzothiophenyl,Carboxylic acid,Unsubstituted_C7,NBD_QC_Functionalized,NBD_Combinatorial_M08_Aligned,RDKit_MMFF94_3D
CC1(C)C2C=CC1C(c1cc3ccccc3s1)=C2C(=O)O,358.0,59.5,75.0,0.0001,Benzothiophenyl,Carboxylic acid,"7,7-Dimethyl",NBD_QC_Functionalized,NBD_Combinatorial_M08_Aligned,RDKit_MMFF94_3D
CC1=CC2(C)CC1C(C(=O)O)=C2c1cc2ccccc2s1,358.0,78.47,75.0,0.0001,Benzothiophenyl,Carboxylic acid,"1,4-Dimethyl",NBD_QC_Functionalized,NBD_Combinatorial_M08_Aligned,RDKit_MMFF94_3D
CCCCC(CC)COC(=O)C1=C(c2cc3ccccc3s2)C2C=CC1C2,363.0,89.43,75.0,0.0001,Benzothiophenyl,Ethylhexyl ester,Unsubstituted_C7,NBD_QC_Functionalized,NBD_Combinatorial_M08_Aligned,RDKit_MMFF94_3D
CCCCC(CC)COC(=O)C1=C(c2cc3ccccc3s2)C2C=CC1C2(C)C,363.0,79.5,75.0,0.0001,Benzothiophenyl,Ethylhexyl ester,"7,7-Dimethyl",NBD_QC_Functionalized,NBD_Combinatorial_M08_Aligned,RDKit_MMFF94_3D
CCCCC(CC)COC(=O)C1=C(c2cc3ccccc3s2)C2(C)C=C(C)C1C2,363.0,84.48,75.0,0.0001,Benzothiophenyl,Ethylhexyl ester,"1,4-Dimethyl",NBD_QC_Functionalized,NBD_Combinatorial_M08_Aligned,RDKit_MMFF94_3D
N#Cc1cccc(C2=C(c3cc4ccccc4s3)C3C=CC2C3)c1,385.0,69.01,75.0,0.0001,Benzothiophenyl,3-Cyanophenyl,Unsubstituted_C7,NBD_QC_Functionalized,NBD_Combinatorial_M08_Aligned,RDKit_MMFF94_3D
CC1(C)C2C=CC1C(c1cc3ccccc3s1)=C2c1cccc(C#N)c1,385.0,69.01,75.0,0.0001,Benzothiophenyl,3-Cyanophenyl,"7,7-Dimethyl",NBD_QC_Functionalized,NBD_Combinatorial_M08_Aligned,RDKit_MMFF94_3D
CC1=CC2(C)CC1C(c1cccc(C#N)c1)=C2c1cc2ccccc2s1,385.0,69.01,75.0,0.0001,Benzothiophenyl,3-Cyanophenyl,"1,4-Dimethyl",NBD_QC_Functionalized,NBD_Combinatorial_M08_Aligned,RDKit_MMFF94_3D
CC(C)OC(=O)C1=C(c2cc3ccccc3s2)C2C=CC1C2,361.0,73.93,75.0,0.0001,Benzothiophenyl,Isopropyl ester,Unsubstituted_C7,NBD_QC_Functionalized,NBD_Combinatorial_M08_Aligned,RDKit_MMFF94_3D
CC(C)OC(=O)C1=C(c2cc3ccccc3s2)C2C=CC1C2(C)C,361.0,70.5,75.0,0.0001,Benzothiophenyl,Isopropyl ester,"7,7-Dimethyl",NBD_QC_Functionalized,NBD_Combinatorial_M08_Aligned,RDKit_MMFF94_3D
CC1=CC2(C)CC1C(C(=O)OC(C)C)=C2c1cc2ccccc2s1,361.0,68.06,75.0,0.0001,Benzothiophenyl,Isopropyl ester,"1,4-Dimethyl",NBD_QC_Functionalized,NBD_Combinatorial_M08_Aligned,RDKit_MMFF94_3D
O=S(=O)(C1=C(c2cc3ccccc3s2)C2C=CC1C2)c1ccccc1,375.0,65.5,75.0,0.0001,Benzothiophenyl,Phenylsulfonyl,Unsubstituted_C7,NBD_QC_Functionalized,NBD_Combinatorial_M08_Aligned,RDKit_MMFF94_3D
CC1(C)C2C=CC1C(S(=O)(=O)c1ccccc1)=C2c1cc2ccccc2s1,375.0,68.5,75.0,0.0001,Benzothiophenyl,Phenylsulfonyl,"7,7-Dimethyl",NBD_QC_Functionalized,NBD_Combinatorial_M08_Aligned,RDKit_MMFF94_3D
CC1=CC2(C)CC1C(S(=O)(=O)c1ccccc1)=C2c1cc2ccccc2s1,375.0,71.5,75.0,0.0001,Benzothiophenyl,Phenylsulfonyl,"1,4-Dimethyl",NBD_QC_Functionalized,NBD_Combinatorial_M08_Aligned,RDKit_MMFF94_3D
C1=CC2CC1C(c1cc3ccccc3s1)=C2c1nccs1,369.0,78.5,75.0,0.0001,Benzothiophenyl,2-Thiazolyl,Unsubstituted_C7,NBD_QC_Functionalized,NBD_Combinatorial_M08_Aligned,RDKit_MMFF94_3D
CC1(C)C2C=CC1C(c1nccs1)=C2c1cc2ccccc2s1,369.0,69.49,75.0,0.0001,Benzothiophenyl,2-Thiazolyl,"7,7-Dimethyl",NBD_QC_Functionalized,NBD_Combinatorial_M08_Aligned,RDKit_MMFF94_3D
CC1=CC2(C)CC1C(c1nccs1)=C2c1cc2ccccc2s1,369.0,61.5,75.0,0.0001,Benzothiophenyl,2-Thiazolyl,"1,4-Dimethyl",NBD_QC_Functionalized,NBD_Combinatorial_M08_Aligned,RDKit_MMFF94_3D
CCNC(=O)C1=C(c2cc3ccccc3s2)C2C=CC1C2,359.0,59.5,75.0,0.0001,Benzothiophenyl,Ethylamide,Unsubstituted_C7,NBD_QC_Functionalized,NBD_Combinatorial_M08_Aligned,RDKit_MMFF94_3D
CCNC(=O)C1=C(c2cc3ccccc3s2)C2C=CC1C2(C)C,359.0,69.79,75.0,0.0001,Benzothiophenyl,Ethylamide,"7,7-Dimethyl",NBD_QC_Functionalized,NBD_Combinatorial_M08_Aligned,RDKit_MMFF94_3D
CCNC(=O)C1=C(c2cc3ccccc3s2)C2(C)C=C(C)C1C2,359.0,45.35,75.0,0.0001,Benzothiophenyl,Ethylamide,"1,4-Dimethyl",NBD_QC_Functionalized,NBD_Combinatorial_M08_Aligned,RDKit_MMFF94_3D
N#CC1=C(c2cc3ccccc3o2)C2C=CC1C2,352.0,98.73,75.0,0.0001,Benzofuranyl,Cyano,Unsubstituted_C7,NBD_QC_Functionalized,NBD_Combinatorial_M08_Aligned,RDKit_MMFF94_3D
CC1(C)C2C=CC1C(c1cc3ccccc3o1)=C2C#N,352.0,62.5,75.0,0.0001,Benzofuranyl,Cyano,"7,7-Dimethyl",NBD_QC_Functionalized,NBD_Combinatorial_M08_Aligned,RDKit_MMFF94_3D
CC1=CC2(C)CC1C(C#N)=C2c1cc2ccccc2o1,352.0,95.41,75.0,0.0001,Benzofuranyl,Cyano,"1,4-Dimethyl",NBD_QC_Functionalized,NBD_Combinatorial_M08_Aligned,RDKit_MMFF94_3D
COC(=O)C1=C(c2cc3ccccc3o2)C2C=CC1C2,355.0,95.3,75.0,0.0001,Benzofuranyl,Methyl ester,Unsubstituted_C7,NBD_QC_Functionalized,NBD_Combinatorial_M08_Aligned,RDKit_MMFF94_3D
COC(=O)C1=C(c2cc3ccccc3o2)C2C=CC1C2(C)C,355.0,40.43,75.0,0.0001,Benzofuranyl,Methyl ester,"7,7-Dimethyl",NBD_QC_Functionalized,NBD_Combinatorial_M08_Aligned,RDKit_MMFF94_3D
COC(=O)C1=C(c2cc3ccccc3o2)C2(C)C=C(C)C1C2,355.0,85.78,75.0,0.0001,Benzofuranyl,Methyl ester,"1,4-Dimethyl",NBD_QC_Functionalized,NBD_Combinatorial_M08_Aligned,RDKit_MMFF94_3D
CCOC(=O)C1=C(c2cc3ccccc3o2)C2C=CC1C2,355.0,99.76,75.0,0.0001,Benzofuranyl,Ethyl ester,Unsubstituted_C7,NBD_QC_Functionalized,NBD_Combinatorial_M08_Aligned,RDKit_MMFF94_3D
CCOC(=O)C1=C(c2cc3ccccc3o2)C2C=CC1C2(C)C,355.0,77.5,75.0,0.0001,Benzofuranyl,Ethyl ester,"7,7-Dimethyl",NBD_QC_Functionalized,NBD_Combinatorial_M08_Aligned,RDKit_MMFF94_3D
CCOC(=O)C1=C(c2cc3ccccc3o2)C2(C)C=C(C)C1C2,355.0,85.56,75.0,0.0001,Benzofuranyl,Ethyl ester,"1,4-Dimethyl",NBD_QC_Functionalized,NBD_Combinatorial_M08_Aligned,RDKit_MMFF94_3D
CC(=O)C1=C(c2cc3ccccc3o2)C2C=CC1C2,357.0,76.53,75.0,0.0001,Benzofuranyl,Acetyl,Unsubstituted_C7,NBD_QC_Functionalized,NBD_Combinatorial_M08_Aligned,RDKit_MMFF94_3D
CC(=O)C1=C(c2cc3ccccc3o2)C2C=CC1C2(C)C,357.0,75.5,75.0,0.0001,Benzofuranyl,Acetyl,"7,7-Dimethyl",NBD_QC_Functionalized,NBD_Combinatorial_M08_Aligned,RDKit_MMFF94_3D
CC(=O)C1=C(c2cc3ccccc3o2)C2(C)C=C(C)C1C2,357.0,70.84,75.0,0.0001,Benzofuranyl,Acetyl,"1,4-Dimethyl",NBD_QC_Functionalized,NBD_Combinatorial_M08_Aligned,RDKit_MMFF94_3D
FC(F)(F)C1=C(c2cc3ccccc3o2)C2C=CC1C2,342.0,63.5,75.0,0.0001,Benzofuranyl,Trifluoromethyl,Unsubstituted_C7,NBD_QC_Functionalized,NBD_Combinatorial_M08_Aligned,RDKit_MMFF94_3D
CC1(C)C2C=CC1C(C(F)(F)F)=C2c1cc2ccccc2o1,342.0,101.33,75.0,0.0001,Benzofuranyl,Trifluoromethyl,"7,7-Dimethyl",NBD_QC_Functionalized,NBD_Combinatorial_M08_Aligned,RDKit_MMFF94_3D
CC1=CC2(C)CC1C(C(F)(F)F)=C2c1cc2ccccc2o1,342.0,82.5,75.0,0.0001,Benzofuranyl,Trifluoromethyl,"1,4-Dimethyl",NBD_QC_Functionalized,NBD_Combinatorial_M08_Aligned,RDKit_MMFF94_3D
CS(=O)(=O)C1=C(c2cc3ccccc3o2)C2C=CC1C2,347.0,70.5,75.0,0.0001,Benzofuranyl,Methylsulfonyl,Unsubstituted_C7,NBD_QC_Functionalized,NBD_Combinatorial_M08_Aligned,RDKit_MMFF94_3D
CC1(C)C2C=CC1C(S(C)(=O)=O)=C2c1cc2ccccc2o1,347.0,128.51,75.0,0.0001,Benzofuranyl,Methylsulfonyl,"7,7-Dimethyl",NBD_QC_Functionalized,NBD_Combinatorial_M08_Aligned,RDKit_MMFF94_3D
CC1=CC2(C)CC1C(S(C)(=O)=O)=C2c1cc2ccccc2o1,347.0,62.5,75.0,0.0001,Benzofuranyl,Methylsulfonyl,"1,4-Dimethyl",NBD_QC_Functionalized,NBD_Combinatorial_M08_Aligned,RDKit_MMFF94_3D
NC(=O)C1=C(c2cc3ccccc3o2)C2C=CC1C2,351.0,84.45,75.0,0.0001,Benzofuranyl,Carboxamide,Unsubstituted_C7,NBD_QC_Functionalized,NBD_Combinatorial_M08_Aligned,RDKit_MMFF94_3D
CC1(C)C2C=CC1C(c1cc3ccccc3o1)=C2C(N)=O,351.0,32.98,75.0,0.0001,Benzofuranyl,Carboxamide,"7,7-Dimethyl",NBD_QC_Functionalized,NBD_Combinatorial_M08_Aligned,RDKit_MMFF94_3D
CC1=CC2(C)CC1C(C(N)=O)=C2c1cc2ccccc2o1,351.0,82.17,75.0,0.0001,Benzofuranyl,Carboxamide,"1,4-Dimethyl",NBD_QC_Functionalized,NBD_Combinatorial_M08_Aligned,RDKit_MMFF94_3D
N#Cc1ccc(C2=C(c3cc4ccccc4o3)C3C=CC2C3)cc1,382.0,68.62,75.0,0.0001,Benzofuranyl,4-Cyanophenyl,Unsubstituted_C7,NBD_QC_Functionalized,NBD_Combinatorial_M08_Aligned,RDKit_MMFF94_3D
CC1(C)C2C=CC1C(c1cc3ccccc3o1)=C2c1ccc(C#N)cc1,382.0,68.62,75.0,0.0001,Benzofuranyl,4-Cyanophenyl,"7,7-Dimethyl",NBD_QC_Functionalized,NBD_Combinatorial_M08_Aligned,RDKit_MMFF94_3D
CC1=CC2(C)CC1C(c1ccc(C#N)cc1)=C2c1cc2ccccc2o1,382.0,68.62,75.0,0.0001,Benzofuranyl,4-Cyanophenyl,"1,4-Dimethyl",NBD_QC_Functionalized,NBD_Combinatorial_M08_Aligned,RDKit_MMFF94_3D
O=[N+]([O-])c1ccc(C2=C(c3cc4ccccc4o3)C3C=CC2C3)cc1,387.0,79.5,75.0,0.0001,Benzofuranyl,4-Nitrophenyl,Unsubstituted_C7,NBD_QC_Functionalized,NBD_Combinatorial_M08_Aligned,RDKit_MMFF94_3D
CC1(C)C2C=CC1C(c1cc3ccccc3o1)=C2c1ccc([N+](=O)[O-])cc1,387.0,68.47,75.0,0.0001,Benzofuranyl,4-Nitrophenyl,"7,7-Dimethyl",NBD_QC_Functionalized,NBD_Combinatorial_M08_Aligned,RDKit_MMFF94_3D
CC1=CC2(C)CC1C(c1ccc([N+](=O)[O-])cc1)=C2c1cc2ccccc2o1,387.0,80.5,75.0,0.0001,Benzofuranyl,4-Nitrophenyl,"1,4-Dimethyl",NBD_QC_Functionalized,NBD_Combinatorial_M08_Aligned,RDKit_MMFF94_3D
FC(F)(F)c1ccc(C2=C(c3cc4ccccc4o3)C3C=CC2C3)cc1,375.0,60.5,75.0,0.0001,Benzofuranyl,4-Trifluoromethylphenyl,Unsubstituted_C7,NBD_QC_Functionalized,NBD_Combinatorial_M08_Aligned,RDKit_MMFF94_3D
CC1(C)C2C=CC1C(c1cc3ccccc3o1)=C2c1ccc(C(F)(F)F)cc1,375.0,68.83,75.0,0.0001,Benzofuranyl,4-Trifluoromethylphenyl,"7,7-Dimethyl",NBD_QC_Functionalized,NBD_Combinatorial_M08_Aligned,RDKit_MMFF94_3D
CC1=CC2(C)CC1C(c1ccc(C(F)(F)F)cc1)=C2c1cc2ccccc2o1,375.0,68.83,75.0,0.0001,Benzofuranyl,4-Trifluoromethylphenyl,"1,4-Dimethyl",NBD_QC_Functionalized,NBD_Combinatorial_M08_Aligned,RDKit_MMFF94_3D
O=C(C1=C(c2cc3ccccc3o2)C2C=CC1C2)c1ccccc1,372.0,72.39,75.0,0.0001,Benzofuranyl,Benzoyl,Unsubstituted_C7,NBD_QC_Functionalized,NBD_Combinatorial_M08_Aligned,RDKit_MMFF94_3D
CC1(C)C2C=CC1C(c1cc3ccccc3o1)=C2C(=O)c1ccccc1,372.0,67.5,75.0,0.0001,Benzofuranyl,Benzoyl,"7,7-Dimethyl",NBD_QC_Functionalized,NBD_Combinatorial_M08_Aligned,RDKit_MMFF94_3D
CC1=CC2(C)CC1C(C(=O)c1ccccc1)=C2c1cc2ccccc2o1,372.0,62.5,75.0,0.0001,Benzofuranyl,Benzoyl,"1,4-Dimethyl",NBD_QC_Functionalized,NBD_Combinatorial_M08_Aligned,RDKit_MMFF94_3D
C1=CC2CC1C(c1ccccn1)=C2c1cc2ccccc2o1,365.0,61.37,75.0,0.0001,Benzofuranyl,2-Pyridyl,Unsubstituted_C7,NBD_QC_Functionalized,NBD_Combinatorial_M08_Aligned,RDKit_MMFF94_3D
CC1(C)C2C=CC1C(c1cc3ccccc3o1)=C2c1ccccn1,365.0,69.13,75.0,0.0001,Benzofuranyl,2-Pyridyl,"7,7-Dimethyl",NBD_QC_Functionalized,NBD_Combinatorial_M08_Aligned,RDKit_MMFF94_3D
CC1=CC2(C)CC1C(c1ccccn1)=C2c1cc2ccccc2o1,365.0,65.5,75.0,0.0001,Benzofuranyl,2-Pyridyl,"1,4-Dimethyl",NBD_QC_Functionalized,NBD_Combinatorial_M08_Aligned,RDKit_MMFF94_3D
C1=CC2CC1C(c1ccncc1)=C2c1cc2ccccc2o1,367.0,67.5,75.0,0.0001,Benzofuranyl,4-Pyridyl,Unsubstituted_C7,NBD_QC_Functionalized,NBD_Combinatorial_M08_Aligned,RDKit_MMFF94_3D
CC1(C)C2C=CC1C(c1cc3ccccc3o1)=C2c1ccncc1,367.0,69.07,75.0,0.0001,Benzofuranyl,4-Pyridyl,"7,7-Dimethyl",NBD_QC_Functionalized,NBD_Combinatorial_M08_Aligned,RDKit_MMFF94_3D
CC1=CC2(C)CC1C(c1ccncc1)=C2c1cc2ccccc2o1,367.0,74.5,75.0,0.0001,Benzofuranyl,4-Pyridyl,"1,4-Dimethyl",NBD_QC_Functionalized,NBD_Combinatorial_M08_Aligned,RDKit_MMFF94_3D
O=C(O)C1=C(c2cc3ccccc3o2)C2C=CC1C2,352.0,97.33,75.0,0.0001,Benzofuranyl,Carboxylic acid,Unsubstituted_C7,NBD_QC_Functionalized,NBD_Combinatorial_M08_Aligned,RDKit_MMFF94_3D
CC1(C)C2C=CC1C(c1cc3ccccc3o1)=C2C(=O)O,352.0,31.48,75.0,0.0001,Benzofuranyl,Carboxylic acid,"7,7-Dimethyl",NBD_QC_Functionalized,NBD_Combinatorial_M08_Aligned,RDKit_MMFF94_3D
CC1=CC2(C)CC1C(C(=O)O)=C2c1cc2ccccc2o1,352.0,94.78,75.0,0.0001,Benzofuranyl,Carboxylic acid,"1,4-Dimethyl",NBD_QC_Functionalized,NBD_Combinatorial_M08_Aligned,RDKit_MMFF94_3D
CCCCC(CC)COC(=O)C1=C(c2cc3ccccc3o2)C2C=CC1C2,357.0,97.63,75.0,0.0001,Benzofuranyl,Ethylhexyl ester,Unsubstituted_C7,NBD_QC_Functionalized,NBD_Combinatorial_M08_Aligned,RDKit_MMFF94_3D
CCCCC(CC)COC(=O)C1=C(c2cc3ccccc3o2)C2C=CC1C2(C)C,357.0,36.71,75.0,0.0001,Benzofuranyl,Ethylhexyl ester,"7,7-Dimethyl",NBD_QC_Functionalized,NBD_Combinatorial_M08_Aligned,RDKit_MMFF94_3D
CCCCC(CC)COC(=O)C1=C(c2cc3ccccc3o2)C2(C)C=C(C)C1C2,357.0,106.26,75.0,0.0001,Benzofuranyl,Ethylhexyl ester,"1,4-Dimethyl",NBD_QC_Functionalized,NBD_Combinatorial_M08_Aligned,RDKit_MMFF94_3D
N#Cc1cccc(C2=C(c3cc4ccccc4o3)C3C=CC2C3)c1,379.0,66.5,75.0,0.0001,Benzofuranyl,3-Cyanophenyl,Unsubstituted_C7,NBD_QC_Functionalized,NBD_Combinatorial_M08_Aligned,RDKit_MMFF94_3D
CC1(C)C2C=CC1C(c1cc3ccccc3o1)=C2c1cccc(C#N)c1,379.0,68.71,75.0,0.0001,Benzofuranyl,3-Cyanophenyl,"7,7-Dimethyl",NBD_QC_Functionalized,NBD_Combinatorial_M08_Aligned,RDKit_MMFF94_3D
CC1=CC2(C)CC1C(c1cccc(C#N)c1)=C2c1cc2ccccc2o1,379.0,63.5,75.0,0.0001,Benzofuranyl,3-Cyanophenyl,"1,4-Dimethyl",NBD_QC_Functionalized,NBD_Combinatorial_M08_Aligned,RDKit_MMFF94_3D
CC(C)OC(=O)C1=C(c2cc3ccccc3o2)C2C=CC1C2,355.0,98.1,75.0,0.0001,Benzofuranyl,Isopropyl ester,Unsubstituted_C7,NBD_QC_Functionalized,NBD_Combinatorial_M08_Aligned,RDKit_MMFF94_3D
CC(C)OC(=O)C1=C(c2cc3ccccc3o2)C2C=CC1C2(C)C,355.0,38.16,75.0,0.0001,Benzofuranyl,Isopropyl ester,"7,7-Dimethyl",NBD_QC_Functionalized,NBD_Combinatorial_M08_Aligned,RDKit_MMFF94_3D
CC1=CC2(C)CC1C(C(=O)OC(C)C)=C2c1cc2ccccc2o1,355.0,88.67,75.0,0.0001,Benzofuranyl,Isopropyl ester,"1,4-Dimethyl",NBD_QC_Functionalized,NBD_Combinatorial_M08_Aligned,RDKit_MMFF94_3D
O=S(=O)(C1=C(c2cc3ccccc3o2)C2C=CC1C2)c1ccccc1,369.0,81.5,75.0,0.0001,Benzofuranyl,Phenylsulfonyl,Unsubstituted_C7,NBD_QC_Functionalized,NBD_Combinatorial_M08_Aligned,RDKit_MMFF94_3D
CC1(C)C2C=CC1C(S(=O)(=O)c1ccccc1)=C2c1cc2ccccc2o1,369.0,65.5,75.0,0.0001,Benzofuranyl,Phenylsulfonyl,"7,7-Dimethyl",NBD_QC_Functionalized,NBD_Combinatorial_M08_Aligned,RDKit_MMFF94_3D
CC1=CC2(C)CC1C(S(=O)(=O)c1ccccc1)=C2c1cc2ccccc2o1,369.0,70.5,75.0,0.0001,Benzofuranyl,Phenylsulfonyl,"1,4-Dimethyl",NBD_QC_Functionalized,NBD_Combinatorial_M08_Aligned,RDKit_MMFF94_3D
C1=CC2CC1C(c1cc3ccccc3o1)=C2c1nccs1,363.0,38.51,75.0,0.0001,Benzofuranyl,2-Thiazolyl,Unsubstituted_C7,NBD_QC_Functionalized,NBD_Combinatorial_M08_Aligned,RDKit_MMFF94_3D
CC1(C)C2C=CC1C(c1nccs1)=C2c1cc2ccccc2o1,363.0,69.19,75.0,0.0001,Benzofuranyl,2-Thiazolyl,"7,7-Dimethyl",NBD_QC_Functionalized,NBD_Combinatorial_M08_Aligned,RDKit_MMFF94_3D
CC1=CC2(C)CC1C(c1nccs1)=C2c1cc2ccccc2o1,363.0,36.77,75.0,0.0001,Benzofuranyl,2-Thiazolyl,"1,4-Dimethyl",NBD_QC_Functionalized,NBD_Combinatorial_M08_Aligned,RDKit_MMFF94_3D
CCNC(=O)C1=C(c2cc3ccccc3o2)C2C=CC1C2,353.0,74.5,75.0,0.0001,Benzofuranyl,Ethylamide,Unsubstituted_C7,NBD_QC_Functionalized,NBD_Combinatorial_M08_Aligned,RDKit_MMFF94_3D
CCNC(=O)C1=C(c2cc3ccccc3o2)C2C=CC1C2(C)C,353.0,75.5,75.0,0.0001,Benzofuranyl,Ethylamide,"7,7-Dimethyl",NBD_QC_Functionalized,NBD_Combinatorial_M08_Aligned,RDKit_MMFF94_3D
CCNC(=O)C1=C(c2cc3ccccc3o2)C2(C)C=C(C)C1C2,353.0,69.13,75.0,0.0001,Benzofuranyl,Ethylamide,"1,4-Dimethyl",NBD_QC_Functionalized,NBD_Combinatorial_M08_Aligned,RDKit_MMFF94_3D
N#CC1=C(c2cc(F)cc(F)c2)C2C=CC1C2,325.0,68.55,75.0,0.0001,"3,5-Difluorophenyl",Cyano,Unsubstituted_C7,NBD_QC_Functionalized,NBD_Combinatorial_M08_Aligned,RDKit_MMFF94_3D
CC1(C)C2C=CC1C(c1cc(F)cc(F)c1)=C2C#N,325.0,62.5,75.0,0.0001,"3,5-Difluorophenyl",Cyano,"7,7-Dimethyl",NBD_QC_Functionalized,NBD_Combinatorial_M08_Aligned,RDKit_MMFF94_3D
CC1=CC2(C)CC1C(C#N)=C2c1cc(F)cc(F)c1,325.0,61.2,75.0,0.0001,"3,5-Difluorophenyl",Cyano,"1,4-Dimethyl",NBD_QC_Functionalized,NBD_Combinatorial_M08_Aligned,RDKit_MMFF94_3D
COC(=O)C1=C(c2cc(F)cc(F)c2)C2C=CC1C2,328.0,71.12,75.0,0.0001,"3,5-Difluorophenyl",Methyl ester,Unsubstituted_C7,NBD_QC_Functionalized,NBD_Combinatorial_M08_Aligned,RDKit_MMFF94_3D
COC(=O)C1=C(c2cc(F)cc(F)c2)C2C=CC1C2(C)C,328.0,66.5,75.0,0.0001,"3,5-Difluorophenyl",Methyl ester,"7,7-Dimethyl",NBD_QC_Functionalized,NBD_Combinatorial_M08_Aligned,RDKit_MMFF94_3D
COC(=O)C1=C(c2cc(F)cc(F)c2)C2(C)C=C(C)C1C2,328.0,65.61,75.0,0.0001,"3,5-Difluorophenyl",Methyl ester,"1,4-Dimethyl",NBD_QC_Functionalized,NBD_Combinatorial_M08_Aligned,RDKit_MMFF94_3D
CCOC(=O)C1=C(c2cc(F)cc(F)c2)C2C=CC1C2,328.0,70.56,75.0,0.0001,"3,5-Difluorophenyl",Ethyl ester,Unsubstituted_C7,NBD_QC_Functionalized,NBD_Combinatorial_M08_Aligned,RDKit_MMFF94_3D
CCOC(=O)C1=C(c2cc(F)cc(F)c2)C2C=CC1C2(C)C,328.0,78.5,75.0,0.0001,"3,5-Difluorophenyl",Ethyl ester,"7,7-Dimethyl",NBD_QC_Functionalized,NBD_Combinatorial_M08_Aligned,RDKit_MMFF94_3D
CCOC(=O)C1=C(c2cc(F)cc(F)c2)C2(C)C=C(C)C1C2,328.0,60.71,75.0,0.0001,"3,5-Difluorophenyl",Ethyl ester,"1,4-Dimethyl",NBD_QC_Functionalized,NBD_Combinatorial_M08_Aligned,RDKit_MMFF94_3D
CC(=O)C1=C(c2cc(F)cc(F)c2)C2C=CC1C2,330.0,42.2,75.0,0.0001,"3,5-Difluorophenyl",Acetyl,Unsubstituted_C7,NBD_QC_Functionalized,NBD_Combinatorial_M08_Aligned,RDKit_MMFF94_3D
CC(=O)C1=C(c2cc(F)cc(F)c2)C2C=CC1C2(C)C,330.0,61.5,75.0,0.0001,"3,5-Difluorophenyl",Acetyl,"7,7-Dimethyl",NBD_QC_Functionalized,NBD_Combinatorial_M08_Aligned,RDKit_MMFF94_3D
CC(=O)C1=C(c2cc(F)cc(F)c2)C2(C)C=C(C)C1C2,330.0,70.5,75.0,0.0001,"3,5-Difluorophenyl",Acetyl,"1,4-Dimethyl",NBD_QC_Functionalized,NBD_Combinatorial_M08_Aligned,RDKit_MMFF94_3D
Fc1cc(F)cc(C2=C(C(F)(F)F)C3C=CC2C3)c1,315.0,138.74,75.0,0.0001,"3,5-Difluorophenyl",Trifluoromethyl,Unsubstituted_C7,NBD_QC_Functionalized,NBD_Combinatorial_M08_Aligned,RDKit_MMFF94_3D
CC1(C)C2C=CC1C(C(F)(F)F)=C2c1cc(F)cc(F)c1,315.0,71.5,75.0,0.0001,"3,5-Difluorophenyl",Trifluoromethyl,"7,7-Dimethyl",NBD_QC_Functionalized,NBD_Combinatorial_M08_Aligned,RDKit_MMFF94_3D
CC1=CC2(C)CC1C(C(F)(F)F)=C2c1cc(F)cc(F)c1,315.0,130.07,75.0,0.0001,"3,5-Difluorophenyl",Trifluoromethyl,"1,4-Dimethyl",NBD_QC_Functionalized,NBD_Combinatorial_M08_Aligned,RDKit_MMFF94_3D
CS(=O)(=O)C1=C(c2cc(F)cc(F)c2)C2C=CC1C2,320.0,149.96,75.0,0.0001,"3,5-Difluorophenyl",Methylsulfonyl,Unsubstituted_C7,NBD_QC_Functionalized,NBD_Combinatorial_M08_Aligned,RDKit_MMFF94_3D
CC1(C)C2C=CC1C(S(C)(=O)=O)=C2c1cc(F)cc(F)c1,320.0,101.02,75.0,0.0001,"3,5-Difluorophenyl",Methylsulfonyl,"7,7-Dimethyl",NBD_QC_Functionalized,NBD_Combinatorial_M08_Aligned,RDKit_MMFF94_3D
CC1=CC2(C)CC1C(S(C)(=O)=O)=C2c1cc(F)cc(F)c1,320.0,78.5,75.0,0.0001,"3,5-Difluorophenyl",Methylsulfonyl,"1,4-Dimethyl",NBD_QC_Functionalized,NBD_Combinatorial_M08_Aligned,RDKit_MMFF94_3D
NC(=O)C1=C(c2cc(F)cc(F)c2)C2C=CC1C2,324.0,63.09,75.0,0.0001,"3,5-Difluorophenyl",Carboxamide,Unsubstituted_C7,NBD_QC_Functionalized,NBD_Combinatorial_M08_Aligned,RDKit_MMFF94_3D
CC1(C)C2C=CC1C(c1cc(F)cc(F)c1)=C2C(N)=O,324.0,68.2,75.0,0.0001,"3,5-Difluorophenyl",Carboxamide,"7,7-Dimethyl",NBD_QC_Functionalized,NBD_Combinatorial_M08_Aligned,RDKit_MMFF94_3D
CC1=CC2(C)CC1C(C(N)=O)=C2c1cc(F)cc(F)c1,324.0,50.86,75.0,0.0001,"3,5-Difluorophenyl",Carboxamide,"1,4-Dimethyl",NBD_QC_Functionalized,NBD_Combinatorial_M08_Aligned,RDKit_MMFF94_3D
N#Cc1ccc(C2=C(c3cc(F)cc(F)c3)C3C=CC2C3)cc1,355.0,67.27,75.0,0.0001,"3,5-Difluorophenyl",4-Cyanophenyl,Unsubstituted_C7,NBD_QC_Functionalized,NBD_Combinatorial_M08_Aligned,RDKit_MMFF94_3D
CC1(C)C2C=CC1C(c1cc(F)cc(F)c1)=C2c1ccc(C#N)cc1,355.0,67.27,75.0,0.0001,"3,5-Difluorophenyl",4-Cyanophenyl,"7,7-Dimethyl",NBD_QC_Functionalized,NBD_Combinatorial_M08_Aligned,RDKit_MMFF94_3D
CC1=CC2(C)CC1C(c1ccc(C#N)cc1)=C2c1cc(F)cc(F)c1,355.0,67.27,75.0,0.0001,"3,5-Difluorophenyl",4-Cyanophenyl,"1,4-Dimethyl",NBD_QC_Functionalized,NBD_Combinatorial_M08_Aligned,RDKit_MMFF94_3D
O=[N+]([O-])c1ccc(C2=C(c3cc(F)cc(F)c3)C3C=CC2C3)cc1,360.0,67.12,75.0,0.0001,"3,5-Difluorophenyl",4-Nitrophenyl,Unsubstituted_C7,NBD_QC_Functionalized,NBD_Combinatorial_M08_Aligned,RDKit_MMFF94_3D
CC1(C)C2C=CC1C(c1cc(F)cc(F)c1)=C2c1ccc([N+](=O)[O-])cc1,360.0,67.12,75.0,0.0001,"3,5-Difluorophenyl",4-Nitrophenyl,"7,7-Dimethyl",NBD_QC_Functionalized,NBD_Combinatorial_M08_Aligned,RDKit_MMFF94_3D
CC1=CC2(C)CC1C(c1ccc([N+](=O)[O-])cc1)=C2c1cc(F)cc(F)c1,360.0,79.5,75.0,0.0001,"3,5-Difluorophenyl",4-Nitrophenyl,"1,4-Dimethyl",NBD_QC_Functionalized,NBD_Combinatorial_M08_Aligned,RDKit_MMFF94_3D
Fc1cc(F)cc(C2=C(c3ccc(C(F)(F)F)cc3)C3C=CC2C3)c1,348.0,67.48,75.0,0.0001,"3,5-Difluorophenyl",4-Trifluoromethylphenyl,Unsubstituted_C7,NBD_QC_Functionalized,NBD_Combinatorial_M08_Aligned,RDKit_MMFF94_3D
CC1(C)C2C=CC1C(c1cc(F)cc(F)c1)=C2c1ccc(C(F)(F)F)cc1,348.0,67.48,75.0,0.0001,"3,5-Difluorophenyl",4-Trifluoromethylphenyl,"7,7-Dimethyl",NBD_QC_Functionalized,NBD_Combinatorial_M08_Aligned,RDKit_MMFF94_3D
CC1=CC2(C)CC1C(c1ccc(C(F)(F)F)cc1)=C2c1cc(F)cc(F)c1,348.0,59.5,75.0,0.0001,"3,5-Difluorophenyl",4-Trifluoromethylphenyl,"1,4-Dimethyl",NBD_QC_Functionalized,NBD_Combinatorial_M08_Aligned,RDKit_MMFF94_3D
O=C(C1=C(c2cc(F)cc(F)c2)C2C=CC1C2)c1ccccc1,345.0,51.83,75.0,0.0001,"3,5-Difluorophenyl",Benzoyl,Unsubstituted_C7,NBD_QC_Functionalized,NBD_Combinatorial_M08_Aligned,RDKit_MMFF94_3D
CC1(C)C2C=CC1C(c1cc(F)cc(F)c1)=C2C(=O)c1ccccc1,345.0,75.5,75.0,0.0001,"3,5-Difluorophenyl",Benzoyl,"7,7-Dimethyl",NBD_QC_Functionalized,NBD_Combinatorial_M08_Aligned,RDKit_MMFF94_3D
CC1=CC2(C)CC1C(C(=O)c1ccccc1)=C2c1cc(F)cc(F)c1,345.0,34.27,75.0,0.0001,"3,5-Difluorophenyl",Benzoyl,"1,4-Dimethyl",NBD_QC_Functionalized,NBD_Combinatorial_M08_Aligned,RDKit_MMFF94_3D
Fc1cc(F)cc(C2=C(c3ccccn3)C3C=CC2C3)c1,338.0,77.5,75.0,0.0001,"3,5-Difluorophenyl",2-Pyridyl,Unsubstituted_C7,NBD_QC_Functionalized,NBD_Combinatorial_M08_Aligned,RDKit_MMFF94_3D
CC1(C)C2C=CC1C(c1ccccn1)=C2c1cc(F)cc(F)c1,338.0,74.5,75.0,0.0001,"3,5-Difluorophenyl",2-Pyridyl,"7,7-Dimethyl",NBD_QC_Functionalized,NBD_Combinatorial_M08_Aligned,RDKit_MMFF94_3D
CC1=CC2(C)CC1C(c1ccccn1)=C2c1cc(F)cc(F)c1,338.0,58.5,75.0,0.0001,"3,5-Difluorophenyl",2-Pyridyl,"1,4-Dimethyl",NBD_QC_Functionalized,NBD_Combinatorial_M08_Aligned,RDKit_MMFF94_3D
Fc1cc(F)cc(C2=C(c3ccncc3)C3C=CC2C3)c1,340.0,67.72,75.0,0.0001,"3,5-Difluorophenyl",4-Pyridyl,Unsubstituted_C7,NBD_QC_Functionalized,NBD_Combinatorial_M08_Aligned,RDKit_MMFF94_3D
CC1(C)C2C=CC1C(c1cc(F)cc(F)c1)=C2c1ccncc1,340.0,67.72,75.0,0.0001,"3,5-Difluorophenyl",4-Pyridyl,"7,7-Dimethyl",NBD_QC_Functionalized,NBD_Combinatorial_M08_Aligned,RDKit_MMFF94_3D
CC1=CC2(C)CC1C(c1ccncc1)=C2c1cc(F)cc(F)c1,340.0,67.72,75.0,0.0001,"3,5-Difluorophenyl",4-Pyridyl,"1,4-Dimethyl",NBD_QC_Functionalized,NBD_Combinatorial_M08_Aligned,RDKit_MMFF94_3D
O=C(O)C1=C(c2cc(F)cc(F)c2)C2C=CC1C2,325.0,73.78,75.0,0.0001,"3,5-Difluorophenyl",Carboxylic acid,Unsubstituted_C7,NBD_QC_Functionalized,NBD_Combinatorial_M08_Aligned,RDKit_MMFF94_3D
CC1(C)C2C=CC1C(c1cc(F)cc(F)c1)=C2C(=O)O,325.0,64.5,75.0,0.0001,"3,5-Difluorophenyl",Carboxylic acid,"7,7-Dimethyl",NBD_QC_Functionalized,NBD_Combinatorial_M08_Aligned,RDKit_MMFF94_3D
CC1=CC2(C)CC1C(C(=O)O)=C2c1cc(F)cc(F)c1,325.0,68.69,75.0,0.0001,"3,5-Difluorophenyl",Carboxylic acid,"1,4-Dimethyl",NBD_QC_Functionalized,NBD_Combinatorial_M08_Aligned,RDKit_MMFF94_3D
CCCCC(CC)COC(=O)C1=C(c2cc(F)cc(F)c2)C2C=CC1C2,330.0,75.49,75.0,0.0001,"3,5-Difluorophenyl",Ethylhexyl ester,Unsubstituted_C7,NBD_QC_Functionalized,NBD_Combinatorial_M08_Aligned,RDKit_MMFF94_3D
CCCCC(CC)COC(=O)C1=C(c2cc(F)cc(F)c2)C2C=CC1C2(C)C,330.0,78.5,75.0,0.0001,"3,5-Difluorophenyl",Ethylhexyl ester,"7,7-Dimethyl",NBD_QC_Functionalized,NBD_Combinatorial_M08_Aligned,RDKit_MMFF94_3D
CCCCC(CC)COC(=O)C1=C(c2cc(F)cc(F)c2)C2(C)C=C(C)C1C2,330.0,66.72,75.0,0.0001,"3,5-Difluorophenyl",Ethylhexyl ester,"1,4-Dimethyl",NBD_QC_Functionalized,NBD_Combinatorial_M08_Aligned,RDKit_MMFF94_3D
N#Cc1cccc(C2=C(c3cc(F)cc(F)c3)C3C=CC2C3)c1,352.0,67.36,75.0,0.0001,"3,5-Difluorophenyl",3-Cyanophenyl,Unsubstituted_C7,NBD_QC_Functionalized,NBD_Combinatorial_M08_Aligned,RDKit_MMFF94_3D
CC1(C)C2C=CC1C(c1cccc(C#N)c1)=C2c1cc(F)cc(F)c1,352.0,67.36,75.0,0.0001,"3,5-Difluorophenyl",3-Cyanophenyl,"7,7-Dimethyl",NBD_QC_Functionalized,NBD_Combinatorial_M08_Aligned,RDKit_MMFF94_3D
CC1=CC2(C)CC1C(c1cccc(C#N)c1)=C2c1cc(F)cc(F)c1,352.0,67.36,75.0,0.0001,"3,5-Difluorophenyl",3-Cyanophenyl,"1,4-Dimethyl",NBD_QC_Functionalized,NBD_Combinatorial_M08_Aligned,RDKit_MMFF94_3D
CC(C)OC(=O)C1=C(c2cc(F)cc(F)c2)C2C=CC1C2,328.0,75.24,75.0,0.0001,"3,5-Difluorophenyl",Isopropyl ester,Unsubstituted_C7,NBD_QC_Functionalized,NBD_Combinatorial_M08_Aligned,RDKit_MMFF94_3D
CC(C)OC(=O)C1=C(c2cc(F)cc(F)c2)C2C=CC1C2(C)C,328.0,65.5,75.0,0.0001,"3,5-Difluorophenyl",Isopropyl ester,"7,7-Dimethyl",NBD_QC_Functionalized,NBD_Combinatorial_M08_Aligned,RDKit_MMFF94_3D
CC1=CC2(C)CC1C(C(=O)OC(C)C)=C2c1cc(F)cc(F)c1,328.0,59.61,75.0,0.0001,"3,5-Difluorophenyl",Isopropyl ester,"1,4-Dimethyl",NBD_QC_Functionalized,NBD_Combinatorial_M08_Aligned,RDKit_MMFF94_3D
O=S(=O)(C1=C(c2cc(F)cc(F)c2)C2C=CC1C2)c1ccccc1,342.0,61.5,75.0,0.0001,"3,5-Difluorophenyl",Phenylsulfonyl,Unsubstituted_C7,NBD_QC_Functionalized,NBD_Combinatorial_M08_Aligned,RDKit_MMFF94_3D
CC1(C)C2C=CC1C(S(=O)(=O)c1ccccc1)=C2c1cc(F)cc(F)c1,342.0,100.17,75.0,0.0001,"3,5-Difluorophenyl",Phenylsulfonyl,"7,7-Dimethyl",NBD_QC_Functionalized,NBD_Combinatorial_M08_Aligned,RDKit_MMFF94_3D
CC1=CC2(C)CC1C(S(=O)(=O)c1ccccc1)=C2c1cc(F)cc(F)c1,342.0,58.5,75.0,0.0001,"3,5-Difluorophenyl",Phenylsulfonyl,"1,4-Dimethyl",NBD_QC_Functionalized,NBD_Combinatorial_M08_Aligned,RDKit_MMFF94_3D
Fc1cc(F)cc(C2=C(c3nccs3)C3C=CC2C3)c1,336.0,79.5,75.0,0.0001,"3,5-Difluorophenyl",2-Thiazolyl,Unsubstituted_C7,NBD_QC_Functionalized,NBD_Combinatorial_M08_Aligned,RDKit_MMFF94_3D
CC1(C)C2C=CC1C(c1nccs1)=C2c1cc(F)cc(F)c1,336.0,75.5,75.0,0.0001,"3,5-Difluorophenyl",2-Thiazolyl,"7,7-Dimethyl",NBD_QC_Functionalized,NBD_Combinatorial_M08_Aligned,RDKit_MMFF94_3D
CC1=CC2(C)CC1C(c1nccs1)=C2c1cc(F)cc(F)c1,336.0,61.5,75.0,0.0001,"3,5-Difluorophenyl",2-Thiazolyl,"1,4-Dimethyl",NBD_QC_Functionalized,NBD_Combinatorial_M08_Aligned,RDKit_MMFF94_3D
CCNC(=O)C1=C(c2cc(F)cc(F)c2)C2C=CC1C2,326.0,73.47,75.0,0.0001,"3,5-Difluorophenyl",Ethylamide,Unsubstituted_C7,NBD_QC_Functionalized,NBD_Combinatorial_M08_Aligned,RDKit_MMFF94_3D
CCNC(=O)C1=C(c2cc(F)cc(F)c2)C2C=CC1C2(C)C,326.0,73.5,75.0,0.0001,"3,5-Difluorophenyl",Ethylamide,"7,7-Dimethyl",NBD_QC_Functionalized,NBD_Combinatorial_M08_Aligned,RDKit_MMFF94_3D
CCNC(=O)C1=C(c2cc(F)cc(F)c2)C2(C)C=C(C)C1C2,326.0,51.25,75.0,0.0001,"3,5-Difluorophenyl",Ethylamide,"1,4-Dimethyl",NBD_QC_Functionalized,NBD_Combinatorial_M08_Aligned,RDKit_MMFF94_3D
CC(=O)Nc1ccc(C2=C(C#N)C3C=CC2C3)cc1,345.0,62.4,75.0,0.0001,4-Acetamidophenyl,Cyano,Unsubstituted_C7,NBD_QC_Functionalized,NBD_Combinatorial_M08_Aligned,RDKit_MMFF94_3D
CC(=O)Nc1ccc(C2=C(C#N)C3C=CC2C3(C)C)cc1,345.0,76.5,75.0,0.0001,4-Acetamidophenyl,Cyano,"7,7-Dimethyl",NBD_QC_Functionalized,NBD_Combinatorial_M08_Aligned,RDKit_MMFF94_3D
CC(=O)Nc1ccc(C2=C(C#N)C3CC2(C)C=C3C)cc1,345.0,60.72,75.0,0.0001,4-Acetamidophenyl,Cyano,"1,4-Dimethyl",NBD_QC_Functionalized,NBD_Combinatorial_M08_Aligned,RDKit_MMFF94_3D
COC(=O)C1=C(c2ccc(NC(C)=O)cc2)C2C=CC1C2,348.0,61.92,75.0,0.0001,4-Acetamidophenyl,Methyl ester,Unsubstituted_C7,NBD_QC_Functionalized,NBD_Combinatorial_M08_Aligned,RDKit_MMFF94_3D
COC(=O)C1=C(c2ccc(NC(C)=O)cc2)C2C=CC1C2(C)C,348.0,72.5,75.0,0.0001,4-Acetamidophenyl,Methyl ester,"7,7-Dimethyl",NBD_QC_Functionalized,NBD_Combinatorial_M08_Aligned,RDKit_MMFF94_3D
COC(=O)C1=C(c2ccc(NC(C)=O)cc2)C2(C)C=C(C)C1C2,348.0,58.53,75.0,0.0001,4-Acetamidophenyl,Methyl ester,"1,4-Dimethyl",NBD_QC_Functionalized,NBD_Combinatorial_M08_Aligned,RDKit_MMFF94_3D
CCOC(=O)C1=C(c2ccc(NC(C)=O)cc2)C2C=CC1C2,348.0,59.4,75.0,0.0001,4-Acetamidophenyl,Ethyl ester,Unsubstituted_C7,NBD_QC_Functionalized,NBD_Combinatorial_M08_Aligned,RDKit_MMFF94_3D
CCOC(=O)C1=C(c2ccc(NC(C)=O)cc2)C2C=CC1C2(C)C,348.0,59.5,75.0,0.0001,4-Acetamidophenyl,Ethyl ester,"7,7-Dimethyl",NBD_QC_Functionalized,NBD_Combinatorial_M08_Aligned,RDKit_MMFF94_3D
CCOC(=O)C1=C(c2ccc(NC(C)=O)cc2)C2(C)C=C(C)C1C2,348.0,55.76,75.0,0.0001,4-Acetamidophenyl,Ethyl ester,"1,4-Dimethyl",NBD_QC_Functionalized,NBD_Combinatorial_M08_Aligned,RDKit_MMFF94_3D
CC(=O)Nc1ccc(C2=C(C(C)=O)C3C=CC2C3)cc1,350.0,51.29,75.0,0.0001,4-Acetamidophenyl,Acetyl,Unsubstituted_C7,NBD_QC_Functionalized,NBD_Combinatorial_M08_Aligned,RDKit_MMFF94_3D
CC(=O)Nc1ccc(C2=C(C(C)=O)C3C=CC2C3(C)C)cc1,350.0,69.02,75.0,0.0001,4-Acetamidophenyl,Acetyl,"7,7-Dimethyl",NBD_QC_Functionalized,NBD_Combinatorial_M08_Aligned,RDKit_MMFF94_3D
CC(=O)Nc1ccc(C2=C(C(C)=O)C3CC2(C)C=C3C)cc1,350.0,39.34,75.0,0.0001,4-Acetamidophenyl,Acetyl,"1,4-Dimethyl",NBD_QC_Functionalized,NBD_Combinatorial_M08_Aligned,RDKit_MMFF94_3D
CC(=O)Nc1ccc(C2=C(C(F)(F)F)C3C=CC2C3)cc1,335.0,132.17,75.0,0.0001,4-Acetamidophenyl,Trifluoromethyl,Unsubstituted_C7,NBD_QC_Functionalized,NBD_Combinatorial_M08_Aligned,RDKit_MMFF94_3D
CC(=O)Nc1ccc(C2=C(C(F)(F)F)C3C=CC2C3(C)C)cc1,335.0,70.93,75.0,0.0001,4-Acetamidophenyl,Trifluoromethyl,"7,7-Dimethyl",NBD_QC_Functionalized,NBD_Combinatorial_M08_Aligned,RDKit_MMFF94_3D
CC(=O)Nc1ccc(C2=C(C(F)(F)F)C3CC2(C)C=C3C)cc1,335.0,82.5,75.0,0.0001,4-Acetamidophenyl,Trifluoromethyl,"1,4-Dimethyl",NBD_QC_Functionalized,NBD_Combinatorial_M08_Aligned,RDKit_MMFF94_3D
CC(=O)Nc1ccc(C2=C(S(C)(=O)=O)C3C=CC2C3)cc1,340.0,74.5,75.0,0.0001,4-Acetamidophenyl,Methylsulfonyl,Unsubstituted_C7,NBD_QC_Functionalized,NBD_Combinatorial_M08_Aligned,RDKit_MMFF94_3D
CC(=O)Nc1ccc(C2=C(S(C)(=O)=O)C3C=CC2C3(C)C)cc1,340.0,77.5,75.0,0.0001,4-Acetamidophenyl,Methylsulfonyl,"7,7-Dimethyl",NBD_QC_Functionalized,NBD_Combinatorial_M08_Aligned,RDKit_MMFF94_3D
CC(=O)Nc1ccc(C2=C(S(C)(=O)=O)C3CC2(C)C=C3C)cc1,340.0,74.5,75.0,0.0001,4-Acetamidophenyl,Methylsulfonyl,"1,4-Dimethyl",NBD_QC_Functionalized,NBD_Combinatorial_M08_Aligned,RDKit_MMFF94_3D
CC(=O)Nc1ccc(C2=C(C(N)=O)C3C=CC2C3)cc1,344.0,54.84,75.0,0.0001,4-Acetamidophenyl,Carboxamide,Unsubstituted_C7,NBD_QC_Functionalized,NBD_Combinatorial_M08_Aligned,RDKit_MMFF94_3D
CC(=O)Nc1ccc(C2=C(C(N)=O)C3C=CC2C3(C)C)cc1,344.0,72.5,75.0,0.0001,4-Acetamidophenyl,Carboxamide,"7,7-Dimethyl",NBD_QC_Functionalized,NBD_Combinatorial_M08_Aligned,RDKit_MMFF94_3D
CC(=O)Nc1ccc(C2=C(C(N)=O)C3CC2(C)C=C3C)cc1,344.0,46.43,75.0,0.0001,4-Acetamidophenyl,Carboxamide,"1,4-Dimethyl",NBD_QC_Functionalized,NBD_Combinatorial_M08_Aligned,RDKit_MMFF94_3D
CC(=O)Nc1ccc(C2=C(c3ccc(C#N)cc3)C3C=CC2C3)cc1,375.0,68.27,75.0,0.0001,4-Acetamidophenyl,4-Cyanophenyl,Unsubstituted_C7,NBD_QC_Functionalized,NBD_Combinatorial_M08_Aligned,RDKit_MMFF94_3D
CC(=O)Nc1ccc(C2=C(c3ccc(C#N)cc3)C3C=CC2C3(C)C)cc1,375.0,68.27,75.0,0.0001,4-Acetamidophenyl,4-Cyanophenyl,"7,7-Dimethyl",NBD_QC_Functionalized,NBD_Combinatorial_M08_Aligned,RDKit_MMFF94_3D
CC(=O)Nc1ccc(C2=C(c3ccc(C#N)cc3)C3CC2(C)C=C3C)cc1,375.0,68.27,75.0,0.0001,4-Acetamidophenyl,4-Cyanophenyl,"1,4-Dimethyl",NBD_QC_Functionalized,NBD_Combinatorial_M08_Aligned,RDKit_MMFF94_3D
CC(=O)Nc1ccc(C2=C(c3ccc([N+](=O)[O-])cc3)C3C=CC2C3)cc1,380.0,62.5,75.0,0.0001,4-Acetamidophenyl,4-Nitrophenyl,Unsubstituted_C7,NBD_QC_Functionalized,NBD_Combinatorial_M08_Aligned,RDKit_MMFF94_3D
CC(=O)Nc1ccc(C2=C(c3ccc([N+](=O)[O-])cc3)C3C=CC2C3(C)C)cc1,380.0,75.5,75.0,0.0001,4-Acetamidophenyl,4-Nitrophenyl,"7,7-Dimethyl",NBD_QC_Functionalized,NBD_Combinatorial_M08_Aligned,RDKit_MMFF94_3D
CC(=O)Nc1ccc(C2=C(c3ccc([N+](=O)[O-])cc3)C3CC2(C)C=C3C)cc1,380.0,68.12,75.0,0.0001,4-Acetamidophenyl,4-Nitrophenyl,"1,4-Dimethyl",NBD_QC_Functionalized,NBD_Combinatorial_M08_Aligned,RDKit_MMFF94_3D
CC(=O)Nc1ccc(C2=C(c3ccc(C(F)(F)F)cc3)C3C=CC2C3)cc1,368.0,68.48,75.0,0.0001,4-Acetamidophenyl,4-Trifluoromethylphenyl,Unsubstituted_C7,NBD_QC_Functionalized,NBD_Combinatorial_M08_Aligned,RDKit_MMFF94_3D
CC(=O)Nc1ccc(C2=C(c3ccc(C(F)(F)F)cc3)C3C=CC2C3(C)C)cc1,368.0,68.48,75.0,0.0001,4-Acetamidophenyl,4-Trifluoromethylphenyl,"7,7-Dimethyl",NBD_QC_Functionalized,NBD_Combinatorial_M08_Aligned,RDKit_MMFF94_3D
CC(=O)Nc1ccc(C2=C(c3ccc(C(F)(F)F)cc3)C3CC2(C)C=C3C)cc1,368.0,68.48,75.0,0.0001,4-Acetamidophenyl,4-Trifluoromethylphenyl,"1,4-Dimethyl",NBD_QC_Functionalized,NBD_Combinatorial_M08_Aligned,RDKit_MMFF94_3D
CC(=O)Nc1ccc(C2=C(C(=O)c3ccccc3)C3C=CC2C3)cc1,365.0,76.5,75.0,0.0001,4-Acetamidophenyl,Benzoyl,Unsubstituted_C7,NBD_QC_Functionalized,NBD_Combinatorial_M08_Aligned,RDKit_MMFF94_3D
CC(=O)Nc1ccc(C2=C(C(=O)c3ccccc3)C3C=CC2C3(C)C)cc1,365.0,77.5,75.0,0.0001,4-Acetamidophenyl,Benzoyl,"7,7-Dimethyl",NBD_QC_Functionalized,NBD_Combinatorial_M08_Aligned,RDKit_MMFF94_3D
CC(=O)Nc1ccc(C2=C(C(=O)c3ccccc3)C3CC2(C)C=C3C)cc1,365.0,81.5,75.0,0.0001,4-Acetamidophenyl,Benzoyl,"1,4-Dimethyl",NBD_QC_Functionalized,NBD_Combinatorial_M08_Aligned,RDKit_MMFF94_3D
CC(=O)Nc1ccc(C2=C(c3ccccn3)C3C=CC2C3)cc1,358.0,64.5,75.0,0.0001,4-Acetamidophenyl,2-Pyridyl,Unsubstituted_C7,NBD_QC_Functionalized,NBD_Combinatorial_M08_Aligned,RDKit_MMFF94_3D
CC(=O)Nc1ccc(C2=C(c3ccccn3)C3C=CC2C3(C)C)cc1,358.0,68.78,75.0,0.0001,4-Acetamidophenyl,2-Pyridyl,"7,7-Dimethyl",NBD_QC_Functionalized,NBD_Combinatorial_M08_Aligned,RDKit_MMFF94_3D
CC(=O)Nc1ccc(C2=C(c3ccccn3)C3CC2(C)C=C3C)cc1,358.0,60.5,75.0,0.0001,4-Acetamidophenyl,2-Pyridyl,"1,4-Dimethyl",NBD_QC_Functionalized,NBD_Combinatorial_M08_Aligned,RDKit_MMFF94_3D
CC(=O)Nc1ccc(C2=C(c3ccncc3)C3C=CC2C3)cc1,360.0,60.5,75.0,0.0001,4-Acetamidophenyl,4-Pyridyl,Unsubstituted_C7,NBD_QC_Functionalized,NBD_Combinatorial_M08_Aligned,RDKit_MMFF94_3D
CC(=O)Nc1ccc(C2=C(c3ccncc3)C3C=CC2C3(C)C)cc1,360.0,68.72,75.0,0.0001,4-Acetamidophenyl,4-Pyridyl,"7,7-Dimethyl",NBD_QC_Functionalized,NBD_Combinatorial_M08_Aligned,RDKit_MMFF94_3D
CC(=O)Nc1ccc(C2=C(c3ccncc3)C3CC2(C)C=C3C)cc1,360.0,68.72,75.0,0.0001,4-Acetamidophenyl,4-Pyridyl,"1,4-Dimethyl",NBD_QC_Functionalized,NBD_Combinatorial_M08_Aligned,RDKit_MMFF94_3D
CC(=O)Nc1ccc(C2=C(C(=O)O)C3C=CC2C3)cc1,345.0,72.31,75.0,0.0001,4-Acetamidophenyl,Carboxylic acid,Unsubstituted_C7,NBD_QC_Functionalized,NBD_Combinatorial_M08_Aligned,RDKit_MMFF94_3D
CC(=O)Nc1ccc(C2=C(C(=O)O)C3C=CC2C3(C)C)cc1,345.0,77.5,75.0,0.0001,4-Acetamidophenyl,Carboxylic acid,"7,7-Dimethyl",NBD_QC_Functionalized,NBD_Combinatorial_M08_Aligned,RDKit_MMFF94_3D
CC(=O)Nc1ccc(C2=C(C(=O)O)C3CC2(C)C=C3C)cc1,345.0,64.68,75.0,0.0001,4-Acetamidophenyl,Carboxylic acid,"1,4-Dimethyl",NBD_QC_Functionalized,NBD_Combinatorial_M08_Aligned,RDKit_MMFF94_3D
CCCCC(CC)COC(=O)C1=C(c2ccc(NC(C)=O)cc2)C2C=CC1C2,350.0,70.07,75.0,0.0001,4-Acetamidophenyl,Ethylhexyl ester,Unsubstituted_C7,NBD_QC_Functionalized,NBD_Combinatorial_M08_Aligned,RDKit_MMFF94_3D
CCCCC(CC)COC(=O)C1=C(c2ccc(NC(C)=O)cc2)C2C=CC1C2(C)C,350.0,69.02,75.0,0.0001,4-Acetamidophenyl,Ethylhexyl ester,"7,7-Dimethyl",NBD_QC_Functionalized,NBD_Combinatorial_M08_Aligned,RDKit_MMFF94_3D
CCCCC(CC)COC(=O)C1=C(c2ccc(NC(C)=O)cc2)C2(C)C=C(C)C1C2,350.0,86.39,75.0,0.0001,4-Acetamidophenyl,Ethylhexyl ester,"1,4-Dimethyl",NBD_QC_Functionalized,NBD_Combinatorial_M08_Aligned,RDKit_MMFF94_3D
CC(=O)Nc1ccc(C2=C(c3cccc(C#N)c3)C3C=CC2C3)cc1,372.0,68.36,75.0,0.0001,4-Acetamidophenyl,3-Cyanophenyl,Unsubstituted_C7,NBD_QC_Functionalized,NBD_Combinatorial_M08_Aligned,RDKit_MMFF94_3D
CC(=O)Nc1ccc(C2=C(c3cccc(C#N)c3)C3C=CC2C3(C)C)cc1,372.0,68.36,75.0,0.0001,4-Acetamidophenyl,3-Cyanophenyl,"7,7-Dimethyl",NBD_QC_Functionalized,NBD_Combinatorial_M08_Aligned,RDKit_MMFF94_3D
CC(=O)Nc1ccc(C2=C(c3cccc(C#N)c3)C3CC2(C)C=C3C)cc1,372.0,63.5,75.0,0.0001,4-Acetamidophenyl,3-Cyanophenyl,"1,4-Dimethyl",NBD_QC_Functionalized,NBD_Combinatorial_M08_Aligned,RDKit_MMFF94_3D
CC(=O)Nc1ccc(C2=C(C(=O)OC(C)C)C3C=CC2C3)cc1,348.0,66.21,75.0,0.0001,4-Acetamidophenyl,Isopropyl ester,Unsubstituted_C7,NBD_QC_Functionalized,NBD_Combinatorial_M08_Aligned,RDKit_MMFF94_3D
CC(=O)Nc1ccc(C2=C(C(=O)OC(C)C)C3C=CC2C3(C)C)cc1,348.0,81.5,75.0,0.0001,4-Acetamidophenyl,Isopropyl ester,"7,7-Dimethyl",NBD_QC_Functionalized,NBD_Combinatorial_M08_Aligned,RDKit_MMFF94_3D
CC(=O)Nc1ccc(C2=C(C(=O)OC(C)C)C3CC2(C)C=C3C)cc1,348.0,76.5,75.0,0.0001,4-Acetamidophenyl,Isopropyl ester,"1,4-Dimethyl",NBD_QC_Functionalized,NBD_Combinatorial_M08_Aligned,RDKit_MMFF94_3D
CC(=O)Nc1ccc(C2=C(S(=O)(=O)c3ccccc3)C3C=CC2C3)cc1,362.0,60.5,75.0,0.0001,4-Acetamidophenyl,Phenylsulfonyl,Unsubstituted_C7,NBD_QC_Functionalized,NBD_Combinatorial_M08_Aligned,RDKit_MMFF94_3D
CC(=O)Nc1ccc(C2=C(S(=O)(=O)c3ccccc3)C3C=CC2C3(C)C)cc1,362.0,111.2,75.0,0.0001,4-Acetamidophenyl,Phenylsulfonyl,"7,7-Dimethyl",NBD_QC_Functionalized,NBD_Combinatorial_M08_Aligned,RDKit_MMFF94_3D
CC(=O)Nc1ccc(C2=C(S(=O)(=O)c3ccccc3)C3CC2(C)C=C3C)cc1,362.0,67.5,75.0,0.0001,4-Acetamidophenyl,Phenylsulfonyl,"1,4-Dimethyl",NBD_QC_Functionalized,NBD_Combinatorial_M08_Aligned,RDKit_MMFF94_3D
CC(=O)Nc1ccc(C2=C(c3nccs3)C3C=CC2C3)cc1,356.0,70.5,75.0,0.0001,4-Acetamidophenyl,2-Thiazolyl,Unsubstituted_C7,NBD_QC_Functionalized,NBD_Combinatorial_M08_Aligned,RDKit_MMFF94_3D
CC(=O)Nc1ccc(C2=C(c3nccs3)C3C=CC2C3(C)C)cc1,356.0,68.84,75.0,0.0001,4-Acetamidophenyl,2-Thiazolyl,"7,7-Dimethyl",NBD_QC_Functionalized,NBD_Combinatorial_M08_Aligned,RDKit_MMFF94_3D
CC(=O)Nc1ccc(C2=C(c3nccs3)C3CC2(C)C=C3C)cc1,356.0,81.5,75.0,0.0001,4-Acetamidophenyl,2-Thiazolyl,"1,4-Dimethyl",NBD_QC_Functionalized,NBD_Combinatorial_M08_Aligned,RDKit_MMFF94_3D
CCNC(=O)C1=C(c2ccc(NC(C)=O)cc2)C2C=CC1C2,346.0,52.2,75.0,0.0001,4-Acetamidophenyl,Ethylamide,Unsubstituted_C7,NBD_QC_Functionalized,NBD_Combinatorial_M08_Aligned,RDKit_MMFF94_3D
CCNC(=O)C1=C(c2ccc(NC(C)=O)cc2)C2C=CC1C2(C)C,346.0,69.5,75.0,0.0001,4-Acetamidophenyl,Ethylamide,"7,7-Dimethyl",NBD_QC_Functionalized,NBD_Combinatorial_M08_Aligned,RDKit_MMFF94_3D
CCNC(=O)C1=C(c2ccc(NC(C)=O)cc2)C2(C)C=C(C)C1C2,346.0,74.7,75.0,0.0001,4-Acetamidophenyl,Ethylamide,"1,4-Dimethyl",NBD_QC_Functionalized,NBD_Combinatorial_M08_Aligned,RDKit_MMFF94_3D
