SMILES,method_id,pred_A_wavelength,pred_A_pss,pred_A_log_k,synthetic_accessibility,pred_B_wavelength,pred_B_log_eps,potts_guy_log_kp,molecular_weight,log_p,uncertainty_AD,novelty,dist_to_DA,dist_to_DB,pass_group_A,pass_group_B,pass_ad,pass_constraints
COC(=O)c1cc(N=Nc2ccccc2)ccc1O,B0_baseline,369.09,81.1,-5.6,2.16,349.38,3.81,-1.71,256.3,3.59,0.504,True,0.389,0.619,True,False,True,False
C1=CC2CC1C=C2c1ccc(C23C4CC5C4C2C53)s1,B0_baseline,335.77,84.2,-5.49,6.22,325.95,4.13,-1.4,264.4,4.1,0.838,True,0.889,0.787,False,False,False,False
CC(C)(O)c1ccsc1C1=C(C2C3C=C(c4ccccc4)C2C(C#N)=C3S#N)C2C=CC1(OCN)C2,B0_baseline,378.14,77.2,-4.54,6.4,373.62,4.04,-1.62,513.7,5.94,0.839,True,0.858,0.82,False,False,False,False
CN(C)c1ccc(C2(S#N)C3C4C5C3C5(C#N)C42)cc1,B0_baseline,423.75,85.3,-6.36,5.26,347.95,4.11,-2.42,281.4,2.81,0.705,True,0.744,0.667,False,False,False,False
CCCCC(CC)COC(=O)C12C3C4C(S#N)C3C1(C#N)C42,B0_baseline,343.13,81.4,-6.19,5.56,333.94,3.64,-2.27,318.4,3.34,0.79,True,0.88,0.7,False,False,False,False
CCC1=C(c2ccc(C34C5CC6C5C3C64)cc2)C2C=CC1C2,B0_baseline,331.15,86.0,-5.13,5.69,307.57,3.99,-1.03,286.4,4.82,0.859,True,0.884,0.833,False,False,False,False
O=C(OCc1cc(O)ccc1N=Nc1ccccn1)C1=CC2C=CC1C2,B0_baseline,378.28,82.1,-4.69,4.66,344.93,3.89,-1.71,347.4,4.38,0.753,True,0.742,0.763,False,False,False,False
N#CC1(Cl)C2C=C(c3cccc(C(=O)c4ccccc4)c3)C1C=C2c1ccccc1,B0_baseline,331.56,85.0,-5.07,4.41,347.86,4.21,-0.82,407.9,6.15,0.751,True,0.794,0.708,True,False,False,False
CCCCC(CC)COC(=O)OC(=O)c1ccc(C23C4C(C#N)C2C2(C#N)C4C23)cc1O,B0_baseline,382.45,81.4,-4.77,5.13,359.57,3.91,-2.29,434.5,4.31,0.762,True,0.84,0.684,False,False,False,False
O=C(OC12CC3C4C(C31)C42)c1ncccc1O,B0_baseline,394.46,86.1,-6.07,4.65,322.09,3.87,-3.24,229.2,1.21,0.788,True,0.806,0.769,False,False,False,False
CC(C)(C)C(C)(OC12C3C4CC(C31)C42F)C(=O)c1ccccc1,B0_baseline,345.54,84.2,-5.66,4.6,336.47,3.98,-1.74,314.4,4.05,0.756,True,0.774,0.738,False,False,False,False
CC12C3C4C1C4(C#N)C3C2(C#N)C1C2C3C4C3C1(OC(=O)c1ncccc1O)C42,B0_baseline,399.59,83.5,-5.99,6.16,348.72,4.13,-3.63,383.4,1.98,0.826,True,0.843,0.81,False,True,False,False
CC1=CC2C=C(C34C5C(C#N)C3C3(C(F)(F)F)C4C53C#N)C1C2,B0_baseline,336.41,83.7,-6.3,6.96,335.67,4.03,-2.06,314.3,3.6,0.855,True,0.863,0.847,False,False,False,False
ClC12C3SC1C1C3C12,B0_baseline,343.43,89.6,-6.46,6.2,295.27,3.07,-2.63,144.6,1.34,0.924,True,0.939,0.909,False,False,False,False
COC(=O)C1(C23C(C#N)C4C5C(C42)C53C#N)C2C=CC1C=C2,B0_baseline,337.4,84.3,-5.93,6.57,341.57,3.09,-3.28,290.3,1.67,0.826,True,0.857,0.794,False,False,False,False
C1=CC2CC1C=C2c1cccs1,B0_baseline,332.04,88.9,-6.4,4.72,285.98,3.73,-1.39,174.3,3.34,0.681,True,0.791,0.571,False,False,True,False
CCC(COC(=O)c1ccccc1C(=O)c1ccccc1)SONC,B0_baseline,363.76,82.2,-5.76,3.06,347.85,3.84,-2.3,359.4,3.65,0.721,True,0.736,0.707,True,False,False,False
CCC(COC(=O)c1cc(-c2ccccc2/C=C/C(=O)O)ccc1C(=O)c1ccccc1)SCNC,B0_baseline,364.24,76.3,-4.64,3.31,357.3,3.95,-1.85,503.6,5.53,0.75,True,0.779,0.722,True,False,False,False
CCc1cc(C)c(C(=O)O)c(OO)c1,B0_baseline,351.42,86.5,-5.86,2.43,302.04,3.59,-2.4,196.2,2.11,0.729,True,0.733,0.725,True,False,False,False
N#CC1=C(S#N)C2C=C(c3ccccc3)C1C2C1=C(c2cccs2)C2C=CC1O2,B0_baseline,353.55,83.0,-4.93,5.94,362.95,4.14,-1.11,412.5,5.79,0.763,True,0.791,0.735,False,False,False,False
CC1=CC2C=CC1C2,B0_baseline,326.03,89.0,-6.58,5.22,239.4,3.54,-1.83,106.2,2.14,0.83,True,0.833,0.826,False,False,False,False
N#CC1=C(C#N)C2(c3ccccc3C(=O)C34C5SC6C5C3C64)C=NC1C2,B0_baseline,345.03,76.2,-6.56,6.38,353.4,4.0,-2.97,355.4,2.67,0.832,True,0.859,0.804,False,True,False,False
CC(C)(C)c1ccc(O)c(C(=O)OC23CC4C5C(C42)C53)n1,B0_baseline,356.57,84.5,-5.85,4.7,325.32,3.84,-2.66,285.3,2.51,0.807,True,0.836,0.778,False,False,False,False
N#CC1=CC2(C34CC5C6C3C6(OSCCOC(=O)C3=CC6C=CC3C6)C54)CC1C=C2c1cccc(O)c1C(=O)O,B0_baseline,384.33,80.7,-4.85,7.1,361.63,3.94,-2.59,553.6,4.92,0.847,True,0.864,0.831,False,False,False,False
CCOC12C=CC(C1)C(C1C3C(C#N)=C(S#N)C1C(C(F)(F)F)=C3c1ccccc1)=C2c1sccc1C(C)(C)O,B0_baseline,372.79,76.9,-4.51,6.36,360.74,4.27,-0.58,580.7,7.98,0.818,True,0.838,0.798,False,False,False,False
O=C(c1ccccc1)c1ccc(N=Nc2ccccc2)cc1,B0_baseline,323.55,83.2,-4.82,1.86,348.49,4.13,-0.66,286.3,5.33,0.417,True,0.333,0.5,True,False,True,False
N#CC1C2C3C4(C#N)C1C2(c1ccccc1/C=C/C(=O)O)C34C12C=CC(C=C1S#N)C2,B0_baseline,385.95,80.8,-4.76,6.69,361.24,4.26,-2.28,423.5,4.23,0.847,True,0.873,0.821,False,False,False,False
N#CC1=C(c2cccc(-c3cccc(C(=O)O)c3O)c2)C2C=CC1O2,B0_baseline,381.39,82.5,-5.61,4.26,334.23,3.88,-2.33,331.3,3.37,0.756,True,0.778,0.735,True,False,False,False
C1=CC2CC1C=C2c1cccnc1,B0_baseline,356.11,89.9,-7.06,4.5,303.54,3.71,-1.84,169.2,2.67,0.795,True,0.846,0.744,True,False,False,False
COOc1cc(Cl)ccc1C(=O)OC,B0_baseline,329.81,87.2,-6.36,2.27,341.09,3.49,-2.55,216.6,2.07,0.655,True,0.721,0.59,True,False,True,False
CSOC12C3C4C(C)C(C56C=C(C#N)C(C=C5c5cccc(O)c5C(=O)O)C6)(C41)C32,B0_baseline,382.77,79.9,-5.16,6.51,350.17,4.11,-2.33,419.5,4.12,0.834,True,0.852,0.816,False,False,False,False
CN(CC(C(=O)c1ccccc1)C(=O)c1ccccc1)c1ccc(C2(C#N)C3C4C5C3C5(C#N)C42)cc1,B0_baseline,405.25,82.3,-5.07,4.63,366.35,4.26,-2.16,483.6,4.91,0.731,True,0.738,0.724,False,False,False,False
CCOC12C=CC(C1)C(C1C3C=C(c4ccccc4)C1C(C#N)=C3S#N)=C2c1sccc1C(C)(C)CCC1=CC2C=CC1C2,B0_baseline,362.26,77.4,-4.63,7.07,355.97,4.16,0.65,614.9,10.01,0.844,True,0.865,0.822,False,False,False,False
N#CC12C3C(S#N)C4C3C1(C13C=CC(C=C1c1ccccc1)C3)C42,B0_baseline,344.64,80.6,-4.98,6.51,343.66,3.74,-1.69,328.4,4.24,0.829,True,0.846,0.812,False,False,False,False
SC(Cl)OC12C3C4OC3C1C42,B0_baseline,352.28,89.7,-5.87,5.97,285.68,2.5,-3.26,190.7,0.85,0.934,True,0.958,0.909,False,False,False,False
N#Cc1cccc(/C=C/C(=O)O)c1,B0_baseline,348.58,83.2,-5.85,2.01,310.98,3.84,-2.58,173.2,1.66,0.642,True,0.689,0.595,True,False,True,False
CC1=CC2CC1C=C2c1ccc(N=Nc2ccccc2)cc1,B0_baseline,332.23,84.9,-4.94,4.21,336.61,4.17,-0.13,286.4,6.08,0.651,True,0.571,0.73,True,False,True,False
COc1c(N=Nc2cccc(C3=CC4CC3C=C4c3ccccc3)c2)ccc(O)c1C1C2C=CC1C(c1cccs1)=C2,B0_baseline,384.88,71.7,-4.62,5.85,354.77,4.25,0.93,566.7,9.98,0.711,True,0.727,0.694,False,False,False,False
CN(C)c1ccc(N=Nc2ccccc2C2C3C=CC2(C2=C(C#N)C4C=CC2N4)C(S#N)=C3S#N)cc1,B0_baseline,417.91,76.6,-4.39,6.46,361.07,4.34,-1.05,521.7,6.8,0.734,True,0.694,0.773,False,False,False,False
CSc1ccc(C(=O)O)c(O)c1,B0_baseline,363.76,86.2,-5.86,2.03,306.05,3.58,-2.54,184.2,1.81,0.639,True,0.711,0.567,True,False,True,False
O=C(O)c1ccccc1O,B0_baseline,347.79,86.1,-5.85,1.43,293.14,3.7,-2.77,138.1,1.09,0.324,False,0.649,0.0,True,False,True,False
O=C(/C=C/c1ccccc1)Oc1ccc(C2=CC3C=CC2C3)s1,B0_baseline,383.38,81.9,-4.63,4.48,360.34,4.19,-1.14,320.4,4.96,0.774,True,0.82,0.729,True,False,False,False
CCOC12C3C1C1CC3C12N(C)C,B0_baseline,404.21,90.0,-6.58,5.14,282.8,2.81,-3.1,179.3,0.97,0.837,True,0.86,0.814,False,False,False,False
CN(C)C12C3CC4C3C1C42C(=O)c1cccc(C2=CC3CC2C(C#N)=C3C#N)c1,B0_baseline,416.76,83.3,-6.38,6.09,342.69,4.25,-2.57,379.5,3.44,0.815,True,0.833,0.797,False,True,False,False
O=C(O)/C=C/c1ccccc1C1(c2ccccc2)C2C=CC1(C(=O)c1ccccc1)C=C2Cl,B0_baseline,349.34,82.0,-4.51,4.64,356.53,4.12,-1.02,452.9,6.26,0.797,True,0.836,0.758,False,False,False,False
CN(C)c1ccc(N=Nc2ccccc2)c(N(C)C)c1,B0_baseline,404.53,83.9,-4.93,2.41,352.39,4.16,-1.33,268.4,4.23,0.5,True,0.387,0.613,True,False,True,False
CCOC(C(=O)c1ccccc1)C(=O)c1ccccc1-c1ccc(/C=C/C(=O)Oc2ccc(C3=CC4C=CC3C4)s2)cc1,B0_baseline,380.01,78.8,-4.29,4.9,360.67,4.47,-0.53,586.7,8.09,0.786,True,0.835,0.738,False,False,False,False
C1=CC2CC1C=C2c1ccc(C23C4C5CC4C2C53)s1,B0_baseline,335.77,84.2,-5.49,6.07,326.86,4.06,-1.4,264.4,4.1,0.827,True,0.881,0.772,False,False,False,False
COC(=O)C1=CC2OC1C(S#N)=C2C#N,B0_baseline,339.45,83.4,-6.4,5.46,338.6,3.07,-3.45,222.2,0.86,0.766,True,0.778,0.755,False,False,False,False
N#CC1C2C3C1C1(C#N)C2C31c1cccc(C(=O)c2ccccc2-c2cc(O)ccc2N=Nc2ccccn2)c1,B0_baseline,375.41,83.9,-4.74,5.0,354.61,4.03,-1.25,519.6,6.51,0.792,True,0.779,0.804,False,False,False,False
COC(=O)C1=CC2C=C(OC3=CC4C=C(C#N)C3C4)C1C2,B0_baseline,342.03,84.5,-6.46,6.4,333.01,3.12,-2.56,281.3,2.62,0.781,True,0.792,0.769,False,False,False,False
CN(Cc1ccc(C(C)(C)C)c(O)c1C(=O)O)c1ccc(N=Nc2ccccc2)c(-c2ccnc(N=Nc3ccc(O)cn3)c2)c1,B0_baseline,421.06,76.5,-4.65,3.54,353.39,4.13,-0.05,615.7,9.02,0.75,True,0.713,0.788,False,False,False,False
CSOC12C3C4CC3C1(c1cc(O)ccc1N=Nc1cccnc1)C42,B0_baseline,437.06,81.2,-5.02,5.09,349.16,4.04,-1.73,351.4,4.38,0.759,True,0.714,0.803,False,False,False,False
CC(Cl)OC12C3C4C(C(=O)c5ccccc5)C3C1(C(F)(F)F)C42c1cc(N=Nc2ccccc2)ccc1N(C)C,B0_baseline,398.21,79.5,-4.92,5.06,355.89,4.1,-0.69,566.0,7.7,0.747,True,0.721,0.774,False,False,False,False
CN(C)c1ccc(OC(=O)c2c(O)cccc2-c2ccc(O)c(C(=O)O)c2)cc1,B0_baseline,403.79,81.1,-5.7,2.26,342.24,4.2,-2.44,393.4,3.75,0.678,True,0.672,0.683,True,False,False,False
CC1=CC2(C(C)(C)C)N=CC1C2c1ccsc1,B0_baseline,338.79,86.1,-5.35,5.37,334.8,4.04,-1.16,245.4,4.28,0.847,True,0.87,0.825,False,False,False,False
Oc1ccc(N=Nc2ccccc2)cc1F,B0_baseline,349.33,83.5,-5.0,2.19,344.77,3.94,-1.22,216.2,3.95,0.534,True,0.464,0.604,True,False,True,False
CSOC12C3C4CC3C1(c1cc(O)ccc1N=Nc1ccccc1)C42,B0_baseline,385.18,82.4,-4.65,4.89,346.73,4.0,-1.3,350.4,4.99,0.698,True,0.611,0.786,False,False,True,False
CCc1ccsc1C1=C(C2C3C=CC2C(S#N)=C3C#N)C2C=C(C#N)C1C2,B0_baseline,360.65,78.4,-5.09,6.49,366.54,3.98,-1.1,387.5,5.59,0.829,True,0.845,0.812,False,False,False,False
CCCCC(CC)COC(=O)c1ccccc1C(=O)c1ccccc1-c1cc(N=Nc2ccccc2)ccc1O,B0_baseline,370.76,81.7,-4.52,3.12,369.14,4.04,0.48,534.7,9.08,0.66,True,0.681,0.639,True,False,True,False
CN(C)c1ccc(C2(C#N)C3C4C5C3C5(C#N)C42)cc1-c1ccccc1/C=C/C(=O)O,B0_baseline,404.1,71.5,-5.18,4.85,349.73,4.3,-2.4,407.5,3.92,0.781,True,0.827,0.734,False,False,False,False
C1=CC2CC1C=C2CC1=CC2N=CC1C2c1ccsc1,B0_baseline,350.59,84.1,-5.25,6.36,332.8,3.82,-1.31,279.4,4.36,0.863,True,0.891,0.836,False,False,False,False
N#CC1=C(C#N)C2(c3csc(C45C6C(C#N)C7C6C4C75C#N)c3)C=[SH]C1C2C(F)(F)F,B0_baseline,366.27,74.2,-5.21,7.26,351.04,3.98,-2.92,452.5,3.58,0.87,True,0.88,0.86,False,False,False,False
Oc1ccc(N=Nc2ncccc2Cl)cc1,B0_baseline,392.71,84.2,-5.62,2.53,335.53,3.71,-1.39,233.7,3.86,0.592,True,0.517,0.667,True,False,True,False
CC1=CC2C=CC1(Oc1cccnc1C(=O)O)C2,B0_baseline,388.84,84.5,-5.65,4.82,330.04,3.8,-2.46,243.3,2.43,0.78,True,0.806,0.754,False,False,False,False
CSOC12C3C4OC3C1(c1nc(O)c(C35CC6C7C(C63)C75)cc1N=Nc1ccccc1)C42,B0_baseline,385.45,80.4,-4.63,6.1,348.76,3.83,-2.37,443.5,4.28,0.795,True,0.757,0.833,False,False,False,False
N#CC1=C(C23C=CC(N2)C(S#N)=C3C#N)C2C=CC1C2,B0_baseline,372.71,84.2,-5.62,6.7,348.81,3.11,-2.78,278.3,2.28,0.859,True,0.879,0.839,False,False,False,False
COc1ccc(C23C=C(C)C(C=N2)C3c2ccsc2)cc1,B0_baseline,336.6,85.1,-5.2,4.81,335.95,4.17,-1.38,295.4,4.4,0.753,True,0.768,0.738,False,False,False,False
C1=CC2CC1C=C2c1cc(C2=CC3C=CC2C3)cc(C23C4C5SC4C2C53)c1,B0_baseline,330.42,85.9,-5.09,6.86,333.41,4.14,-1.05,366.5,5.48,0.865,True,0.889,0.841,False,False,False,False
COC12C=CC(C1)C(C#N)=C2C#N,B0_baseline,334.05,87.6,-6.6,5.27,309.88,3.08,-2.82,172.2,1.31,0.81,True,0.83,0.791,False,False,False,False
CN(C)c1ccc(C2(C#N)C3C4C5C3C5(C#N)C42)c(C(C)(C)C)c1,B0_baseline,416.98,79.7,-6.2,4.99,347.84,4.13,-2.18,317.4,3.46,0.743,True,0.786,0.7,False,False,False,False
CCc1cccc(C(=O)C(C)OC23C4C5CC(C42)C53F)c1,B0_baseline,326.62,85.5,-6.36,4.37,332.27,3.91,-2.18,286.3,3.19,0.714,True,0.738,0.691,True,False,False,False
CCCCC(CC)COC(=O)C1=CC2CC1C(c1cccs1)=C2C1=CC2C=CC1C2,B0_baseline,356.78,84.6,-5.12,5.84,360.61,4.01,-0.32,420.6,6.97,0.736,True,0.838,0.634,False,False,True,False
CN(C)c1ccc(C2(C#N)C3C4C5C3C5(C#N)C42)cc1Oc1ccccc1C(=O)O,B0_baseline,400.21,80.5,-5.82,4.73,347.9,4.19,-2.53,397.4,3.65,0.767,True,0.754,0.78,False,True,False,False
O=C(OS)C1=CC2C=C(O)C1C2,B0_baseline,352.12,90.2,-5.97,5.77,289.6,2.9,-2.84,184.2,1.39,0.834,True,0.848,0.82,False,False,False,False
NOC(=O)c1cc(N=Nc2ccccc2)ccc1O,B0_baseline,376.8,80.9,-5.71,2.48,349.82,3.84,-2.25,257.2,2.84,0.586,True,0.523,0.649,True,False,True,False
N#CC1=CC2OC1C(C#N)=C2S#N,B0_baseline,339.53,86.4,-6.45,5.99,306.94,3.12,-3.0,189.2,1.21,0.841,True,0.857,0.825,False,False,False,False
O=C(O)c1c(O)cccc1-c1ccc(O)c(C(=O)O)c1C12C3CC1C1C3C12,B0_baseline,361.39,82.6,-5.9,4.28,321.5,3.91,-2.85,364.4,2.92,0.767,True,0.814,0.721,True,False,False,False
CC(C)(C)c1ccsc1C1=C(C2C3C=C(c4ccccc4)C2C(C#N)=C3S#N)C2C=CC1C2C12C=CC(C1)C(C#N)=C2,B0_baseline,363.18,71.4,-5.17,7.08,346.95,4.27,0.29,581.8,9.21,0.839,True,0.856,0.822,False,False,False,False
CCC1=CC2C(S#N)=C(C#N)C1C2C1=C(c2cccs2)C2C=CC1C2,B0_baseline,351.29,84.3,-5.06,6.25,363.87,4.05,-0.72,362.5,5.91,0.763,True,0.794,0.731,False,False,False,False
CNOC12C=CC(C1)C(C1C3C(C#N)=C(S#N)C1C(C(F)(F)F)=C3c1ccccc1)=C2c1sccc1C(C)(C)O,B0_baseline,399.49,76.9,-4.49,6.5,360.59,4.27,-1.21,581.7,7.09,0.833,True,0.838,0.828,False,False,False,False
N#CC1=C(C#N)C2(C3=C(C#N)C4CC3C=[SH]4)CC1C=C2C12C3C(C#N)C4C3C1C42C#N,B0_baseline,363.7,83.9,-5.56,7.81,346.68,4.03,-3.17,417.5,2.92,0.867,True,0.891,0.843,False,True,False,False
COc1ccc(-c2cccc(C34C5C(C#N)C3C3(C#N)C5C34)c2/C=C/C(=O)O)cc1,B0_baseline,367.56,80.1,-5.62,4.71,363.86,4.28,-2.36,394.4,3.87,0.759,True,0.797,0.721,False,False,False,False
CN(C)c1ccc(N=Nc2ccccc2)c(C2=CC3CC2C(c2sccc2C(C)(C)C)=C3C2C3C=C(c4ccccc4)C2C(C#N)=C3S#N)c1,B0_baseline,399.29,75.5,-5.07,6.24,368.92,4.37,1.59,690.0,11.96,0.776,True,0.76,0.792,False,False,False,False
CCCCC(CC)COC(=O)c1ccccc1C1=CC2C=CC1C2,B0_baseline,331.4,84.5,-5.1,4.45,354.12,3.99,-0.67,324.5,5.65,0.709,True,0.806,0.612,True,False,True,False
N#CC1=C(c2ccccc2)C2C=CC1C2,B0_baseline,330.87,88.6,-6.38,4.09,306.88,3.88,-1.63,193.2,3.17,0.726,True,0.737,0.714,True,False,False,False
N#CC1=CC2CC1C(C#N)=C2C#N,B0_baseline,341.33,87.3,-6.58,5.3,294.13,3.07,-2.7,167.2,1.43,0.83,True,0.842,0.818,False,False,False,False
COc1ccc(C23C=NC(C2)C(S#N)=C3C#N)cc1,B0_baseline,348.88,84.9,-6.22,5.03,345.14,4.04,-2.37,269.3,2.78,0.727,True,0.767,0.688,False,False,False,False
CN(C)c1ccc(N=Nc2cccc(C34C5C6C3C6(C#N)C5C4(C#N)c3ccc(N(C)C)cc3)c2)cc1,B0_baseline,420.2,81.7,-5.16,4.92,368.63,4.15,-1.42,484.6,5.96,0.67,True,0.612,0.727,False,False,True,False
CC(C)(CC1=CC2C=C(c3ccccc3)C1C2)c1ccsc1C1=C(C2C3N=C(c4ccccc4)C2C(C#N)=C3S#N)C2C=CC1C2,B0_baseline,362.29,76.9,-5.29,6.87,342.35,4.26,0.63,633.9,10.14,0.845,True,0.862,0.827,False,False,False,False
N#CC1=C(S#N)C2C=CC1C2,B0_baseline,334.24,87.7,-6.58,5.67,301.19,2.92,-2.14,162.2,2.18,0.813,True,0.84,0.786,False,False,False,False
O=C(c1ccccn1)C12C=CC(C1)C(Cl)=C2,B0_baseline,340.72,87.0,-6.46,4.89,328.57,3.94,-2.01,231.7,2.96,0.803,True,0.849,0.757,False,False,False,False
N#CC1=C(C#N)C2(c3ccccc3C(=O)C34C5CC6C5C3C64)C=CC1C2C12C=CC(C1)C(c1ccccc1)=C2,B0_baseline,346.58,76.4,-5.13,6.74,329.69,4.31,-1.19,502.6,6.44,0.854,True,0.87,0.837,False,False,False,False
CC(Cl)OC12C3C4CC3C1(C(F)(F)F)C42C#N,B0_baseline,335.25,85.4,-6.45,5.63,323.14,3.01,-2.41,263.6,2.68,0.861,True,0.881,0.841,False,False,False,False
COC(=O)C1=CC2CC1C=C2C12SC3(OC(=O)c4ncccc4O)C4C(C41)C32,B0_baseline,416.69,83.0,-6.11,6.23,325.67,3.99,-3.47,395.4,2.31,0.791,True,0.809,0.772,False,False,False,False
O=C(c1ccccc1)c1ccncc1,B0_baseline,334.25,90.0,-6.53,1.49,306.94,3.98,-2.18,183.2,2.31,0.576,True,0.697,0.455,True,False,True,False
CN(C)c1ccc(C2(C#N)C3C4C5C3C5(C#N)C42)cc1Oc1ncccc1C(=O)O,B0_baseline,402.65,80.8,-5.96,4.87,347.38,4.18,-2.97,398.4,3.04,0.787,True,0.784,0.79,False,True,False,False
O=C(c1ccccc1)c1ccc(C23C4CC2C2(C(F)(F)F)C4C32OC(Cl)CC23C=CC(C=C2)C3)cc1,B0_baseline,326.68,82.6,-4.99,5.99,336.26,4.18,-0.95,509.0,6.84,0.811,True,0.84,0.783,False,False,False,False
CN(Cc1cccc(O)c1C(=O)O)c1ccc(N=Nc2ccccc2)c(-c2cc(N=Nc3ccc(O)cn3)ncc2O)c1,B0_baseline,418.91,80.0,-4.96,3.55,344.24,4.33,-0.94,575.6,7.43,0.739,True,0.687,0.791,True,False,False,False
CCC1=CC2C=CC1C2C12C(C#N)C3C4C(C31)C42C#N,B0_baseline,334.53,78.5,-6.36,6.84,328.99,3.91,-2.22,260.3,2.91,0.83,True,0.836,0.825,False,False,False,False
CN(C)C1=C(c2ccccc2)C2C(C#N)=C(S#N)C1C2C1=C(c2sccc2C(C)(C)C)C2C=CC1C2,B0_baseline,404.15,78.0,-5.17,6.12,337.76,4.27,-0.24,509.7,7.84,0.809,True,0.835,0.782,False,False,False,False
CCOC1=CC2C=C(c3cc(C#N)cs3)C1C2C12CC3C4C(C31)C42,B0_baseline,351.31,85.1,-5.14,6.34,344.93,4.0,-1.67,333.5,4.31,0.821,True,0.833,0.809,False,False,False,False
COC12C3C4C(C3(C#N)c3ccc(N(C)C)nc3)C1(C#N)C42,B0_baseline,410.41,78.7,-6.87,5.31,344.56,3.95,-3.54,292.3,1.32,0.812,True,0.839,0.784,False,False,False,False
N#CC1(c2cc(O)ccc2N=Nc2ccccc2)C2C3(c4ccccc4/C=C/C(=O)O)C1C1(c4cccc(O)c4C(=O)O)C3C21C#N,B0_baseline,388.15,78.5,-4.6,5.25,336.22,4.02,-1.97,620.6,6.36,0.735,True,0.69,0.779,False,False,False,False
N#CC1=CC2C=CC1(C13C4C5C(C#N)C(C41C#N)C53c1ccccc1/C=C/C(=O)O)C2,B0_baseline,381.05,81.7,-5.73,6.49,365.6,4.25,-2.61,403.4,3.59,0.833,True,0.855,0.81,False,True,False,False
CCCCC(COC(=O)OC(=O)c1ccccc1O)C(C)C12C=CC(C=C1)C2O/C(=C\C(=O)O)c1ccccc1,B0_baseline,371.02,82.0,-4.78,5.17,351.22,4.42,-1.5,546.6,6.38,0.771,True,0.798,0.744,False,False,False,False
CCCSC(CC)COC(=O)c1ccccc1C(=O)c1ccccn1,B0_baseline,358.53,82.5,-5.16,2.94,347.36,3.93,-1.76,357.5,4.39,0.748,True,0.791,0.705,True,False,False,False
C1=CC2CC1N=C2c1cc(C23C4CC5C4C2C53)cs1,B0_baseline,331.41,87.0,-6.45,6.55,352.19,3.82,-2.01,265.4,3.26,0.867,True,0.911,0.822,False,False,False,False
CSOC12C3C4CC3C1(c1cc(O)ccc1N=Nc1cccc(-c3cccc(N=Nc5ccccc5)c3)c1)C42,B0_baseline,385.48,80.6,-4.68,4.87,344.61,4.32,0.5,530.7,9.07,0.713,True,0.65,0.775,False,False,True,False
N#CC1=C(C23CC(C4C5C=CC4C(c4ccccc4)=C5)(C=C2C24C5C(C#N)C6C5C2C64C#N)C(C#N)=C3C#N)C2C=CC1C2,B0_baseline,340.2,76.2,-5.47,7.72,349.33,3.97,-1.63,563.7,6.34,0.856,True,0.873,0.838,False,False,False,False
COC(=O)C12C3C4CC1C4(O)C32,B0_baseline,341.62,90.1,-5.97,5.17,304.62,2.17,-3.87,166.2,-0.21,0.835,True,0.851,0.82,False,False,False,False
CC1=C(c2ccccc2N=Nc2cccc(C3C4C=CC3C(c3cccs3)=C4)c2)C2C=CC1C2,B0_baseline,334.75,74.5,-5.09,5.77,344.06,4.24,0.98,458.6,9.13,0.752,True,0.75,0.753,False,False,False,False
CSOC12C3C4CC3C1(c1cc(O)ccc1N=Nc1ccccc1)C42C1=CC2CC1C=C2C,B0_baseline,378.34,82.0,-4.69,6.21,349.85,4.33,-0.59,454.6,6.88,0.738,True,0.667,0.81,False,False,False,False
CC1=C(c2cccc(C(=O)CC(=O)c3ccccc3)c2)C2C=C(C34C5C(C#N)C3C3(S#N)C5C34)C1C2,B0_baseline,344.94,83.3,-5.22,6.07,350.69,4.0,-1.36,488.6,6.09,0.81,True,0.821,0.798,False,False,False,False
COC(=O)C1=CC2C=C(O)C1(c1ccc(/C=C/C(=O)O)cc1)C2,B0_baseline,367.56,82.7,-5.83,4.55,359.51,4.03,-2.76,312.3,2.6,0.701,True,0.772,0.63,False,True,True,False
COc1ccc(C23C=CC(C(c4ccccc4)=C2)C3Cl)cc1,B0_baseline,329.48,79.4,-5.01,4.35,324.2,4.18,-1.16,308.8,4.82,0.689,True,0.778,0.6,True,False,True,False
N#CC1=C(C#N)C2(c3csc(C45C6C(C#N)C7C6C4C75C#N)c3)C=CC1C2C(F)(F)F,B0_baseline,348.63,73.9,-5.33,6.88,352.39,3.99,-2.42,432.4,4.11,0.871,True,0.883,0.859,False,False,False,False
CCC12CC3C1C1C2C31c1ccsc1,B0_baseline,333.9,92.0,-6.49,5.16,285.73,3.99,-1.6,202.3,3.29,0.839,True,0.86,0.818,False,False,False,False
CC1=C(c2cc(C3=CC4CC3C=C4C#N)ccc2N=Nc2ccccc2)C2C=CC1C2,B0_baseline,352.19,81.5,-5.04,5.71,343.09,4.29,0.22,401.5,7.56,0.728,True,0.672,0.785,False,False,False,False
CCCCC(CC)COC(=O)c1cnc(C(=O)OC23CC4C5C(C42)C53)c(O)c1,B0_baseline,366.15,83.0,-6.29,4.66,353.44,3.97,-2.51,385.5,3.58,0.743,True,0.806,0.679,False,False,False,False
COC(=O)C1=CC2CC1C=C2C12CC3(OC(=O)c4nccc(-c5cccc(C(=O)O)c5O)c4O)C4C(C41)C32,B0_baseline,379.54,81.3,-6.05,6.02,327.87,3.76,-3.47,513.5,3.32,0.797,True,0.805,0.789,False,False,False,False
N#CC12C3C4C(C31)C(C#N)(N1C3C5C6C5C1(c1ccc(O)c(C(=O)O)c1)C63)C42,B0_baseline,384.51,82.4,-5.9,5.99,327.06,3.99,-3.97,369.4,1.38,0.753,True,0.742,0.764,False,False,False,False
CN(O)c1ccc(N=Nc2ccccc2)c(-c2ccccc2C(=O)CC(=O)c2ccccc2)c1CC1=CC2C=CC1C2,B0_baseline,394.86,79.8,-4.53,4.78,358.15,4.27,0.12,553.7,8.72,0.752,True,0.699,0.806,False,False,False,False
CC12C3CC4C3C1C42c1csc(C2=CC3C=CC2(C24C=CC(C2)C(c2ccc(C#N)c(C(=O)CC(=O)c5ccccc5)c2)=C4)C3)c1,B0_baseline,350.41,83.2,-5.08,6.92,353.78,4.37,-0.17,615.8,8.85,0.838,True,0.866,0.811,False,False,False,False
OC1=CC2C=CC1C2,B0_baseline,348.73,88.8,-5.9,5.43,274.77,2.83,-2.2,108.1,1.63,0.854,True,0.862,0.846,False,False,False,False
ClC1=NC2C=CC1N2,B0_baseline,330.85,90.1,-5.78,6.11,275.43,2.67,-3.14,128.6,0.49,0.857,True,0.86,0.854,False,False,False,False
C1=CC2CC1C=C2C12SC3C4C(C31)C42,B0_baseline,333.22,89.2,-6.54,6.81,285.33,3.46,-2.16,200.3,2.48,0.894,True,0.907,0.881,False,False,False,False
COC(=O)C12C=CC(C=C1C)C2,B0_baseline,325.2,89.7,-6.56,5.13,278.19,2.87,-2.51,164.2,1.68,0.798,True,0.809,0.787,False,False,False,False
COC(=O)C12C3C4NC1C4(O)C32,B0_baseline,346.31,88.6,-5.78,5.52,248.86,2.55,-4.79,167.2,-1.51,0.845,True,0.851,0.839,False,False,False,False
CN(C)c1ccc(N=Nc2cccc(-c3ccccc3C3=CC4C=CC3C4)c2C23C=CC(C2)C(C24C=CC(C2)C(S#N)=C4C#N)=C3C#N)cc1,B0_baseline,414.07,76.1,-5.11,6.93,366.67,4.27,0.79,666.9,10.64,0.746,True,0.713,0.779,False,False,False,False
C1=CC2NC1C=C2c1ccc(C23C4CC5C4C2C53)s1,B0_baseline,357.36,87.4,-5.67,6.5,344.93,4.09,-2.33,265.4,2.81,0.854,True,0.91,0.797,False,False,False,False
CN(N)C12C3CC4C3C1C42C(=O)c1ccccc1,B0_baseline,396.45,80.5,-5.84,4.73,335.54,4.01,-3.24,240.3,1.31,0.736,True,0.776,0.696,False,False,False,False
N#CC12C3C(S#N)C1C1(C#N)C3C21,B0_baseline,335.73,84.6,-6.48,6.45,296.32,2.98,-3.06,187.2,1.11,0.901,True,0.922,0.88,False,False,False,False
CN(S)C12C3CC4C3C1C42C(=O)c1cccc(C2=CC3CC2C(C#N)=C3C#N)c1,B0_baseline,416.38,82.3,-5.85,6.24,341.87,4.32,-2.53,397.5,3.66,0.822,True,0.84,0.805,False,True,False,False
COc1cc(O)ccc1N=Nc1cc(C2=CC3CC2C=C3c2ccccc2)ccn1,B0_baseline,390.93,84.4,-4.71,4.52,348.16,4.17,-0.62,395.5,6.33,0.728,True,0.707,0.75,False,False,False,False
C1=CC2CC1C=C2Cc1cccc(C2=CC3C=CC2C3)c1,B0_baseline,322.44,84.7,-5.41,5.63,311.13,4.02,-0.85,272.4,4.95,0.815,True,0.848,0.781,False,False,False,False
O=C(O)/C(O)=C/c1ccccc1,B0_baseline,342.73,86.1,-5.85,1.97,305.7,3.76,-2.52,164.2,1.67,0.652,True,0.727,0.577,True,False,True,False
CCC12C3C4C(C#N)C3(c3ccc(OC)c(C5=CC6CC5C=C6C(=O)OC)c3)C1C42C#N,B0_baseline,354.2,78.7,-5.92,6.34,335.52,4.17,-2.44,424.5,4.01,0.796,True,0.825,0.767,False,False,False,False
CCC1=CC2C(S#N)=C(C#N)C1C2C1=C(c2cccs2)C2CC1C=C2C#N,B0_baseline,358.03,83.8,-5.05,6.44,352.75,3.98,-0.94,387.5,5.8,0.773,True,0.803,0.743,False,False,False,False
N#CC1=C(S#N)C2C=C(c3ccccc3)C1C2C1=C(c2cccs2)C2C=CC1C2,B0_baseline,346.87,82.9,-5.03,5.88,362.46,4.23,-0.48,410.6,6.66,0.757,True,0.794,0.721,False,False,False,False
N#CC1=C(C#N)C2CC1C=C2C1=CC2CC1C(C13C=CC(C1)C(S#N)=C3C#N)=C2C#N,B0_baseline,339.07,80.8,-5.29,7.19,346.84,4.12,-1.79,417.5,4.87,0.872,True,0.894,0.851,False,False,False,False
Oc1ccc(N=Nc2ccccn2)cc1,B0_baseline,347.08,88.3,-5.84,2.35,328.11,3.9,-1.64,199.2,3.2,0.552,True,0.429,0.676,True,False,True,False
C1=CC2CC1C=C2c1cc(C23C4CC5C4C2C53)cs1,B0_baseline,330.9,84.5,-5.51,6.35,331.81,3.89,-1.4,264.4,4.1,0.866,True,0.898,0.833,False,False,False,False
C1=CC2CC1C=C2c1ccccc1-c1ccccc1N=Nc1ccccc1,B0_baseline,322.33,78.4,-4.84,4.19,348.6,4.32,0.4,348.4,7.36,0.714,True,0.628,0.8,True,False,True,False
CC(Cl)OC12C3C4C(C(=O)c5ccccn5)C3C1(C(F)(F)F)C42,B0_baseline,341.37,86.1,-6.15,5.24,348.3,3.62,-2.46,343.7,3.29,0.807,True,0.846,0.767,False,False,False,False
CCCCC(CC)COC(=O)c1ccc(OCC)cc1C(=O)c1ccccc1,B0_baseline,337.9,83.8,-5.07,2.55,364.28,4.0,-0.99,382.5,5.69,0.659,True,0.727,0.591,True,False,True,False
COC(=O)C1=CC2C=CC1C2,B0_baseline,323.91,88.9,-6.55,4.69,277.84,2.95,-2.7,150.2,1.29,0.738,True,0.738,0.738,False,False,False,False
CN(C)c1ccc(CC(C)(C)c2ccsc2C2=C(C3C4C=C(c5ccccc5)C3C(C#N)=C4S#N)C3C=CC2C3)cc1,B0_baseline,422.71,77.7,-5.15,6.03,358.68,4.36,0.29,585.8,9.24,0.794,True,0.82,0.767,False,False,False,False
N#CC1=C(C#N)C2CC1C=C2c1cccc(C(=O)C(C(=O)c2ccccc2)c2cccc(C(=O)CC(=O)c3ccccc3)c2)c1,B0_baseline,338.37,82.1,-5.13,4.73,339.89,3.61,-1.05,586.6,7.37,0.807,True,0.812,0.802,False,False,False,False
COOc1cc(Cl)cc(C23C(C#N)C4C2C2C3C42C#N)c1C(=O)O,B0_baseline,377.34,82.3,-5.98,5.37,347.23,3.65,-3.1,342.7,2.39,0.813,True,0.848,0.778,False,False,False,False
O=C(c1cccc(C2=C(c3cccs3)C3C=CC2C3)c1)C12C=CC(C1)C(Cl)=C2,B0_baseline,332.77,83.9,-5.2,5.7,348.24,4.28,-0.37,402.9,6.75,0.785,True,0.814,0.756,False,False,False,False
CC(C#N)(c1ccc(C(=O)O)c(O)c1)C1C2C=CC1C(C#N)=C2C#N,B0_baseline,388.97,76.8,-5.04,4.95,342.88,3.56,-2.84,331.3,2.65,0.742,True,0.767,0.717,False,False,False,False
N#CC1(c2ccccc2C(=O)CC(=O)c2ccccc2)C2C3C1C1(C#N)C2C31C#N,B0_baseline,359.32,81.1,-6.13,4.84,340.08,4.09,-2.63,389.4,3.44,0.786,True,0.81,0.761,False,True,False,False
CN(C)C12C3CC4C3C1C42C(=O)c1ccncc1,B0_baseline,403.78,88.1,-6.63,4.83,334.25,4.02,-3.13,240.3,1.46,0.774,True,0.818,0.729,False,False,False,False
CC(Cl)OC12C3C4CC(C56C=CC(C=C5c5cccs5)C6)(C41)C32,B0_baseline,334.12,86.6,-4.7,6.57,335.47,3.77,-1.28,342.9,4.94,0.796,True,0.838,0.753,False,False,False,False
N#CC1=C(C#N)C2(c3ccccc3C(=O)C34C5CC6C5C3C64)C=CC1C2,B0_baseline,340.48,75.8,-6.37,6.02,341.28,3.95,-2.23,336.4,3.55,0.842,True,0.859,0.824,False,False,False,False
N#CC1=C(S#N)C2C=CC1C2C1=C(c2cncs2)C2C=CC1C2c1ccc(C(=O)c2ccccc2)cc1,B0_baseline,357.18,75.2,-5.35,5.92,370.19,4.29,-0.77,515.7,7.15,0.795,True,0.841,0.75,False,False,False,False
CCOOc1cccnc1C(=O)O,B0_baseline,395.34,87.0,-6.05,2.57,282.61,3.58,-3.03,183.2,1.11,0.737,True,0.759,0.714,True,False,False,False
CCC(COC(=O)c1ccccc1C(=O)c1ccccc1)SC(NC)c1ccccc1C(=O)c1ccccc1,B0_baseline,358.74,83.1,-4.62,3.41,343.77,4.12,-1.2,537.7,6.74,0.74,True,0.754,0.726,True,False,False,False
CCOc1cccnc1N=Nc1ccc(O)cc1,B0_baseline,398.83,83.6,-5.84,2.43,337.66,3.92,-1.63,243.3,3.6,0.646,True,0.588,0.705,True,False,True,False
N#CC1=C(C#N)C2(C3=C(C#N)C4C=CC3C4)CC1C=N2,B0_baseline,343.35,85.1,-6.63,6.3,340.23,3.13,-2.71,258.3,2.2,0.851,True,0.869,0.833,False,False,False,False
CCCCC(CC)COC(=O)c1c(C(=O)NC(=O)c2cccnc2)cccc1C1=CC2CC1C(C#N)=C2C#N,B0_baseline,413.5,83.2,-5.26,4.82,352.95,3.98,-2.05,522.6,5.4,0.772,True,0.837,0.707,False,False,False,False
CCOC12C=CC(C(C3C4C(C#N)=C(S#N)C3C(C(F)(F)F)=C4c3ccccc3)=C1c1sccc1C(C)(C)O)C2CC,B0_baseline,372.67,75.4,-4.46,6.49,360.55,3.74,-0.3,608.8,8.61,0.818,True,0.838,0.798,False,False,False,False
CCC1=CC2C(S#N)=C(C#N)C1C2C1=C(c2ccns2)C2CC1C=C2C#N,B0_baseline,362.35,83.5,-5.35,6.76,348.67,3.94,-1.38,388.5,5.2,0.85,True,0.853,0.847,False,False,False,False
CC1=CC2C=C(C34C5OC6C5C3C64)C1C2,B0_baseline,326.3,89.9,-6.55,6.67,280.78,3.41,-2.38,198.3,2.15,0.884,True,0.898,0.871,False,False,False,False
CSC1=C(c2ccccc2)C2C=CC1C2,B0_baseline,333.94,79.1,-5.78,4.25,317.75,3.98,-1.19,214.3,3.97,0.755,True,0.796,0.714,True,False,False,False
CN(C)C12C3C(c4cc(O)ccc4N=Nc4ccccc4)C4C3C1C42C(=O)c1ccccc1C12C3C4CC3C1C42,B0_baseline,403.32,73.7,-4.65,5.58,357.3,4.08,-1.4,525.7,6.34,0.755,True,0.687,0.824,False,False,False,False
CC12C3CC4C3C1C42c1csc(C2=CC3C=CC2(C24C=CC(C2)C(c2cccc(C(=O)CC(=O)c5ccccc5)c2)=N4)C3)c1,B0_baseline,337.19,84.5,-5.46,6.78,363.95,4.26,-0.53,591.8,8.13,0.824,True,0.845,0.802,False,False,False,False
N#CC1C2C3C1C1(C#N)C2C31c1cccc(N=Nc2ccccc2)c1,B0_baseline,333.7,79.5,-5.16,4.95,352.83,3.94,-1.47,322.4,4.51,0.707,True,0.644,0.77,False,False,True,False
COC(=O)c1cccc(C(=O)C23C4CC5C4C2C53N(C)N)c1,B0_baseline,405.33,77.4,-5.88,4.65,342.88,3.97,-3.74,298.3,1.1,0.713,True,0.724,0.702,False,False,False,False
CC(C)(C)c1ccccc1N=Nc1ccc(O)cc1,B0_baseline,370.86,67.9,-4.39,2.28,338.97,3.92,-0.63,254.3,5.11,0.558,True,0.467,0.649,True,False,True,False
CCC(COC(=O)C12C3C4C3C1C4N2C1(C#N)C2C3C4C2C4(C#N)C31)CC(CC)C12C3CC1C1C3C12,B0_baseline,350.48,82.8,-6.42,6.89,342.5,4.2,-3.27,479.6,3.32,0.869,True,0.904,0.835,False,True,False,False
O1C2C3C1C1C2C31,B0_baseline,325.01,89.8,-6.47,5.07,194.3,2.98,-3.09,94.1,0.26,0.94,True,0.951,0.929,False,False,False,False
N#CC1=CC2CC1C(c1cccs1)=C2C1C2C=CC1C(S#N)=C2C#N,B0_baseline,353.32,77.8,-5.03,6.39,364.64,4.01,-1.33,359.5,5.02,0.758,True,0.781,0.734,False,False,False,False
ClC1=NC2C=C(c3cccc(C4=CC5C=CC4C5)c3)C1C2,B0_baseline,325.65,82.4,-5.54,5.91,333.54,4.02,-1.16,293.8,4.7,0.811,True,0.83,0.792,False,False,False,False
COC(=O)C1=CC2C=CC1C2C12C3C(C#N)C1(c1ccc(OC)cc1)C1C2C13C#N,B0_baseline,353.29,74.3,-5.99,6.12,341.32,3.83,-2.99,396.4,3.0,0.774,True,0.795,0.754,False,False,False,False
CN(C)c1ccc(N=Nc2ccccc2C23C=CC(C2)C(C24C=CC(C2)C(S#N)=C4C#N)=C3C#N)cc1C1=CC2C=C(C#N)C1C2,B0_baseline,417.59,81.3,-4.91,7.22,355.23,4.31,-0.16,615.8,8.87,0.793,True,0.77,0.817,False,False,False,False
COc1ccc(-c2ccc(C3=CC4C(S#N)=C(C#N)C3C4C3=C(c4cccs4)C4C=CC3C4)cc2)cc1,B0_baseline,359.4,83.1,-4.93,5.69,350.29,4.39,0.06,516.7,8.33,0.735,True,0.746,0.723,False,False,False,False
CN(C)c1ccc(N=Nc2ccccc2C2C3C=CC2(C2=C(C#N)C4C=CC2C4)C(C#N)=C3S#N)c(-c2ccsc2)c1,B0_baseline,412.81,83.3,-4.87,6.31,365.88,4.19,0.26,582.8,9.18,0.775,True,0.75,0.8,False,False,False,False
O=C(CC(=O)c1ccccc1)c1ccccc1,B0_baseline,323.54,86.1,-6.16,1.48,328.93,4.11,-1.84,224.3,3.14,0.553,True,0.656,0.45,True,False,True,False
Oc1cnc(N=Nc2ccccn2)c(C2=CC3C=CC2C3)c1,B0_baseline,365.28,82.3,-5.18,4.98,341.75,4.03,-1.5,290.3,4.19,0.793,True,0.797,0.789,False,False,False,False
COC(=O)C1=CC2C=CC1C2C1C2C3C4C3(OSCC35C=CC(C3)C(C)=C5)C2C14C12C=CC(C1)C(C#N)=[SH]2,B0_baseline,374.32,76.7,-4.79,6.65,350.97,4.2,-2.42,541.7,5.06,0.859,True,0.867,0.85,False,False,False,False
COc1ccc(-c2ccc(C(=O)CC(=O)c3ccccc3)c(C3(C#N)C4C5C3C3(C#N)C4C53C#N)c2)cc1,B0_baseline,363.97,81.2,-4.59,4.73,330.77,4.11,-2.09,495.5,5.12,0.733,True,0.781,0.686,False,False,False,False
CCOC1C2C=C(c3cccc(C(=O)C45C6CC7C6C4C75N(C)C)c3)C1C(C#N)=C2C#N,B0_baseline,415.73,81.4,-6.39,6.15,348.06,4.27,-2.83,423.5,3.46,0.787,True,0.815,0.76,False,True,False,False
COC(=O)C12C3CC4C3C1C42C1=CC2C=C(C)C1C2,B0_baseline,333.2,86.6,-6.5,6.39,333.47,3.21,-2.43,254.3,2.56,0.823,True,0.828,0.818,False,False,False,False
CC(Cl)OC12C3C4C(C(=O)c5ccccc5)C3C1(C(F)(F)F)C42,B0_baseline,326.64,84.4,-5.51,4.97,348.25,3.67,-2.03,342.7,3.89,0.757,True,0.772,0.742,False,False,False,False
CN(C)c1ccc(C2(C#N)C3C4C2C2(C56C7C(C#N)C5C5(C#N)C7C56)C4C32C#N)cn1,B0_baseline,418.04,75.3,-6.82,6.38,370.99,4.22,-3.68,402.5,2.08,0.848,True,0.868,0.828,False,True,False,False
O=C(c1ccccc1)c1cccc(-c2cc(N=Nc3ccccc3)ccc2O)c1,B0_baseline,363.1,82.0,-4.56,2.2,356.41,4.01,-0.25,378.4,6.71,0.642,True,0.595,0.689,True,False,True,False
COc1ccc(-c2cccc(C(=O)CC(=O)c3ccccc3)c2)cc1,B0_baseline,332.05,84.3,-5.09,1.73,330.44,4.19,-1.29,330.4,4.82,0.583,True,0.696,0.471,True,False,True,False
CN(C)c1ccc(N=Nc2ccccc2C(C)(C)C)c(-c2ncc(C3=C(C4C5C=CC4C(S#N)=C5C#N)C4C=CC3C4)s2)c1,B0_baseline,414.52,65.3,-5.6,6.28,382.52,4.45,0.63,614.8,9.97,0.765,True,0.75,0.779,False,False,False,False
O=C(/C=C/c1ccccc1)Oc1ccc(C2=CC3C=[SH]C2C3)s1,B0_baseline,393.88,82.1,-4.46,5.05,362.43,4.13,-1.64,340.5,4.42,0.775,True,0.825,0.724,False,False,False,False
COC1=C(c2ccc(C34C5CC6C5C3C64)cc2)C2C=CC1C2,B0_baseline,331.75,85.0,-5.72,5.7,318.98,3.99,-1.61,288.4,4.01,0.832,True,0.869,0.795,False,False,False,False
N#CC1=C(S#N)C2[SH]=CC1C2C1=C(c2cncs2)C2CC1C=C2C(=O)c1ccccc1,B0_baseline,381.24,81.6,-4.93,6.52,354.8,4.04,-1.78,459.6,5.24,0.825,True,0.845,0.805,False,False,False,False
CCCCC(COC(=O)OC(=O)c1ccccc1O)C(CC(C)(C)C)C12C=CC(C=C1)C2O,B0_baseline,378.97,82.4,-4.67,5.15,348.89,4.19,-1.48,456.6,5.65,0.756,True,0.81,0.703,False,False,False,False
CCOC12C3C4C(c5ccc(C(=O)CC(=O)c6ccccc6)cc5)C3C1C42,B0_baseline,349.6,82.9,-5.45,3.97,335.5,4.16,-1.95,358.4,4.14,0.717,True,0.725,0.709,True,False,False,False
Oc1cnc(N=Nc2ccccn2)cc1C1C2C=CC1C=C2,B0_baseline,373.57,84.8,-5.28,4.42,341.81,4.02,-1.59,290.3,4.05,0.765,True,0.776,0.754,True,False,False,False
CN(C)c1ccc(N=Nc2ccccc2)cc1CC1=CC2C=CC1(C13C4CC5C4C1C53)C2,B0_baseline,397.0,82.6,-5.09,5.88,358.96,4.23,-0.48,419.6,6.72,0.761,True,0.721,0.8,False,False,False,False
CN(C)CC(Cl)OC12C3C4CC(c5cc(N=Nc6ccccc6)ccc5N(C)C)(C41)C32,B0_baseline,404.44,84.5,-5.12,5.07,363.83,4.11,-1.68,437.0,5.2,0.76,True,0.712,0.808,False,False,False,False
N#CC1=C(S#N)C2C=CC1C2C1=C(c2cccs2)C2C=CC1N2,B0_baseline,379.11,76.7,-5.38,6.37,371.52,4.09,-2.02,335.5,3.83,0.748,True,0.763,0.733,False,False,False,False
CN(CC(=O)c1ccccc1)c1ccc(C2(C#N)C3C4C5C3C5(C#N)C42)c(C(C)(C)C)c1,B0_baseline,412.53,76.5,-5.03,4.74,352.11,4.34,-1.93,421.5,4.71,0.76,True,0.775,0.746,False,False,False,False
CN(C)c1ccc(N=Nc2ccc(-c3ccccc3C(=O)CC(=O)c3ccccc3)cc2)cc1CC1=CC2C=CC1C2,B0_baseline,399.46,82.2,-4.59,4.57,348.66,4.36,0.3,551.7,8.97,0.719,True,0.681,0.757,False,False,False,False
N#CC1=C(C23C=CC(C2)C(S#N)=C3S#N)C2C=CC1C2,B0_baseline,336.33,82.3,-5.31,6.92,336.57,3.95,-1.51,297.4,4.23,0.857,True,0.875,0.839,False,False,False,False
N#CC1=C(S#N)C2C=CC1C2C1=C(c2cncs2)C2CC1C=[SH]2,B0_baseline,362.95,77.4,-4.92,7.05,371.38,3.92,-2.04,355.5,3.99,0.859,True,0.885,0.833,False,False,False,False
c1ccc(C23CC4C5C(C42)C53)cc1,B0_baseline,326.17,89.2,-6.15,4.32,266.45,3.28,-1.99,168.2,2.45,0.789,True,0.8,0.778,True,False,False,False
N#CC1=C(C#N)C2(c3ccsc3)CC1C=C2c1ccccc1C(=O)CC(=O)c1ccccc1,B0_baseline,352.86,85.1,-4.85,4.59,348.61,4.37,-1.23,446.5,5.9,0.816,True,0.843,0.789,False,False,False,False
CCCN(C)CC(Cl)OC12C3C4CC3C1C42,B0_baseline,415.83,87.5,-6.66,5.05,328.32,3.01,-2.63,241.8,2.17,0.851,True,0.902,0.8,False,False,False,False
COC1C2C=CC1C(C13C=CC(C(S#N)=C1C#N)C3c1ccccc1N=Nc1ccc(N(C)C)cc1)=C2C#N,B0_baseline,419.05,76.0,-5.17,6.28,345.24,4.36,-0.91,530.7,7.08,0.741,True,0.703,0.779,False,False,False,False
CSOC12C3C4CC(C56C=C(C#N)C(C=C5c5cccc(O)c5C(=O)OC5=CC7C=CC5C7)C6)(C41)C32,B0_baseline,383.11,81.7,-4.78,7.21,346.37,4.29,-1.87,495.6,5.42,0.844,True,0.867,0.821,False,False,False,False
N#CC12C3C4C(C31)C(C#N)(N1C3C5C6C5C1(Cl)C63)C42,B0_baseline,336.29,78.4,-6.53,6.64,322.23,3.1,-3.61,267.7,1.02,0.902,True,0.932,0.873,False,False,False,False
O=C(OCC(F)(F)F)C1=CC2C=CC1C2,B0_baseline,337.41,84.6,-6.4,4.7,323.12,3.17,-2.45,218.2,2.22,0.789,True,0.804,0.774,False,False,False,False
Oc1ccc(N=Nc2cccc(C3=C(F)C4CC3C=C4c3ccccc3)c2)cc1,B0_baseline,376.26,83.4,-4.51,4.34,354.28,3.92,0.09,382.4,7.22,0.672,True,0.591,0.754,True,False,True,False
CCCCC(CC)COC(=O)c1c(C(=O)NC(=O)c2ccccc2)cccc1C1=CC2CC1C(C#N)=C2C#N,B0_baseline,374.45,83.0,-4.87,4.7,351.86,4.01,-1.62,521.6,6.01,0.742,True,0.805,0.679,False,False,False,False
C1=CC2C=CC1C2,B0_baseline,324.83,89.9,-6.59,4.7,274.08,3.66,-2.02,92.1,1.75,0.9,True,0.909,0.892,False,False,False,False
CCCCC(CC)COC(=O)c1ccccc1C(=O)c1ccccc1,B0_baseline,328.8,85.6,-5.07,2.37,356.38,4.09,-1.01,338.4,5.29,0.632,True,0.729,0.536,True,False,True,False
N#CC1(c2cc(O)ccc2N=Nc2ccccc2)C2C3C4C3(C#N)C1C24c1ccccc1/C=C/C(=O)O,B0_baseline,395.07,79.4,-4.41,4.99,366.5,4.31,-1.66,484.5,5.63,0.727,True,0.672,0.782,False,False,False,False
CCc1ccccc1N=Nc1ccccc1C1=C(C)C2C=CC1C2,B0_baseline,334.01,86.0,-5.04,4.37,335.72,4.37,0.1,314.4,6.64,0.731,True,0.7,0.763,True,False,False,False
CCC1=CC2CC1(c1ccccc1C(=O)C13C4CC5C4C1C53)C(C#N)=C2C#N,B0_baseline,347.33,75.0,-5.01,6.06,344.17,4.03,-1.85,364.4,4.33,0.823,True,0.848,0.798,False,False,False,False
SCOC12C3C4CC3C1C42,B0_baseline,330.85,90.7,-6.23,5.54,303.13,3.18,-2.82,154.2,1.15,0.918,True,0.938,0.898,False,False,False,False
COc1ccc(OC(=O)c2ccccc2OC2=CC3CC2(C2=C(C#N)C4C=CC2C4)C(C#N)=C3S#N)c(C23C4CC2C2C4C23)c1,B0_baseline,348.18,82.7,-5.43,6.75,337.57,4.28,-1.47,609.7,6.98,0.804,True,0.827,0.782,False,False,False,False
C1=CC2CC1C=[SH]2,B0_baseline,352.1,89.7,-5.93,7.16,264.29,3.5,-2.52,112.2,1.21,0.921,True,0.931,0.911,False,False,False,False
COC(=O)c1ccc(C(=O)C(C)OC23C4C5CC(C42)C53F)cc1,B0_baseline,333.13,74.9,-6.41,4.22,336.14,4.04,-2.91,316.3,2.42,0.68,True,0.68,0.68,True,True,False,False
CCOC12CC(C=C1c1ccccc1)C(C1C3C(C#N)=C(S#N)C1C(C(F)(F)F)=C3c1ccccc1)=C2c1sccc1C(C)(C)O,B0_baseline,376.15,76.9,-4.51,6.26,359.79,4.34,0.04,656.8,9.5,0.82,True,0.84,0.8,False,False,False,False
CN(CC1(C#N)C2C3C4C2C4(C#N)C31)c1ccc(N=Nc2cccc(C(C)(C)C)c2)cc1CC1=CC2C=CC1C2,B0_baseline,408.72,80.6,-5.57,6.38,351.78,4.26,-0.46,525.7,7.67,0.791,True,0.771,0.812,False,False,False,False
N#CC1=C(C#N)C2CC1C=C2c1cc(N=Nc2ccccc2)ccc1O,B0_baseline,396.35,82.3,-4.49,4.6,354.63,3.65,-1.08,338.4,5.18,0.698,True,0.63,0.765,False,False,True,False
N#CC1=C(C#N)C2C=CC1C2c1ccsc1,B0_baseline,351.5,79.3,-6.28,4.79,336.43,4.0,-1.94,224.3,2.99,0.78,True,0.8,0.759,False,False,False,False
CN(CF)c1ccc(N=Nc2ccccc2)cc1,B0_baseline,404.26,82.7,-4.87,2.49,356.43,4.14,-1.01,243.3,4.47,0.523,True,0.379,0.667,True,False,True,False
COC(=O)C1=CC2CC1C(O)=C2c1cccc(C(=O)CC(=O)c2ccc(C(=O)c3ccccc3)cc2)c1,B0_baseline,363.47,80.8,-4.83,4.21,341.74,3.92,-1.88,492.5,5.39,0.712,True,0.712,0.712,True,False,False,False
O=S(=O)(O)C1C2C=CC1C=C2,B0_baseline,345.13,87.2,-5.85,4.59,256.22,2.6,-3.31,172.2,0.61,0.871,True,0.914,0.829,False,False,False,False
CN(C)c1ccc(N=Nc2ccccc2)c(CSOC23C4C5OC4C2(c2nc(O)ccc2N=Nc2ccccc2)C53)c1,B0_baseline,402.82,81.1,-4.92,5.18,368.17,4.41,-0.85,576.7,7.57,0.744,True,0.712,0.775,False,False,False,False
CCCCC(CC)(COC(=O)c1c(C(=O)NC(=O)c2ccccc2)cccc1C1=CC2CC1C(C#N)=C2C#N)C12C=CC(C=C1C#N)C2,B0_baseline,369.49,82.7,-4.64,6.2,358.59,3.87,-1.33,636.8,7.4,0.809,True,0.833,0.784,False,False,False,False
Cc1nc(N=Nc2ccccn2)c(C2=CC3C=CC2C3)cc1O,B0_baseline,375.69,81.7,-4.69,5.05,347.91,4.01,-1.36,304.4,4.5,0.762,True,0.763,0.761,False,False,False,False
CC(C1=CC2CC1C(C#N)=C2C#N)C1=CC2C(S#N)=C(C#N)C1C2C1=C(c2cccs2)C2CC1C=C2C#N,B0_baseline,357.87,82.9,-5.06,7.35,339.27,4.01,-0.98,527.7,6.95,0.791,True,0.818,0.763,False,False,False,False
N#CC12C3C4C1C2(C#N)C3C4(C#N)S(=O)(=O)O,B0_baseline,364.51,83.5,-5.58,6.08,330.07,3.16,-4.44,247.2,-0.32,0.883,True,0.897,0.87,False,False,False,False
N#CC1=C(C#N)C2C=CC1C2C12C=CC(C=C1)C2,B0_baseline,338.83,78.8,-6.66,5.91,334.91,4.0,-2.06,232.3,2.89,0.81,True,0.825,0.795,False,False,False,False
Cc1ccc(C23C4C(C#N)C2C2(C#N)C4C23)c(/C=C/C(=O)O)c1,B0_baseline,355.04,82.3,-5.79,5.07,369.29,3.93,-2.77,302.3,2.5,0.788,True,0.823,0.754,False,False,False,False
CC1=CC2C=C(C(C(Cl)OC34C5C6CC5C3(C(F)(F)F)C64)C34C=CC(C=C3)C4)C1C2,B0_baseline,332.2,83.7,-5.08,7.56,326.65,4.29,-1.06,432.9,6.04,0.88,True,0.895,0.865,False,False,False,False
CCc1ccc(C(=O)O)c(OO)c1C12C=CC(C=C1)C2,B0_baseline,349.84,82.9,-5.83,4.23,340.92,3.67,-2.1,272.3,3.18,0.782,True,0.82,0.745,True,False,False,False
N#CC1=C(S#N)C2C=CC1C2C1(S#N)C2C3C1C1(C#N)C2C31c1ccccc1,B0_baseline,341.34,75.8,-4.93,6.8,342.81,4.04,-2.06,398.5,4.33,0.799,True,0.825,0.774,False,False,False,False
N#CC1=C(C#N)C2(C34C=CC(C3)C(S#N)=C4C#N)C=CC1C2,B0_baseline,342.37,84.1,-6.35,6.75,347.58,4.01,-2.08,302.4,3.47,0.844,True,0.857,0.831,False,False,False,False
N#CC1=C(S#N)C2C=CC1C2C1=C(c2cncs2)C2C=CC1C2C1C2C=CC1C(c1cccs1)=C2,B0_baseline,357.12,74.9,-5.53,7.14,363.49,4.27,-0.59,507.7,7.33,0.802,True,0.824,0.78,False,False,False,False
N#CC1=C(C23C=CC(C(S#N)=C2C#N)C3F)C2C=CC1C2,B0_baseline,338.74,83.7,-6.29,6.69,342.64,3.89,-2.0,295.3,3.53,0.85,True,0.873,0.828,False,False,False,False
O=C(c1ccccc1)c1cccc(C2=CC3CC2N=C3Cl)c1,B0_baseline,323.11,83.1,-5.52,4.1,335.76,4.17,-1.5,307.8,4.34,0.756,True,0.797,0.714,True,False,False,False
O=C(O)c1nccc(F)c1O,B0_baseline,347.97,86.3,-5.98,2.43,298.37,3.48,-3.21,157.1,0.62,0.725,True,0.773,0.677,True,False,False,False
N#CC1=NC2CC1(c1ccccc1C(=O)C13C4CC5C4C1C53)C(C#N)=C2C#N,B0_baseline,344.23,75.3,-6.58,6.18,350.09,4.1,-2.98,362.4,2.71,0.84,True,0.864,0.816,False,True,False,False
COC(=O)C12C3CC4(C#N)C3C1C42,B0_baseline,333.88,79.1,-6.56,5.38,257.1,2.5,-3.37,175.2,0.57,0.823,True,0.837,0.81,False,False,False,False
O=C(O)c1ccc(-c2ccc(N=Nc3ccc(O)cc3)cc2C2=CC3CC2C=C3c2cccc(C(F)(F)F)c2)cc1O,B0_baseline,365.32,79.6,-4.45,4.6,343.3,3.78,0.23,568.6,9.01,0.715,True,0.722,0.708,False,False,False,False
CCc1cccc(/C=C/C(=O)O)c1C12C3C(C#N)C1C1(C#N)C3C12,B0_baseline,357.67,80.8,-5.78,5.05,360.03,3.85,-2.67,316.4,2.75,0.8,True,0.841,0.759,False,False,False,False
CCCCC(CC)COC(=O)c1c(C(=O)CC(=O)c2ccccc2)cccc1C1=C(C)C2CC1C=C2C12C3C(C#N)C1C1(C#N)C3C12,B0_baseline,342.26,82.2,-5.23,6.19,361.3,3.84,-0.82,624.8,8.02,0.775,True,0.822,0.727,False,False,False,False
CC(C)(C)c1ccsc1C1=C(C2C3N=C(c4ccccc4)C2(c2cccc(N=Nc4ccc(O)cc4)c2)C(C#N)=C3S#N)C2C=CC1C2,B0_baseline,402.21,76.0,-4.62,6.25,355.98,3.92,0.74,663.9,10.56,0.789,True,0.775,0.804,False,False,False,False
CC(C)(C)c1ccsc1C1=C(C2C3C=C(c4ccccc4)C2C(C#N)=C3S#N)C2C=CC1C2,B0_baseline,352.78,78.2,-5.17,6.03,353.99,4.21,0.1,466.7,7.95,0.817,True,0.84,0.795,False,False,False,False
CN(C)c1ccc(N=Nc2ccccc2)cc1-c1ccsc1,B0_baseline,401.58,85.6,-4.87,2.5,362.19,4.24,-0.39,307.4,5.9,0.642,True,0.575,0.708,True,False,True,False
CC1=CC2(CSOC34C5C6CC(C78C=CC(C7)C(C#N)=[SH]8)(C63)C54)C=CC1O2,B0_baseline,380.68,86.8,-5.79,4.0,332.56,4.28,-2.68,395.5,3.43,0.883,True,0.895,0.871,True,True,False,False
N#CC1=C(C23OC(C=C2C24C5C(C#N)C6C5C2C64C#N)C(C#N)=C3C#N)C2C=CC1C2,B0_baseline,347.14,78.9,-6.46,7.39,344.91,3.11,-3.3,399.4,2.59,0.865,True,0.885,0.845,False,False,False,False
ClC1=NC2C=CC1S2,B0_baseline,331.69,90.1,-6.57,6.19,304.26,2.99,-2.43,145.6,1.64,0.858,True,0.865,0.851,False,False,False,False
N#CC1=CC2CC1C=C2c1cccc(C2=CC3C=CC2C3(Cl)C#N)c1,B0_baseline,340.77,85.0,-5.29,6.21,331.54,4.08,-1.33,342.8,4.87,0.802,True,0.841,0.764,False,False,False,False
N#CC1=C(C#N)C2(C3=C(C#N)C4C=CC3C4)CC1C=C2C12C3C(C#N)C4C3C1C42C#N,B0_baseline,353.08,82.8,-6.64,7.37,346.21,3.95,-2.67,397.4,3.46,0.872,True,0.899,0.845,False,False,False,False
CCC1C2C3C1C1C2C31OSN,B0_baseline,371.61,88.0,-5.88,5.82,250.52,2.84,-2.81,183.3,1.43,0.88,True,0.909,0.852,False,False,False,False
CN(Cc1ccccc1)c1ccc(N=Nc2ccccc2C2C3C=CC2(C2=C(C#N)C4C=CC2C4)C(C#N)=C3S#N)cc1,B0_baseline,403.22,81.8,-4.88,6.03,360.27,4.23,0.19,576.7,9.02,0.757,True,0.697,0.816,False,False,False,False
O=C(c1ccccc1)c1cccc(-c2cc(N=Nc3ccc(Oc4ccccc4C(=O)O)cc3)ccc2O)c1,B0_baseline,352.09,81.4,-4.69,2.48,342.7,3.96,-0.02,514.5,8.2,0.682,True,0.656,0.708,True,False,False,False
CC12C3CC4C3C1C42c1csc(C2=CC3C=CC2(C24C=[SH]C(C2)C(c2ccc(C#N)c(C(=O)CC(=O)c5ccccc5)c2)=C4)C3)c1,B0_baseline,371.55,81.8,-4.93,7.14,357.27,4.35,-0.68,635.9,8.31,0.839,True,0.862,0.816,False,False,False,False
COc1ccc(-c2cccc(C3=CC4C=CC3C4Cl)c2-c2cc(N=Nc3ccccc3)ccc2N(C)C)cc1,B0_baseline,407.01,76.2,-4.97,4.69,353.66,4.27,0.67,532.1,9.32,0.724,True,0.726,0.722,False,False,False,False
NC(Cl)OC12C3C4CC3C1(C(F)(F)F)C42,B0_baseline,362.71,86.2,-5.67,5.77,330.0,3.02,-2.97,239.6,1.68,0.901,True,0.935,0.868,False,False,False,False
CN(C)c1ccc(N=Nc2cccc(C(=O)c3ccccc3)c2)cc1CC1=CC2C=CC1(C13C4CC5C4C1C53)C2,B0_baseline,399.78,81.4,-5.23,5.78,355.76,4.26,-0.25,523.7,7.96,0.756,True,0.762,0.75,False,False,False,False
COC(=O)C1=CC2CC1C(O)=C2C1C2C=CC1C(C#N)=C2C#N,B0_baseline,381.53,76.6,-5.9,5.9,360.99,3.08,-2.92,306.3,2.32,0.793,True,0.804,0.782,False,False,False,False
O=C(O)c1ncccc1Oc1ccccc1,B0_baseline,381.02,87.3,-5.95,1.72,323.56,4.06,-2.19,215.2,2.57,0.72,True,0.773,0.667,True,False,False,False
CSOC12C3C4CC3C1C42,B0_baseline,333.1,91.0,-6.73,5.6,296.63,3.16,-2.54,154.2,1.55,0.9,True,0.92,0.879,False,False,False,False
CN(C)c1ccc(N=Nc2ccccc2)cc1-c1cccc(C23C4C(C#N)C2C2(C#N)C4C23C23C=CC(C=C2C#N)C3)c1/C=C/C(=O)O,B0_baseline,406.4,79.5,-4.74,6.52,364.84,4.16,-1.03,626.7,7.74,0.798,True,0.787,0.809,False,False,False,False
N#CC1C2C3C1(C(=O)c1ccccc1)C1C2(C#N)C31C#N,B0_baseline,333.89,77.8,-6.34,5.24,336.96,3.87,-2.99,271.3,1.92,0.757,True,0.796,0.718,False,False,False,False
O=C(Oc1csc(C2=CC3C=CC2C3)c1)c1ccccc1O,B0_baseline,362.96,84.0,-4.6,4.49,347.77,4.1,-1.57,310.4,4.26,0.765,True,0.817,0.714,True,False,False,False
O=C(O)c1ccccc1Oc1ccccc1N=Nc1ccc(O)cc1,B0_baseline,359.16,82.3,-4.46,2.21,350.02,3.77,-0.98,334.3,5.3,0.572,True,0.511,0.633,True,False,True,False
CN(C)C12C3CC4C3C1(c1ccccc1)C42C(=O)c1ccccc1,B0_baseline,400.4,85.8,-6.25,4.32,339.3,4.0,-2.22,315.4,3.39,0.736,True,0.776,0.696,True,False,False,False
CC1=CC2N=CC1C2c1ccsc1,B0_baseline,351.17,90.7,-6.5,5.33,300.4,3.74,-1.82,189.3,2.86,0.827,True,0.854,0.8,False,False,False,False
CO/C(=C\c1ccccc1C12C3C(C#N)C1C1(C#N)C3C12)C(=O)Oc1ccc(N=Nc2ccc(O)cc2)cc1,B0_baseline,375.36,83.5,-4.58,5.02,365.48,3.93,-1.72,514.5,5.81,0.753,True,0.743,0.763,False,False,False,False
N#CC1=C(C#N)C2(c3csc(C45C6C(S#N)C7C6C4C75C#N)c3)C=CC1C2C(F)(F)F,B0_baseline,347.06,72.8,-4.99,7.08,334.3,4.16,-2.23,452.5,4.56,0.875,True,0.887,0.862,False,False,False,False
CN(C)C12C3CC4C3C1C42C(=O)c1ccccc1,B0_baseline,393.4,86.0,-6.43,4.56,332.66,3.93,-2.69,239.3,2.07,0.718,True,0.761,0.674,False,False,False,False
COC(=O)C1=CC2CC1C(O)=C2c1cccc(C(=O)C(C(=O)c2ccccc2)C23C=CC(C=C2c2cccs2)C3)c1,B0_baseline,360.61,81.8,-4.8,5.88,353.59,4.09,-1.07,560.7,7.11,0.782,True,0.8,0.763,False,False,False,False
CN(Cc1ccnc(O)c1C(=O)O)c1ccc(N=Nc2ccccc2)c(-c2ccnc(N=Nc3ccc(O)cn3)c2)c1,B0_baseline,418.23,81.5,-4.88,3.54,367.78,4.27,-1.07,560.6,7.12,0.752,True,0.707,0.798,True,False,False,False
N#CC1=C(C#N)C2(c3cccc(C4=CC5C=CC4C5)c3C(=O)C34C5CC6C5C3C64)C=CC1C2,B0_baseline,349.0,82.1,-5.26,6.92,351.98,4.25,-1.65,426.5,5.14,0.85,True,0.876,0.824,False,False,False,False
CN(C)CC(Cl)OC12C3C4OC3C1C42,B0_baseline,412.91,89.9,-6.38,5.45,332.01,2.4,-3.64,215.7,0.53,0.884,True,0.907,0.86,False,False,False,False
N#CC1=C(C#N)C2(c3c(C(=O)c4ccccc4)cccc3C(=O)C34C5CC6C5C3C64)C=NC1C2,B0_baseline,354.66,80.9,-5.96,5.87,346.12,4.16,-2.52,441.5,4.05,0.823,True,0.843,0.802,False,True,False,False
ClC1=NC2C=CC1C2,B0_baseline,325.01,90.3,-6.71,5.88,290.06,3.12,-2.35,127.6,1.58,0.845,True,0.839,0.851,False,False,False,False
CCc1ccc(N=Nc2ccc(O)c(-c3cccc(N=Nc4ccc(O)cc4)c3)c2)cc1,B0_baseline,381.55,81.5,-4.56,2.67,350.82,4.23,0.52,422.5,8.16,0.658,True,0.59,0.726,True,False,True,False
CN(CC1=CC2(C34C5C6C(C#N)C(C53C#N)C64c3ccccc3/C=C/C(=O)O)CC1C=C2C#N)c1ccc(N=Nc2ccccc2)cc1,B0_baseline,409.34,80.1,-4.67,6.42,370.9,4.11,-1.19,626.7,7.51,0.75,True,0.714,0.786,False,False,False,False
CN(C)c1ccc(N=Nc2cccc(C(C)(C)C)c2)c(C2C3C=CC2C(C#N)=C3)c1CC1=CC2C=CC1C2,B0_baseline,410.74,75.1,-5.54,6.15,351.24,4.27,0.27,500.7,8.49,0.769,True,0.742,0.795,False,False,False,False
COOc1cc(Cl)ccc1C(=O)OC12C3CC4C3C1C42,B0_baseline,340.48,87.0,-6.6,4.67,340.82,3.49,-2.57,292.7,2.7,0.779,True,0.818,0.74,False,False,False,False
COc1ccc(-c2cc(O)ccc2N=Nc2ccccc2)cc1,B0_baseline,376.72,82.4,-4.47,2.11,348.48,4.15,-0.66,304.3,5.48,0.527,True,0.475,0.579,True,False,True,False
CCC1C2C3C1C1C2C31OSC,B0_baseline,343.98,90.0,-6.48,5.66,236.53,3.28,-2.26,182.3,2.18,0.879,True,0.907,0.852,False,False,False,False
COC1C2C=CC1(C13C=CC(C=C1c1cc(C45C6CC7C6C4C75C)cs1)C3)C=C2c1cccc(C(=O)CC(=O)c2ccccc2)c1,B0_baseline,336.68,84.3,-5.31,6.87,361.69,4.32,-0.38,620.8,8.6,0.81,True,0.848,0.771,False,False,False,False
CN(C)OC1=CC2C=CC1C2,B0_baseline,404.3,89.1,-6.58,5.55,286.78,2.64,-2.51,151.2,1.57,0.851,True,0.863,0.839,False,False,False,False
CN(Cc1nccc(O)c1C(=O)O)c1ccc(N=Nc2ccccc2)c(-c2ccnc(N=Nc3ccc(O)cn3)c2)c1,B0_baseline,396.22,80.2,-4.88,3.53,363.07,4.26,-1.07,560.6,7.12,0.735,True,0.676,0.795,True,False,False,False
Cc1ccccc1C(=O)c1cccc(-c2cc(N=Nc3ccccc3)ccc2O)c1,B0_baseline,362.3,82.1,-4.58,2.27,350.6,4.01,-0.11,392.5,7.01,0.67,True,0.625,0.714,True,False,True,False
CC12C3CC4C3C1C42,B0_baseline,334.03,89.9,-6.58,5.11,251.68,3.52,-2.27,106.2,1.52,0.907,True,0.925,0.889,False,False,False,False
COc1ccccc1C(=O)CC(=O)c1ccccc1,B0_baseline,325.99,80.4,-6.19,1.62,333.94,4.16,-2.01,254.3,3.15,0.637,True,0.659,0.615,True,False,True,False
N#CC1C2C3C1C1(c4ccccc4N=Nc4ccccc4)C3C21C#N,B0_baseline,333.21,80.4,-5.0,4.9,354.19,3.97,-1.47,322.4,4.51,0.739,True,0.681,0.797,False,False,False,False
SC(Cl)OC12C3C4CC3C1C42,B0_baseline,330.85,90.4,-6.07,5.72,309.16,3.24,-2.63,188.7,1.72,0.904,True,0.944,0.864,False,False,False,False
CCC1=C(c2ccc(C34C5C6CC3C6(c3ccc(C(=O)c6ccccc6)cc3)C54)cc2)C2C=CC1C2,B0_baseline,335.26,83.1,-5.04,5.44,338.83,4.11,-0.31,466.6,7.37,0.769,True,0.81,0.729,False,False,False,False
CN(C)c1ccc(N=Nc2ccccc2)c(-c2ccnc(N=Nc3ccc(O)cn3)c2)c1,B0_baseline,395.51,81.9,-4.78,3.12,368.86,4.42,-0.49,423.5,6.75,0.682,True,0.635,0.729,True,False,True,False
CCCCC(CC)COC(=O)C1=CC2C=C(c3cccs3)C1N2,B0_baseline,357.05,87.9,-5.05,4.89,360.33,3.58,-1.76,331.5,4.17,0.717,True,0.803,0.632,False,False,True,False
CC1=C(c2cccc(C(=O)CC(=O)c3ccccc3Cl)c2)C2C=C(C34C5C(C#N)C3C3(C#N)C5C34)C1C2,B0_baseline,342.88,83.1,-5.27,5.97,358.88,3.88,-1.29,503.0,6.3,0.806,True,0.823,0.789,False,False,False,False
CCCCC(CC)COC(=O)c1c(C(=O)CC(=O)c2ccccc2)cccc1C1=CC2CC1C(C#N)=C2C#N,B0_baseline,341.02,82.1,-5.24,4.78,350.87,3.9,-0.98,520.6,6.89,0.745,True,0.816,0.675,False,False,False,False
CCCCC(CC)COC(=O)C1=NC2CC1C(C#N)=C2S#N,B0_baseline,346.38,83.3,-6.48,5.27,347.59,3.76,-2.11,319.4,3.58,0.766,True,0.855,0.676,False,False,False,False
C1=CC2CC1C=N2,B0_baseline,324.35,90.6,-6.7,6.29,298.74,2.68,-2.55,93.1,1.02,0.887,True,0.895,0.88,False,False,False,False
O=C(c1ccccc1)C12C3CC4C3C1C42,B0_baseline,329.85,88.6,-6.49,4.22,303.82,3.81,-2.21,196.2,2.38,0.717,True,0.767,0.667,True,False,False,False
CN(C)c1ccc(N=Nc2cccc(S(=O)(=O)O)c2)cc1-c1ccccc1C1=CC2C=CC1C2Cl,B0_baseline,409.45,70.5,-4.45,4.83,361.5,4.3,-0.9,506.0,6.89,0.754,True,0.743,0.765,False,False,False,False
COC(=O)C1=CC2CC1C=C2c1cc(C23C(C#N)C4C2C2C3C42C#N)ccc1OC,B0_baseline,348.7,79.4,-6.34,6.22,330.63,4.14,-2.82,396.4,3.23,0.775,True,0.808,0.742,False,True,False,False
CC(C#N)c1ccc(C(=O)O)c(O)c1,B0_baseline,358.01,86.3,-5.81,2.76,316.29,3.56,-2.65,191.2,1.72,0.671,True,0.714,0.629,True,False,True,False
CCOC12C=CC(N1)C(C1C3C(C#N)=C(S#N)C1C(C(F)(F)F)=C3c1ccccc1)=C2c1sccc1C(C)(C)O,B0_baseline,381.27,76.9,-4.43,6.45,348.32,4.29,-1.36,581.7,6.89,0.81,True,0.837,0.784,False,False,False,False
COC(=O)C12C3C4CC1C4(OC1=CC4C=C(c5ccccc5)C1C4)C32,B0_baseline,327.96,79.9,-5.83,6.0,349.47,3.97,-2.29,332.4,3.43,0.77,True,0.794,0.747,False,False,False,False
N#CC1=C(S#N)C2C=CC1C2C1=C(c2cccs2)C2C=CC1S2,B0_baseline,354.26,78.8,-4.96,6.42,381.29,4.13,-1.32,352.5,4.98,0.733,True,0.759,0.707,False,False,False,False
CCC1=C(c2ccc(C34C5CC6C5C3C64c3cccc(/C=C/C(=O)O)c3)cc2)C2C=CC1C2,B0_baseline,343.67,81.9,-4.79,5.73,351.03,4.37,-0.91,432.6,6.24,0.79,True,0.844,0.735,False,False,False,False
O=C(OC12CC3(C4C5C=CC4C=C5)C4C(C41)C23)c1ncccc1O,B0_baseline,404.94,85.5,-6.1,6.01,343.52,3.91,-2.83,319.4,2.57,0.816,True,0.838,0.794,False,False,False,False
O=C(O)c1cc(-c2cccc(O)c2C(=O)OC2=C(c3ccccc3)C3C=CC2C3)ccc1O,B0_baseline,367.86,81.1,-4.75,4.24,330.66,4.08,-1.67,440.5,5.24,0.727,True,0.761,0.692,True,False,False,False
O=C(O)c1cccnc1O,B0_baseline,387.46,86.7,-5.93,2.29,293.03,3.53,-3.2,139.1,0.49,0.616,True,0.714,0.519,True,False,True,False
Oc1ccc(N=Nc2ccccc2)c(C23C=CC(C45C=CC(C=C4)C5)(C2)C(c2cc(C45C6CC7C6C4C75)cs2)=C3)c1,B0_baseline,378.19,85.0,-4.62,6.89,346.07,4.22,0.36,550.7,9.05,0.773,True,0.72,0.827,False,False,False,False
CC1=CC2(CSOC34C5C6CC(C78C=CC(C(C#N)=C7)C8c7cccc(C(=O)CC(=O)c8ccccc8)c7)(C63)C54)C=CC1C2,B0_baseline,343.33,82.5,-5.22,7.05,335.78,4.33,-0.88,595.8,7.68,0.832,True,0.847,0.817,False,False,False,False
O=C(c1ccccc1)C1C2C3C1C1C2C31,B0_baseline,322.09,89.3,-6.38,3.79,303.94,3.59,-2.31,196.2,2.24,0.589,True,0.656,0.522,True,False,True,False
COC1C2C=CC1C(C#N)=C2C#N,B0_baseline,334.29,80.1,-6.59,4.81,289.67,3.09,-2.93,172.2,1.16,0.765,True,0.795,0.735,False,False,False,False
C1=CC2CC1C=C2c1ccccc1,B0_baseline,323.71,88.3,-6.38,4.15,280.09,3.89,-1.4,168.2,3.28,0.734,True,0.788,0.68,True,False,False,False
CCOC12C=CC(C1)C(C1C3C=C(c4ccccc4)C1C(C#N)=C3S#N)=C2c1sccc1C(C)(C)C,B0_baseline,362.61,78.4,-5.16,6.22,355.51,4.28,-0.05,510.7,8.11,0.832,True,0.857,0.807,False,False,False,False
COc1ccc(C2=C(c3ccccc3)C3C=CC2C3)cc1,B0_baseline,329.7,85.0,-5.09,3.66,316.87,4.13,-0.96,274.4,4.81,0.571,True,0.727,0.414,True,False,True,False
N#CC1C2C3C4C2C1(c1c(C25C6CC7C6C2C75)csc1C1=CC2C=CC1(C15C=CC(C=C1)C5)C2)C34C#N,B0_baseline,347.52,85.6,-5.39,2.52,342.19,4.29,-1.45,494.7,6.01,0.878,True,0.895,0.861,True,False,False,False
COC(=O)C12C(C#N)C3C4C(C41C#N)C32C1=CC2CC1C(C)=C2c1cccc(C(=O)CC(=O)c2ccccc2)c1,B0_baseline,394.16,82.1,-5.3,6.04,337.82,4.03,-2.23,526.6,5.19,0.795,True,0.823,0.767,False,False,False,False
Oc1ccc(N=Nc2cc(C3=CC4CC3C=C4c3ccccc3)ccn2)nc1,B0_baseline,386.79,84.3,-4.89,4.69,352.67,4.11,-0.88,366.4,5.71,0.759,True,0.755,0.764,False,False,False,False
CCOc1cc(N=Nc2ccccc2)cc(C(=O)OC)c1O,B0_baseline,371.41,80.5,-4.89,2.34,356.21,3.83,-1.7,300.3,3.99,0.581,True,0.488,0.673,True,False,True,False
N#CC1=C(c2ccccc2C2=CC3C=CC2C3)C2C=CC1C2,B0_baseline,335.83,77.6,-5.09,5.56,339.75,4.01,-1.05,283.4,4.76,0.796,True,0.812,0.78,False,False,False,False
COC(=O)C12C3C1C1(O)C2CC31c1ccsc1,B0_baseline,348.68,89.1,-5.87,5.07,341.37,3.97,-3.38,248.3,1.17,0.798,True,0.814,0.783,False,False,False,False
N#CC1=NC2CC1(c1ccccc1C(=O)C13C4SC5C4C1C53)C(C#N)=C2C#N,B0_baseline,349.01,75.3,-6.57,6.42,350.67,4.1,-3.2,380.4,2.56,0.832,True,0.861,0.802,False,True,False,False
N#CC1=C(S#N)C2C=CC1C2C1=C(c2cncs2)C2OC1C=C2C(=O)c1ccccc1,B0_baseline,365.92,76.1,-5.27,6.14,376.58,4.16,-1.91,441.5,4.91,0.825,True,0.855,0.795,False,False,False,False
CSOC12C3C1C1(C45C=C(C#N)C(C=C4c4cccc(O)c4C(=O)O)C5)CC3(c3cccc(C(=O)CC(=O)c4ccccc4)c3)C21,B0_baseline,391.69,82.0,-4.85,6.17,345.36,3.75,-1.81,627.7,6.65,0.826,True,0.847,0.805,False,False,False,False
CN(C)c1ccc(N=Nc2ccccc2)cc1SC1=CC2C=CC1C2,B0_baseline,393.57,84.6,-4.88,4.7,355.12,4.3,-0.31,347.5,6.35,0.709,True,0.646,0.772,False,False,True,False
CCCSC(CC)C(OC(=O)c1ccccc1C(=O)c1ccccc1)c1csc(C2=CC3C=CC2C3)c1,B0_baseline,370.23,83.2,-5.12,5.07,366.67,4.23,0.03,528.7,8.39,0.794,True,0.812,0.777,False,False,False,False
FC(F)(F)C1=C(c2cncs2)C2C=CC1C2,B0_baseline,331.1,85.0,-6.77,4.98,341.78,3.84,-1.58,243.3,3.66,0.814,True,0.814,0.815,False,False,False,False
CC1=CC2(CSOC34C5C6CC(C78C=CC(C7)C(C#N)=C8)(C63)C54)CC1C=C2C1=CC2CC1C=C2c1cccs1,B0_baseline,349.06,85.1,-5.42,7.89,342.63,4.26,-0.4,545.8,7.93,0.826,True,0.843,0.809,False,False,False,False
CC(C)(C)C12C3C(C#N)C1C1(C#N)C3C12C#N,B0_baseline,338.3,84.8,-6.42,5.82,332.39,3.18,-2.58,223.3,2.08,0.893,True,0.904,0.882,False,False,False,False
Oc1ccc(N=Nc2cccc(-c3cc(N=Nc4ccccc4)ccc3O)c2)c(C2=C(c3ccccc3)C3C=CC2C3)c1,B0_baseline,384.47,80.0,-4.54,4.62,351.74,4.17,1.49,560.7,10.71,0.641,True,0.569,0.714,False,False,True,False
N#CC1=C(C#N)C2(C34C5C(C#N)C6C5C3C64C#N)CC1(c1ccccc1C(=O)C13C4CC5C4C1C53)C=N2,B0_baseline,356.94,75.5,-6.44,7.22,350.58,3.96,-3.24,477.5,3.35,0.861,True,0.885,0.838,False,False,False,False
N#CC1=C(S#N)C2C=CC1C2C1=C(c2cncs2)C2CC1C=C2O,B0_baseline,372.97,76.3,-5.03,6.6,374.77,3.93,-1.71,351.5,4.41,0.86,True,0.886,0.833,False,False,False,False
C1C2C3C1C1C2C31,B0_baseline,325.01,89.8,-6.56,4.46,247.21,3.64,-2.46,92.1,1.13,0.94,True,0.963,0.917,True,False,False,False
N#CC1=C(S#N)C2N=CC1S2,B0_baseline,341.22,88.2,-6.31,6.44,298.41,3.07,-2.74,181.2,1.5,0.816,True,0.854,0.778,False,False,False,False
O=S(=O)(O)c1cccc(N=Nc2ccccc2)c1,B0_baseline,352.63,81.2,-5.53,2.17,351.04,4.09,-1.92,262.3,3.35,0.599,True,0.531,0.667,True,False,True,False
CCCCC(CC)COC(=O)c1ccsc1C1=C(C2C3C=CC2C(S#N)=C3C#N)C2C=CC1N2,B0_baseline,373.94,76.6,-4.72,6.31,356.13,4.18,-1.29,491.7,6.21,0.789,True,0.859,0.719,False,False,False,False
N#CC1C2C=CC1C(c1ccccc1)=C2,B0_baseline,331.15,81.2,-6.4,4.55,306.88,3.95,-1.73,193.2,3.03,0.75,True,0.775,0.724,False,False,False,False
N#CC1=CC2C=CC1C2,B0_baseline,333.74,88.8,-6.56,5.46,283.76,2.87,-2.25,117.2,1.64,0.816,True,0.838,0.795,False,False,False,False
O=C(c1ccccc1)c1ccccc1-c1cc(O)c(-c2ccccc2)cc1N=Nc1ccccn1,B0_baseline,370.87,83.7,-4.71,2.57,350.14,4.25,0.04,455.5,7.77,0.727,True,0.727,0.727,True,False,False,False
N#CC1=CC2(CC(Cl)OC34C5C6CC5C3(C(F)(F)F)C64)C=CC1C2,B0_baseline,347.39,84.7,-5.38,6.95,335.0,3.96,-1.89,353.8,4.18,0.872,True,0.868,0.875,False,False,False,False
N#Cc1csc(C2=CC3C=CC2C3)c1,B0_baseline,340.18,88.8,-6.32,5.09,325.9,3.88,-1.64,199.3,3.21,0.777,True,0.784,0.769,False,False,False,False
N#CC1=C(C#N)C2(c3cc(N=Nc4ccccc4)ccc3C3C4C=CC3C(C#N)=C4C#N)C=CC1C2,B0_baseline,364.96,74.5,-5.03,5.92,357.06,4.17,-0.89,462.5,6.52,0.731,True,0.679,0.783,False,False,False,False
N#CC1=C(C#N)C2(C3=C(C#N)C4C=CC3C4)CC1C=C2C12C3C4C(C(C#N)C41C14C5C6CC5C1C64)C32C#N,B0_baseline,343.72,78.9,-5.48,7.77,342.06,3.94,-2.59,487.6,4.34,0.886,True,0.906,0.867,False,False,False,False
Cc1ccc(C(=O)O)c(O)c1,B0_baseline,347.99,86.0,-5.84,1.61,303.69,3.45,-2.63,152.1,1.4,0.486,True,0.639,0.333,True,False,True,False
COC(=O)C1=CC2C=CC1(C13C4CC5C4C1(OC(Cl)CC14C=CC(C=C1)C4)C53C(F)(F)F)C2,B0_baseline,415.37,79.1,-5.03,7.37,339.88,4.04,-1.82,476.9,5.33,0.844,True,0.857,0.831,False,False,False,False
CC(C)(C)c1ccsc1C1=C(C2C3C=C(c4ccccc4)C2C(C#N)=C3S#N)C2C=C(C(F)(F)F)C1C2,B0_baseline,353.96,78.7,-5.14,6.2,356.66,4.03,0.35,534.7,8.89,0.825,True,0.845,0.805,False,False,False,False
CN(C)c1ccc(N=Nc2cccc(C(C)(C)C)c2)cc1CC1=CC2C=CC1C2,B0_baseline,402.32,83.8,-5.53,4.65,350.23,4.32,0.02,385.6,7.14,0.756,True,0.717,0.794,False,False,False,False
O=C(OCc1ccccc1C(=O)c1ccccc1)c1cc(N=Nc2ccccc2)ccc1O,B0_baseline,364.78,78.3,-4.44,2.32,352.65,4.13,-0.82,436.5,6.4,0.645,True,0.618,0.672,True,False,True,False
COC(=O)C12C3SC4C3C1C42,B0_baseline,330.92,90.0,-6.45,5.53,253.23,2.54,-3.36,168.2,0.52,0.829,True,0.844,0.814,False,False,False,False
CCCCC(COC(=O)OC(=O)c1ccccc1Oc1ccccc1N=Nc1ccccc1)C(C)C12C=CC(C=C1)C2,B0_baseline,330.17,81.2,-5.06,4.86,343.72,4.23,0.79,564.7,9.76,0.734,True,0.724,0.744,False,False,False,False
N#CC1=C(c2cccc(S(=O)(=O)O)c2)C2C=CC1C2,B0_baseline,359.62,83.1,-5.74,4.31,338.74,3.96,-2.65,273.3,2.42,0.785,True,0.824,0.745,True,False,False,False
CC(C)(C)c1ccsc1C1=C(C2C3C=C(c4ccccc4Cl)C2C(C#N)=C3S#N)C2C=CC1C2,B0_baseline,354.16,77.6,-5.09,6.1,360.06,4.15,0.35,501.1,8.61,0.822,True,0.837,0.807,False,False,False,False
CN(N)C12C3CC4C3C1C42C(=O)c1cccc(F)c1,B0_baseline,402.67,80.4,-5.81,4.84,339.47,4.05,-3.25,258.3,1.45,0.771,True,0.78,0.763,False,False,False,False
N#CC1=C(C#N)C2(c3ccccc3C(=O)C34C5C(O)C6C5C3C64)C=NC1C2,B0_baseline,352.01,76.3,-6.05,6.28,355.29,4.02,-3.58,353.4,1.79,0.833,True,0.857,0.808,False,True,False,False
CN(C)c1ccc(N=Nc2cccc(C3=CC4C=CC3C4)c2C2C3C=CC2(C2=C(C#N)C4C=CC2C4)C(C#N)=C3S#N)cc1,B0_baseline,417.91,79.7,-5.25,6.99,365.97,4.11,0.12,590.8,9.04,0.765,True,0.735,0.794,False,False,False,False
N#CC1=C(S#N)C2CC1C=N2,B0_baseline,348.8,88.5,-6.73,6.1,297.06,3.1,-2.67,163.2,1.45,0.838,True,0.857,0.818,False,False,False,False
COC(=O)C1=CC2CC1C(O)=C2c1cccc(C(=O)CC(=O)c2cccc(C34C=CC(C3)C(c3ccccc3)=C4)c2)c1,B0_baseline,357.65,82.8,-4.8,5.6,341.87,4.01,-1.06,554.6,7.07,0.774,True,0.778,0.771,False,False,False,False
N#CC1=CC2C=CC1(C13C4(c5ccccc5/C=C/C(=O)O)C5C(C#N)C4C1(C1=C(C#N)C4C=CC1C4)C53C#N)C2,B0_baseline,375.53,80.6,-4.68,7.17,356.54,4.2,-2.32,518.6,4.98,0.845,True,0.872,0.818,False,False,False,False
OC12C3CC1C1C3C12,B0_baseline,345.28,89.7,-5.91,5.38,273.32,2.04,-3.19,108.1,0.24,0.924,True,0.96,0.889,False,False,False,False
CSOC12C3C4CC(C56C=C(C#N)C(C=C5c5cccc(O)c5C(=O)O)C6)(C41)C32,B0_baseline,382.97,81.2,-5.66,6.42,348.56,4.13,-2.42,405.5,3.87,0.837,True,0.862,0.812,False,False,False,False
N#CC1C2C3C1C1(C#N)C2C31C#N,B0_baseline,332.62,87.3,-6.47,6.17,264.05,2.54,-3.25,167.2,0.67,0.91,True,0.921,0.899,False,False,False,False
N#CC12C3C4C(C31)C(C#N)(N1C3C5C6C5C1C63)C42,B0_baseline,335.62,85.7,-6.55,6.45,333.81,3.08,-3.8,233.3,0.45,0.916,True,0.935,0.898,False,False,False,False
O=C(CC(=O)c1cccc(-c2ccccc2C2=CC3C=CC2C3)c1)c1ccccc1,B0_baseline,323.36,77.6,-5.09,3.99,339.57,4.26,-0.54,390.5,6.4,0.776,True,0.81,0.741,True,False,False,False
N#Cc1csc(C2=CC3C=CC2C3)c1C1=C(c2cccs2)C2C=CC1C2,B0_baseline,340.98,84.6,-4.94,5.93,353.64,4.22,-0.43,371.5,6.39,0.727,True,0.741,0.712,False,False,False,False
N#CC1=C(C#N)C2(c3ccsc3)C=CC1O2,B0_baseline,385.18,87.1,-6.31,5.19,331.57,4.01,-2.48,226.3,2.26,0.826,True,0.836,0.815,False,False,False,False
N#CC1C2C3C4(C#N)C1C2(c1ccccc1/C=C/C(=O)O)C34c1ccccc1/C=C/C(=O)O,B0_baseline,378.54,81.4,-5.65,4.96,357.35,4.18,-2.79,434.5,3.61,0.801,True,0.836,0.767,False,True,False,False
N#CC1=C(S#N)C2C=C(c3cccc(C#N)c3)C1C2C1=C(c2cccs2)C2C=CC1C2,B0_baseline,347.13,82.7,-5.18,6.02,357.64,4.34,-0.72,435.6,6.53,0.725,True,0.71,0.74,False,False,False,False
CN(C)c1ccc(-c2cccc(C(=O)C34C5CC6C5C3C64N(C)C)c2)cc1,B0_baseline,411.59,85.6,-6.29,4.35,339.57,4.35,-2.19,358.5,3.8,0.706,True,0.746,0.667,True,False,False,False
CN(C)C12C3CC4C3C1C42C(=O)c1cc(C2=CC3CC2C(C#N)=C3C#N)ccc1C1=CC2C=CC1C2,B0_baseline,422.28,83.2,-5.07,7.01,350.94,4.32,-1.99,469.6,5.03,0.845,True,0.866,0.824,False,False,False,False
COC(=O)C1=CC2CC1C(O)=C2c1cccc(C(=O)CC(=O)c2ccccc2C23C4C5CC4C2C53)c1,B0_baseline,365.61,82.7,-4.95,5.51,349.66,3.83,-2.12,478.5,4.92,0.777,True,0.789,0.765,False,False,False,False
O=C(CC(=O)c1ccccc1-c1cc(N=Nc2cccc(C3=CC4CC3C=C4c3cccc(C(F)(F)F)c3)c2)ccc1O)c1ccccc1,B0_baseline,371.75,78.7,-4.47,4.69,354.74,4.13,1.16,654.7,11.07,0.709,True,0.719,0.699,False,False,False,False
CC(Cl)(OC12C3C4CC3C1(C(F)(F)F)C42)c1cccc(C2=CC3C=CC2C3)c1,B0_baseline,338.3,83.6,-5.31,6.32,320.26,4.24,-0.98,404.9,5.9,0.829,True,0.846,0.812,False,False,False,False
COC(=O)C12C3C4CC1(Cl)C4C32,B0_baseline,324.97,89.3,-6.53,5.3,256.68,2.51,-3.09,184.6,1.03,0.808,True,0.8,0.817,False,False,False,False
O=C(CC(=O)c1ccccc1C(=O)c1ccccc1)c1ccccc1,B0_baseline,319.76,82.8,-4.8,1.78,344.57,4.09,-1.6,328.4,4.37,0.666,True,0.725,0.607,True,False,True,False
CSOC12C3C4CC3C1(c1nc(O)ccc1N=Nc1ccccc1)C42,B0_baseline,382.12,79.7,-4.86,5.13,344.05,4.05,-1.73,351.4,4.38,0.756,True,0.707,0.805,False,False,False,False
CN(C)c1ccc(N=Nc2ccc(-c3cc(N=Nc4ccccc4)ccc3N(C)C)cc2)cc1,B0_baseline,403.11,81.6,-4.83,2.68,365.05,4.37,0.47,448.6,8.32,0.45,True,0.364,0.537,True,False,True,False
COC(=O)C1=CC2C=C(O)C1C2,B0_baseline,345.39,90.2,-5.97,5.05,281.18,2.95,-2.88,166.2,1.18,0.723,True,0.738,0.707,False,False,False,False
COC12C=C(c3cccc(C(F)(F)F)c3)C(C3=CC4C=C(c5ccccc5)C3C4)(C=C1c1cccc(N=Nc3ccc(O)cc3)c1)C2,B0_baseline,376.04,80.4,-4.49,5.83,353.37,3.67,1.09,628.7,10.74,0.759,True,0.729,0.789,False,False,False,False
O=C(O)/C(=C/c1ccccc1)c1cccnc1N=Nc1ccc(O)cc1-c1ccccc1C(=O)c1ccccc1,B0_baseline,416.54,82.1,-4.73,2.84,355.59,4.49,-0.42,525.6,7.73,0.727,True,0.7,0.754,True,False,False,False
CC1=C(c2ccccc2N=Nc2ccccc2)C2C=CC1C2,B0_baseline,331.98,84.9,-4.94,4.25,335.54,4.28,-0.13,286.4,6.08,0.649,True,0.541,0.757,True,False,True,False
CN(C)c1ccc(N=Nc2ccccc2C23C=CC(C2)C(C24C=CC(C2)C(S#N)=C4C#N)=C3C#N)c(C#N)c1,B0_baseline,439.02,83.1,-4.79,6.33,358.42,4.19,-0.76,525.6,7.25,0.723,True,0.697,0.75,False,False,False,False
COC(=O)c1ccc(C2=CC3CC2C(C#N)=C3C#N)cc1C(=O)C(C(=O)c1ccccc1)c1cccc(C(=O)CC(=O)c2ccccc2)c1,B0_baseline,346.91,82.2,-5.11,4.88,340.09,3.73,-1.55,644.7,7.16,0.774,True,0.787,0.761,False,False,False,False
N#CC1=C(C#N)C2(C3=C(C#N)C4CC3C=C4c3ccccc3)CC1C=C2C12C3C(C#N)C4C3C1C42C#N,B0_baseline,350.03,83.6,-5.48,7.08,348.65,4.14,-2.05,473.5,4.99,0.835,True,0.859,0.81,False,False,False,False
SSOC12C3C4CC3C1C42,B0_baseline,332.17,90.6,-6.07,5.95,301.92,3.31,-2.5,172.3,1.76,0.912,True,0.927,0.898,False,False,False,False
CN(C)C12C(C#N)C3C1C1C3(C#N)C12C1=CC2CC1(C1=C(C#N)C3C=CC1C3)C(C#N)=C2C#N,B0_baseline,420.81,82.1,-6.65,7.46,343.89,4.16,-3.16,440.5,3.14,0.864,True,0.886,0.842,False,True,False,False
N#CC1=C(S#N)C2C=C(c3cc(N=Nc4ccccc4)ccc3O)C1C2C1=C(c2cccs2)C2C=CC1C2,B0_baseline,403.46,80.8,-4.44,6.07,366.3,3.98,0.3,530.7,8.78,0.729,True,0.733,0.724,False,False,False,False
O=C(O)c1ccc(Cl)cc1OOO,B0_baseline,348.2,84.5,-5.91,2.46,320.12,3.45,-2.65,204.6,1.82,0.715,True,0.763,0.667,True,False,False,False
CCC1C2C3C1C1(N(C)C)C2C31OSCc1ccccc1N=Nc1ccccc1,B0_baseline,403.14,80.7,-5.05,5.06,358.82,4.56,-1.02,405.6,5.85,0.772,True,0.709,0.835,False,False,False,False
CN(C)c1ccc(CN(C)c2ccc(N=Nc3ccccc3)cc2)cc1,B0_baseline,409.8,85.3,-4.78,2.21,363.95,4.27,-0.68,344.5,5.8,0.44,True,0.3,0.581,True,False,True,False
N#CC1=C(C#N)C2CC1C=C2c1cccc(C(=O)C(C(=O)c2ccccc2)c2ccccc2/C=C/C(=O)O)c1,B0_baseline,363.33,81.1,-4.85,4.76,353.66,3.77,-1.55,510.5,6.01,0.788,True,0.835,0.74,False,False,False,False
O=C(c1ccccc1O)c1ccccc1-c1cc(O)ccc1N=Nc1ccccn1,B0_baseline,378.5,84.1,-4.66,2.59,350.44,4.25,-0.99,395.4,5.81,0.66,True,0.64,0.681,True,False,True,False
CN(C)C12C3CC4C3C1C42C(=O)c1ccccc1C12C3C4CC3C1C42,B0_baseline,405.22,78.1,-6.41,5.59,342.99,3.94,-2.7,329.4,2.83,0.794,True,0.794,0.795,False,False,False,False
N#CC1=C(C23CC(C=C2Oc2ccccc2C(=O)O)C(S#N)=C3C#N)C2C=CC1C2,B0_baseline,365.1,80.6,-4.81,6.01,346.07,4.09,-1.9,413.5,4.68,0.794,True,0.797,0.79,False,False,False,False
CN(C)c1ccc(N=Nc2ccccc2)cc1C(=O)c1ccccc1,B0_baseline,403.49,85.4,-4.83,2.21,362.56,4.14,-0.88,329.4,5.4,0.557,True,0.538,0.575,True,False,True,False
CCCCC(CC)COC(=O)C1=CC2C=C(c3cccs3)C1O2,B0_baseline,362.05,83.8,-4.83,4.83,358.29,3.81,-1.46,332.5,4.6,0.726,True,0.819,0.632,False,False,True,False
CC12C3CC4C3C1C42c1csc(C2=CC3C=CC2(C24C=CC(C=C2)C4)C3)c1,B0_baseline,334.31,87.1,-5.07,7.19,357.93,4.16,-0.69,368.5,5.99,0.872,True,0.904,0.84,False,False,False,False
CN(C)c1ccc(-c2cccc(N=Nc3cccc(C45C=CC(C4)C(C#N)=C5C#N)c3)c2)cc1,B0_baseline,410.55,82.5,-5.13,4.62,361.23,4.26,-0.42,441.5,7.01,0.697,True,0.692,0.701,False,False,False,False
O=C(c1ccccc1)c1cc(-c2cc(N=Nc3ccccc3)ccc2O)ccc1O,B0_baseline,363.87,81.9,-4.43,2.32,361.2,4.1,-0.55,394.4,6.41,0.64,True,0.6,0.681,True,False,True,False
COC(=O)C1=CC2(C34C5C6CC(C63O)C54C(=O)OC)C=CC1C2,B0_baseline,356.24,83.6,-5.92,6.21,337.36,3.21,-4.03,314.3,0.83,0.818,True,0.82,0.817,False,False,False,False
N#CC1=C(S#N)C2C=CC1C2C1=C(c2ccc(-c3ccc(N=Nc4ccc(O)cc4)cc3)s2)C2C=CC1N2,B0_baseline,403.4,75.3,-4.03,6.09,365.86,4.24,-0.53,531.7,7.62,0.752,True,0.75,0.754,False,False,False,False
O=C(O)c1cc(-c2c(-c3ccsc3)ccc(O)c2C(=O)O)ccc1O,B0_baseline,374.09,82.0,-5.02,2.46,355.4,4.22,-2.11,356.4,3.89,0.703,True,0.709,0.698,True,False,False,False
CN(C)c1ccc(C2C3C=CC2C(c2ccc(OC(=O)/C=C/c4ccccc4)s2)=C3)cc1,B0_baseline,407.38,75.0,-4.63,4.61,365.21,4.41,-0.83,439.6,6.42,0.693,True,0.757,0.629,False,False,True,False
CC1=C(C2=CC3C=CC2C3)C2CC1C=N2,B0_baseline,343.09,89.9,-6.85,6.42,295.92,3.85,-1.84,197.3,2.91,0.872,True,0.875,0.87,False,False,False,False
CC1=CC2(CSOC34C5C6CC(C78C=CC(C7)C(C#N)=C8)(C63)C54)C=CC1C2C,B0_baseline,359.63,87.3,-5.12,7.7,344.38,4.25,-1.46,387.5,5.08,0.871,True,0.872,0.87,False,False,False,False
CCOC12C=C(c3cccc(N=Nc4ccc(O)cc4)c3)C(C=C1c1cccc(C(F)(F)F)c1)C2,B0_baseline,377.5,82.4,-4.53,4.64,340.74,3.9,0.15,476.5,8.1,0.756,True,0.712,0.8,False,False,False,False
CC1=CC2CC1C=C2c1ccc(-c2cccc(C3=C(C#N)C4C=CC3C4)c2)c(O)c1C(=O)O,B0_baseline,371.57,83.0,-4.72,5.57,335.19,3.83,-0.93,433.5,6.22,0.81,True,0.818,0.802,False,False,False,False
CCNSC(CC)COC(=O)c1ccccc1C(=O)c1ccccc1,B0_baseline,373.37,81.4,-5.09,2.96,364.26,4.03,-1.96,357.5,4.11,0.721,True,0.736,0.707,True,False,False,False
COC(=O)C1=CC2(c3ccc(C4=CC5C=CC4C5)cc3)CC1C=C2C12CC3(OC(=O)c4ncccc4O)C4C(C41)C32,B0_baseline,425.76,81.5,-4.98,6.79,352.46,4.04,-2.35,543.6,5.17,0.834,True,0.853,0.815,False,False,False,False
O=C(O)c1cc(-c2nccc(O)c2C(=O)O)ccc1O,B0_baseline,357.53,83.0,-5.9,2.35,317.34,4.05,-3.27,275.2,1.56,0.661,True,0.673,0.649,True,False,True,False
CN(C)c1cc(Oc2ccccc2C(=O)O)c(N=Nc2ccccc2)c(-c2ccnc(N=Nc3ccc(O)cn3)c2)c1,B0_baseline,398.52,83.0,-5.03,3.32,361.04,4.25,-0.27,559.6,8.24,0.72,True,0.657,0.784,True,False,False,False
FC(F)(F)C1=C(c2cccs2)C2C=CC1C2,B0_baseline,331.02,83.2,-5.18,4.59,330.98,3.94,-1.15,242.3,4.27,0.653,True,0.682,0.625,False,False,True,False
CCCCC(CC)COC(=O)C12C3C4C3C1C4N2C1(C#N)C2C3C4C(C42C#N)C31c1ccsc1C1=CC2C=CC1C2,B0_baseline,362.32,81.5,-5.27,7.23,370.82,4.41,-2.18,561.8,5.55,0.822,True,0.879,0.765,False,False,False,False
N#CC1=C(C#N)C2(c3ccccc3C(=O)C34C5C6CC3(C37CC8C9C3C9(c3ccccc3)C87)C6C54)C=CC1C2,B0_baseline,340.71,73.7,-5.21,6.75,342.1,4.19,-1.68,502.6,5.76,0.838,True,0.867,0.81,False,False,False,False
N#CC1C2C3C4(C#N)C2C4(C#N)C13/C(=C\c1ccccc1)C(=O)O,B0_baseline,355.55,83.3,-5.8,5.22,353.75,3.93,-3.05,313.3,2.2,0.779,True,0.818,0.741,False,False,False,False
CC1=C(C23C4CC2C2(N(C)C)C3C42C(=O)c2cccc(C3=CC4CC3C(C#N)=C4C#N)c2)C2C=CC1C2,B0_baseline,410.87,83.9,-5.32,6.93,345.12,4.03,-1.86,483.6,5.33,0.827,True,0.841,0.812,False,False,False,False
CN(C)c1ccc(N=Nc2cccc(C(C)(C)C)c2)cc1C(C1=CC2C=CC1C2)C(F)(F)F,B0_baseline,403.19,83.3,-5.51,5.1,349.72,4.12,0.39,453.6,8.24,0.759,True,0.732,0.785,False,False,False,False
N#CC1(C2C3C4C5C4C2(OC(=O)c2ncccc2O)C53)C2C3C1C1(C#N)C2C31C1=CC2CC1C=C2c1ccccc1,B0_baseline,414.43,81.3,-4.97,6.96,344.07,4.23,-2.69,535.6,4.62,0.834,True,0.867,0.802,False,True,False,False
CN(C)c1ccc(C2(C#N)C3C4C5C3C5(C#N)C42)c(C(C)(C)CC(=O)c2ccccc2)c1,B0_baseline,411.03,76.4,-4.99,4.82,359.67,4.24,-1.93,421.5,4.71,0.741,True,0.778,0.705,False,False,False,False
CCCCC(COC(=O)OC(=O)c1ccccc1O)C(C)C12C=CC(C=C1)C2O,B0_baseline,370.69,80.9,-4.74,5.02,348.66,3.97,-2.14,400.5,4.23,0.749,True,0.797,0.7,False,False,False,False
CCSCC(CC)COC(=O)c1ccccc1C(=O)c1ccccc1,B0_baseline,330.43,85.5,-5.04,2.64,361.75,4.11,-1.43,356.5,4.85,0.718,True,0.733,0.702,True,False,False,False
N#CC1=C(C23NC(C=C2C24C5C(C#N)C6C5C2C64C#N)C(C#N)=C3C#N)C2C=CC1C2,B0_baseline,377.1,82.8,-5.65,7.42,343.05,3.17,-3.6,398.4,2.16,0.883,True,0.901,0.865,False,False,False,False
CCCCC(CN)COC(=O)OC(=O)c1ccccc1O,B0_baseline,363.99,82.8,-5.84,2.89,350.75,3.71,-2.76,295.3,2.45,0.705,True,0.781,0.629,True,False,True,False
N#CC1=C(C#N)C2(c3c(-c4cccc(O)c4C(=O)O)ccc(O)c3C(=O)O)C=CC1C2,B0_baseline,385.15,81.4,-5.86,4.77,331.9,3.98,-2.86,414.4,3.33,0.799,True,0.824,0.774,False,False,False,False
O=C(/C=C/c1ccc(-c2ccccc2C(=O)CC(=O)c2ccccc2)cc1)Oc1ccc(C2=CC3C=C(F)C2C3)s1,B0_baseline,380.34,80.4,-4.2,4.61,365.2,4.52,-0.17,560.6,8.38,0.788,True,0.826,0.75,False,False,False,False
O=C(OOCl)C12C3CC4C3C1C42,B0_baseline,331.19,89.6,-6.54,5.65,315.71,2.95,-3.04,186.6,1.13,0.901,True,0.918,0.883,False,False,False,False
CCCCC(CC)COC(=O)c1c(C(=O)CC(=O)c2ccccc2C23C=CC(C=C2)C3)cccc1C1=CC2CC1C(C#N)=C2C#N,B0_baseline,341.08,81.9,-5.25,5.78,349.35,3.85,-0.55,610.8,8.28,0.782,True,0.854,0.71,False,False,False,False
CCOC12C=CC(C1)C(C1C3C=C(c4ccccc4C4C5C6C4C4C5C64)C1C(C#N)=C3S#N)=C2c1sccc1C(C)(C)C,B0_baseline,363.8,78.7,-5.11,6.94,347.05,4.29,-0.01,600.9,8.95,0.846,True,0.867,0.825,False,False,False,False
N#CC1=CC2C=CC1(c1ccc(C3=CC4C=CC3C4)s1)C2,B0_baseline,346.64,83.8,-5.12,6.33,348.13,4.11,-1.19,289.4,4.61,0.817,True,0.852,0.781,False,False,False,False
CN(C)C12C=CC(C1)C(c1cc(C#N)cs1)=C2,B0_baseline,433.76,87.0,-6.49,5.36,336.94,4.0,-2.12,242.3,2.89,0.777,True,0.793,0.76,False,False,False,False
CN(Cc1ccccc1C(=O)CC(=O)c1ccccc1)c1ccc(C2(C#N)C3C4C5C3C5(C#N)C42)cn1,B0_baseline,405.46,80.5,-5.48,4.73,344.93,4.27,-2.4,484.6,4.58,0.813,True,0.823,0.803,False,False,False,False
O=C(c1ccccc1)c1ccc(C23NC4C5C(C42)C53)nc1,B0_baseline,379.24,84.8,-5.99,4.32,339.53,4.13,-2.96,274.3,1.99,0.733,True,0.784,0.681,True,True,False,False
CCOC12CC(C=N1)C(C1C3C=C(c4ccccc4)C1C(C#N)=C3S#N)=C2c1sccc1C(C)(C)O,B0_baseline,383.56,77.3,-4.25,6.39,370.1,4.27,-1.21,513.7,6.52,0.819,True,0.857,0.781,False,False,False,False
CN(C)c1ccc(N=Nc2ccccc2CC2=CC3C=CC2C3)cc1,B0_baseline,416.26,84.7,-5.03,4.47,351.32,4.27,-0.56,329.4,5.84,0.639,True,0.558,0.72,True,False,True,False
CC12C3CC4C3C1C42c1csc(C2=CC3C=CC2(C24C=CC(C2)C(c2ccnc(C(=O)CC(=O)c5ccccc5)c2)=C4)C3)c1,B0_baseline,355.12,84.1,-5.23,6.89,354.17,4.28,-0.37,591.8,8.37,0.842,True,0.863,0.822,False,False,False,False
O=C(c1ccccc1)C12C3C4NC3C1C42,B0_baseline,342.27,88.7,-5.71,4.33,304.14,3.95,-3.13,197.2,1.09,0.682,True,0.744,0.621,True,False,True,False
CC(C)(C)C12C(C#N)C3C1C1C3(C#N)C12C1=CC2CC1(C1=C(C#N)C3C=CC1C3)C(C#N)=C2C#N,B0_baseline,349.95,83.6,-5.48,7.43,340.68,4.06,-2.01,453.5,4.87,0.867,True,0.882,0.853,False,False,False,False
COC(=O)C12C3SC4C3C1(c1cccc(C3=CC5C=CC3C5)c1)C42,B0_baseline,330.73,79.5,-6.17,6.11,349.68,4.02,-2.3,334.4,3.43,0.804,True,0.833,0.775,False,False,False,False
O=C(O)c1ccc(C2=CC3(C(=O)c4ccccc4)C=CC2C3)cc1O,B0_baseline,362.61,82.8,-5.09,4.36,339.08,3.84,-1.94,332.4,3.93,0.739,True,0.797,0.681,True,False,False,False
CCC1=C(c2ccccc2)C2C=CC1C2,B0_baseline,324.11,86.8,-5.58,4.09,288.83,4.04,-1.02,196.3,4.06,0.748,True,0.786,0.711,True,False,False,False
COc1cccc(N=Nc2ccc(O)c(-c3cccc(C(=O)c4ccccc4-c4ccccc4C(=O)CC(=O)c4ccccc4)c3)c2)c1,B0_baseline,367.6,80.6,-4.68,2.84,342.81,4.09,0.44,630.7,9.84,0.688,True,0.657,0.719,True,False,False,False
COC(=O)C1=C(c2ccccc2N=Nc2ccccc2)C2C=C(O)C1C2,B0_baseline,365.56,82.2,-4.46,4.4,349.01,3.99,-1.18,346.4,5.12,0.642,True,0.562,0.722,True,False,True,False
FC(F)(F)C1=C(c2cccs2)C2C=CC1(C13C4CC5C4C1C53)C2,B0_baseline,330.31,82.9,-5.14,6.05,340.16,4.08,-1.07,332.4,5.15,0.763,True,0.77,0.755,False,False,False,False
Cc1ccccc1C1=CC2C=CC1C2,B0_baseline,327.6,88.4,-6.34,4.25,269.71,3.95,-1.27,182.3,3.58,0.646,True,0.706,0.586,True,False,True,False
COC(=O)C12C3C(c4cc(O)ccc4N=Nc4ccccc4)C4C3C1C42,B0_baseline,374.57,80.3,-4.93,4.67,347.7,3.95,-1.84,346.4,4.19,0.676,True,0.58,0.773,False,False,True,False
CO/C(=C\c1c(C(C)(C)C)cccc1C12C3C(C#N)C1C1(C#N)C3C12)C(=O)O,B0_baseline,380.75,70.0,-5.56,5.25,366.92,3.84,-2.53,374.4,3.46,0.809,True,0.824,0.794,False,False,False,False
N#CC1C2C3C4C2C1(C1C2C=CC1C(C1=CC5C=CC1C5)=C2)C34C#N,B0_baseline,333.87,76.4,-6.28,7.46,343.58,3.95,-2.09,322.4,3.63,0.864,True,0.871,0.857,False,False,False,False
C1=CC2CC1C(c1cc(C34C5CC6C5C3C64)cs1)=C2C12CC3C4C(C31)C42,B0_baseline,332.27,86.6,-4.84,6.94,342.92,3.57,-1.32,354.5,4.98,0.883,True,0.917,0.85,False,False,False,False
CN(C)C1=NC2C=CC1C2,B0_baseline,404.63,91.0,-6.72,5.62,274.79,2.7,-2.89,136.2,0.9,0.805,True,0.824,0.786,False,False,False,False
COOc1cc(Cl)cc(C23C4C5C(C#N)C4C2(C#N)C53)c1C(=O)O,B0_baseline,377.05,82.5,-5.83,5.41,355.54,3.7,-3.1,342.7,2.39,0.815,True,0.851,0.78,False,False,False,False
O=C(c1cccnc1)C12C=CC(C1)C(Cl)=C2,B0_baseline,357.04,87.5,-6.88,4.9,328.91,3.95,-2.01,231.7,2.96,0.805,True,0.848,0.761,False,False,False,False
N#CC1=C(C#N)C2CC1C=C2c1cccc(C(=O)CC(=O)c2cccc(C34C5CC6C5C3C64)c2)c1,B0_baseline,351.69,83.9,-5.3,5.7,339.96,3.96,-1.72,454.5,5.28,0.832,True,0.855,0.808,False,False,False,False
Oc1ccc(N=Nc2ccccn2)nn1,B0_baseline,343.0,86.6,-5.91,3.06,329.94,3.96,-2.51,201.2,1.99,0.714,True,0.717,0.712,True,False,False,False
CO/C(=C\c1ccccc1C12C3C(C#N)C1C1(C#N)C3C12)C(=O)O,B0_baseline,362.73,82.7,-5.8,5.14,367.15,3.87,-3.1,318.3,2.17,0.777,True,0.787,0.767,False,False,False,False
N#CC1(Cl)C2C=CC1C(c1cccnc1)=C2,B0_baseline,339.05,88.4,-6.97,5.18,330.4,4.01,-2.12,228.7,2.78,0.82,True,0.86,0.78,False,False,False,False
C1=CC2NC1C=C2c1cccc(C23C4C5SC4C2C53)c1,B0_baseline,352.96,86.4,-5.65,6.23,342.36,3.8,-2.55,277.4,2.59,0.831,True,0.837,0.826,False,False,False,False
N#CC1=C(S#N)C2C=C(c3cccc(C#N)c3)C1C2C1=C(c2cccs2)C2C=CC1(c1ccccc1C1=CC3C=CC1C3)C2,B0_baseline,355.13,81.7,-5.15,6.82,357.83,4.37,0.33,601.8,9.44,0.77,True,0.773,0.767,False,False,False,False
CCOC12C3C4CC3C1C42,B0_baseline,325.39,90.9,-6.72,4.93,287.5,3.11,-2.62,136.2,1.29,0.854,True,0.88,0.828,False,False,False,False
N#CC1=C(S#N)C2C=CC1C2C1(C#N)C2C3C1C1(C#N)C2C31c1ccsc1C1=CC2C=CC1C2,B0_baseline,355.1,75.9,-5.11,7.6,360.2,4.32,-1.66,474.6,5.54,0.849,True,0.861,0.838,False,False,False,False
N#CC1C2C3C4C2C1(C1(c2ccccc2N=Nc2ccc(O)cc2)C2C=CC1C=C2)C34C#N,B0_baseline,390.14,82.8,-4.35,6.15,357.38,3.95,-1.36,428.5,5.57,0.749,True,0.692,0.805,False,False,False,False
Oc1ccc(N=Nc2cc(-c3cccc(N=Nc4ccccc4)c3)ccn2)cc1,B0_baseline,382.97,81.8,-4.71,2.68,353.88,4.06,0.16,379.4,7.29,0.603,True,0.486,0.72,True,False,True,False
N#CC1=C(C#N)C2(c3ccccc3C(=O)C34C5C6CC3(C37CC8C9C(C83)C97)C6C54)C=CC1C2,B0_baseline,341.67,72.7,-5.2,6.85,336.95,4.19,-2.15,426.5,4.43,0.856,True,0.873,0.838,False,False,False,False
S1C2C3C1C1C2C31,B0_baseline,404.25,89.8,-6.47,5.75,212.8,2.82,-2.68,110.2,0.98,0.944,True,0.962,0.926,False,False,False,False
CN(C)c1ccc(C23C4C5C(C#N)C(C42C#N)C53C23C4C5C(C4(C#N)c4ccc(N(C)C)nc4)C2(C#N)C53)cc1,B0_baseline,429.43,77.6,-6.74,6.21,356.58,4.44,-3.42,521.6,3.47,0.793,True,0.82,0.767,False,True,False,False
Oc1cnc(N=Nc2ccccn2)c(C2=CC3C=CC2N3)c1,B0_baseline,358.13,85.6,-5.9,5.22,348.32,4.04,-2.42,291.3,2.89,0.778,True,0.785,0.771,False,False,False,False
CN(Cc1cccc(O)c1C(=O)O)c1ccc(N=Nc2ccccc2)c(-c2ccnc(N=Nc3ccc(O)cn3)c2)c1,B0_baseline,418.91,80.6,-4.93,3.37,354.9,4.27,-0.63,559.6,7.72,0.743,True,0.7,0.787,True,False,False,False
CSOC12C3C4CC(C56CC(C=C5c5cccc(O)c5C(=O)O)C(C#N)=C6c5ccc(N(C)C)cc5)(C41)C32,B0_baseline,404.15,82.1,-4.84,6.11,357.35,4.34,-2.02,524.6,5.47,0.794,True,0.805,0.784,False,False,False,False
N#CC12C3C4C(C31)C(C#N)(C1C3C5C6C5C1(OC(=O)c1nccc(F)c1O)C63)C42,B0_baseline,373.04,83.2,-5.95,6.22,362.05,3.91,-3.84,387.4,1.73,0.83,True,0.836,0.824,False,False,False,False
O=C(CC(=O)c1ccccn1)c1ccccc1,B0_baseline,338.78,85.3,-6.38,1.8,329.22,4.0,-2.27,225.2,2.54,0.686,True,0.738,0.633,True,False,True,False
CCc1ccccc1N=Nc1cc(-c2ccc(OC)cc2)ccc1C1=C(C)C2C=CC1C2,B0_baseline,334.4,85.2,-4.97,4.3,333.22,4.38,0.64,420.6,8.32,0.712,True,0.774,0.651,True,False,False,False
CCOC12C=CC(C1)C(C1C3C=C(c4ccc(-c5ccc(C(=O)c6ccccc6)cc5)cc4)C1C(C#N)=C3S#N)=C2c1sccc1C(C)(C)C,B0_baseline,363.46,75.6,-5.01,6.05,352.08,4.44,0.9,690.9,11.01,0.821,True,0.849,0.792,False,False,False,False
COc1ccc(-c2ccccc2C(=O)C23C=CC(C=C2)C3)cc1,B0_baseline,339.58,83.6,-4.52,3.53,336.37,4.23,-1.22,302.4,4.68,0.692,True,0.741,0.643,True,False,True,False
Oc1ccc(N=Nc2cccc(-c3ccsc3)n2)nc1,B0_baseline,352.68,76.5,-4.61,3.02,353.85,4.24,-1.35,282.3,4.33,0.775,True,0.783,0.768,True,False,False,False
CSOC12C3C4CC(C41c1cc(N=Nc4ccccc4)ccc1O)C32c1cc(O)ccc1N=Nc1ccccc1,B0_baseline,393.87,81.4,-4.65,5.0,355.28,4.15,-0.05,546.7,8.43,0.693,True,0.627,0.759,False,False,True,False
COC(=O)C1=CC2C=C(Oc3ccc(N=Nc4cccc(C5=CC6CC5C=C6c5ccccc5)c4)cc3)C1C2,B0_baseline,337.89,80.9,-5.04,5.57,342.36,4.29,0.02,512.6,8.23,0.676,True,0.639,0.713,False,False,True,False
CCCCC(CC)COC(=O)C1=CC2C=C(c3sccc3CC)C1C2,B0_baseline,361.38,85.9,-5.06,4.96,353.89,4.01,-0.61,358.5,6.03,0.749,True,0.836,0.662,False,False,False,False
N#Cc1ccccc1C(=O)c1ccccc1-c1cc(O)ccc1N=Nc1ccccn1,B0_baseline,380.38,84.1,-4.65,2.7,351.16,4.25,-0.93,404.4,5.97,0.719,True,0.696,0.742,True,False,False,False
N#CC1C2C3C4C2C1(C1C2C=CC1[SH]=C2)C34C#N,B0_baseline,357.86,86.3,-5.66,7.58,330.28,3.28,-3.11,252.3,1.59,0.872,True,0.873,0.871,False,False,False,False
CN(C)C1=NC2C(S#N)=C(S#N)C1(C1=C(C#N)C3C=CC1C3)C2c1ccccc1N=Nc1ccc(N(C)C)cc1,B0_baseline,418.0,83.3,-5.28,6.46,356.69,4.14,-0.99,564.7,7.26,0.74,True,0.703,0.778,False,False,False,False
CCc1ccccc1N=Nc1cccc(C2=CC3CC2C(C#N)=C3C#N)c1C1=C(C)C2C=CC1C2,B0_baseline,342.13,84.0,-5.23,5.8,339.61,3.83,0.22,454.6,8.02,0.766,True,0.746,0.785,False,False,False,False
CN(C)c1ccc(C2(C#N)C3C4C2C2(C56C7C(C#N)C5C5(C#N)C7C56)C4C32C#N)c(F)n1,B0_baseline,417.7,79.9,-6.42,6.48,368.12,4.22,-3.69,420.5,2.22,0.845,True,0.863,0.827,False,True,False,False
N#CC1=CC2CC1C(c1sccc1C#N)=C2C1C2C=CC1C(S#N)=C2C#N,B0_baseline,360.25,77.9,-5.11,6.53,363.68,4.14,-1.57,384.5,4.9,0.833,True,0.851,0.816,False,False,False,False
COc1ccc(C23C4C(C#N)C5(C6C7C=CC6C=C7)C4C2C35C#N)cc1,B0_baseline,339.27,83.9,-6.16,5.99,336.52,4.04,-2.31,338.4,3.46,0.727,True,0.767,0.688,False,False,False,False
CCCCC(CC)COC(=O)C12C3CC1C1(N(C)C)C2C31C(=O)c1cccc(C2=CC3CC2C(C#N)=C3C#N)c1,B0_baseline,412.25,82.9,-5.35,6.24,357.04,4.06,-2.01,535.7,5.57,0.76,True,0.839,0.681,False,False,False,False
CN(C)C12C3CC4C3C1C42C(=O)c1ccccc1C12C3C4CC3C1(C(=O)c1ccccc1)C42,B0_baseline,402.75,76.5,-5.41,5.5,345.45,4.28,-2.45,433.6,4.08,0.782,True,0.797,0.767,False,False,False,False
N#CC1=NC2CC1C(c1cccs1)=C2C1C2C=CC1C(S#N)=C2C#N,B0_baseline,353.59,75.9,-5.22,6.46,376.64,4.13,-1.85,360.5,4.29,0.762,True,0.785,0.738,False,False,False,False
N#CC1=C(S#N)C2C=C(c3cccc(C#N)c3)C1C2C1=C(c2cccs2)C2C=CC1C2c1ccc(C(=O)CC(=O)c2ccccc2)cc1,B0_baseline,354.6,72.6,-5.15,5.99,343.13,4.43,-0.05,657.8,9.38,0.765,True,0.759,0.77,False,False,False,False
COOc1cc(Cl)ccc1C(=O)O,B0_baseline,342.33,85.7,-5.92,2.31,325.57,3.42,-2.53,202.6,1.98,0.671,True,0.737,0.605,True,False,True,False
N#CC1C2C3C4C2C1(C1C2C=CC1N=C2)C34C#N,B0_baseline,338.02,85.6,-6.52,7.09,327.88,3.26,-3.13,233.3,1.4,0.88,True,0.889,0.871,False,False,False,False
CCC1=C(c2cccc(N=Nc3ccc(O)cc3)c2)C2C=C(c3cccc(C(F)(F)F)c3)C1C2,B0_baseline,373.48,84.5,-4.5,4.52,349.0,3.92,0.68,460.5,8.72,0.739,True,0.696,0.782,False,False,False,False
CC(C)(C)c1ccc(-c2ccc(O)c(C(=O)O)c2)c(C(=O)O)c1O,B0_baseline,372.46,78.5,-5.38,2.35,321.57,3.99,-2.26,330.3,3.46,0.673,True,0.673,0.673,True,False,False,False
N#SC1C2C3C1C1(S#N)C2C31,B0_baseline,326.53,85.3,-6.38,6.92,256.9,2.97,-2.64,182.3,1.65,0.929,True,0.939,0.92,False,False,False,False
N#CC1=C(C#N)C2(c3ccsc3)C=CC1C2,B0_baseline,341.82,87.9,-6.47,5.13,323.88,4.01,-2.0,224.3,2.92,0.826,True,0.836,0.815,False,False,False,False
CC1=CC2C=CC1C2C(F)(F)F,B0_baseline,324.94,81.2,-6.39,5.28,263.18,3.79,-1.68,174.2,2.93,0.827,True,0.833,0.821,False,False,False,False
CSOC12C3C4CC(C56C=CC(C5)C(C#N)=C6)(C41)C32,B0_baseline,344.39,86.8,-6.52,7.02,331.13,4.07,-2.25,269.4,2.94,0.854,True,0.866,0.842,False,False,False,False
FC(F)(F)C1=CC2C=C(c3ccccc3)C1C2,B0_baseline,325.43,83.4,-5.54,4.48,324.03,4.03,-1.15,236.2,4.21,0.742,True,0.75,0.733,True,False,False,False
COC(=O)C1=CC2CC1(OC)C=C2C12CC3(OC(=O)c4ncccc4O)C4C(C41)C32,B0_baseline,419.13,83.9,-6.06,6.19,336.63,3.37,-3.75,407.4,2.02,0.798,True,0.824,0.771,False,False,False,False
N#CC1(c2ccccc2C(=O)CC(=O)c2ccccc2-c2ccsc2)C2C3C1C1(C#N)C2C31C#N,B0_baseline,370.93,82.4,-4.58,4.98,350.51,4.2,-1.9,471.5,5.17,0.798,True,0.853,0.742,False,False,False,False
N#CC1=C(S#N)C2C=CC1C2C1(C#N)C2C3C4C(C42C#N)C31c1cc(O)ccc1N=Nc1ccccc1,B0_baseline,405.16,75.2,-4.6,6.59,362.86,4.15,-1.48,498.6,6.01,0.746,True,0.677,0.815,False,False,False,False
COC(=O)C1=C(c2ccccc2N=Nc2ccc(N(C)C)c(-c3ccccc3C3=CC4C=CC3C4Cl)c2)C2C=CC1C2,B0_baseline,411.86,71.0,-4.88,5.8,350.55,4.52,0.03,574.1,8.77,0.762,True,0.73,0.794,False,False,False,False
FC(F)(F)C12C3CC4C3C1(OC(Cl)CC13C=CC(C=C1)C3)C42,B0_baseline,331.32,84.7,-5.11,6.79,324.31,3.8,-1.66,328.8,4.29,0.9,True,0.927,0.873,False,False,False,False
N#CC1=[SH]C2(C34CC5C6C3C6(OSCC36C=CC(C3)C(S)=C6)C54)C=CC1C2,B0_baseline,376.91,85.2,-5.09,5.9,346.03,4.24,-2.25,411.6,4.17,0.896,True,0.907,0.886,False,False,False,False
Oc1ccc(N=Nc2cccc(C3=CC4CC3C=C4c3ccccc3)c2)cn1,B0_baseline,382.51,81.8,-4.86,4.56,344.25,4.03,-0.44,365.4,6.32,0.721,True,0.681,0.761,False,False,False,False
OC1=CC2CC1C=[SH]2,B0_baseline,349.99,89.7,-5.3,6.96,285.01,2.88,-2.7,128.2,1.1,0.824,True,0.833,0.815,False,False,False,False
COC(=O)c1cc(N=Nc2ccccc2)ccc1OS(=O)(=O)O,B0_baseline,357.55,80.8,-5.68,2.4,361.03,4.12,-2.57,336.3,3.07,0.542,True,0.476,0.609,True,True,True,True
CCC1=C(c2ccc(C34C5NC6C5C3C64)cc2)C2C=CC1C2,B0_baseline,350.2,86.2,-5.57,5.96,333.94,4.04,-1.95,287.4,3.52,0.855,True,0.887,0.822,False,False,False,False
N#CC1=C(C23CC(C=C2c2ccccc2)C(S#N)=C3C#N)C2C=CC1C2,B0_baseline,337.85,84.1,-5.36,5.95,353.54,4.1,-1.23,353.5,5.11,0.8,True,0.825,0.776,False,False,False,False
CC1=CC2(CSOC34C5C6CC(C78C=CC(C7)C(C#N)=C8)(C63)C54)C=CC1C2,B0_baseline,345.1,87.0,-5.07,7.66,344.38,4.1,-1.55,373.5,4.83,0.87,True,0.876,0.863,False,False,False,False
COOc1ccc(Oc2ccc(N=Nc3ccccc3)cc2)cc1C(=O)O,B0_baseline,349.02,81.2,-4.46,2.43,363.82,3.83,-0.99,364.4,5.53,0.556,True,0.578,0.535,True,False,True,False
COC(=O)C12C3CC4C3C1(CN(C)c1ccc(N=Nc3ccccc3)cc1)C42,B0_baseline,434.05,79.8,-4.93,4.48,376.22,3.99,-1.72,373.5,4.59,0.702,True,0.643,0.762,False,False,True,False
CC1=CC2(CSOC34C5C6CC5(C57C=CC(C5)C(C#N)=C7)C3C64c3cc(O)ccc3N=Nc3ccccc3)C=CC1C2,B0_baseline,396.53,82.6,-4.84,7.29,365.52,4.31,-0.3,569.7,8.28,0.788,True,0.747,0.828,False,False,False,False
Oc1ccc(N=Nc2ccccc2)cc1,B0_baseline,345.47,88.7,-5.54,1.97,328.09,3.95,-1.21,198.2,3.81,0.237,True,0.0,0.474,True,False,True,False
CN(C)c1ccc(N=Nc2ccccc2)cc1CC1=CC2C=CC1C2,B0_baseline,402.18,84.3,-5.0,4.54,352.16,4.21,-0.56,329.4,5.84,0.709,True,0.646,0.771,False,False,True,False
OCCC1=C(c2ccccc2)C2C=CC1C2,B0_baseline,344.5,88.9,-5.33,4.2,331.22,3.8,-1.84,212.3,3.03,0.756,True,0.778,0.733,True,False,False,False
CN(CC1=CC2CC1C(C#N)=C2C#N)c1ccc(C2(C#N)C3C4C5C3C5(C#N)C42)c(C(C)(C)C)c1,B0_baseline,427.4,77.1,-5.14,6.4,357.35,4.23,-2.12,457.6,4.75,0.819,True,0.823,0.814,False,False,False,False
O=C(CC(=O)c1cccc(C2=CC3CC2N=C3Cl)c1)c1ccccc1,B0_baseline,327.78,83.7,-5.41,4.19,340.46,4.16,-1.59,349.8,4.57,0.77,True,0.806,0.733,True,False,False,False
CC1=CC2C=C(CC3=CC4C=CC3C4)C1C2,B0_baseline,326.88,87.6,-5.82,6.36,331.93,4.04,-1.12,210.3,4.03,0.88,True,0.878,0.881,False,False,False,False
O=C(O)/C=C/c1cnccc1C1C2C=CC1(C(=O)c1ccccc1)C=C2Cl,B0_baseline,361.83,77.7,-4.85,4.85,358.46,4.12,-1.84,377.8,4.45,0.806,True,0.844,0.768,False,False,False,False
N#CC1=C(C#N)C2(c3c(CC4=CC5C=CC4C5)cccc3C(=O)C34C5CC6C5C3C64)C=CC1C2,B0_baseline,347.12,82.9,-5.3,6.93,341.15,4.27,-1.68,440.5,5.23,0.864,True,0.872,0.856,False,False,False,False
CC(Cl)(OC12C3C4CC3C1(C(F)(F)F)C42)S(=O)(=O)O,B0_baseline,350.14,83.8,-5.64,5.6,331.88,3.05,-3.22,318.7,2.0,0.889,True,0.899,0.878,False,False,False,False
CC1=CC2(CSOC34C5C6CC(C78C=CC(C7)C(C#N)=C8)(C63)C54)C=CC1C2C(F)(F)F,B0_baseline,353.87,81.0,-5.1,7.68,344.38,4.27,-1.4,441.5,5.62,0.87,True,0.864,0.875,False,False,False,False
COC(=O)C1=CC2C=CC1(c1cccc(N=Nc3ccc(N(C)C)cc3)c1)C2,B0_baseline,416.74,82.5,-5.03,4.61,360.59,3.94,-1.36,373.5,5.09,0.613,True,0.554,0.672,False,False,True,False
COC(=O)C1=CC2C=C(C34CC5C3C3C5C34c3csc(C4=CC5C=CC4C5)c3)C1C2,B0_baseline,338.06,85.6,-5.09,7.08,346.2,4.23,-1.56,412.6,5.15,0.833,True,0.853,0.813,False,False,False,False
CN(C)c1ccc(N=Nc2ccccc2CN(C)c2ccc(N=Nc3ccccc3)c(-c3ccnc(N=Nc4ccc(O)cn4)c3)c2)cc1,B0_baseline,399.76,81.6,-4.87,3.57,363.07,4.31,1.02,646.8,10.8,0.711,True,0.657,0.764,True,False,False,False
CCC1=C(c2ccccc2)C2C=CC1(c1ccc(N(C)C)cc1)C2,B0_baseline,408.91,85.0,-5.36,4.22,347.56,4.27,-0.76,315.5,5.44,0.699,True,0.708,0.69,True,False,False,False
COc1ccc(C23C=[SH]C(C(c4ccccc4)=C2)C3Cl)cc1,B0_baseline,346.01,84.4,-4.55,4.86,324.83,4.24,-1.66,328.9,4.29,0.694,True,0.778,0.61,False,False,True,False
O=C(CC(=O)c1cccc(-c2cccc(C(=O)c3ccccc3)c2-c2cc(O)ccc2N=Nc2ccccn2)c1)c1ccccc1,B0_baseline,380.7,82.5,-4.83,2.91,346.05,4.25,0.18,601.7,9.22,0.738,True,0.719,0.757,True,False,False,False
N#CC1=C(C#N)C2(c3ccccc3C(=O)C34C5CC6C5C3(C3=CC5CC3C=C5c3ccccc3)C64)C=NC1C2,B0_baseline,345.45,75.9,-5.29,6.73,344.81,4.27,-1.62,503.6,5.85,0.845,True,0.872,0.817,False,False,False,False
CCc1cc(OO)c(C(=O)O)cc1-c1ccccc1,B0_baseline,353.68,83.5,-5.71,2.16,337.53,4.17,-1.81,258.3,3.47,0.698,True,0.745,0.651,True,False,False,False
COc1ccc(-c2cc(C#N)c(N=Nc3ccc(N(C)C)cc3)c(C3C4C=CC3(C3=C(C#N)C5C=CC3C5)C(S#N)=C4S#N)c2)cc1,B0_baseline,453.98,84.5,-5.17,6.36,342.86,4.33,0.17,651.8,9.65,0.757,True,0.753,0.761,False,False,False,False
N#CC12C3C4C(C31)C(C#N)(C1C3C5C6C5C1(OC(=O)c1ncccc1OC(=O)c1ccccc1)C63)C42,B0_baseline,361.81,75.5,-6.47,5.7,353.99,4.13,-3.38,473.5,3.1,0.8,True,0.809,0.791,False,True,False,False
CCCCC(C(OC(=O)OC(=O)c1ccccc1O)c1ccc(OC)cc1)C(C)C12C=CC(C=C1)C2,B0_baseline,361.29,82.9,-4.82,4.93,355.87,4.36,-0.72,490.6,7.01,0.793,True,0.831,0.756,False,False,False,False
CCC1C2C3C1C1(N(C)C)C2C31OSC,B0_baseline,415.09,84.4,-6.4,5.93,324.46,3.22,-2.75,225.4,1.87,0.869,True,0.878,0.86,False,False,False,False
CSOC12C3C4CC(C56C=C(C#N)C(C=C5c5cccc(O)c5C(=O)O)S6)(C41)C32,B0_baseline,382.97,80.6,-5.64,6.55,315.5,4.18,-2.64,423.5,3.72,0.837,True,0.859,0.816,False,False,False,False
O=C(c1ccccc1)c1ccccc1-c1cc(O)ccc1N=Nc1ccccn1,B0_baseline,378.57,83.8,-4.63,2.46,350.44,4.21,-0.68,379.4,6.1,0.685,True,0.64,0.731,True,False,True,False
COC(=O)C1=CC2(O)CC1C=C2C12CC3(OC(=O)c4ncccc4O)C4C(C41)C32,B0_baseline,418.71,83.7,-5.64,6.16,337.19,3.39,-4.13,393.4,1.37,0.802,True,0.822,0.781,False,False,False,False
O=C(O)c1cc(-c2cccc(O)c2C(=O)O)ccc1O,B0_baseline,361.1,82.7,-5.74,2.05,320.2,4.0,-2.84,274.2,2.16,0.603,True,0.66,0.545,True,False,True,False
C1=[SH]C2CC1C(c1cc(C34C5CC6C5C3C64)cs1)=N2,B0_baseline,333.08,87.2,-5.23,7.01,348.19,3.89,-2.36,285.4,2.93,0.87,True,0.914,0.827,False,False,False,False
N1C2C3C1C1C2C31,B0_baseline,352.28,89.4,-5.7,5.7,200.88,3.08,-3.39,93.1,-0.17,0.93,True,0.951,0.909,False,False,False,False
CN(C)C12C3CC4C3C1C42C(=O)c1cccc(-c2ccccc2N=Nc2ccc(O)cc2)c1,B0_baseline,411.68,82.1,-4.77,4.56,341.19,4.19,-1.2,435.5,5.85,0.745,True,0.706,0.784,False,False,False,False
CN(C)c1ccc(N=Nc2ccccc2)c(C2=CC3(c4ccccc4C(=O)C45C6CC7C6C4C75)CC2C(C#N)=C3C#N)c1,B0_baseline,398.64,73.3,-4.97,6.02,363.61,4.47,-0.75,559.7,7.56,0.742,True,0.695,0.789,False,False,False,False
N#CC1=CC2(C34CC5C6C3C6(OSO)C54)C=CC1C2,B0_baseline,377.39,84.6,-5.87,7.14,346.4,4.04,-2.38,271.3,2.78,0.869,True,0.879,0.86,False,False,False,False
COc1cccc(C2=CC3CC2C=C3c2cccc(N=Nc3ccc(O)cc3OC)c2)c1,B0_baseline,376.21,82.2,-4.55,4.38,353.7,4.31,-0.36,424.5,6.94,0.677,True,0.661,0.692,True,False,False,False
N#CC1=C(S#N)C2C=CC1C2C1(S#N)C2C3C4C(C42C#N)C31c1ccc(N=Nc2ccc(O)cc2)cc1,B0_baseline,406.0,77.0,-4.67,6.67,363.84,4.12,-1.29,518.6,6.45,0.795,True,0.741,0.849,False,False,False,False
O=C(c1ccccc1)c1cccc(C(=O)c2ccccc2)c1,B0_baseline,319.44,84.1,-5.3,1.39,344.05,4.18,-1.5,286.3,4.15,0.577,True,0.677,0.476,True,False,True,False
CC12C=CC(C(S#N)=C1C#N)C2C1=C(c2cccs2)C2C=CC1C2,B0_baseline,340.65,84.9,-5.05,6.27,359.72,3.96,-0.91,348.5,5.52,0.762,True,0.785,0.738,False,False,False,False
CCCSC(CC)COC(=O)c1ccccc1C(=O)c1ccccc1,B0_baseline,344.3,85.5,-5.04,2.72,347.58,4.0,-1.33,356.5,5.0,0.718,True,0.733,0.702,True,False,False,False
CSOC12C3C4CC(C56C=CC(N5)C(C#N)=C6)(C41)C32,B0_baseline,375.62,87.1,-5.71,7.2,335.57,3.18,-3.18,270.4,1.65,0.872,True,0.886,0.859,False,False,False,False
CN(C)c1ccc(N=Nc2cccc(C(C)(C)C)c2)cc1CC1=CC2C=CC1C2c1ccc(/C=C/C(=O)O)cc1,B0_baseline,404.23,75.3,-4.89,4.93,362.72,4.34,0.19,531.7,8.63,0.737,True,0.775,0.7,False,False,False,False
CCC1C2C3C1C1(c4cc(O)ccc4N=Nc4ccccc4)C2C31OSC,B0_baseline,389.5,81.7,-4.6,5.07,347.03,4.37,-1.02,378.5,5.62,0.708,True,0.625,0.792,False,False,True,False
CSOC12C3C4OC3C1(c1nc(O)ccc1N=Nc1ccccc1)C42,B0_baseline,384.88,81.5,-5.93,5.19,355.17,4.1,-2.36,353.4,3.51,0.756,True,0.707,0.805,False,False,False,False
N#CC1=C(S#N)C2C=CC1C2C1(C#N)C2C3C1C1(c4cccc(/C=C/C(=O)O)c4)C3C21C#N,B0_baseline,373.28,74.5,-5.32,6.63,363.07,4.15,-2.61,448.5,3.98,0.814,True,0.857,0.77,False,True,False,False
CN(N)c1ccc(N=Nc2cccc(C(C)(C)C)c2C2C3C=CC2C(C#N)=C3C#N)cc1CC1=CC2C=CC1C2,B0_baseline,405.29,69.3,-4.58,6.17,341.98,4.27,-0.5,526.7,7.63,0.775,True,0.747,0.804,False,False,False,False
N#CC1=C(C#N)C2CC1C=C2Oc1ccccc1C(=O)O,B0_baseline,360.71,83.7,-5.79,4.48,327.56,3.85,-2.52,278.3,2.64,0.745,True,0.78,0.711,True,False,False,False
FC(F)(F)C12C3OC4C3C1(OC(Cl)CC13C=CC(C=C1)C3)C42,B0_baseline,417.35,85.4,-6.22,6.86,332.98,3.8,-2.29,330.7,3.42,0.901,True,0.928,0.874,False,False,False,False
O=C(c1ccccc1)C(C(=O)c1ccccc1)C(=O)c1ccccc1,B0_baseline,317.77,83.0,-4.83,1.61,349.05,4.18,-1.68,328.4,4.25,0.558,True,0.667,0.45,True,False,True,False
O=C(/C=C/c1ccc(-c2ccccc2C(=O)CC(=O)c2ccccc2)cc1)Oc1ccc(C2=CC3C=CC2S3)s1,B0_baseline,379.47,80.7,-4.21,4.63,368.99,4.52,-0.49,560.7,7.93,0.794,True,0.844,0.743,False,False,False,False
N#CC1=C(C#N)C2CC1C=C2C1C2C=CC1C(O)=C2,B0_baseline,392.34,77.9,-5.81,6.35,340.82,3.51,-2.24,248.3,2.78,0.861,True,0.882,0.839,False,False,False,False
CC1=CC2(CSOC34C5C6CC(C78C=CC(C7)C(C#N)=C8)(C63)C54)C=CC1(C1=CC3C=CC1C3)C2,B0_baseline,342.75,81.1,-5.12,6.06,346.0,4.34,-1.03,463.6,6.34,0.874,True,0.882,0.865,False,False,False,False
CN(C)c1ccc(N=Nc2ccccc2)c(-c2ncc(C3=C(C4C5C=CC4C(S#N)=C5C#N)C4C=CC3C4)s2)c1,B0_baseline,402.74,75.1,-5.33,6.16,382.05,4.41,0.05,558.7,8.67,0.75,True,0.729,0.771,False,False,False,False
CC1=CC2C=C(c3cccc(C4=CC5C=CC4C5)c3)C1C2,B0_baseline,324.46,84.7,-5.41,5.77,324.29,4.12,-0.63,272.4,5.26,0.786,True,0.822,0.75,False,False,False,False
CN(C)c1ccc(N=Nc2ccccc2)c(-c2ncc(C3=C(C4(C56C7C8CC7C5C86)C5C=CC4C(S#N)=C5C#N)C4C=CC3C4)s2)c1,B0_baseline,401.01,79.7,-5.02,6.92,358.21,4.2,0.13,648.9,9.56,0.768,True,0.742,0.793,False,False,False,False
CN(C)c1ccc(N=Nc2ccccc2C23C=CC(C2)C(C24C=CC(C2)C(S#N)=C4C#N)=C3C#N)cc1,B0_baseline,414.76,82.3,-4.83,6.18,360.32,4.29,-0.51,500.6,7.38,0.708,True,0.667,0.75,False,False,False,False
CN(C)c1ccc(N=Nc2ccccc2)c(-c2ccccc2C(=O)CC(=O)c2ccccc2)c1CC1=CC2C=CC1C2,B0_baseline,401.36,80.7,-4.9,4.67,354.02,4.32,0.3,551.7,8.97,0.731,True,0.676,0.786,False,False,False,False
COC(=O)c1ccc(-c2cccc(C(=O)O)c2O)cc1C1=C(C#N)C2C=CC1C2,B0_baseline,384.9,80.2,-5.04,4.27,338.67,3.61,-2.2,387.4,4.03,0.746,True,0.762,0.73,True,False,False,False
COc1ccc(C(=O)O)c(OO)c1,B0_baseline,358.62,85.7,-5.88,2.06,303.64,3.56,-2.94,184.1,1.25,0.554,True,0.733,0.375,True,False,True,False
CSOC12C3C4C(c5ccccc5)C3C1(c1nc(O)ccc1N=Nc1ccccc1)C42,B0_baseline,395.33,81.3,-4.89,5.0,351.4,4.21,-1.21,427.5,5.78,0.76,True,0.712,0.808,False,False,False,False
CN(C)c1ccc(N=Nc2ccccc2)c(C2=C(c3cc(C#N)cs3)C3C=NC2C3)c1,B0_baseline,432.62,82.5,-5.01,4.87,368.43,4.29,-0.68,423.5,6.48,0.7,True,0.689,0.712,False,False,False,False
ClC(OC12C3C4CC3C1C42)SC12CC3C4C(C31)C42,B0_baseline,334.39,87.3,-6.63,6.47,328.03,3.64,-2.42,278.8,2.79,0.912,True,0.938,0.886,False,False,False,False
CN(C)c1ccc(N=Nc2ccccc2)cc1-c1ccccc1C1=CC2C=CC1C2Cl,B0_baseline,400.68,73.4,-4.85,4.63,357.75,4.34,0.13,426.0,7.64,0.712,True,0.653,0.771,False,False,False,False
N#CC1=CC2C=CC1(C13C4C5C(C#N)C(C41C#N)C53c1ccccc1/C=C(/C(=O)O)c1cccc(N=Nc3ccc(O)cc3)c1)C2,B0_baseline,396.81,81.2,-4.63,6.43,358.83,3.76,-1.22,599.7,7.24,0.793,True,0.769,0.817,False,False,False,False
N#CC1=C(S#N)C2C=CC1(C1=C(C#N)C3(S(=O)(=O)O)C=CC1C3)C2,B0_baseline,371.15,82.5,-5.88,6.73,350.2,3.26,-3.04,357.4,2.59,0.874,True,0.878,0.87,False,False,False,False
N#Cc1ccc(N=Nc2ccccc2)cc1,B0_baseline,324.92,84.0,-5.54,2.06,343.4,4.15,-1.14,207.2,3.97,0.267,True,0.0,0.533,True,False,True,False
c1cc(C23C4CC5C4C2C53)cs1,B0_baseline,331.01,92.0,-6.53,4.98,275.49,3.76,-1.98,174.3,2.51,0.846,True,0.898,0.795,False,False,False,False
N#CC1=NC2C=CC1C2,B0_baseline,332.88,89.2,-6.71,5.97,260.25,2.69,-2.78,118.1,0.91,0.806,True,0.812,0.8,False,False,False,False
COc1ccc(OC(=O)c2cc(C3C4C=CC3C(C#N)=C4)ccc2OC2=CC3CC2(C2=C(C#N)C4C=CC2C4)C(C#N)=C3S#N)cc1,B0_baseline,369.51,75.7,-5.39,6.88,347.35,4.19,-1.2,634.7,7.56,0.814,True,0.845,0.782,False,False,False,False
FC(F)(F)C12C3CC1C1C3C12OC(S)Cl,B0_baseline,352.58,85.8,-5.64,5.68,311.05,3.41,-2.38,256.7,2.65,0.885,True,0.929,0.841,False,False,False,False
N#CC1=C(C#N)C2CC1C=C2C1C2C=CC1(C(=O)c1ccccc1)C=C2Cl,B0_baseline,341.15,79.1,-4.96,5.97,348.66,3.99,-1.62,370.8,4.71,0.816,True,0.836,0.796,False,False,False,False
N#CC1=C(S#N)C2C=CC1(O)C2,B0_baseline,356.3,87.1,-5.9,6.04,297.75,3.07,-2.87,178.2,1.3,0.848,True,0.863,0.833,False,False,False,False
CC1=CC2C=CC1C2c1ncc(C2=C(C3C4C=CC3C(S#N)=C4C#N)C3C=C(C(=O)c4ccccc4)C2C3)s1,B0_baseline,349.94,76.5,-5.52,6.95,380.99,4.02,-0.6,543.7,7.62,0.822,True,0.851,0.793,False,False,False,False
COc1ccc(C23C(C#N)C4C2C2C3C42C#N)cc1-c1ccccc1N=Nc1ccc(O)cc1,B0_baseline,389.68,80.1,-4.72,4.83,339.05,4.19,-1.23,444.5,5.89,0.734,True,0.689,0.779,False,False,False,False
O=C(O)c1nc(-c2cccc(O)c2C(=O)O)ccc1O,B0_baseline,345.01,82.2,-5.41,2.35,307.55,3.92,-3.27,275.2,1.56,0.73,True,0.792,0.667,True,False,False,False
CSOC12C3C4CC(C56CC(C=C5c5cccc(O)c5C(=O)O)C(C#N)=C6C5C6C=CC5C(C#N)=C6)(C41)C32,B0_baseline,386.6,75.8,-4.86,7.22,347.42,4.27,-2.24,520.6,5.12,0.857,True,0.88,0.833,False,False,False,False
CCC(COC(=O)c1ccccc1C(=O)c1ccccc1)SCCO,B0_baseline,362.95,82.4,-5.79,2.76,347.85,3.66,-2.35,358.5,3.58,0.722,True,0.738,0.707,True,False,False,False
COC(=O)C1=CC2C=CC1N2,B0_baseline,341.77,89.9,-5.81,5.27,294.92,2.68,-3.62,151.2,-0.0,0.738,True,0.738,0.738,False,False,False,False
CN(N)c1ccc(N=Nc2ccccc2)c(-c2ncc(C3=C(C4C5C=CC4C(S#N)=C5C#N)C4C=CC3C4)s2)c1,B0_baseline,402.57,75.0,-4.8,6.29,376.57,4.42,-0.49,559.7,7.92,0.767,True,0.736,0.798,False,False,False,False
Oc1ccc(C2=CC3C=CC2C3)cc1C12C3C4SC3C1C42,B0_baseline,374.01,85.4,-5.29,6.02,333.31,4.0,-1.93,292.4,3.59,0.817,True,0.828,0.806,False,False,False,False
N#CC1=C(C#N)C2CC1C=C2c1cc(C(=O)CC(=O)c2ccccc2)ccn1,B0_baseline,344.51,82.5,-5.28,4.42,345.23,4.1,-2.15,365.4,3.91,0.798,True,0.817,0.779,True,False,False,False
CC(Cl)OC12C3C1C1CC3C12c1ccccc1N=Nc1ccc(O)cc1,B0_baseline,373.88,84.5,-4.65,4.67,344.9,3.74,-1.18,366.8,5.29,0.724,True,0.667,0.781,False,False,False,False
CCOOc1ccccc1C(=O)O,B0_baseline,347.45,86.6,-5.87,2.17,290.11,3.57,-2.59,182.2,1.72,0.641,True,0.689,0.594,True,False,True,False
O=C(c1ccccc1)c1cccc(-c2cc(N=Nc3ccc(Cl)cc3)ccc2O)c1,B0_baseline,358.27,83.1,-4.7,2.25,349.81,4.03,0.01,412.9,7.36,0.65,True,0.585,0.714,True,False,True,False
O=C(c1ccccn1)C12C=CC(C=C1)C2,B0_baseline,339.81,90.5,-6.53,4.18,311.41,3.73,-2.2,197.2,2.4,0.782,True,0.83,0.734,True,False,False,False
CC1=CC2(CSOC34C5C6CC(C78C=CC(C7)C(C#N)=[SH]8)(C63)C54)C=CC1C2,B0_baseline,370.76,85.2,-4.76,7.98,336.54,4.2,-2.05,393.6,4.3,0.878,True,0.891,0.865,False,False,False,False
O=C(c1ccccc1)c1cccc(-c2cccc(N=Nc3ccccc3)c2)c1,B0_baseline,313.66,83.4,-5.0,2.05,355.06,4.21,0.06,362.4,7.0,0.594,True,0.556,0.632,True,False,True,False
CN(C)c1ccc(N=Nc2cccc(C3C4C=CC3(C3=C(C#N)C5C=CC3C5)C(C#N)=C4C#N)c2)cc1,B0_baseline,417.19,73.1,-5.09,5.94,359.68,4.11,-0.8,480.6,6.81,0.713,True,0.676,0.75,False,False,False,False
CC(Cl)OC12C3C4CC3(c3cccc(O)c3C(=O)O)C1C42C(F)(F)F,B0_baseline,358.4,81.5,-5.81,5.21,339.41,3.45,-2.49,374.7,3.51,0.82,True,0.846,0.793,False,False,False,False
COC(=O)C1=CC2C=C(O)C1C2C#N,B0_baseline,361.28,86.2,-5.86,5.27,301.28,3.01,-3.21,191.2,0.93,0.753,True,0.766,0.739,False,False,False,False
CC(C)(C)C1C2C=CC1(C13C=CC(C=C1)C3)C(c1cc(C34C5CC6C5C3C64)cs1)=C2,B0_baseline,333.5,86.8,-5.14,7.13,332.59,4.23,-0.32,410.6,6.88,0.867,True,0.897,0.837,False,False,False,False
CCC(COC(=O)c1ccccc1C(=O)c1ccccc1)SCC(C)c1ccc(C(=O)CC(=O)c2ccccc2)cc1,B0_baseline,342.37,81.5,-4.86,3.39,342.89,4.28,-0.66,578.7,7.85,0.748,True,0.754,0.741,True,False,False,False
CCC(CCCCOC(=O)c1ccccc1O)COC(=O)C12C3C4C3C1C4N2C1(C#N)C2C3C4C2C4(C#N)C31,B0_baseline,381.47,82.2,-5.97,5.78,332.57,4.12,-3.69,525.6,3.13,0.784,True,0.849,0.719,False,True,False,False
COc1cccc(C2=CC3C=C(C45C=C(c6cccc(N=Nc7ccc(O)cc7)c6)C(C=C4c4cccc(C(F)(F)F)c4)C5)C2C3)c1,B0_baseline,377.68,82.4,-4.52,5.76,320.52,4.04,1.26,628.7,10.98,0.739,True,0.711,0.767,False,False,False,False
CCOc1cc(O)ccc1N=Nc1cccc(C2=CC3CC2C=C3c2cccc(C(F)(F)F)c2)c1,B0_baseline,376.9,81.6,-4.47,4.5,351.89,4.29,0.32,476.5,8.34,0.715,True,0.667,0.762,False,False,False,False
ClC12C3NC4C3C1C42,B0_baseline,352.28,89.3,-5.72,6.15,223.13,2.79,-3.34,127.6,0.19,0.919,True,0.927,0.912,False,False,False,False
COc1ccc(C23OC4C5C(C42)C53)cc1,B0_baseline,330.29,89.3,-6.45,4.37,314.27,3.77,-2.65,200.2,1.79,0.685,True,0.75,0.621,True,False,True,False
CC1=CC2C=CC1C2C12C3C(C#N)C4C3C1C42C#N,B0_baseline,334.88,75.8,-6.37,6.86,334.99,3.12,-2.41,246.3,2.52,0.849,True,0.848,0.85,False,False,False,False
N#CC1=C(C#N)C2(c3ccsc3)C=CC1(c1ccccc1)C2,B0_baseline,342.07,85.9,-4.96,4.75,349.65,3.93,-1.52,300.4,4.24,0.745,True,0.75,0.74,False,False,False,False
COC(=O)C1=CC2CC1(C1=CC3CC1C(C#N)=C3C#N)C=C2C12CC3(OC(=O)c4ncccc4O)C4C(C41)C32,B0_baseline,419.69,82.2,-6.07,7.03,336.01,3.83,-3.34,517.5,3.54,0.821,True,0.847,0.794,False,False,False,False
C1=CC2(C3=CC4CC3C=C4c3ccc(C45C6CC7C6C4C75)s3)C=CC1C2,B0_baseline,335.7,86.0,-5.07,6.92,322.98,4.26,-0.88,354.5,5.6,0.849,True,0.918,0.779,False,False,False,False
CC1=CC2(CSOC34C5C3C3(C67C=CC(C6)C(C#N)=C7C#N)CC5(C56C=CC(C5)C(C#N)=[SH]6)C43)C=CC1C2,B0_baseline,373.28,84.7,-4.74,7.16,353.91,4.3,-1.99,533.7,5.59,0.884,True,0.899,0.868,False,False,False,False
O=C(c1ccccc1)c1c(N=Nc2ccc(O)cc2)cccc1C1=CC2CC1C=C2c1ccccc1,B0_baseline,361.94,82.2,-4.6,4.34,349.23,4.18,0.23,468.6,8.16,0.698,True,0.646,0.75,True,False,True,False
N#CC1(Cl)C2C=C(c3ccccc3)C1C(c1cccc(C(=O)O)c1O)=C2,B0_baseline,368.47,81.4,-4.57,4.75,342.3,3.95,-1.85,363.8,4.32,0.741,True,0.774,0.708,False,False,False,False
N#CC1=C(S#N)C2(c3ccc(N=Nc4ccc(O)cc4)cc3)C=CC1O2,B0_baseline,393.43,84.3,-4.45,4.96,346.65,4.02,-1.38,360.4,4.96,0.739,True,0.674,0.803,False,False,False,False
O=C(CC(=O)c1ccccc1-c1ccccc1C(=O)c1cccc(-c2cc(N=Nc3ccccc3)ccc2O)c1)c1ccccc1,B0_baseline,365.05,80.3,-4.61,2.74,354.9,4.07,0.61,600.7,9.83,0.71,True,0.679,0.741,True,False,False,False
CC(C)(C)c1ccsc1C1=C(C2C3C=C(c4ccccc4Oc4ccc(N=Nc5ccccc5)cc4)C2C(C#N)=C3S#N)C2C=CC1C2,B0_baseline,382.67,75.3,-4.96,6.09,355.47,4.18,1.89,662.9,12.16,0.799,True,0.787,0.811,False,False,False,False
N#CC1=C(S#N)C2C=CC1C2S(=O)(=O)O,B0_baseline,366.37,77.8,-5.78,5.75,343.16,3.18,-3.43,242.3,1.05,0.834,True,0.855,0.812,False,False,False,False
CCC1=C(c2cccnc2)C2C=CC1C2,B0_baseline,355.42,90.5,-6.86,4.39,313.08,3.82,-1.45,197.3,3.45,0.8,True,0.84,0.76,True,False,False,False
CC(OC12C3C4CC(C5C6C=CC5C=C6)(C41)C32)C(=O)c1ccccc1,B0_baseline,325.78,85.2,-5.75,5.82,346.15,4.02,-1.95,330.4,3.9,0.775,True,0.789,0.761,False,False,False,False
COc1cc(C(=O)C23C=CC(C2)C(Cl)=C3)cc(C2=C(c3cccs3)C3C=CC2C3)c1,B0_baseline,333.39,84.6,-4.97,5.76,349.66,4.22,-0.55,433.0,6.75,0.734,True,0.757,0.711,False,False,False,False
NC1=C(c2ccccc2N=Nc2ccccc2)C2C=CC1C2,B0_baseline,371.89,81.5,-4.59,4.31,338.82,4.23,-0.92,287.4,4.98,0.659,True,0.541,0.778,True,False,True,False
CCOc1cccc(C(=O)c2ccccc2)c1,B0_baseline,328.75,85.2,-6.16,1.43,336.6,4.11,-1.73,226.3,3.32,0.634,True,0.673,0.595,True,False,True,False
O=C(c1ccccc1)c1ccccc1,B0_baseline,320.13,89.0,-6.39,1.15,301.93,4.01,-1.74,182.2,2.92,0.491,True,0.63,0.353,True,False,True,False
COC1C2C=CC1(C13C=CC(C=C1c1cc(C45C6CC7C6C4C75C)cs1)C3)C=C2c1cccc(C(=O)CC(=O)c2ccccn2)c1,B0_baseline,354.07,83.0,-5.47,6.99,360.26,4.2,-0.82,621.8,8.0,0.833,True,0.87,0.796,False,False,False,False
CC(C)(C)c1ccsc1C1=C(C2C3N=C(c4ccccc4)C2C(C#N)=C3S#N)C2C=CC1C2,B0_baseline,355.83,77.7,-5.32,6.06,355.12,4.21,-0.5,467.7,7.11,0.82,True,0.842,0.797,False,False,False,False
CNCSC(CCc1ccccc1)COC(=O)c1ccccc1C(=O)c1ccccc1,B0_baseline,365.89,83.7,-4.22,2.89,337.32,4.04,-1.8,433.6,4.99,0.743,True,0.75,0.736,True,False,False,False
N#CC1C2C3C1(C1C4C=CC1C=C4)C1(C#N)C2C31C(F)(F)F,B0_baseline,335.05,84.2,-6.23,6.64,326.53,4.1,-2.36,300.3,3.06,0.86,True,0.862,0.857,False,False,False,False
N#CC1=C(S#N)C2C=CC1O2,B0_baseline,335.41,87.3,-6.46,5.88,311.35,2.86,-2.77,164.2,1.31,0.825,True,0.844,0.805,False,False,False,False
COC(=O)C12C3CC4C3C1C42,B0_baseline,331.58,89.2,-6.57,4.92,309.35,2.19,-3.14,150.2,0.67,0.826,True,0.841,0.81,False,False,False,False
N#CC1=C(c2cccc(-c3cccc(C(=O)O)c3O)c2)C2C=C(c3cc(N=Nc4ccccc4)ccc3O)C1C2,B0_baseline,397.53,80.5,-4.6,4.6,332.19,3.8,-0.3,525.6,7.89,0.731,True,0.704,0.758,False,False,False,False
O=C(OC12CC3C4C1C4(C1C4C=CC1C(c1ccccc1)=C4)C32)c1ncccc1O,B0_baseline,417.44,73.1,-4.84,5.84,346.08,3.82,-2.21,395.5,4.09,0.815,True,0.847,0.784,False,False,False,False
CCC(COC(=O)OC(=O)c1ccccc1O)CC(CC)c1ccccc1N=Nc1ccccc1,B0_baseline,368.27,81.3,-4.79,3.58,368.38,4.36,-0.12,474.6,7.71,0.705,True,0.691,0.718,True,False,False,False
N#CC1C2C3C1C1(C#N)C2C31C(C(=O)c1ccccc1)C(=O)c1ccccc1,B0_baseline,336.1,77.8,-6.21,4.69,348.86,4.12,-2.42,364.4,3.52,0.773,True,0.808,0.738,False,False,False,False
CN(C)c1ccc(C2(C#N)C3C4C5C3C5(C#N)C42)cc1,B0_baseline,420.64,83.7,-6.38,4.87,345.51,4.05,-2.76,261.3,2.16,0.683,True,0.725,0.641,False,True,True,False
COC(=O)C1=C(C23C=CC(C=C2c2cc(C45C6CC7C6C4C75)cs2)C3)C2C=CC1C2,B0_baseline,338.06,86.0,-5.09,6.91,353.5,3.98,-1.56,412.6,5.15,0.834,True,0.853,0.814,False,False,False,False
CCOC12C=CC(C1)C(C1C3[SH]=C(c4ccccc4)C1C(C#N)=C3S#N)=C2c1sccc1C(C)(C)C,B0_baseline,378.62,78.4,-4.64,6.54,354.16,4.27,-0.63,530.8,7.47,0.832,True,0.857,0.807,False,False,False,False
CN(C)c1ccc(N=Nc2ccccc2C2C3N=CC2(C2=C(C#N)C4C=CC2(C2=CC5C=C(c6ccccc6)C2C5)C4)C(S#N)=C3S#N)cc1,B0_baseline,411.93,80.7,-5.3,7.19,378.66,4.34,0.49,687.9,10.4,0.769,True,0.753,0.786,False,False,False,False
N#CC1=C(S#N)C2C=CC1C2C1=C(c2cccs2)C2C=CC1C2,B0_baseline,351.33,78.3,-5.11,6.19,374.6,4.05,-1.1,334.5,5.13,0.737,True,0.763,0.712,False,False,False,False
COC(=O)C1=CC2CC1C(O)=C2c1cccc(C(=O)CC(=O)c2ccccc2)c1,B0_baseline,364.88,81.3,-5.05,4.2,343.26,3.97,-2.12,388.4,4.16,0.714,True,0.714,0.714,True,False,False,False
CC1=CC2CC1C=N2,B0_baseline,325.88,90.9,-6.72,5.91,260.15,3.2,-2.36,107.2,1.41,0.855,True,0.871,0.84,False,False,False,False
CCCCC(CC)COC(=O)OC(=O)c1ccccc1O,B0_baseline,362.04,82.1,-5.18,2.75,346.8,3.87,-1.73,294.3,3.9,0.659,True,0.774,0.544,True,False,True,False
CC(OC12C3C4CC(C31)C42F)C(=O)c1ccccc1,B0_baseline,325.47,85.4,-6.4,4.32,332.19,4.09,-2.41,258.3,2.63,0.745,True,0.765,0.725,True,False,False,False
COC(=O)C1(C#N)C2C3C1C1(c4cc(C56C=CC(C(C#N)=C5C#N)C6C(F)(F)F)cs4)C3C21C#N,B0_baseline,393.69,73.9,-6.09,6.84,338.92,4.05,-3.09,490.5,3.66,0.852,True,0.868,0.835,False,True,False,False
COc1ccc(-c2ccc(N=Nc3ccc(N(C)O)cc3)c(C3C4C=CC3(C3=C(C#N)C5C=CC3C5)C(S#N)=C4S#N)c2)cc1,B0_baseline,429.02,82.7,-4.55,6.39,347.97,4.33,0.23,628.8,9.54,0.761,True,0.755,0.766,False,False,False,False
O=C(O)c1ccc(Cl)cc1OOCC12CC3C4C(C31)C42,B0_baseline,351.72,83.8,-5.95,4.72,334.52,3.38,-2.45,292.7,2.86,0.801,True,0.833,0.768,False,False,False,False
N#CC1=C(C#N)C2CC1C=C2c1cc(C(=O)CC(=O)c2ccccc2)ccc1C(F)(F)F,B0_baseline,350.41,73.1,-4.82,4.42,339.53,3.9,-1.41,432.4,5.54,0.78,True,0.79,0.769,True,False,False,False
CC(Cl)OC12C3C4CC3C1(C(F)(F)F)C42,B0_baseline,325.48,86.0,-6.45,5.63,314.35,3.69,-2.18,238.6,2.78,0.879,True,0.925,0.833,False,False,False,False
CN(C)c1ccc(N=Nc2ccccc2C2C3N=CC2(C2=C(S#N)C4C=CC2C4)C(S#N)=C3S#N)cc1,B0_baseline,417.53,83.3,-5.25,6.66,360.64,3.99,-0.31,541.7,8.01,0.723,True,0.657,0.789,False,False,False,False
N#Cc1csc(C2=[SH]C3CC2C=N3)c1,B0_baseline,342.22,87.2,-6.0,6.03,341.93,3.78,-2.6,220.3,2.04,0.795,True,0.8,0.789,False,False,False,False
O=C(/C=C/c1ccccc1)Oc1ccnc(N=Nc2ccc(O)cn2)c1,B0_baseline,364.48,81.7,-4.79,2.84,362.18,4.08,-1.82,346.3,4.22,0.739,True,0.765,0.714,True,False,False,False
c1ccc(N=Nc2ccccc2)cc1,B0_baseline,321.19,86.6,-5.36,1.67,315.84,4.08,-0.9,182.2,4.1,0.3,True,0.0,0.6,True,False,True,False
N#CC1=C(c2cccc(-c3cccc(C(=O)O)c3O)c2)C2C=CC1C2C1=CC2C=C(c3ccccc3)C1C2,B0_baseline,385.99,75.8,-4.67,5.56,341.99,3.88,-0.66,495.6,7.13,0.798,True,0.818,0.778,False,False,False,False
Oc1ccc(N=Nc2cccc(C3=CC4CC3C=C4c3ccccc3)c2)cc1,B0_baseline,373.03,83.0,-4.57,4.22,351.44,4.06,-0.01,364.4,6.92,0.615,True,0.5,0.73,True,False,True,False
CC12C3CC4C3C1C42c1csc(C2=CC3C=CC2(C24C=CC(C=C2C#N)C4)C3)c1,B0_baseline,348.59,87.1,-5.11,7.39,369.98,4.24,-0.92,393.6,5.89,0.855,True,0.863,0.847,False,False,False,False
Oc1cnc(N=Nc2ccccn2)c(C2=CC3(C(F)(F)F)C=CC2C3)c1,B0_baseline,383.52,84.9,-4.58,5.23,338.38,4.09,-1.25,358.3,5.12,0.782,True,0.803,0.761,False,False,False,False
CN(C)c1ccc(C2(C#N)C3C4C5C3C5(C#N)C42)cn1,B0_baseline,411.05,78.0,-6.89,5.18,344.16,4.11,-3.2,262.3,1.55,0.818,True,0.852,0.784,False,True,False,False
CN(C)c1ccc(C2(C#N)C3C4C5C3C5(C#N)C42)c(C2C3C=CC2C(C#N)=C3C#N)n1,B0_baseline,425.3,76.3,-6.6,6.39,350.46,4.31,-3.17,402.5,2.8,0.827,True,0.855,0.8,False,True,False,False
O=C(O)/C=C/c1ccccc1,B0_baseline,341.79,86.6,-5.84,1.54,305.86,3.74,-2.34,148.2,1.78,0.578,True,0.727,0.429,True,False,True,False
CCCCC(CC)COC(=O)c1cc(O)ccc1N=Nc1ccccn1,B0_baseline,384.06,84.2,-4.88,3.15,360.48,4.13,-0.91,355.4,5.58,0.681,True,0.742,0.62,True,False,True,False
CCC1C2C3C1C1(N(C)Cc4cc(N=Nc5ccccc5)ccc4N(C)C)C2C31OSC,B0_baseline,407.98,81.5,-5.07,5.14,320.56,4.54,-1.24,448.6,5.92,0.76,True,0.712,0.809,False,False,False,False
N#Cc1csc(C2=CC3C=CC2C3C23CC4C5C(C42)C53)c1,B0_baseline,348.06,76.0,-5.74,6.36,338.14,4.04,-1.66,289.4,3.95,0.823,True,0.828,0.818,False,False,False,False
CCCCC(CC)COC(=O)c1c(C(=O)NC(=O)c2ccc(S(=O)(=O)O)cc2)cccc1C1=CC2CC1C(C#N)=C2C#N,B0_baseline,373.51,81.7,-4.95,4.86,355.11,3.95,-2.64,601.7,5.25,0.761,True,0.815,0.707,False,False,False,False
COc1ccc(-c2ccc(N=Nc3ccc(N(C)C)cc3)c(C3C4N=CC3(C3=C(C#N)C5C=CC3C5)C(S#N)=C4S#N)c2)cc1,B0_baseline,432.11,82.8,-5.15,6.31,349.05,4.34,-0.11,627.8,9.04,0.753,True,0.764,0.741,False,False,False,False
N#CC1=C(S#N)C2C=CC1C2C1(S#N)C2C3C4C2C4(S#N)C31,B0_baseline,343.4,77.6,-6.14,7.57,351.6,4.06,-2.34,342.5,3.45,0.85,True,0.873,0.827,False,False,False,False
N#CC1=CC2C=CC1(C1=C(c3cc(C#N)cs3)C3C=NC1C3)C2,B0_baseline,353.96,84.3,-6.34,6.44,358.51,3.96,-1.87,315.4,3.87,0.838,True,0.843,0.833,False,False,False,False
N#CC1C2C3C4C3(C#N)C1C24c1ccccc1/C=C/C(=O)O,B0_baseline,362.29,82.2,-5.74,4.99,362.17,3.93,-2.9,288.3,2.19,0.795,True,0.831,0.759,False,False,False,False
COc1ccc(C2C3C=C(c4cccc(C(=O)C56C7CC8C7C5C86N(C)C)c4)C2C(C#N)=C3C#N)cc1,B0_baseline,416.64,82.3,-5.41,5.89,343.72,4.22,-2.22,485.6,4.84,0.789,True,0.825,0.753,False,False,False,False
N#CC1=CC2C=C(C34C5CC3C3C5C34)C1C2,B0_baseline,333.7,90.0,-6.53,6.55,333.54,3.04,-2.17,207.3,2.52,0.86,True,0.872,0.848,False,False,False,False
CCOC12C=CC(C1)C(C1C3C=C(c4ccccc4)C1C(C#N)=C3S#N)=C2c1sccc1C(C)(C)S,B0_baseline,378.51,77.4,-4.55,6.41,362.0,4.27,-0.26,528.8,7.98,0.836,True,0.86,0.812,False,False,False,False
CSOC12C3C4CC3(C35C=CC(C3)C(C#N)=C5)C1C42F,B0_baseline,354.36,87.5,-6.57,7.07,329.97,4.07,-2.3,287.4,3.03,0.856,True,0.868,0.845,False,False,False,False
C1=CC2CC1C=C2C1=C(c2cc(C34C5CC6C5C3C64)cs2)C2C=CC1C2,B0_baseline,330.89,85.6,-5.07,6.95,346.46,4.02,-0.88,354.5,5.6,0.876,True,0.907,0.844,False,False,False,False
COC(=O)C1=CC2CC1(c1ccc(N(C)C)cc1)C=C2c1cc(C23C(C#N)C4C2C2C3C42C#N)ccc1OC,B0_baseline,424.91,78.1,-5.3,6.2,347.59,4.29,-2.56,515.6,4.62,0.752,True,0.759,0.744,False,True,False,False
CSOC12C3C4CC(C56CC7C8C(C75)C86)(C41)C32,B0_baseline,333.69,84.2,-6.54,6.5,312.53,3.65,-2.47,244.4,2.43,0.934,True,0.952,0.917,False,False,False,False
CSOC12C3C4CC3C1(c1cc(O)ccc1N=Nc1ccccc1-c1cc(O)ccc1N=Nc1ccccc1)C42,B0_baseline,386.31,81.6,-4.67,5.01,345.21,4.46,0.2,546.7,8.78,0.73,True,0.656,0.805,False,False,False,False
N#CC1=C(C#N)C2(c3cc(COC(=O)C4=CC5C=CC4C5)ccc3C(=O)C34C5CC6C5C3C64)C=CC1C2,B0_baseline,363.93,71.5,-5.2,6.79,348.45,3.81,-2.3,484.6,4.73,0.855,True,0.877,0.833,False,False,False,False
COC(=O)C1=CC2C=CC1O2,B0_baseline,324.23,90.1,-6.15,5.06,289.92,2.82,-3.33,152.1,0.42,0.738,True,0.738,0.738,False,False,False,False
N#CC1C2C3C4C3(C#N)C1C24c1ccccc1/C=C(\OO)C(=O)O,B0_baseline,360.98,81.9,-5.83,5.34,363.64,3.9,-3.23,320.3,2.01,0.818,True,0.841,0.795,False,False,False,False
CC1=C(c2cccc(C(=O)CC(=O)c3ccccc3)c2)C2(C34C5C6CC5C3C64)C=C(C34C5C(C#N)C3C3(C#N)C5C34)C1C2,B0_baseline,342.55,79.6,-5.26,6.57,357.4,3.82,-1.47,558.7,6.53,0.825,True,0.835,0.816,False,False,False,False
N#CC1=C(C#N)C2C=CC1C2OC(=O)/C=C/c1ccccc1C12C3C(C#N)C1C1(C#N)C3C12,B0_baseline,362.09,76.1,-6.27,6.23,368.78,4.22,-3.06,428.5,3.18,0.826,True,0.864,0.787,False,True,False,False
ClC1C2C=CC1C(c1ccccc1)=C2,B0_baseline,331.32,80.8,-6.26,4.47,287.85,3.93,-1.46,202.7,3.49,0.749,True,0.806,0.692,True,False,False,False
COC(=O)C1=CC2C=CC1C2/C(=C\c1ccccc1)C(=O)O,B0_baseline,347.62,77.3,-5.72,4.6,341.09,3.72,-2.6,296.3,2.69,0.7,True,0.7,0.7,False,False,False,False
N#CC1=C(C#N)C2CC1C=C2c1ccccc1C(=O)CC(=O)c1ccccc1,B0_baseline,342.54,82.2,-4.78,4.27,339.38,4.1,-1.71,364.4,4.52,0.79,True,0.814,0.766,True,False,False,False
COC1C2C=C(C)C1C=N2,B0_baseline,330.4,90.9,-6.73,5.57,265.93,2.78,-2.81,137.2,1.03,0.835,True,0.837,0.833,False,False,False,False
O=S(=O)(O)C12C3SC4C3C1(c1cccc(C3=CC5C=CC3C5)c1)C42,B0_baseline,350.64,77.2,-5.8,6.26,355.88,3.91,-2.82,356.5,2.9,0.858,True,0.869,0.846,False,False,False,False
COC(=O)C1=CC2C=C(c3cc(C45C6CC7C6C4C75)cs3)C1C2,B0_baseline,330.86,86.3,-6.27,6.26,352.99,3.84,-2.08,322.4,3.64,0.813,True,0.828,0.797,False,False,False,False
N#CC1=C(C#N)C2CC1C=C2c1cccc(C(=O)C(C(=O)c2ccccc2)c2cccc(C(=O)CC(=O)c3ccncc3)c2)c1,B0_baseline,347.89,82.4,-5.28,4.84,339.48,3.61,-1.48,587.6,6.76,0.799,True,0.826,0.773,False,False,False,False
CCCCC(CC)COC(=O)C1=CC2C=C(C#N)C1C2,B0_baseline,344.56,84.2,-6.18,4.98,337.8,3.77,-1.69,273.4,3.77,0.726,True,0.821,0.631,False,False,True,False
N#CC1=C(S#N)C2C=CC1C2C1=C(c2cncs2)C2CC1C=C2C(=O)c1ccncc1,B0_baseline,364.45,77.1,-5.43,6.26,381.35,4.04,-1.71,440.6,5.17,0.829,True,0.872,0.787,False,False,False,False
O=C(O)c1c(O)cccc1C1=CC2CC1(C(=O)c1ccccc1)C=C2Cl,B0_baseline,360.25,81.3,-4.6,4.45,346.29,3.95,-1.74,366.8,4.5,0.784,True,0.828,0.74,True,False,False,False
NOOc1ccccc1C(=O)O,B0_baseline,357.92,85.7,-5.9,2.25,302.12,3.66,-3.33,169.1,0.57,0.607,True,0.698,0.517,True,False,True,False
N#CC1=C(C#N)C2CC1C=C2c1cscc1C12C=CC(C(C#N)=C1C#N)C2C(F)(F)F,B0_baseline,346.1,75.8,-5.11,6.41,346.99,4.1,-1.73,432.4,5.08,0.869,True,0.887,0.851,False,False,False,False
N#CC1C2C3C4C(C24C#N)C13S(=O)(=O)O,B0_baseline,363.11,84.5,-6.05,5.83,331.81,3.04,-4.21,222.2,-0.22,0.892,True,0.9,0.885,False,False,False,False
O=S(=O)(O)c1ccccc1C1=CC2C=CC1C2Cl,B0_baseline,359.15,77.9,-5.66,4.69,337.03,4.06,-2.48,282.7,2.74,0.805,True,0.846,0.763,False,False,False,False
N#CC1(c2cc(O)ccc2N=Nc2ccccc2)C2C3C4C3(C#N)C1(c1ccsc1)C24c1ccccc1/C=C/C(=O)O,B0_baseline,386.2,81.6,-4.42,5.2,360.09,4.01,-1.17,566.6,7.02,0.755,True,0.708,0.802,False,False,False,False
O=C(O)/C=C/c1cccc(F)c1,B0_baseline,341.06,85.4,-5.83,1.78,314.14,3.72,-2.35,166.2,1.92,0.615,True,0.667,0.564,True,False,True,False
N#CC1=CC2C=CC1(C13C4CC5(C67CC8C9C(C86)C97C(=O)c6ccccc6C67C=CC(C6)C(C#N)=C7C#N)C4C1C53)C2,B0_baseline,360.72,75.3,-5.36,7.78,356.26,4.1,-1.86,541.7,5.83,0.871,True,0.894,0.848,False,False,False,False
Cc1sc(C2=CC3C=CC2(C24C=CC(C=C2)C4)C3)cc1C12C3CC4C3C1C42,B0_baseline,331.84,87.0,-5.07,7.08,330.68,4.16,-0.75,368.5,5.91,0.884,True,0.917,0.851,False,False,False,False
N#CC1=C(C#N)C2C=CC1C2,B0_baseline,334.24,87.7,-6.58,4.92,287.2,2.93,-2.48,142.2,1.54,0.789,True,0.812,0.765,False,False,False,False
N#CC1=C(c2cccc(-c3cccc(C(=O)O)c3O)c2)C2C=CC1(C(F)(F)F)C2,B0_baseline,371.83,83.1,-4.47,4.55,339.2,3.85,-1.45,397.4,5.17,0.773,True,0.789,0.757,False,False,False,False
N#Cc1csc(C2=CC3C=CC2C3)c1S(=O)(=O)O,B0_baseline,393.96,83.0,-5.7,5.16,344.45,4.0,-2.66,279.3,2.46,0.817,True,0.831,0.804,False,False,False,False
N#CC1=C(S#N)C2C=C(c3cccc(C#N)c3)C1C2(O)C1=C(c2cccs2)C2C=CC1C2,B0_baseline,360.67,82.6,-4.64,6.08,354.05,4.1,-1.45,451.6,5.64,0.74,True,0.722,0.757,False,False,False,False
COOc1ccccc1C(=O)O,B0_baseline,343.07,86.1,-5.89,2.08,294.38,3.71,-2.78,168.1,1.32,0.609,True,0.667,0.552,True,False,True,False
N#CC1(Cl)C2C=CC1(c1ccc(O)c(C(=O)O)c1)C(c1ccccc1)=C2,B0_baseline,363.68,82.7,-4.89,4.84,352.01,4.14,-2.0,363.8,4.11,0.715,True,0.73,0.7,False,False,False,False
N#CC1=C(S#N)C2C=CC1C2C1=C(c2cccs2)C2CC1C=[SH]2,B0_baseline,364.58,77.9,-4.32,6.78,371.57,4.0,-1.6,354.5,4.59,0.758,True,0.781,0.734,False,False,False,False
N#CC1=C(S#N)C2C=CC1C2C1=C(c2cncs2)C2CC1C=C2C(=O)c1ccccc1,B0_baseline,361.87,76.4,-5.39,6.11,378.26,3.99,-1.28,439.6,5.78,0.825,True,0.855,0.795,False,False,False,False
CN(C)C12C3CC4C3C1C42C(=O)c1ccccc1C12C3C4CC(F)(C41)C32,B0_baseline,407.75,76.1,-6.39,5.93,341.93,4.12,-2.75,347.4,2.92,0.811,True,0.812,0.81,False,True,False,False
C1=CC2(C34C=CC(C3)[SH]=C4)CC1C=C2c1cc(C23C4CC5C4C2C53)cs1,B0_baseline,350.78,87.1,-4.71,7.64,350.88,4.03,-1.39,374.6,5.07,0.893,True,0.923,0.862,False,False,False,False
C1=CC2OC1C=C2c1cccc(C23C4C5SC4C2C53)c1,B0_baseline,329.77,85.2,-6.44,6.12,324.02,3.91,-2.26,278.4,3.02,0.831,True,0.837,0.825,False,False,False,False
Oc1ccc(N=Nc2cccc(C34CC5C3C3C5C34c3ccc(C4=CC5C=CC4C5)s3)c2)cc1,B0_baseline,379.93,83.9,-4.72,6.01,358.6,4.13,-0.15,460.6,7.54,0.774,True,0.738,0.81,False,False,False,False
N#CC1=CC2C=CC1(C13C4C5C(C4(C#N)C4C6C=CC4C(S#N)=C6C#N)C1(C#N)C53)C2,B0_baseline,345.25,75.6,-5.93,7.81,354.47,4.29,-2.43,417.5,3.96,0.882,True,0.893,0.871,False,False,False,False
N#CC1C2C3C4C(C24C#N)C13c1cccc(C(=O)CC(=O)c2ccccc2)c1,B0_baseline,340.87,82.2,-6.26,4.62,345.9,3.99,-2.4,364.4,3.55,0.791,True,0.812,0.771,False,False,False,False
CN(C)c1ccc(-c2cc(N=Nc3ccccc3)ccc2N(C)C)cc1,B0_baseline,407.28,85.8,-4.79,2.34,362.49,4.24,-0.61,344.5,5.9,0.45,True,0.364,0.537,True,False,True,False
CSOC12C3C4CC(C56C=C(C#N)C(C=C5C(F)(F)F)C6)(C41)C32,B0_baseline,347.53,85.4,-6.17,6.93,340.94,4.01,-2.01,337.4,3.87,0.864,True,0.871,0.857,False,False,False,False
CC1=CC2CC1C=C2c1cc(N=Nc2ccccc2C2C3N=CC2(C2=C(C#N)C4C=CC2C4)C(S#N)=C3S#N)ccc1N(C)C,B0_baseline,413.36,83.0,-5.25,7.28,348.75,4.1,0.12,625.8,9.35,0.798,True,0.778,0.818,False,False,False,False
COc1cc(O)cc(-c2ccccc2N=Nc2ccccc2)c1N=Nc1cccc(C2=CC3CC2C=C3c2ccccc2)c1,B0_baseline,358.33,81.4,-4.67,4.72,350.81,4.44,1.62,574.7,11.02,0.733,True,0.705,0.762,False,False,False,False
O=C(OSCl)C12C3CC4C3C1C42,B0_baseline,331.19,89.3,-6.14,5.75,316.01,2.93,-2.63,202.7,1.84,0.903,True,0.92,0.885,False,False,False,False
O=C(c1ccccc1)c1cccc(-c2cc(N=Nc3ccccc3)c(C34C=CC(C=C3c3ccccc3)C4)cc2O)c1,B0_baseline,364.72,81.2,-4.58,4.5,321.35,4.26,0.81,544.7,9.62,0.739,True,0.694,0.785,False,False,False,False
CCC1=C(c2cccc(C34C(C#N)C5C3C3C4C53C#N)c2)C2C=CC1C2,B0_baseline,333.53,82.1,-5.39,6.25,346.17,4.0,-1.58,336.4,4.46,0.82,True,0.827,0.813,False,False,False,False
N#CC1=C(C#N)C2(c3cccc(N=Nc4ccccc4)c3)C=CC1C2,B0_baseline,336.42,81.7,-5.07,4.64,351.6,3.93,-0.92,322.4,5.27,0.703,True,0.652,0.754,False,False,False,False
CCOC12C=[SH]C(C1)C(C1C3C=C(c4ccccc4)C1C(C#N)=C3S#N)=C2c1sccc1C(C)(C)C,B0_baseline,378.39,77.0,-4.74,6.53,353.21,4.36,-0.56,530.8,7.58,0.832,True,0.856,0.809,False,False,False,False
N#CC1=C(C#N)C2(c3ccccc3C(=O)C34C5C6CC3(C3=CC7C=CC3C7)C6C54)C=NC1C2,B0_baseline,345.99,74.5,-5.2,7.01,355.96,4.21,-2.24,427.5,4.32,0.851,True,0.869,0.833,False,False,False,False
COc1ccc(-c2c(C#N)csc2C2=CC3C=CC2C3)cc1,B0_baseline,358.95,85.5,-5.03,4.52,338.88,4.33,-1.09,305.4,4.88,0.697,True,0.762,0.633,False,False,True,False
Oc1ccc(N=Nc2cccc(C3=CC4(C5=CC6C=C(c7ccccc7)C5C6)CC3C=C4c3cccc(C(F)(F)F)c3)c2)cc1,B0_baseline,373.52,83.3,-4.46,5.71,320.36,4.07,1.44,598.7,10.97,0.751,True,0.712,0.79,False,False,False,False
COC(=O)c1cccc(/C=C/C(=O)O)c1,B0_baseline,340.11,83.6,-5.85,1.79,325.18,3.78,-2.84,206.2,1.57,0.561,True,0.61,0.512,True,False,True,False
N#CC1C2C3C4C3(C#N)C1C24c1ccccc1/[SH]=C/C(=O)O,B0_baseline,355.02,83.8,-5.75,5.88,361.97,4.05,-3.3,308.4,1.8,0.808,True,0.833,0.783,False,True,False,False
O=C(OCc1ccccc1)C1=CC2C=CC1C2,B0_baseline,336.77,85.4,-6.38,3.97,332.05,3.8,-2.05,226.3,2.86,0.731,True,0.776,0.686,True,False,False,False
CC(C)(C)c1ccsc1C1=C(C2C3C=C(c4cccc(C5=C(C#N)C6C=CC5C6)c4)C2C(C#N)=C3S#N)C2C=CC1C2,B0_baseline,358.61,77.9,-5.34,6.88,352.34,4.26,0.45,581.8,9.44,0.821,True,0.841,0.8,False,False,False,False
CN(C)c1ccc(N=Nc2cccc(-c3ccc(C(=O)CC(=O)c4ccnc(C5=CC6CC5C(C#N)=C6C#N)c4)cc3)c2)cc1,B0_baseline,424.66,80.3,-4.92,4.76,344.03,4.16,-0.57,588.7,8.06,0.701,True,0.689,0.713,False,False,False,False
c1cc(C23C4C5CC2(C2C6C7C8C7C2C86)C5C43)cs1,B0_baseline,330.55,85.4,-6.31,5.73,312.29,3.87,-2.01,264.4,3.25,0.857,True,0.904,0.81,False,False,False,False
CCCCC(COC(=O)OC(=O)c1ccccc1O)C(C)C12C=CC(C=C1)C2,B0_baseline,365.83,83.6,-4.81,4.8,341.43,4.11,-1.31,384.5,5.26,0.757,True,0.813,0.7,False,False,False,False
CCCCC(CC)COC(=O)C12C3C4C3C1C4N2C1(C#N)C2C3C4C2C4(C#N)C31,B0_baseline,350.48,82.7,-6.51,6.08,322.9,3.29,-3.24,389.5,2.58,0.802,True,0.893,0.711,False,False,False,False
COC(=O)C12C3CC4C1C2(c1cccc(C(=O)c2ccccc2)c1)C43O,B0_baseline,347.9,83.3,-5.66,4.23,340.08,3.97,-3.15,346.4,2.34,0.74,True,0.759,0.722,True,False,False,False
N#CC1=C(S#N)C2C=CC1S2,B0_baseline,344.01,88.7,-6.45,6.16,299.19,3.07,-2.36,180.3,2.03,0.813,True,0.841,0.786,False,False,False,False
CC1=C(c2ccccc2N=Nc2ccccn2)C2C=CC1C2,B0_baseline,339.24,88.1,-5.15,4.51,336.75,4.28,-0.56,287.4,5.48,0.728,True,0.714,0.742,False,False,False,False
CC(C#N)c1ccc(C(=O)O)c(O)c1-c1ccc(C(=O)CC(=O)c2ccccc2)cc1,B0_baseline,386.22,77.6,-4.55,2.94,343.75,3.66,-1.79,413.4,4.84,0.742,True,0.75,0.735,True,False,False,False
CC(C(CCCCc1ccccc1)COC(=O)OC(=O)c1ccccc1O)C12C=CC(C=C1)C2,B0_baseline,360.9,83.0,-4.33,4.6,338.6,4.34,-0.91,460.6,6.48,0.77,True,0.823,0.716,False,False,False,False
CN(C)CC(Cl)OC12C3C4CC3C1C42,B0_baseline,412.91,92.5,-6.64,5.25,334.49,2.7,-3.01,213.7,1.39,0.883,True,0.907,0.859,False,False,False,False
CN(O)c1ccc(C2(C#N)C3C4C5C3C5(C#N)C42)cn1,B0_baseline,409.72,82.5,-6.15,5.47,356.92,4.08,-3.38,264.3,1.31,0.836,True,0.857,0.815,False,False,False,False
COC(=O)C1=CC2C=C(c3cccc(C4(C#N)C5C6C4C4(C#N)C5C64C#N)c3C(=O)CC(=O)c3ccccc3)C1C2,B0_baseline,358.85,79.5,-5.17,6.27,343.56,4.16,-2.73,537.6,4.58,0.781,True,0.789,0.772,False,True,False,False
CCc1ccc(C(=O)O)c(O)c1Cl,B0_baseline,352.14,87.0,-5.37,2.16,304.75,3.41,-2.29,200.6,2.31,0.703,True,0.739,0.667,True,False,False,False
COC(=O)C1=CC2C=C(O)C1O2,B0_baseline,349.35,86.1,-5.65,5.13,287.62,3.06,-3.51,168.1,0.31,0.744,True,0.744,0.744,False,False,False,False
COOc1cc(Cl)cc(CC2=CC3C=CC2C3)c1C(=O)O,B0_baseline,364.59,82.3,-5.77,4.88,344.37,3.4,-1.98,306.7,3.65,0.8,True,0.831,0.769,False,False,False,False
N#CC1=CC2C=CC1(C13C4C5CC4C1(c1csc(C4=CC6C=CC4(C47C=CC(C=C4)C7)C6)c1)C53)C2,B0_baseline,348.91,87.1,-5.14,7.87,355.81,4.16,-0.6,469.7,7.0,0.873,True,0.872,0.873,False,False,False,False
CCCCC(CC)COC(=O)C12C3CC4C3C1C42,B0_baseline,337.51,85.8,-6.35,4.64,324.17,3.89,-1.9,248.4,3.26,0.755,True,0.864,0.646,False,False,True,False
COC(=O)C1=CC2CC1C=C2C12CC3(OC(=O)c4ncccc4O)C4C1C4C32C,B0_baseline,415.94,83.2,-6.05,6.08,341.45,4.09,-3.21,391.4,2.64,0.796,True,0.812,0.781,False,True,False,False
CCCCC(COC(=O)OC(=O)c1ccccc1O)(c1ccsc1)C(C)C12C=CC(C=C1)C2,B0_baseline,359.13,79.8,-4.59,5.09,344.3,4.4,-0.83,466.6,6.64,0.789,True,0.837,0.741,False,False,False,False
N#CC12C3C(S#N)C4C3C1C42,B0_baseline,336.22,85.5,-6.47,6.37,264.17,2.71,-2.83,162.2,1.21,0.901,True,0.922,0.88,False,False,False,False
C1=CC2CC1N=C2c1cc(C23C4SC5C4C2C53)cs1,B0_baseline,331.41,87.4,-6.56,6.9,353.07,3.71,-2.22,283.4,3.11,0.866,True,0.892,0.84,False,False,False,False
CSOC12C3C4OC3C1(c1cc(O)ccc1N=Nc1ccccc1)C42,B0_baseline,385.34,80.6,-5.0,4.95,354.77,4.05,-1.92,352.4,4.12,0.698,True,0.611,0.786,False,False,True,False
CC1=CC2N=CC1C2c1ccc(N=Nc2ccccc2)cc1,B0_baseline,333.76,86.1,-5.02,4.59,342.3,4.09,-0.75,287.4,5.21,0.689,True,0.595,0.784,False,False,True,False
CC(OC12C3C4CC3C1C42)C(=O)c1ccccc1,B0_baseline,325.47,86.6,-6.59,4.19,333.74,3.74,-2.36,240.3,2.54,0.726,True,0.75,0.703,True,False,False,False
N#SC1=C(S#N)C2C=CC1C2,B0_baseline,324.81,88.1,-6.58,6.42,289.86,3.77,-1.8,182.3,2.83,0.879,True,0.886,0.872,False,False,False,False
N#CC1(Cl)C2C=CC1C(c1cccc(C(=O)c3ccccc3)c1)=C2,B0_baseline,329.37,83.3,-5.15,4.54,331.42,4.2,-1.45,331.8,4.62,0.768,True,0.806,0.731,False,False,False,False
Cc1ccc(C(=O)c2ccccc2)cc1,B0_baseline,321.9,86.5,-6.2,1.23,308.26,4.01,-1.61,196.2,3.23,0.5,True,0.593,0.407,True,False,True,False
COc1ccc(C23C(C#N)C4C2C2C3C42C#N)cc1C1=CC2CC1C=C2c1cccs1,B0_baseline,351.22,80.7,-5.2,6.18,334.46,4.21,-1.52,420.5,5.28,0.773,True,0.8,0.747,False,False,False,False
N#CC1=C(C23C=CC(C2)C(S#N)=C3C#N)C2C=CC1C2,B0_baseline,336.26,82.9,-6.38,6.55,336.68,3.89,-1.85,277.4,3.58,0.857,True,0.875,0.839,False,False,False,False
CCC(COC(=O)c1ccccc1C(=O)c1ccccc1)SC(CC)c1ccsc1,B0_baseline,362.64,84.5,-5.07,3.37,346.38,4.3,-0.55,438.6,6.8,0.755,True,0.768,0.742,True,False,False,False
N#CC12C3C4C(C31)C(C#N)(C1C3C5C6C5C1(OC(=O)c1ncc(Cl)cc1O)C63)C42,B0_baseline,364.58,82.9,-6.27,6.19,364.13,4.03,-3.57,403.8,2.24,0.838,True,0.851,0.824,False,True,False,False
Oc1ccc(N=Nc2ccccn2)nc1,B0_baseline,341.45,87.2,-6.22,2.83,330.28,3.94,-2.08,200.2,2.6,0.671,True,0.667,0.676,True,False,False,False
O=C(O)c1ncc(-c2ccsc2)cc1O,B0_baseline,337.55,84.6,-6.12,2.43,339.33,4.11,-2.48,221.2,2.21,0.766,True,0.796,0.736,True,False,False,False
CC(OC12C3C4CC3C1C42)C(=O)c1ccccc1CN(C)c1ccc(N=Nc2ccccc2)cc1,B0_baseline,400.43,79.2,-5.23,4.35,361.13,4.21,-0.85,463.6,6.59,0.714,True,0.651,0.778,True,False,False,False
CO/C(=C\c1c(-c2ccccc2)cccc1C12C3C(C#N)C1C1(C#N)C3C12)C(=O)O,B0_baseline,366.39,81.4,-5.62,4.9,365.48,4.17,-2.39,394.4,3.83,0.784,True,0.788,0.779,False,False,False,False
CCOC12C=CC(C1)C(C1C3C=C(c4ccccc4)C1C(C#N)=C3S#N)=C2c1sccc1C(C)(C)O,B0_baseline,373.15,77.3,-4.55,6.28,374.32,4.27,-0.83,512.7,7.04,0.825,True,0.857,0.794,False,False,False,False
O=C(O)c1ccc(Cl)cc1OOCc1cccc(C2=CC3C=CC2C3)c1,B0_baseline,353.51,81.4,-4.86,4.4,330.47,3.72,-1.3,368.8,5.14,0.803,True,0.836,0.771,True,False,False,False
O=C(O)/C=C/c1ccccc1C1C2C=CC1(C(=O)c1ccccc1)C=C2Cl,B0_baseline,351.69,79.3,-4.54,4.63,357.45,4.22,-1.41,376.8,5.06,0.787,True,0.828,0.746,False,False,False,False
N#CC1(c2ccccc2C(=O)c2ccccc2)C2C3C4C2C4(C#N)C31,B0_baseline,333.68,83.9,-6.16,4.5,346.23,4.11,-2.31,322.4,3.32,0.77,True,0.8,0.74,False,False,False,False
O=C(CC(=O)c1cccc(O)c1)c1ccccc1,B0_baseline,346.92,83.1,-5.75,1.74,344.07,4.03,-2.14,240.3,2.85,0.663,True,0.718,0.607,True,False,True,False
CN(C)c1ccc(N=Nc2ccccc2-c2cscc2C23C4CC5C4C2C53)cc1,B0_baseline,410.93,85.4,-5.07,4.58,349.63,4.53,-0.4,397.5,6.66,0.689,True,0.639,0.738,False,False,True,False
CCC(CCCCc1ccc(OC)cc1)COC(=O)OC(=O)c1ccccc1O,B0_baseline,366.0,83.0,-4.32,2.72,355.23,4.23,-1.5,400.5,5.13,0.714,True,0.806,0.623,True,False,True,False
CN(CC1=C(Cl)C2C=CC1(C(=O)c1ccccc1)C2c1ccccc1/C=C/C(=O)O)c1ccc(N=Nc2ccccc2)cc1,B0_baseline,400.14,80.2,-4.69,4.91,377.33,4.48,0.02,600.1,8.98,0.724,True,0.708,0.739,False,False,False,False
O=C(c1ccccc1)C12C=CC(C=C1)C2,B0_baseline,324.56,89.3,-6.39,3.86,306.26,3.83,-1.77,196.2,3.0,0.692,True,0.75,0.633,True,False,True,False
CN(C)c1ccc(N=Nc2ccccc2)c(-c2ccnc(N=Nc3ncc(O)cc3Cl)c2)c1,B0_baseline,395.56,81.7,-4.77,3.22,369.77,4.41,-0.24,457.9,7.4,0.708,True,0.667,0.75,True,False,False,False
N#CC1C2C3C4C2C1(C1C2C=CC1C=C2)C34C#N,B0_baseline,334.26,85.8,-6.35,6.73,328.85,3.22,-2.6,232.3,2.13,0.861,True,0.868,0.855,False,False,False,False
O=C(OC12CC3C4C1C4(C(F)(F)F)C32)c1ncccc1O,B0_baseline,397.51,84.2,-5.1,4.97,324.77,3.89,-2.99,297.2,2.14,0.815,True,0.838,0.793,False,False,False,False
CC1=CC2CC1C=C2F,B0_baseline,326.44,88.1,-6.52,5.29,250.92,3.53,-1.73,124.2,2.44,0.84,True,0.854,0.826,False,False,False,False
CN(C)C12C=CC(C1)C(C#N)=C2C#N,B0_baseline,406.07,88.2,-6.58,5.36,286.99,3.06,-2.96,185.2,1.22,0.798,True,0.833,0.763,False,False,False,False
N#CC1=C(S#N)C2C=CC1C2C1(S#N)C2C3C4C2C4(C#N)C31,B0_baseline,343.99,77.5,-6.27,7.3,351.43,4.06,-2.53,322.4,3.01,0.855,True,0.869,0.842,False,True,False,False
CN(C)c1cccc(C(=O)CC(=O)c2ccccc2)c1,B0_baseline,402.88,85.7,-6.16,1.82,344.94,4.28,-2.05,267.3,3.21,0.561,True,0.674,0.447,True,False,True,False
CC(OC12C3C4CC3C1C42)C(=O)c1ccc(-c2cccc(C(=O)O)c2O)cc1,B0_baseline,369.2,81.1,-6.04,4.14,345.24,3.9,-2.43,376.4,3.61,0.771,True,0.787,0.755,True,False,False,False
CN(C)c1ccc(N=Nc2c(C3C4N=CC3(C3=C(C#N)C5C=CC3C5)C(S#N)=C4S#N)cccc2C23C=CC(C2)C(C#N)=C3)cc1,B0_baseline,418.53,83.0,-5.42,7.38,363.7,4.12,-0.45,636.8,8.64,0.785,True,0.769,0.8,False,False,False,False
CC(OC12C3C4CC(Cl)(C41)C32)C(=O)c1ccccc1,B0_baseline,327.16,85.4,-6.39,4.7,332.12,3.96,-2.32,274.7,2.9,0.761,True,0.778,0.744,False,False,False,False
N#CC1=CC2CC1C=C2COC(=O)C12C3C4CC1C4(O)C32,B0_baseline,371.77,83.0,-5.89,6.45,335.37,3.13,-3.58,281.3,1.18,0.843,True,0.87,0.816,False,False,False,False
C1=NC2CC1C=C2c1cccs1,B0_baseline,349.41,90.8,-6.72,5.12,310.71,3.7,-1.92,175.3,2.6,0.7,True,0.8,0.6,False,False,True,False
N#CC1=C(S#N)C2C=CC1C2C1(C#N)C2C3C1C1(C(=O)c4ccccc4)C3C21C#N,B0_baseline,345.92,75.3,-6.29,6.55,348.43,4.17,-2.47,406.5,3.82,0.818,True,0.839,0.796,False,False,False,False
COC(=O)c1c(N=Nc2ccccc2)ccc(O)c1-c1cccc(C(=O)c2ccccc2)c1,B0_baseline,365.11,80.0,-4.56,2.47,363.35,4.16,-0.75,436.5,6.49,0.621,True,0.56,0.683,True,False,True,False
CC1=CC2C=CC1C2c1ccc(N=Nc2ccc(O)cc2C2(C#N)C3C4C5C4(C#N)C2C35c2ccccc2/C=C/C(=O)O)cc1,B0_baseline,387.32,74.7,-4.69,6.36,358.7,4.05,-0.98,588.7,7.48,0.781,True,0.753,0.809,False,False,False,False
N#CC1=C(C#N)C2(c3ccsc3)CC1C=[SH]2,B0_baseline,370.61,85.1,-5.27,5.8,334.38,3.99,-2.35,244.3,2.59,0.829,True,0.839,0.818,False,False,False,False
N#CC1=CC2CC1N=C2Cl,B0_baseline,340.61,90.4,-6.88,5.74,300.65,2.87,-2.58,152.6,1.48,0.814,True,0.851,0.778,False,False,False,False
CCC1=CC2C(S#N)=C(C#N)C1C2C1=C(c2cc(OC)cs2)C2CC1C=C2C#N,B0_baseline,374.98,83.4,-5.09,6.56,348.99,4.01,-1.12,417.6,5.81,0.82,True,0.835,0.805,False,False,False,False
COc1ccc(C23C(C#N)C4C2C2C3C42C#N)nc1,B0_baseline,345.86,84.9,-6.91,5.2,335.33,3.96,-3.16,249.3,1.5,0.759,True,0.783,0.735,False,False,False,False
COc1ccc(-c2ccc(N=Nc3ccc(N(C)C)c(S(=O)(=O)O)c3)c(C3C4C=CC3(C3=C(C#N)C5C=CC3C5)C(S#N)=C4S#N)c2)cc1,B0_baseline,432.25,82.2,-4.63,6.43,343.96,4.26,-0.61,706.9,9.02,0.781,True,0.774,0.788,False,False,False,False
Oc1cnc(N=Nc2ccccn2)c(C23CC4C5C(C42)C53)c1,B0_baseline,366.56,85.4,-5.6,4.96,339.11,3.75,-2.08,290.3,3.36,0.798,True,0.815,0.78,False,False,False,False
N#CC1=NC2CC1(c1cc(Cl)ccc1C(=O)C13C4CC5C4C1C53)C(C#N)=C2C#N,B0_baseline,371.66,74.3,-6.46,6.22,350.09,3.98,-2.73,396.8,3.37,0.824,True,0.864,0.785,False,False,False,False
Cc1cccc(C(=O)CC(=O)c2ccccc2)c1,B0_baseline,329.47,85.2,-6.15,1.62,332.78,4.11,-1.7,238.3,3.45,0.605,True,0.618,0.593,True,False,True,False
N#CC1=C(S#N)C2C=CC1C2C1=C(c2cncs2)C2C=CC1C2,B0_baseline,355.9,76.8,-5.58,6.46,372.69,3.87,-1.53,335.5,4.52,0.849,True,0.877,0.822,False,False,False,False
CN(C)c1cc(N=Nc2ccccc2)ccc1O,B0_baseline,403.8,82.4,-5.41,2.42,347.34,3.89,-1.42,241.3,3.87,0.576,True,0.469,0.683,True,False,True,False
N#Cc1ccc(N=Nc2ccc(O)cc2)cc1-c1cc(N=Nc2ccccc2)ccc1O,B0_baseline,400.06,81.8,-4.46,2.81,355.23,4.04,0.04,419.4,7.47,0.589,True,0.471,0.708,True,False,True,False
Oc1ccc(N=Nc2cccc(C3=CC4CC3C=C4c3cccc(C(F)(F)F)c3)c2)cc1,B0_baseline,373.87,82.9,-4.51,4.39,351.44,4.08,0.3,432.4,7.94,0.686,True,0.63,0.742,True,False,True,False
CC1=C(C23C=CC(C2)C(c2cc(C#N)cs2)=C3)C2C=CC1C2,B0_baseline,344.79,86.6,-5.14,6.19,322.57,3.99,-0.93,303.4,5.1,0.816,True,0.828,0.803,False,False,False,False
N#CC1=C(S#N)C2C=C(c3ccccc3)C1C2C1=C(c2cccs2)C2(F)C=CC1C2,B0_baseline,348.89,83.9,-5.0,6.08,350.77,4.32,-0.52,428.6,6.75,0.785,True,0.827,0.743,False,False,False,False
CC1=C(c2ccccc2N=Nc2ccccc2C(=O)c2ccccc2)C2C=CC1C2,B0_baseline,330.59,85.0,-4.87,4.21,346.81,4.36,0.11,390.5,7.31,0.696,True,0.673,0.72,True,False,False,False
O=C(c1ccccc1)c1ccc(C23C=CC(C2)N=C3)cc1,B0_baseline,323.01,84.5,-6.33,4.3,324.18,4.13,-1.83,273.3,3.57,0.715,True,0.771,0.659,True,False,False,False
CCC(COC(=O)c1ccccc1C(=O)c1ccccc1)SCNC,B0_baseline,360.51,82.2,-5.64,2.97,347.67,4.04,-2.21,357.5,3.76,0.716,True,0.731,0.702,True,False,False,False
N#Cc1csc(C2=CC3N=CC2O3)c1,B0_baseline,341.57,90.2,-6.52,5.59,330.38,3.73,-2.65,202.2,1.81,0.791,True,0.796,0.786,False,False,False,False
N#CC1=C(S#N)C2C=CC1C2C1(C#N)C2C3C4C2C1(c1ccccc1)C34C#N,B0_baseline,341.63,76.3,-5.64,6.63,351.45,3.85,-2.25,378.5,3.89,0.773,True,0.8,0.745,False,False,False,False
CN(C)c1ccc(N=Nc2ccccc2C2C3N=CC2(C2=C(C#N)C4C=CC2C4)C(S#N)=C3S#N)cc1,B0_baseline,419.12,83.3,-5.25,6.44,361.09,4.1,-0.65,521.7,7.37,0.737,True,0.699,0.775,False,False,False,False
CC(Cl)OC12C3C1C1CC3C12c1cccc(N=Nc2ccccc2)c1,B0_baseline,329.48,83.8,-5.15,4.62,345.51,3.93,-0.87,350.8,5.59,0.703,True,0.652,0.754,False,False,False,False
N#CC1=C(C#N)C2(c3cccc(N=Nc4ccccc4)c3-c3ccc(/C=C/C(=O)O)cc3)C=CC1C2,B0_baseline,365.73,78.5,-4.59,4.7,365.61,4.39,-0.56,468.5,7.04,0.748,True,0.743,0.754,False,False,False,False
N#CC1=C(C#N)C2(c3cscc3-c3ccccc3)C=CC1C2C(F)(F)F,B0_baseline,341.63,77.3,-4.85,4.98,347.72,4.27,-1.13,368.4,5.37,0.786,True,0.803,0.769,False,False,False,False
CCCCC(CC)COC(=O)C1=C(c2ccccc2N=Nc2ccccc2)C2C=C(c3cccs3)C1C2,B0_baseline,336.37,84.4,-5.06,4.76,366.87,4.24,0.87,510.7,9.41,0.707,True,0.741,0.674,False,False,False,False
CC1=CC2N=CC1C2(c1ccsc1)c1cc(N(C)C)ccc1N=Nc1ccccc1,B0_baseline,398.17,85.3,-5.01,5.07,350.2,4.45,-0.57,412.6,6.54,0.716,True,0.672,0.761,False,False,False,False
CC1=CC2(C3=CC4C=CC3C4)C=CC1C2,B0_baseline,325.98,88.9,-6.38,6.41,272.71,3.94,-1.31,196.3,3.64,0.876,True,0.884,0.868,False,False,False,False
O=C(O)c1cccc(C23C=CC(C2)C(c2ccccc2)=C3)c1O,B0_baseline,359.07,82.1,-5.15,4.3,324.28,4.0,-1.72,304.3,4.0,0.726,True,0.763,0.689,True,False,False,False
CCCCC(CC)COC(=O)C1=CC2CC1C(c1ccccc1)=C2C#N,B0_baseline,342.14,84.7,-5.12,4.53,357.47,3.65,-1.07,349.5,5.3,0.709,True,0.795,0.623,False,False,True,False
CC1=C(c2cccc(C3C4C=CC3(C(=O)c3ccccc3)C=C4Cl)c2/C=C/C(=O)O)C2C=CC1C2,B0_baseline,347.12,77.7,-4.67,5.83,352.16,4.15,-0.64,481.0,7.04,0.81,True,0.845,0.775,False,False,False,False
N#CC1C2C3C4C(C13C#N)C24C#N,B0_baseline,335.73,87.0,-6.47,6.03,260.93,2.54,-3.25,167.2,0.67,0.909,True,0.921,0.897,False,False,False,False
CCc1ccc(C(=O)O)c(O)c1,B0_baseline,348.28,86.6,-5.82,1.7,302.48,3.32,-2.54,166.2,1.65,0.639,True,0.711,0.567,True,False,True,False
COc1ccc(OC(=O)c2ccccc2OC2=CC3CC2(C2=C(C#N)C4C=CC2C4)C(C#N)=C3S#N)cc1S(=O)(=O)O,B0_baseline,370.42,83.1,-4.85,5.93,350.21,4.23,-2.48,599.6,5.46,0.798,True,0.817,0.778,False,False,False,False
CN(C)c1ccc(N=Nc2cccc(C3=C(Cl)C4C=CC3(C(=O)c3ccccc3)C4)c2)cc1,B0_baseline,403.92,83.3,-5.05,4.52,357.81,4.34,-0.09,454.0,7.58,0.648,True,0.618,0.678,False,False,True,False
O=C(OCCl)C12C3CC4C3C1C42,B0_baseline,341.29,89.0,-6.54,5.2,315.19,2.9,-2.95,184.6,1.24,0.857,True,0.88,0.833,False,False,False,False
CCCN(C)c1ccc(N=Nc2ccccc2C2C3N=CC2(C2=C(C#N)C4C=CC2C4)C(S#N)=C3S#N)cc1,B0_baseline,418.54,82.8,-5.32,6.45,362.72,4.34,-0.27,549.7,8.15,0.741,True,0.68,0.802,False,False,False,False
N#CC1=C(C#N)C2(c3ccccc3C(=O)C34C5C(c6ccc(C(=O)O)c(O)c6)C6C5C3C64)C=CC1C2,B0_baseline,393.16,73.1,-4.84,6.02,344.61,3.83,-2.49,472.5,4.35,0.786,True,0.825,0.746,False,False,False,False
c1cc(C23OC4C5C(C42)C53)cs1,B0_baseline,332.38,91.8,-6.41,5.28,288.98,3.69,-2.46,176.2,1.85,0.842,True,0.895,0.789,False,False,False,False
N#Cc1csc(C2=CC3C=CC2C3C23SC4C5C(C42)C53)c1,B0_baseline,348.06,76.5,-6.07,6.49,340.01,3.96,-1.88,307.4,3.79,0.82,True,0.825,0.815,False,False,False,False
COC(=O)C1=CC2(C34C=CC(C3)C(C#N)=C4)C=CC1C2,B0_baseline,338.49,85.0,-6.5,6.28,332.77,3.23,-2.41,265.3,2.69,0.781,True,0.792,0.769,False,False,False,False
COC(=O)c1ccc(N=Nc2ccc(N(C)C)cc2)cc1,B0_baseline,435.89,73.9,-5.4,2.1,350.94,4.23,-1.62,283.3,3.95,0.171,True,0.0,0.343,False,False,True,False
N#CC12C3C4SC3C1C42,B0_baseline,343.67,89.7,-6.47,5.83,252.12,2.06,-2.91,135.2,0.87,0.885,True,0.9,0.87,False,False,False,False
O=C(O)c1ccc(C23C=CC(C2)C(Cl)=N3)cc1O,B0_baseline,345.76,84.4,-5.24,4.83,337.7,3.67,-2.52,263.7,2.51,0.742,True,0.78,0.705,False,False,False,False
CC(C)(C)c1ccccc1C(=O)c1cccc(-c2cc(N=Nc3ccccc3)ccc2O)c1,B0_baseline,374.88,70.0,-4.39,2.47,349.82,4.02,0.33,434.5,8.0,0.682,True,0.647,0.717,True,False,True,False
CCC1=CC2C(S#N)=C(C#N)C1C2C1=C(c2cccs2)C2C(C#N)=CC1C2CC1=CC2C=CC1C2,B0_baseline,355.39,83.0,-5.1,7.24,356.01,4.3,-0.34,491.7,7.55,0.794,True,0.812,0.775,False,False,False,False
N#CC1=C(C#N)C2(c3ccccc3C(=O)C34C5CC6C5C3C64)C=NC1C2,B0_baseline,345.97,76.8,-6.57,6.13,350.99,3.95,-2.76,337.4,2.82,0.837,True,0.862,0.813,False,False,False,False
N#CC1=C(C#N)C2CC1C=C2c1cc(C(=O)CC(=O)c2ccccc2-c2ccccc2N=Nc2ccc(O)cc2)ccn1,B0_baseline,392.61,82.6,-4.38,4.78,353.85,3.82,-0.66,561.6,7.7,0.784,True,0.759,0.81,False,False,False,False
ClC12CC3C4C(C31)C42,B0_baseline,327.68,89.7,-6.56,5.65,192.81,3.31,-2.41,126.6,1.49,0.933,True,0.956,0.911,False,False,False,False
c1ccc(C23C4CC2C2(c5ccsc5)C4C32)cc1,B0_baseline,329.48,87.9,-6.16,4.57,310.2,3.89,-1.51,250.4,3.83,0.816,True,0.843,0.789,False,False,False,False
CN(CC1(C2(C#N)C3C4C5C3C5(C#N)C42)C2C=CC1C(S#N)=C2C#N)c1ccc(N=Nc2ccccc2)cc1,B0_baseline,410.68,81.8,-4.77,6.55,362.53,4.16,-1.3,525.6,6.49,0.72,True,0.642,0.797,False,False,True,False
CSC1=CC2C(S#N)=C(C#N)C1C2C1=C(c2cccs2)C2CC1C=C2C#N,B0_baseline,363.71,83.1,-5.01,6.57,355.01,4.05,-1.12,405.6,5.71,0.77,True,0.8,0.739,False,False,False,False
C1=CC2CC1C=C2c1cccc(C23C4C5SC4C2C53)c1,B0_baseline,329.83,83.8,-5.98,5.95,322.12,3.89,-1.63,276.4,3.89,0.827,True,0.837,0.817,False,False,False,False
N#CC1=C(C23CC(C=C2C24C5CC6C5C2C64)C(S#N)=C3C#N)C2C=CC1C2,B0_baseline,345.52,83.1,-5.4,7.27,349.69,4.03,-1.77,367.5,4.46,0.876,True,0.896,0.855,False,False,False,False
N#CC1C2C3C1C1(C#N)C2C31,B0_baseline,336.22,88.6,-6.47,5.84,254.65,2.09,-3.02,142.2,0.77,0.88,True,0.889,0.871,False,False,False,False
CCc1cc(OO)c(C(=O)O)c(C23C(C#N)C4C2C2C3C42C#N)c1,B0_baseline,373.13,82.3,-5.98,5.3,333.09,3.82,-3.1,322.3,2.21,0.82,True,0.833,0.807,False,False,False,False
N#CC1=C(C23NC(C=C2Oc2ccccc2C(=O)O)C(S#N)=C3C#N)C2C=CC1C2,B0_baseline,367.63,82.0,-5.53,6.05,344.3,4.04,-2.82,414.4,3.39,0.792,True,0.787,0.797,False,True,False,False
O=C(c1ccccc1)C12C3NC4C3C1C42,B0_baseline,342.27,88.7,-5.71,4.6,305.97,4.01,-3.13,197.2,1.09,0.717,True,0.767,0.667,False,False,False,False
COC(=O)C1=CC2C=CC1C2C#N,B0_baseline,332.09,81.5,-6.59,5.09,293.86,3.14,-3.03,175.2,1.04,0.747,True,0.761,0.733,False,False,False,False
N#CC1=C(C#N)C2(C34C5C6C(C#N)C5(C5C7C=CC5C=C7)C3(C#N)C64)C=CC1C2,B0_baseline,342.6,83.7,-6.27,7.31,347.69,4.24,-2.54,372.4,3.42,0.889,True,0.9,0.878,False,True,False,False
COC(=O)C12C3C4OC1C4(O)C32,B0_baseline,345.58,87.0,-5.9,5.38,248.48,2.5,-4.49,168.1,-1.08,0.836,True,0.851,0.821,False,False,False,False
N#CC12C3C4C(C31)C(S#N)(N1C3C5C6C5C1C63)C42,B0_baseline,335.23,85.4,-6.53,6.79,338.01,3.27,-3.46,253.3,1.1,0.899,True,0.927,0.87,False,False,False,False
Oc1ccc(N=Nc2cccc(C(F)(F)F)n2)cc1,B0_baseline,358.01,76.0,-4.65,2.61,342.14,3.81,-1.33,267.2,4.22,0.657,True,0.548,0.765,True,False,True,False
CN(C)c1ccc(N=Nc2cccc(C34C=CC(C(=O)c5cccc(C6=C(c7cccs7)C7C=CC6C7)c5)(C=C3Cl)C4)c2)cc1,B0_baseline,412.91,83.3,-5.12,5.88,364.24,4.25,0.97,626.2,10.55,0.736,True,0.72,0.753,False,False,False,False
N#CC1=CC2CC1C(c1cccs1)=C2C1C2C=C(C34C=CC(C=C3)C4)C1C(C#N)=C2S#N,B0_baseline,353.5,83.9,-5.07,7.04,345.8,3.81,-0.81,449.6,6.53,0.791,True,0.818,0.763,False,False,False,False
CC(C#N)c1ccc(C(=O)OF)c(O)c1,B0_baseline,361.39,86.7,-5.74,3.25,341.71,3.5,-2.51,209.2,2.06,0.741,True,0.787,0.696,True,False,False,False
CC1=C(c2c(N=Nc3ccccc3)cccc2-c2ccsc2)C2C=CC1C2,B0_baseline,335.44,82.4,-4.99,4.47,354.9,4.11,0.6,368.5,7.81,0.687,True,0.66,0.714,True,False,False,False
CSOC12C3C4CC(C56C=CC(C78C9CC7C7C9C78)(C5)C(C#N)=C6)(C41)C32,B0_baseline,352.07,86.8,-6.13,7.44,346.46,4.13,-2.18,359.5,3.82,0.882,True,0.896,0.869,False,False,False,False
CCc1ccc(C(=O)O)c(OO)c1,B0_baseline,352.66,86.6,-5.85,2.16,300.52,3.42,-2.53,182.2,1.8,0.693,True,0.745,0.641,True,False,True,False
COc1ccc(C23C=CC(C(c4cccc(-c5ccc(N(C)C)cc5)c4)=C2)C3Cl)cc1,B0_baseline,410.33,79.1,-5.13,4.41,332.15,4.44,-0.66,428.0,6.56,0.705,True,0.793,0.617,True,False,True,False
N#CC1=CC2C(C3C4C=CC3C(S#N)=C4C#N)=C(c3cccs3)C1C2C1=C(c2ccccc2)C2C=CC1C2,B0_baseline,353.19,75.1,-5.08,6.82,368.42,4.35,-0.29,525.7,7.91,0.785,True,0.797,0.773,False,False,False,False
O=C(c1ccccc1)c1ccccc1-c1ccccc1N=Nc1ccccc1,B0_baseline,314.84,83.9,-4.75,2.08,355.35,4.31,0.06,362.4,7.0,0.622,True,0.568,0.676,True,False,True,False
CC(C#N)c1cnc(C(=O)O)c(O)c1,B0_baseline,348.33,86.8,-6.2,3.28,293.03,3.67,-3.08,192.2,1.11,0.77,True,0.796,0.744,True,False,False,False
CCc1cc(C23C=CC(C=C2)C3)ccc1N=Nc1ccccc1C1=C(C)C2C=CC1C2,B0_baseline,339.21,86.0,-5.08,5.51,342.59,4.38,0.53,404.6,8.03,0.788,True,0.781,0.795,False,False,False,False
COC(=O)C1=CC2C=C(O)C1(C)C2,B0_baseline,352.6,90.2,-5.98,5.11,290.19,3.07,-2.69,180.2,1.57,0.741,True,0.756,0.727,False,False,False,False
CN(C)C12C3C4C1C4(C#N)C2C3(C#N)C1C2C=CC1C(S#N)=C2C#N,B0_baseline,420.0,71.1,-6.37,7.11,346.67,3.31,-3.21,345.4,2.25,0.818,True,0.845,0.792,False,False,False,False
N#CC1=C(S#N)C2C=C(c3ccccc3)C1C2C1=C(c2ccns2)C2C=CC1C2,B0_baseline,355.26,82.8,-5.28,6.17,356.24,4.07,-0.91,411.6,6.05,0.826,True,0.847,0.805,False,False,False,False
O=C(c1ccccc1)c1ccc(C23NC4C5C(C42)C53)cc1,B0_baseline,346.51,83.6,-5.62,4.07,338.08,4.13,-2.53,273.3,2.59,0.695,True,0.756,0.634,True,True,True,True
SC(Cl)OC12C3C1C1CC3C12C12C3C4CC3C1C42,B0_baseline,352.38,83.4,-5.83,6.03,308.63,3.24,-2.55,278.8,2.6,0.911,True,0.958,0.864,False,False,False,False
C1=CC2(C34C=CC(C=C3c3cc(C56C7CC8C7C5C86)cs3)C4)C=CC1C2,B0_baseline,331.13,87.3,-5.07,7.12,342.23,4.04,-0.88,354.5,5.6,0.883,True,0.915,0.85,False,False,False,False
COC(=O)C1=CC2C=CC1C2C12C=CC(C34CC5C6C3C6(OSCC36C=CC(C3)C(C)=C6)C54)(C=C1C#N)C2,B0_baseline,349.63,76.2,-5.07,7.98,350.38,4.04,-1.81,521.7,5.74,0.866,True,0.88,0.852,False,False,False,False
N#CC1=C(S#N)C2C=CC1C2C1(C#N)C2C3C4C3(C#N)C1C24c1ccsc1,B0_baseline,351.58,77.9,-5.58,6.95,342.39,4.19,-2.24,384.5,3.95,0.843,True,0.862,0.824,False,False,False,False
CCCCC(CC)COC(=O)c1cccc(/C=C/C(=O)Oc2ccc(C3=CC4C=CC3C4)s2)c1,B0_baseline,381.5,79.7,-5.01,4.82,344.48,4.46,-0.4,476.6,7.33,0.669,True,0.8,0.538,False,False,True,False
O=C(O)c1ncccc1O,B0_baseline,388.75,86.8,-5.99,2.02,289.31,3.53,-3.2,139.1,0.49,0.668,True,0.765,0.571,True,False,True,False
CN(C)c1ccc(N=Nc2cccc(C(C)(C)C)c2C2C3C=CC2C(C#N)=C3C#N)cc1CC1=CC2C=CC1C2,B0_baseline,405.95,69.8,-5.26,6.01,343.47,4.28,0.05,525.7,8.38,0.773,True,0.74,0.806,False,False,False,False
CC1=C(c2cccc(C(=O)CC(=O)c3ccccc3)c2)C2C=C(C34C5C(C#N)C3C3(C#N)C5C34C#N)C1C2,B0_baseline,348.67,82.4,-5.26,6.04,343.93,3.97,-1.78,493.6,5.54,0.817,True,0.824,0.811,False,False,False,False
CCC1C2C3C1C1C2C31OC(Cl)CN(C)C,B0_baseline,413.28,89.0,-6.37,5.37,333.07,3.17,-2.73,241.8,2.03,0.878,True,0.898,0.857,False,False,False,False
CN(N)c1ccc(N=Nc2ccccc2)cc1CC1=CC2C=CC1C2,B0_baseline,402.49,81.7,-4.53,4.78,353.99,4.17,-1.1,330.4,5.09,0.732,True,0.686,0.778,False,False,False,False
CC1=CC2C=C(C34C5C(C#N)C3C3(C#N)C5C34)C1C2,B0_baseline,336.8,85.7,-6.53,6.89,336.7,3.26,-2.31,246.3,2.66,0.871,True,0.885,0.857,False,False,False,False
CC1=C(c2cccc(C(=O)CC(=O)c3ccccc3)c2)C2C=C(C34C5C(C#N)C3C3(C#N)C5C34)C1C2,B0_baseline,347.45,83.3,-5.26,5.91,355.03,3.85,-1.55,468.6,5.65,0.813,True,0.819,0.807,False,False,False,False
CN(C)c1ccc(C2(C#N)C3C4C5C3(Cl)C2C45C#N)cc1,B0_baseline,421.62,85.0,-6.34,5.04,344.38,4.03,-2.71,295.8,2.52,0.705,True,0.744,0.667,False,True,False,False
N#CC1=C(C23C=CC(C(C#N)=C2C#N)C3F)C2C=CC1C2,B0_baseline,338.48,76.4,-6.42,6.3,339.71,3.89,-2.33,275.3,2.88,0.851,True,0.875,0.827,False,False,False,False
CC1=CC2(CSOC34C5C6CC(C78C=CC(C7)C(C#N)=C8C(=O)c7ccccc7)(C63)C54)C=CC1C2,B0_baseline,348.54,84.3,-5.03,7.08,342.21,4.25,-1.29,477.6,6.09,0.826,True,0.844,0.809,False,False,False,False
CC1=CC2CC1C(C1C3C=CC1C(S#N)=C3C#N)=C2c1cnc(-c2cc(N(C)C)ccc2N=Nc2ccccc2)s1,B0_baseline,401.74,75.3,-5.37,6.22,379.68,4.41,0.24,572.8,9.06,0.753,True,0.733,0.773,False,False,False,False
CC(Cl)OC12C3C4C(C(=O)c5cccc(-c6cccc(C(=O)c7ccccc7)c6)c5)C3C1(C(F)(F)F)C42,B0_baseline,325.36,83.7,-5.13,4.66,351.86,4.12,-1.07,523.0,6.79,0.773,True,0.8,0.747,False,False,False,False
N#CC12C3C4C(C31)C(S#N)(C1C3C=CC1C(S#N)=C3S#N)C42,B0_baseline,338.62,77.3,-6.15,7.6,351.43,4.04,-2.2,342.5,3.65,0.857,True,0.857,0.857,False,False,False,False
CCC1C2C3C1C1(N(C)O)C2C31OSC,B0_baseline,419.04,84.8,-5.86,6.09,326.26,3.19,-2.93,227.3,1.62,0.885,True,0.904,0.865,False,False,False,False
N#CC1=C(C#N)C2(C3=C(C#N)C4C=CC3C4)C=CC1C2,B0_baseline,336.0,83.3,-6.56,6.16,336.13,3.89,-2.19,257.3,2.93,0.857,True,0.875,0.839,False,False,False,False
CN(C)C12C3CC4C3C1C42C(=O)c1ccccc1C12C3C4CC(C)(C41)C32,B0_baseline,402.64,76.2,-6.26,5.79,341.62,4.14,-2.51,343.5,3.22,0.808,True,0.809,0.808,False,True,False,False
CCCCC(CC)COC(=O)C1C2C=CC1C(c1ccccc1)=C2,B0_baseline,333.24,78.8,-5.14,4.52,352.99,3.81,-0.94,324.5,5.26,0.695,True,0.797,0.594,False,False,True,False
CC(C(CCCO)COC(=O)OC(=O)c1ccccc1O)C12C=CC(C=C1)C2O,B0_baseline,380.59,82.1,-5.85,5.1,332.32,3.99,-3.16,402.4,2.81,0.757,True,0.813,0.7,False,False,False,False
CCCCC(CC)(COC(=O)c1c(C(=O)CC(=O)c2ccccc2)cccc1C1=CC2CC1C(C#N)=C2C#N)C1=C(C#N)C2C=CC1C2,B0_baseline,348.0,81.2,-5.24,6.05,341.47,3.9,-0.69,635.8,8.29,0.798,True,0.83,0.766,False,False,False,False
CC1=[SH]C2C=C(C34C5C(C#N)C3C3(C#N)C5C34)C1C2,B0_baseline,363.79,85.4,-5.83,7.35,332.48,3.33,-2.81,266.4,2.13,0.863,True,0.871,0.855,False,False,False,False
CCCCC(CC)COC(=O)C12C3C4C3C1C4N2C1(C#N)C2C3C4C2C4(S#N)C31,B0_baseline,348.44,82.5,-6.39,6.28,325.48,4.18,-3.05,409.6,3.02,0.802,True,0.883,0.722,False,False,False,False
CN(C)c1ccc(C2(S#N)C3C4C5C3C5(C#N)C42)c(C(C)(C)C)c1,B0_baseline,417.62,78.6,-5.43,5.28,347.39,4.13,-1.85,337.5,4.1,0.769,True,0.797,0.741,False,False,False,False
CCc1c(N=Nc2ccccc2C2=C(C)C3C=CC2C3)cccc1-c1ccsc1,B0_baseline,334.93,84.9,-5.06,4.61,351.12,4.31,0.83,396.6,8.37,0.744,True,0.75,0.738,False,False,False,False
CN(C)c1ccc(-c2cnc(C(=O)OC34CC5C6C(C53)C64)c(O)c2)cc1,B0_baseline,427.28,84.4,-6.33,4.39,355.46,4.36,-2.74,348.4,2.94,0.719,True,0.746,0.692,False,True,False,False
O=C(/C=C/c1ccc(-c2ccccc2C(=O)CC(=O)c2ccccc2)cn1)Oc1ccc(C2=CC3C=CC2C3)s1,B0_baseline,380.48,79.3,-4.59,4.64,360.41,4.49,-0.71,543.6,7.47,0.816,True,0.833,0.798,False,False,False,False
CN(C)c1ccc(N=Nc2ccccc2)c(C(C)(C)C)c1,B0_baseline,404.38,73.8,-5.02,2.4,352.44,4.19,-0.54,281.4,5.47,0.544,True,0.441,0.647,True,False,True,False
CN(C)c1ccc(N=Nc2ccccc2C2C3C=CC2(C2=C(C#N)C4C=CC2C4)C(C#N)=C3S#N)cc1,B0_baseline,418.69,83.1,-4.99,6.15,356.45,4.12,-0.46,500.6,7.45,0.73,True,0.69,0.769,False,False,False,False
CN(C)CC(Cl)(OC12C3C4CC3C1C42)N(C)C,B0_baseline,414.55,87.7,-6.62,5.3,340.53,3.01,-3.36,256.8,1.28,0.887,True,0.911,0.864,False,False,False,False
ClC1C2C=CC1C(c1cccs1)=C2,B0_baseline,351.57,78.3,-6.26,5.03,321.65,3.91,-1.45,208.7,3.55,0.7,True,0.8,0.6,False,False,True,False
CCCCC(CC)COC(=O)c1c(C(=O)NC(=O)c2ccccc2)cccc1C1=C(Cl)C2CC1C(C#N)=C2C#N,B0_baseline,370.05,82.6,-4.86,4.74,353.82,4.31,-1.42,556.1,6.57,0.749,True,0.805,0.694,False,False,False,False
O=C(c1ccccc1)C12C=CC(C1)C(Cl)=C2,B0_baseline,326.33,85.3,-6.21,4.59,328.18,3.98,-1.57,230.7,3.57,0.739,True,0.783,0.694,False,False,False,False
COc1ccc(OC(=O)c2ccccc2OC2=CC3CC2(C2=C(C#N)C4C=CC2C4)C(C#N)=C3S#N)cc1,B0_baseline,347.66,82.7,-5.23,5.76,343.47,4.09,-1.46,519.6,6.21,0.797,True,0.823,0.77,False,False,False,False
CCCCC(COC(=O)C12C3C4C3C1C4N2C1(C#N)C2C3C4C2C4(C#N)C31)C(C)C(=O)c1ccccc1,B0_baseline,347.81,81.4,-6.4,5.94,329.56,3.87,-3.09,493.6,3.69,0.797,True,0.83,0.764,False,False,False,False
CN(C)c1ccc(N=Nc2ccccc2)cc1CC1=CC2C=CC1(C13C4C(c5ccc(C(=O)CC(=O)c6ccccc6)cc5)C5C4C1C53)C2,B0_baseline,405.66,79.4,-5.16,5.94,353.35,4.24,0.18,641.8,9.57,0.754,True,0.73,0.778,False,False,False,False
COC12C3C4C1C2(C#N)C3C4(C#N)C1C2C3C4C3C1(OC(=O)c1ncccc1O)C42,B0_baseline,402.82,83.5,-5.94,6.2,341.97,4.11,-4.17,399.4,1.36,0.817,True,0.833,0.8,False,False,False,False
O=C(O)c1cc(-c2cccc(O)c2C(=O)O)c(-c2cc(N=Nc3ccccc3)ccc2O)cc1O,B0_baseline,368.33,80.4,-4.55,2.75,340.39,3.87,-1.35,470.4,5.95,0.61,True,0.569,0.651,True,False,True,False
CN(C)c1ccc(N=Nc2cccc(C(C)(C)C)c2)cc1CC1=CC2C=C(c3cc(N=Nc4ccccc4)ccc3N(C)C)C1C2,B0_baseline,400.2,80.7,-5.52,5.05,355.47,4.36,1.5,608.8,11.15,0.747,True,0.7,0.795,False,False,False,False
C1=NC2C=C(c3cccc(C45C6C7SC6C4C75)c3)C1C2,B0_baseline,329.45,85.9,-6.59,6.22,332.16,3.93,-2.15,277.4,3.15,0.833,True,0.843,0.822,False,False,False,False
O=C(O)/C=C/c1cccc(-c2ccccc2)c1,B0_baseline,341.88,83.8,-5.7,1.62,328.68,4.33,-1.62,224.3,3.45,0.67,True,0.775,0.564,True,False,True,False
CN(CCOc1ccc(C23C(C#N)C4C2C2C3C42C#N)cc1)c1ccc(N=Nc2ccccc2)cc1,B0_baseline,444.7,81.6,-5.16,4.72,366.11,4.37,-1.3,471.6,6.02,0.683,True,0.574,0.793,False,False,True,False
N#CC1=C(S#N)C2C=CC1C2C1(C#N)C2C3C4C2C4(C#N)C31,B0_baseline,344.7,77.6,-6.37,7.03,368.34,3.22,-2.72,302.4,2.56,0.85,True,0.873,0.827,False,False,False,False
ClSC(Cl)OC12C3C4CC3C1C42,B0_baseline,324.68,79.8,-6.66,5.9,317.81,3.31,-2.16,223.1,2.68,0.907,True,0.945,0.869,False,False,False,False
COC(=O)C1=CC2CC1C=C2C12CC3(OC(=O)c4ncccc4O)C4C(C41)C32,B0_baseline,418.39,83.2,-6.08,6.07,341.94,3.26,-3.4,377.4,2.25,0.794,True,0.812,0.776,False,False,False,False
O=C(O)c1cccc(C23C4OC5C4C2C53)c1O,B0_baseline,351.82,83.5,-5.85,4.58,330.88,3.79,-3.4,230.2,0.98,0.723,True,0.764,0.683,False,False,False,False
CN(C)c1ccc(N=Nc2ccccc2)cc1-c1cccc(C(=O)CC(=O)c2ccccc2C2(C#N)C3C4C2C2(C#N)C3C42C#N)c1,B0_baseline,402.31,79.9,-5.12,5.12,347.84,4.21,-1.05,612.7,7.59,0.747,True,0.722,0.773,False,False,False,False
CCC1C2C3C1C1(N(C)C)C2C31OSCc1ccccc1N=Nc1ccc(N(C)C)cc1,B0_baseline,419.54,81.1,-5.08,5.11,362.97,4.58,-1.24,448.6,5.92,0.721,True,0.656,0.786,False,False,False,False
CCCCC(CC)COC(=O)c1ccccc1C(=O)C12C3CC4C3C1C42N(C)N,B0_baseline,410.4,76.9,-5.82,4.75,363.16,4.23,-2.5,396.5,3.68,0.736,True,0.823,0.649,False,True,True,False
O=C(/C=C/c1ccc(-c2ccccc2C(=O)CC(=O)c2ccccc2)cc1)Oc1ccc(C2=CC3C=CC2C3)s1,B0_baseline,379.64,79.4,-4.28,4.48,360.56,4.48,-0.27,542.7,8.08,0.792,True,0.841,0.743,True,False,False,False
N#CC1=C(C23C=CC(O2)C(S#N)=C3C#N)C2C=CC1C2,B0_baseline,345.45,83.8,-6.47,6.55,344.57,3.66,-2.48,279.3,2.71,0.862,True,0.879,0.845,False,False,False,False
Oc1ccc(N=Nc2ccncn2)nc1,B0_baseline,340.59,86.2,-6.23,3.18,330.28,3.95,-2.51,201.2,1.99,0.72,True,0.719,0.721,True,False,False,False
CN(C)c1ccc(C2(C#N)C3C4C5C3C5(C#N)C42)cc1Oc1ccc(-c2ccsc2)cc1C(=O)O,B0_baseline,408.77,81.7,-4.73,4.86,355.64,4.28,-1.81,479.6,5.38,0.805,True,0.829,0.781,False,False,False,False
O=C(c1ccccc1)c1ccccc1-c1ccccc1C(=O)c1ccccc1,B0_baseline,317.57,85.7,-4.77,1.52,349.05,4.21,-0.78,362.4,5.82,0.609,True,0.697,0.522,True,False,True,False
CN(C)c1ccc(N=Nc2cccc(C34C5C6C3C4(C#N)C5C6(S#N)C3C4C=CC3C(S#N)=C4C#N)c2)cc1,B0_baseline,446.0,75.3,-5.1,6.73,351.43,4.22,-1.19,545.7,6.81,0.728,True,0.694,0.761,False,False,False,False
Oc1ccc(N=Nc2ccccc2)cc1Cl,B0_baseline,350.99,82.3,-4.54,2.15,343.41,3.87,-0.95,232.7,4.46,0.575,True,0.464,0.686,True,False,True,False
N#CC12C3C4C(C31)C(C#N)(C1C3C5C6C5C1(OC(=O)c1ncccc1O)C63)C42,B0_baseline,392.7,83.4,-5.99,6.11,362.05,4.04,-3.82,369.4,1.59,0.814,True,0.844,0.785,False,True,False,False
N#Cc1csc(C2=CC3C=CC2C3)n1,B0_baseline,363.76,86.8,-6.65,5.23,303.58,3.8,-2.07,200.3,2.6,0.833,True,0.847,0.818,False,False,False,False
CC1=CC2C=CC1(C(C)(C)C)C2,B0_baseline,331.8,89.7,-6.5,5.38,268.88,3.87,-1.17,162.3,3.55,0.841,True,0.882,0.8,False,False,False,False
N#CC1=CC2CC1C=C2C1(C#N)C2C3C4C3(C#N)C1C24c1ccccc1/C=C/C(=O)O,B0_baseline,378.14,80.2,-5.82,6.38,360.62,4.26,-2.61,403.4,3.59,0.83,True,0.851,0.808,False,True,False,False
CC(C)(C)C12C=CC(C(S#N)=C1C#N)C2C1(C#N)C2C3C4C2C4(C#N)C31,B0_baseline,350.99,83.0,-5.6,7.09,367.59,3.99,-2.06,358.5,3.98,0.861,True,0.873,0.848,False,False,False,False
CN(N)c1ccc(C2(C#N)C3C4C5C3C5(C#N)C42)cn1,B0_baseline,412.9,82.3,-6.14,5.44,342.78,4.04,-3.74,263.3,0.8,0.825,True,0.85,0.8,False,False,False,False
Oc1ccc(N=Nc2cccc(-c3cc(N=Nc4ccccc4)ccc3O)c2)cc1,B0_baseline,373.29,81.0,-4.56,2.61,354.55,4.07,0.29,394.4,7.6,0.553,True,0.419,0.688,True,False,True,False
CSOC12C3C4OC3C1(c1nc(O)cc(C)c1N=Nc1ccccc1)C42,B0_baseline,368.34,83.2,-5.69,5.19,347.44,4.08,-2.23,367.4,3.82,0.749,True,0.694,0.805,False,False,False,False
CCOC12C=CC(C1)C(C1C3C=C(c4cccc(N(C)C)c4)C1C(C#N)=C3S#N)=C2c1sccc1C(C)(C)O,B0_baseline,410.34,77.7,-4.63,6.38,372.21,4.36,-1.04,555.8,7.11,0.814,True,0.837,0.791,False,False,False,False
CC(Cl)OC12C3C4CC3C1C42,B0_baseline,325.39,90.7,-6.2,5.39,301.44,2.98,-2.43,170.6,1.85,0.874,True,0.904,0.845,False,False,False,False
COC(=O)C1=CC2CC1C(O)=C2c1cccc(C(=O)CC(=O)c2ccccc2-c2cccc(C(=O)c3ccccc3)c2)c1,B0_baseline,357.88,82.4,-4.45,4.35,341.08,4.1,-1.16,568.6,7.06,0.751,True,0.761,0.74,True,False,False,False
N#Cc1csc(C2=CC3CC2C=N3)c1,B0_baseline,340.71,91.2,-6.68,5.48,320.55,3.89,-2.16,200.3,2.48,0.791,True,0.796,0.786,False,False,False,False
CCC1=C(c2ccc(C34C5CC6C5C3C64)cc2)C2C=[SH]C1C2,B0_baseline,333.2,86.2,-4.44,6.32,309.34,4.06,-1.53,306.5,4.28,0.868,True,0.897,0.839,False,False,False,False
CC1=CC2C=C(C34C5C6C3C6(C#N)C4(OC(=O)/C=C/c3ccccc3)C5C#N)C1C2,B0_baseline,357.68,81.1,-5.71,6.31,363.09,4.28,-2.22,392.5,4.04,0.808,True,0.847,0.769,False,False,False,False
O=C(OS)C12C3C4CC1C4(O)C32,B0_baseline,348.35,89.5,-5.93,5.79,309.22,2.55,-3.82,184.2,0.0,0.903,True,0.92,0.887,False,False,False,False
N#CC1=C(C#N)C2CC1C=C2C12C=CC(C1)C(C#N)=C2C#N,B0_baseline,340.65,83.3,-6.55,6.26,349.0,3.94,-2.42,282.3,2.83,0.865,True,0.882,0.847,False,False,False,False
C1=CC2(C34C=CC(C3)N=C4c3cc(C45C6CC7C6C4C75)cs3)C=CC1C2,B0_baseline,329.17,85.8,-5.22,7.24,351.56,3.86,-1.49,355.5,4.76,0.88,True,0.919,0.841,False,False,False,False
N#CC1=C(C#N)C2CC1C=C2c1cccc(C(=O)CC(=O)c2ccccc2)c1,B0_baseline,340.76,81.7,-5.07,4.25,342.36,4.11,-1.71,364.4,4.52,0.787,True,0.809,0.766,True,False,False,False
c1ccc(N=Nc2cccnc2)cc1,B0_baseline,352.28,89.8,-6.71,2.13,322.6,3.92,-1.33,183.2,3.5,0.539,True,0.429,0.649,True,False,True,False
CN(C)c1ccc(N=Nc2ccccc2)cc1CC1=CC2C=CC1(C13C4C5C(C4C(C)(C)C)C1C53)C2,B0_baseline,400.59,83.7,-5.07,6.09,352.7,4.04,0.08,475.7,8.0,0.764,True,0.726,0.803,False,False,False,False
CN(C)c1ccc(N=Nc2ccccc2)cc1-c1ccccc1C1=CC2C=[SH]C1C2Cl,B0_baseline,395.97,80.3,-4.43,5.04,357.15,4.22,-0.38,446.0,7.11,0.722,True,0.667,0.778,False,False,False,False
COC(=O)C1=CC2(F)CC1C=C2c1cc(C23C(C#N)C4C2C2C3C42C#N)ccc1OC,B0_baseline,349.98,79.9,-6.28,6.33,338.89,4.13,-2.87,414.4,3.33,0.791,True,0.823,0.76,False,True,False,False
CN(C)c1ccc(N=Nc2ccccc2C2C3C=CC2(C2=C(C#N)C4C=CC2C4)C(S#N)=C3S#N)cc1,B0_baseline,418.69,82.9,-5.08,6.35,359.44,4.12,-0.12,520.7,8.1,0.73,True,0.69,0.769,False,False,False,False
N#CC1=C(S#N)C2N=CC1O2,B0_baseline,335.12,87.8,-6.63,6.32,299.44,2.68,-3.15,165.2,0.79,0.828,True,0.833,0.822,False,False,False,False
CN(C)c1ccc(C23C4C5CC4C2(C(=O)c2ccccc2C24C=NC(C2)C(C#N)=C4C#N)C53)cc1,B0_baseline,414.07,74.8,-5.58,6.0,360.59,4.26,-2.5,456.5,4.21,0.764,True,0.769,0.759,False,False,False,False
N#CC1=C(C#N)C2CC1C=C2c1cccc(C2=CC3C=CC2C3(Cl)C#N)c1,B0_baseline,333.6,82.4,-5.2,6.16,335.81,4.12,-1.56,367.8,4.76,0.809,True,0.846,0.772,False,False,False,False
CC1=CC2(c3ccc(C4(C#N)C5C6C4C4(C#N)C5C64C#N)c(C(=O)CC(=O)c4ccccc4)c3)C=CC1C2,B0_baseline,360.75,82.8,-5.08,6.36,337.78,4.21,-2.01,493.6,5.22,0.813,True,0.833,0.793,False,False,False,False
COc1ccc(C23C(C#N)C4C2C2C3C42C#N)cc1,B0_baseline,342.47,84.2,-6.42,4.85,331.49,3.99,-2.72,248.3,2.1,0.708,True,0.741,0.674,False,False,False,False
O=C(c1ccccc1)c1ccc(-c2ccsc2C2=CC3C=CC2C3)cc1,B0_baseline,330.18,81.9,-4.81,4.09,349.35,4.23,-0.44,354.5,6.24,0.753,True,0.8,0.706,True,False,False,False
O=C(OC(F)(F)F)c1ccccc1O,B0_baseline,356.57,88.1,-5.53,2.07,313.0,3.79,-2.49,206.1,2.07,0.637,True,0.756,0.517,True,False,True,False
COc1cccc(C(=O)CC(=O)c2ccnc(C3=CC4CC3C(C#N)=C4C#N)c2)c1,B0_baseline,354.79,82.3,-5.37,4.46,345.46,4.11,-2.33,395.4,3.92,0.736,True,0.736,0.735,True,False,False,False
COc1ccc(-c2ccc(N=Nc3ccc(N(C)C)cc3)c(C3C4C=CC3(C3=C(C#N)C5C=CC3C5)C(S#N)=C4S#N)c2)cc1,B0_baseline,428.07,82.5,-4.95,6.23,347.99,4.33,0.42,626.8,9.78,0.754,True,0.759,0.75,False,False,False,False
N#CC1=C(C#N)C2(c3ccccc3C(=O)C34C5CC6C5C3C64)C=NC1(/C(=C\c1ccccc1)C(=O)O)C2,B0_baseline,363.04,74.3,-4.94,6.1,362.09,4.18,-2.56,483.5,4.36,0.813,True,0.848,0.778,False,True,False,False
N#CC1(c2ccc(C(=O)O)c(O)c2)C2C3C4C2C4(C#N)C31,B0_baseline,374.87,81.7,-5.77,4.96,339.19,3.72,-3.33,278.3,1.5,0.737,True,0.763,0.711,False,False,False,False
N#CC1=C(CC2=CC3C=C(C45C6C(C#N)C4C4(C#N)C6C45)C2C3)C2C=CC1C2,B0_baseline,332.79,84.2,-5.45,7.42,368.95,4.08,-2.02,361.4,4.06,0.883,True,0.897,0.868,False,False,False,False
CCC1=CC2CC1C(C#N)=C2C12C=NC(C(S#N)=C1S#N)C2c1ccccc1N=Nc1ccc(N(C)C)cc1,B0_baseline,418.54,82.8,-5.24,6.53,359.29,4.35,-0.27,549.7,8.15,0.75,True,0.704,0.795,False,False,False,False
COC(=O)C1=CC2C=C(O)C1S2,B0_baseline,358.08,86.0,-5.91,5.32,289.46,3.05,-3.1,184.2,1.03,0.744,True,0.744,0.744,False,False,False,False
N#CC1=C(S#N)C2C=CC1C2C1=C(c2cncs2)C2CC1C=C2C(=O)c1ccccc1C12C3C4CC3C1C42,B0_baseline,358.69,77.1,-5.54,6.98,378.67,3.86,-1.29,529.7,6.54,0.849,True,0.876,0.821,False,False,False,False
N#CC1C2C3C1C1(C(Cl)(CC45C=CC(C=C4)C5)OC45C6C7CC6C4(C(F)(F)F)C75)C3C21C#N,B0_baseline,342.9,84.8,-5.18,7.68,336.6,3.97,-2.14,468.9,4.81,0.901,True,0.904,0.899,False,False,False,False
N#CC1=C(C#N)C2(c3ccsc3)C=CC1C2C(F)(F)F,B0_baseline,346.92,78.8,-6.08,5.31,331.4,3.99,-1.85,292.3,3.71,0.835,True,0.845,0.826,False,False,False,False
N#CC1C2C3C4C2C1(C1C2C=CC1C(c1cccc(C(=O)c5ccccc5)c1)=C2)C34C#N,B0_baseline,341.53,76.7,-5.26,5.89,338.1,3.94,-1.75,412.5,4.89,0.792,True,0.813,0.77,False,False,False,False
COC(=O)C1=CC2CC1C(O)=C2c1cc(C(=O)CC(=O)c2ccccc2)ccn1,B0_baseline,377.23,82.7,-5.41,4.36,351.83,3.96,-2.55,389.4,3.56,0.729,True,0.729,0.729,True,False,False,False
N#CC1=C(C#N)C2(C3=C(C#N)C4C=CC3C4C(=O)c3ccccc3)C=CC1C2,B0_baseline,333.91,76.4,-5.77,5.78,354.74,3.97,-2.04,361.4,4.04,0.79,True,0.804,0.776,False,False,False,False
CN(C)c1c(F)cc(N=Nc2ccccc2)cc1CC1=CC2C=CC1C2,B0_baseline,399.55,78.5,-4.93,4.75,353.37,4.25,-0.57,347.4,5.98,0.728,True,0.692,0.764,False,False,False,False
O=C(O)/C=C/c1ccccc1-c1cccc(N=Nc2ccccc2)c1,B0_baseline,342.91,76.8,-4.67,2.27,364.14,4.28,-0.54,328.4,5.87,0.679,True,0.634,0.723,True,False,True,False
COc1cc(O)ccc1N=Nc1cccc(C2=CC3CC2C=C3c2ccccc2)c1,B0_baseline,376.36,81.8,-4.53,4.32,353.22,4.21,-0.18,394.5,6.93,0.668,True,0.608,0.727,True,False,True,False
N#Cc1sccc1C12C3CC4C3C1C42,B0_baseline,343.68,89.9,-6.55,5.12,305.73,3.9,-2.22,199.3,2.38,0.791,True,0.808,0.774,False,False,False,False
CCCCC(CC)COC(=O)C1=CC2CC1C(c1cccs1)=[SH]2,B0_baseline,359.2,85.6,-4.83,5.19,355.01,3.91,-1.41,350.5,4.82,0.733,True,0.824,0.641,False,False,True,False
CN(N)C12C3CC4C3C1C42C(=O)c1ccccc1-c1cccc(N=Nc2ccccc2)c1,B0_baseline,401.98,75.7,-4.22,4.58,352.32,4.26,-1.44,420.5,5.39,0.747,True,0.712,0.782,False,False,False,False
CCCCC(CC)COC(=O)OC(=O)c1cccc(-c2ccsc2)c1O,B0_baseline,373.52,82.7,-4.85,3.08,371.86,4.13,-1.0,376.5,5.63,0.713,True,0.792,0.634,True,False,True,False
C1=CC2SC1C=C2c1ccccc1,B0_baseline,335.09,88.9,-6.38,4.62,284.52,3.85,-1.62,186.3,3.12,0.74,True,0.8,0.68,False,False,False,False
N#CC1=C(S#N)C2C=CC1C2C1=C(c2cccs2)C2NC1C=C2C1C2C=CC1C(c1ccccc1)=C2,B0_baseline,381.49,79.2,-4.43,6.8,372.91,4.08,-0.99,501.7,6.72,0.783,True,0.805,0.76,False,False,False,False
N#CC1=C(c2ccccc2)C2CC1C=C2F,B0_baseline,334.89,88.8,-6.22,4.37,331.99,3.86,-1.53,211.2,3.47,0.751,True,0.762,0.74,True,False,False,False
O=C(c1cccc(-c2cc(N=Nc3ccccc3)ccc2O)c1)c1ccccc1-c1cccc(N=Nc2ccccc2)c1,B0_baseline,363.86,80.5,-4.32,2.76,353.86,4.04,1.55,558.6,10.79,0.672,True,0.638,0.706,True,False,True,False
CCCSC(CC)COC(=O)c1ccc(C2=C(c3ccccc3)C3C=CC2C3)cc1C(=O)c1ccccc1,B0_baseline,343.57,85.0,-5.18,4.55,349.36,4.04,-0.13,522.7,8.11,0.757,True,0.776,0.737,False,False,False,False
CCCCC(COC(=O)OC(=O)c1ccccc1O)C(C)C12C=CC(C=[SH]1)C2,B0_baseline,365.55,81.6,-4.83,5.43,329.9,4.08,-1.81,404.5,4.72,0.775,True,0.827,0.724,False,False,False,False
N#CC1=C(c2cccc(-c3cccc(C(=O)O)c3O)c2)C2C=CC1C2,B0_baseline,373.18,81.4,-4.76,4.16,337.04,3.88,-1.7,329.4,4.24,0.75,True,0.77,0.729,True,False,False,False
N#Cc1cc(C23C4CC5C4C2C53)cs1,B0_baseline,340.75,89.9,-6.53,5.24,325.98,3.79,-2.22,199.3,2.38,0.819,True,0.827,0.81,False,False,False,False
CC12C3CC4C3C1C42c1csc(C2=CC3C=CC2(C24C=CC(C2)C(c2cccc(C(=O)CC(=O)c5ccccc5)c2)=C4)C3)c1,B0_baseline,333.59,84.4,-5.33,6.76,352.5,4.39,0.07,590.8,8.98,0.832,True,0.857,0.808,False,False,False,False
CN(C)c1ccc(N=Nc2cccc(-c3cccc(N=Nc4ccccc4)c3)c2)cc1,B0_baseline,401.95,81.1,-5.01,2.45,365.23,4.34,0.68,405.5,8.25,0.401,True,0.25,0.552,True,False,True,False
CCc1ccccc1N=Nc1cc(Oc2ccc(N=Nc3ccccc3)cc2)ccc1C1=C(C)C2C=CC1C2,B0_baseline,338.48,81.7,-4.94,4.55,350.15,4.24,1.89,510.6,10.85,0.737,True,0.691,0.784,False,False,False,False
CN(C)CN(C)c1ccc(N=Nc2ccccc2)c(-c2ccnc(N=Nc3ccc(O)cn3)c2)c1,B0_baseline,396.88,81.9,-4.85,3.39,362.63,4.45,-0.83,466.5,6.64,0.727,True,0.667,0.787,True,False,False,False
O=C(/C=C/c1cccc(-c2ccc(C(=O)O)c(O)c2)c1)Oc1ccc(C2=CC3C=CC2C3)s1,B0_baseline,399.31,78.7,-4.4,4.54,369.19,3.95,-1.21,456.5,6.03,0.797,True,0.831,0.762,False,False,False,False
CN(C)c1ccc(N=Nc2ccccc2)cc1,B0_baseline,405.72,83.4,-5.26,2.02,350.05,4.16,-1.12,225.3,4.17,0.205,True,0.0,0.409,True,False,True,False
CCOC12C=CC(C1)C(C1C3C=C(c4ccccc4C4=C(C(=O)OC)C5C=CC4C5)C1C(C#N)=C3S#N)=C2c1sccc1C(C)(C)O,B0_baseline,376.84,76.3,-4.51,7.02,361.71,4.27,-0.93,660.9,8.18,0.83,True,0.853,0.806,False,False,False,False
O=C(OCC1=C(c2ccccc2)C2C=CC1C2)C12C3C4CC1C4(O)C32,B0_baseline,346.51,85.8,-5.9,5.73,334.77,3.98,-2.73,332.4,2.82,0.81,True,0.833,0.786,False,False,False,False
O=C(c1ccccc1)C(C(=O)c1ccccc1)c1ccccc1N=Nc1ccc(O)cc1,B0_baseline,354.84,81.9,-4.53,2.45,352.15,3.95,-0.54,420.5,6.66,0.608,True,0.514,0.703,True,False,True,False
CCCCC(COC(=O)c1ccccc1C(=O)c1ccccc1)C(C)c1cccc(N=Nc2ccccc2)c1,B0_baseline,332.08,81.0,-4.99,3.34,356.44,4.26,0.6,518.7,9.1,0.686,True,0.652,0.721,True,False,False,False
COOc1cc(Cl)cc(C(C)(C)C)c1C(=O)O,B0_baseline,363.69,78.5,-5.6,2.74,341.79,3.54,-1.95,258.7,3.28,0.755,True,0.796,0.714,True,False,False,False
CCCCC(COC(=O)OC(=O)c1ccccc1O)C(C)C12C=CC(C=C1c1cccc(N=Nc3ccc(O)cc3)c1)C2O,B0_baseline,371.87,81.3,-4.89,5.44,325.46,4.19,-0.75,596.7,7.88,0.75,True,0.747,0.753,False,False,False,False
CCCCC(CC)COC(=O)C1=CC2C=C(c3cccs3)C1C2,B0_baseline,361.53,85.9,-5.11,4.79,353.93,3.86,-0.83,330.5,5.47,0.722,True,0.817,0.627,False,False,True,False
N#CC1=CC2CC1C(Cl)=N2,B0_baseline,334.07,90.4,-6.72,5.88,305.13,2.77,-2.58,152.6,1.48,0.816,True,0.854,0.778,False,False,False,False
COC(=O)c1cc(N=Nc2ccccc2)ccc1OC1=CC2CC1C(C#N)=C2C#N,B0_baseline,349.11,81.8,-4.85,4.6,358.18,4.0,-1.47,396.4,5.14,0.654,True,0.607,0.7,False,False,True,False
CCC1=C(c2ccc(C34C5CC6C5C3C64)nc2)C2C=CC1C2,B0_baseline,331.62,85.6,-5.94,5.93,324.52,3.97,-1.46,287.4,4.21,0.858,True,0.887,0.829,False,False,False,False
O=C(CC(=O)c1ccccc1F)c1ccccc1,B0_baseline,323.35,84.5,-6.15,1.65,333.48,4.14,-1.85,242.2,3.28,0.665,True,0.708,0.621,True,False,True,False
CSOC12C3C4OC3C1(c1nc(O)cc(-c3cccc(N=Nc5ccc(O)cc5)c3)c1N=Nc1ccccc1)C42,B0_baseline,376.82,82.4,-4.91,5.13,352.73,4.3,-0.87,549.6,7.3,0.756,True,0.71,0.803,False,False,False,False
N#CC1(Cl)C2C=CC1C(c1ccccc1)=C2,B0_baseline,330.82,86.1,-6.16,4.89,309.46,4.03,-1.68,227.7,3.39,0.763,True,0.791,0.735,False,False,False,False
