SMILES,novelty,dist_to_D_A,dist_to_D_B,max_sim_D_A,max_sim_D_B,synthetic_accessibility,pred_group_A_absorption_max_nm,unc_group_A_absorption_max_nm,pred_group_A_log_extinction,unc_group_A_log_extinction,pred_group_A_photochem_efficiency,unc_group_A_photochem_efficiency,pred_group_B_log_kp,unc_group_B_log_kp,pred_group_B_skin_sensitization,unc_group_B_skin_sensitization,pred_group_B_skin_irritation,unc_group_B_skin_irritation,pass_surrogate_A,pass_surrogate_B,pass_surrogate_all,oracle_group_A_absorption_max_nm,oracle_group_A_log_extinction,oracle_group_A_photochem_efficiency,oracle_group_B_log_kp,oracle_group_B_skin_sensitization,oracle_group_B_skin_irritation,pass_oracle_A,pass_oracle_B,pass_oracle_all,pass_constraints,method_id,seed
CCCCC(CC)COc1cc(-c2csc(C(=O)OC)c2)ccc1Cl,1,0.6479,0.55,0.3521,0.45,2.8337,318.4519,66.0801,4.1649,0.4331,0.268,0.2665,-7.0927,0.9674,0.4806,0.3921,0.0469,0.1241,1,1,1,343.7956,4.2617,0.2935,-6.7965,0.142,0.0039,1,1,1,1,B0,42
COC(=O)c1ccc(C2=CC(c3ccccc3)=CC(Cc3ccccc3)(C(C(=O)c3ccccc3)(c3ccccc3)c3ccc(O)cc3)S2)cc1,1,0.6154,0.6207,0.3846,0.3793,3.877,443.5374,89.5758,4.4349,0.3756,0.315,0.2368,-7.0653,1.0653,0.4684,0.3742,0.123,0.2409,0,1,0,440.5783,4.349,0.2884,-6.5291,0.1388,0.004,0,1,0,0,B0,42
CC(C)(C)c1cc(-c2ccccc2)c(O)c(N(c2ccccc2)c2ccccc2)c1,1,0.5385,0.4054,0.4615,0.5946,2.2043,347.0978,32.7293,4.2727,0.3559,0.2922,0.1959,-7.4917,1.2389,0.4577,0.3644,0.265,0.319,1,1,1,361.7924,4.3043,0.2824,-7.4534,0.0975,0.0039,1,1,1,1,B0,42
CC(C)CCOc1ccc2c(c1)S(=O)(=O)C1=CC(=[N+](C)C)C=CC1=C2c1ccc(O)cc1,1,0.5075,0.6667,0.4925,0.3333,3.2601,447.424,143.1894,4.3367,0.4121,0.2665,0.2079,-7.1049,0.9538,0.4673,0.4049,0.1316,0.2232,0,1,0,567.0198,4.2437,0.075,-6.6679,0.1408,0.0069,0,1,0,0,B0,42
c1ccc(Oc2c3ccccc3n3c(-c4ccccc4)c(-c4ccccc4)c(-c4ccccc4)c(-c4ccccc4)c23)cc1,1,0.4318,0.6857,0.5682,0.3143,2.3613,382.1416,45.6825,4.4624,0.385,0.4127,0.1682,-6.9344,1.4926,0.4047,0.3618,0.2689,0.3007,1,1,1,370.907,4.228,0.361,-6.4592,0.0518,0.0291,1,1,1,1,B0,42
CCC1=[N+](C)c2ccccc2C1(C)C,1,0.5926,0.74,0.4074,0.26,2.8767,416.5407,141.22,3.9066,0.4398,0.2086,0.2333,-4.1871,1.2383,0.3974,0.3099,0.438,0.3282,0,0,0,398.0171,3.8818,0.3077,-3.5764,0.1072,0.7978,1,0,0,0,B0,42
CCCCCCc1cc(C(=O)OC(C)(C)C)sc1-c1ccc(-c2cc(-c3ccccc3)c(-c3sc(C=C(C#N)C(=O)O)cc3CCCCCC)s2)s1,1,0.3846,0.7283,0.6154,0.2717,3.526,486.7181,50.8517,4.5466,0.25,0.2335,0.206,-6.84,1.0235,0.3291,0.35,0.0771,0.1692,0,1,0,504.9745,4.6596,0.2437,-6.3371,0.0184,0.0039,0,1,0,0,B0,42
Cc1cc(O)cc(C)c1C(=O)C=C(C#N)C(=O)O,1,0.6545,0.5897,0.3455,0.4103,2.7488,335.9554,41.3085,4.1248,0.4261,0.1216,0.1261,-7.1507,0.8114,0.6681,0.3093,0.3565,0.3664,0,0,0,350.106,4.0515,0.1622,-7.0751,0.3967,0.0189,0,1,0,0,B0,42
COCCOC(=O)c1ncc(C)cc1C,1,0.6667,0.625,0.3333,0.375,2.1506,295.8302,59.5111,3.7244,0.5646,0.218,0.2203,-5.5783,0.7732,0.5657,0.3503,0.2802,0.3281,0,0,0,275.2117,3.7184,0.2382,-5.8341,0.2987,0.0115,0,1,0,0,B0,42
COC(=O)c1c(O)cccc1-c1cc(S(=O)(=O)O)c2[nH]c3cc4c(=O)c5cc(S(=O)(=O)O)cc(S(=O)(=O)O)c5[nH]c4cc3c(=O)c2c1,1,0.434,0.6724,0.566,0.3276,3.3958,432.1935,86.1155,4.3423,0.4559,0.4739,0.2555,-6.8702,0.9384,0.4682,0.4068,0.1792,0.2926,0,1,0,449.0728,4.3509,0.3343,-7.2312,0.069,0.0119,0,1,0,0,B0,42
CN(CC#N)C(=O)c1ccc(-c2c(-c3cccc(C#N)c3)c3c4ccccc4c(-c4ccccc4)c(-c4ccccc4)[n+]3c3ccccc23)cc1C(=O)c1ccccc1,1,0.5672,0.5467,0.4328,0.4533,3.4247,461.145,43.9337,4.6494,0.4151,0.4131,0.2636,-7.0648,1.1224,0.4788,0.3795,0.1166,0.2175,0,1,0,492.3258,4.6626,0.3801,-6.0323,0.0322,0.0062,0,1,0,0,B0,42
Cc1ccc(C=CC(=O)c2ccc(O)cc2)cc1,1,0.3143,0.3125,0.6857,0.6875,1.6979,335.163,52.5411,4.208,0.5084,0.0646,0.1178,-7.4036,1.0217,0.5408,0.3495,0.2082,0.3013,0,0,0,322.6698,3.9603,0.1621,-7.228,0.4242,0.006,0,1,0,0,B0,42
COC(=O)c1cccc(OC)c1,1,0.5,0.2857,0.5,0.7143,1.3111,293.2222,29.3955,3.6758,0.4487,0.1672,0.1352,-5.4143,0.563,0.4457,0.3221,0.2188,0.2635,0,1,0,282.024,3.7919,0.1854,-5.1954,0.0718,0.0091,0,1,0,0,B0,42
O=C1Cc2ccccc2C(=O)N1C(=O)c1ccc(O)cc1O,1,0.62,0.5814,0.38,0.4186,2.3291,354.7697,45.252,4.0742,0.3999,0.2913,0.2094,-7.5298,0.9064,0.6282,0.3782,0.2332,0.2817,1,0,0,310.6356,4.0069,0.196,-7.5712,0.3733,0.0181,0,1,0,0,B0,42
Oc1c(/C=N/Nc2ccc(-c3ccccc3)cc2)ccc2ccccc12,1,0.3095,0.6136,0.6905,0.3864,1.9762,359.4238,19.8573,4.2351,0.3136,0.1673,0.1379,-7.3763,1.0869,0.5705,0.3832,0.1718,0.2522,0,0,0,342.6083,4.2381,0.156,-7.5185,0.1829,0.0047,0,1,0,0,B0,42
CCC(=O)c1ccc(/C=C2\CC/C(=C\c3ccc(N(C)C)cc3)C2=O)c(F)c1,1,0.4407,0.6964,0.5593,0.3036,2.5484,393.8254,39.8171,4.3906,0.4047,0.1672,0.1479,-7.3187,1.1043,0.5338,0.3808,0.1933,0.317,0,0,0,411.7085,4.2792,0.2073,-6.005,0.0566,0.0042,0,1,0,0,B0,42
CCC(=O)c1ccc(F)c(OC)c1,1,0.5676,0.3235,0.4324,0.6765,1.7165,293.5706,43.8862,3.7938,0.5138,0.1687,0.1993,-4.823,0.6027,0.3966,0.3331,0.2243,0.286,0,0,0,281.9857,3.6835,0.2691,-4.6344,0.109,0.0117,0,0,0,0,B0,42
CCOC(=O)C1=C(C)NC(C)=C(C(=O)OCC)C1c1ccccc1/C=C/C(=O)OS(=O)(=O)c1cccc(N2c3ccccc3Sc3ccccc32)c1,1,0.5735,0.4722,0.4265,0.5278,3.2711,461.4737,74.4838,4.1155,0.5695,0.3119,0.2387,-7.0266,1.0075,0.3644,0.4083,0.1057,0.2239,0,1,0,417.7827,4.3683,0.1708,-6.6561,0.0137,0.0031,0,1,0,0,B0,42
Cc1ccc(O)c(C(=O)c2ccc(-c3ccc(C(C)(C)C)cc3)cn2)c1,1,0.6667,0.4792,0.3333,0.5208,2.1023,344.1158,50.6159,4.2849,0.3168,0.2557,0.1763,-7.3036,0.9991,0.5074,0.3675,0.2392,0.3182,1,0,0,339.706,4.2856,0.2793,-7.185,0.096,0.0051,1,1,1,1,B0,42
CCn1c2ccc(/C=C/c3cc(C=COC)ncn3)cc2c2ccc(Cl)cc21,1,0.3529,0.6857,0.6471,0.3143,2.8663,362.3949,54.0014,4.5121,0.2871,0.2727,0.2278,-7.0237,0.9902,0.564,0.3791,0.2335,0.3133,1,0,0,358.3703,4.5484,0.3163,-6.4512,0.0757,0.0094,1,1,1,1,B0,42
CCCCC(CC)COc1cc(C(C)=O)cc(C(C)=O)c1O,1,0.6,0.4792,0.4,0.5208,2.7882,304.2454,41.7226,3.9434,0.485,0.3855,0.281,-6.9604,0.8193,0.4151,0.3747,0.0952,0.2024,1,1,1,328.0193,4.0098,0.2799,-6.681,0.1609,0.0059,1,1,1,1,B0,42
COc1ccc(-n2c3ccccc3c3cc(/C=C/C(=O)O)c(N(C)C)cc32)cc1,1,0.4483,0.5818,0.5517,0.4182,2.3618,377.2908,38.4759,4.3573,0.2369,0.1504,0.1375,-6.8687,0.9751,0.4694,0.3837,0.1217,0.2235,0,1,0,380.5643,4.3996,0.2141,-6.0376,0.0578,0.0045,0,1,0,0,B0,42
CCCCc1c(O)cc(F)cc1-c1ccc(Cl)c(C(=O)CC)c1,1,0.7302,0.6182,0.2698,0.3818,2.3621,345.998,74.5813,4.0822,0.4768,0.3287,0.2432,-7.1544,1.0222,0.5714,0.3683,0.1779,0.2764,1,0,0,338.0414,4.147,0.2631,-7.1928,0.1379,0.0032,1,1,1,1,B0,42
CCCCC(CC)COc1cc(-c2ccc(Cl)c(O)c2)ccc1C(=O)C#N,1,0.622,0.5902,0.378,0.4098,3.0085,323.6403,57.9451,4.1629,0.4215,0.3333,0.2732,-7.0412,0.9237,0.532,0.3791,0.0466,0.1343,1,0,0,351.3785,4.2087,0.2718,-6.6929,0.1253,0.005,1,1,1,1,B0,42
CC(C)=CCCC(C)OC(C)C,1,0.8235,0.5143,0.1765,0.4857,3.1146,381.1548,175.8475,3.2384,0.778,0.1353,0.1542,-3.9676,1.0593,0.1412,0.2304,0.4315,0.3319,0,0,0,471.6456,3.3038,0.1345,-4.8708,0.0207,0.1346,0,0,0,0,B0,42
C#CC1(OC(C)=O)CCCCC1CCC,1,0.7736,0.3864,0.2264,0.6136,3.8701,381.7902,111.7237,3.1421,0.9635,0.1327,0.1774,-5.8127,1.4268,0.1055,0.2203,0.3367,0.308,0,1,0,337.0354,2.9346,0.1307,-6.3137,0.012,0.499,0,1,0,0,B0,42
COc1ccc(-c2ccc(O)c(C(=O)OCN=[N+]=[N-])c2)cc1,1,0.625,0.4894,0.375,0.5106,2.4358,340.073,30.9104,4.0578,0.43,0.2742,0.2341,-6.9925,0.8524,0.5762,0.3752,0.1236,0.2314,1,0,0,336.9987,4.0908,0.2313,-6.6179,0.4043,0.0036,0,1,0,0,B0,42
COc1nc2cc(C)c(C)cc2s1,1,0.6792,0.75,0.3208,0.25,2.2657,298.2357,33.7394,3.8025,0.4074,0.0989,0.1268,-4.9007,1.0244,0.4758,0.353,0.3861,0.3285,0,0,0,325.3896,3.6988,0.1732,-4.8475,0.0957,0.2656,0,0,0,0,B0,42
CCc1ccc(O)c(C[C@H]2O[C@@H](n3cnc4c(=O)nc[nH]c43)[C@H](O)[C@@H]2O)c1,1,0.493,0.7097,0.507,0.2903,3.8703,323.1238,78.2184,4.0445,0.6859,0.3763,0.3251,-7.3733,0.9023,0.5692,0.3909,0.2539,0.3346,1,0,0,340.7927,4.4457,0.364,-7.2519,0.3231,0.1896,1,1,1,1,B0,42
CC(C)(C)c1cc(Cn2c(=S)sc3ccccc32)cc(-c2ccccc2)c1O,1,0.7121,0.1915,0.2879,0.8085,2.4207,339.982,37.3983,4.2005,0.3361,0.3706,0.2934,-7.512,1.2406,0.452,0.3893,0.2586,0.3271,1,1,1,340.2989,4.1657,0.146,-7.4115,0.2661,0.0039,0,1,0,0,B0,42
COc1c(O)ccc(Cc2cc(Cl)c3c(c2)C(=O)c2ccccc2C3=O)c1N(C)C,1,0.6471,0.5614,0.3529,0.4386,2.6527,388.4064,44.3422,4.1377,0.4161,0.3184,0.2554,-6.8038,0.8992,0.5269,0.3827,0.124,0.2118,1,0,0,379.6421,3.9713,0.1856,-6.0549,0.0633,0.0063,0,1,0,0,B0,42
CN(C)c1ccc(C=CC(=O)c2ccc3c(c2)oc(=O)n3C)cc1,1,0.4583,0.5098,0.5417,0.4902,2.3135,431.1107,33.7856,4.4726,0.2081,0.1808,0.1315,-7.2469,1.0793,0.6134,0.3344,0.1912,0.2625,0,0,0,429.4122,4.5011,0.2422,-6.0414,0.3871,0.01,0,1,0,0,B0,42
C=CN(CC)c1cc(OCC(CC)CCCC)c2cc(C#N)/c(=N\C(=O)c3ccc(C)cc3)oc2c1,1,0.525,0.6739,0.475,0.3261,3.662,438.5479,96.7201,4.3823,0.3986,0.2321,0.2127,-7.0284,0.8988,0.515,0.3921,0.0382,0.1073,0,0,0,408.8024,4.5564,0.3571,-6.6725,0.1946,0.0069,1,1,1,1,B0,42
Cc1ccc(C(C)(C)C)c(O)c1CCN,1,0.5938,0.3226,0.4062,0.6774,2.4316,256.4303,24.1738,3.7529,0.5737,0.2351,0.2323,-6.0076,1.1906,0.4794,0.3629,0.5159,0.404,0,0,0,263.7587,3.4412,0.2867,-5.1401,0.1608,0.0975,0,1,0,0,B0,42
COc1cc(C(=O)[N+](=O)[O-])ccc1[N+](=O)[O-],1,0.6327,0.4694,0.3673,0.5306,2.4709,320.7102,32.7631,3.8995,0.6516,0.147,0.2144,-5.8597,0.9782,0.6765,0.3376,0.2227,0.2806,0,0,0,327.802,4.0168,0.1782,-5.6068,0.6226,0.0256,0,0,0,0,B0,42
C=Cc1ccc(/C=C/c2cc(C)c3n2[B-](F)(F)[N+]2=CC=CC2=C3)cc1,1,0.1633,0.7903,0.8367,0.2097,3.9601,558.5316,12.7321,4.575,0.2393,0.2964,0.2445,-7.2157,1.5721,0.5318,0.3762,0.3774,0.3681,0,0,0,576.1012,4.6593,0.4408,-7.461,0.1723,0.0577,0,1,0,0,B0,42
CN(C)c1ccccc1C(C[N+](=O)[O-])C(C=O)C(C)(C)c1ccc(O)c(C(C)(C)C)c1,1,0.6613,0.6,0.3387,0.4,3.8903,371.9188,90.6157,4.2302,0.3421,0.2338,0.1802,-7.1582,1.06,0.5175,0.395,0.2637,0.3411,0,0,0,391.4029,4.297,0.0774,-6.0905,0.0698,0.0073,0,1,0,0,B0,42
COC(=O)c1cccc2ccc(O)c(O)c12,1,0.5,0.25,0.5,0.75,2.0503,327.6449,40.4417,3.9771,0.4213,0.2008,0.1842,-6.4337,1.3391,0.5866,0.3607,0.157,0.2429,0,0,0,343.5045,4.0254,0.3528,-4.9761,0.3588,0.0196,1,0,0,0,B0,42
CCCCCCCCOCCCOC(=O)C=CC#N,1,0.6863,0.3636,0.3137,0.6364,2.4273,369.1338,120.379,3.0745,1.0511,0.1085,0.1289,-6.8516,0.7268,0.3507,0.3704,0.1685,0.247,0,1,0,386.4612,2.8431,0.1916,-6.6809,0.0497,0.0078,0,1,0,0,B0,42
O=C(CCCCCCCCc1ccc2c(c1)c1cccc3c(-c4ccccc4)nc2n31)OC1CCNCC1,1,0.5362,0.6094,0.4638,0.3906,2.6826,354.3937,87.6764,4.2699,0.3597,0.4773,0.2688,-7.0936,1.0231,0.3347,0.3661,0.1289,0.2444,1,1,1,372.619,4.0999,0.3834,-6.6456,0.0787,0.005,1,1,1,1,B0,42
[13CH3]C([13CH3])(c1ccc(O)cc1)c1ccc(N=Nc2ccc(N=Nc3ccc(O)cc3)cc2)cc1,1,0.4615,0.2727,0.5385,0.7273,2.4074,427.9684,48.7577,4.1565,0.7101,0.2398,0.2227,-7.4305,1.0279,0.5225,0.381,0.2727,0.3207,0,0,0,410.8704,4.2025,0.347,-7.1976,0.1495,0.0067,1,1,1,1,B0,42
O=C1OC(=O)C2=C1S[C@]13C2=C[C@H](c2ccccc21)c1cc(Cl)ccc13,1,0.2045,0.7759,0.7955,0.2241,5.242,364.4859,59.2299,3.8986,0.4741,0.5525,0.2401,-7.3905,0.9988,0.7188,0.3472,0.3034,0.3152,1,0,0,423.5377,3.6659,0.682,-8.6201,0.5868,0.0102,0,0,0,0,B0,42
CC(=O)N=Nc1ccc(O)s1,1,0.3846,0.7273,0.6154,0.2727,3.8485,372.1694,53.6472,3.2023,1.4111,0.2069,0.197,-5.2505,0.5139,0.6486,0.3561,0.329,0.3244,0,0,0,369.8535,3.3379,0.1404,-5.2104,0.7688,0.0137,0,0,0,0,B0,42
COc1cc(C=Cc2ccncc2)c(-c2c(C(C)(C)C)ccc(C(C)(C)C)c2O)cc1C=Cc1nc2ccccc2s1,1,0.3,0.6667,0.7,0.3333,3.1317,488.6918,111.2432,4.4659,0.3887,0.4223,0.223,-6.7203,0.885,0.4102,0.3856,0.2059,0.3057,0,1,0,488.101,4.5853,0.3231,-6.2799,0.0429,0.0046,0,1,0,0,B0,42
CCN(c1ccccc1)c1ccc(/N=N/c2ccc(N3CCOCC3)cc2)cc1,1,0.3,0.5778,0.7,0.4222,2.3843,421.4551,40.789,4.2531,0.4952,0.7486,0.2706,-7.4041,1.0688,0.4896,0.3685,0.2271,0.2889,0,1,0,413.1607,4.3063,0.5854,-7.4591,0.052,0.0095,1,1,1,1,B0,42
CC1=C(CS)C(C)=[N+]2C1=Cc1cccn1[B-]2(F)F,1,0.2195,0.8148,0.7805,0.1852,4.6125,478.7975,56.0343,4.3426,0.3074,0.3206,0.295,-7.114,1.3523,0.4855,0.3772,0.4521,0.3525,0,1,0,480.356,4.3988,0.6243,-7.4287,0.7324,0.1073,0,0,0,0,B0,42
Cc1c(O)cccc1C(=O)c1ccc(-c2nc3c4cccnc4c4ncccc4c3[nH]2)c(-c2ccccc2)c1,1,0.5484,0.6522,0.4516,0.3478,2.6917,385.3625,59.8452,4.4607,0.2514,0.5489,0.3053,-7.2628,1.041,0.3984,0.3563,0.1474,0.2297,1,1,1,388.4121,4.3604,0.3711,-7.1766,0.0509,0.007,1,1,1,1,B0,42
CCCCCCCCCCCCON1CNC(=O)C12CCNCC2,1,0.7385,0.5556,0.2615,0.4444,3.3803,372.5141,84.0289,3.0797,1.0328,0.2727,0.253,-6.5672,0.726,0.4461,0.4194,0.3671,0.3305,0,1,0,376.8061,2.6005,0.3353,-6.6345,0.088,0.3653,0,1,0,0,B0,42
N#Cc1c(-n2nnc3cc(Cl)ccc32)n(-c2ccc(O)cc2)c2ncnc(N)c12,1,0.411,0.7576,0.589,0.2424,2.8526,313.2481,38.3253,4.2061,0.3224,0.1767,0.1821,-7.3267,1.0287,0.6739,0.3792,0.2575,0.3289,0,0,0,328.3606,4.2646,0.2488,-7.4833,0.5161,0.0113,0,0,0,0,B0,42
Cc1scnc1-c1cc(-c2ccccc2C(=O)Nc2ccc(C(=O)/C=C/c3ccc(N(C)CCO)cc3)cc2)c(O)c(C(C)(C)C)c1,1,0.425,0.6282,0.575,0.3718,3.0367,453.9407,74.6311,4.1346,0.9086,0.2688,0.2015,-6.9434,1.1894,0.4944,0.4025,0.205,0.339,0,1,0,440.0722,4.68,0.0972,-6.0738,0.1304,0.0053,0,1,0,0,B0,42
COC(=O)c1cc(OC)c(O)c(OC)c1,1,0.5625,0.1538,0.4375,0.8462,1.7277,303.1718,28.9162,4.1034,0.3112,0.1735,0.1583,-5.4185,0.4611,0.6451,0.3423,0.3015,0.3135,0,0,0,300.725,3.8509,0.2052,-5.3292,0.7125,0.0259,0,0,0,0,B0,42
CCCOC(=O)c1ccccc1O,0,0.4333,0.0,0.5667,1.0,1.6106,291.3234,44.8706,3.8802,0.492,0.2082,0.1548,-5.1143,0.6253,0.2839,0.3,0.1301,0.2336,0,1,0,300.9744,3.8158,0.2763,-4.868,0.0664,0.0062,1,0,0,0,B0,42
CCOC(=O)c1ccc(C(C)C(=O)O)c(C#N)c1,1,0.5556,0.381,0.4444,0.619,2.6532,326.0427,59.2043,3.7655,0.3462,0.2148,0.2037,-7.0336,0.8102,0.4602,0.3738,0.1592,0.2516,0,1,0,301.5454,3.8385,0.1514,-6.652,0.0964,0.0107,0,1,0,0,B0,42
CC1=CC(c2ccccc2)CC(C)C2CC(=C(C)C)CC12,1,0.7647,0.3415,0.2353,0.6585,4.0053,300.231,54.8272,4.1782,0.2405,0.1966,0.23,-7.2067,1.083,0.3718,0.366,0.3789,0.362,0,1,0,296.8684,4.1801,0.147,-7.2729,0.0462,0.0301,0,1,0,0,B0,42
O=C(C=Cc1ccccc1C(=O)O)Oc1ccc(C=Cc2ccc(Cl)cc2)cc1F,1,0.6038,0.5472,0.3962,0.4528,2.2791,360.1274,33.7662,4.4123,0.3808,0.3403,0.2008,-7.1595,0.9582,0.4991,0.3894,0.1693,0.2795,1,1,1,363.2684,4.3428,0.2356,-6.3908,0.0358,0.0061,0,1,0,0,B0,42
CCCCc1cc(O)ccc1C(=O)c1ccc(-c2cc(N3CCCCC3)c(C#N)c3c2-c2ccccc2CC3)s1,1,0.4512,0.7273,0.5488,0.2727,3.0079,530.2692,124.824,4.1801,0.4948,0.3623,0.2734,-7.3543,1.1693,0.449,0.4072,0.0985,0.1711,0,1,0,477.3074,4.3022,0.4053,-8.0232,0.1178,0.0034,0,1,0,0,B0,42
CC[n+]1c(-c2ccccc2)sc2cccc(-c3ccc(C(C)(C)C)cc3)c21,1,0.6364,0.6047,0.3636,0.3953,2.5077,387.5882,63.7378,4.1664,0.4787,0.36,0.1773,-7.2612,1.5026,0.452,0.3581,0.3096,0.3295,1,1,1,396.2021,4.3329,0.3054,-7.455,0.1359,0.0349,1,1,1,1,B0,42
COc1ccc(-c2nc3cc(C4CC=C(C)CC4)ccn3c2N)cc1,1,0.5,0.7407,0.5,0.2593,3.0595,363.2173,66.0965,4.115,0.3562,0.2892,0.1964,-6.9645,0.8813,0.5151,0.3748,0.2566,0.3285,1,0,0,369.0173,4.0844,0.2595,-6.3797,0.2105,0.0104,1,1,1,1,B0,42
CCCCCCN1c2ccc(C=C3SC(SC)=C(c4ccccc4O)S3)cc2Sc2cc(C=C(C#N)C(=O)O)ccc21,1,0.1667,0.6486,0.8333,0.3514,3.4561,465.2157,32.4489,4.4185,0.2978,0.2414,0.2283,-7.0701,1.0842,0.4044,0.3917,0.1305,0.2453,0,1,0,462.0464,4.4776,0.1856,-7.4796,0.1077,0.004,0,1,0,0,B0,42
CCCCc1cccc(C(=O)c2cc(CSc3nc4ccccc4s3)cc(C(C)(C)C)c2O)c1,1,0.7174,0.371,0.2826,0.629,2.5113,389.3384,65.668,4.3876,0.3176,0.3512,0.2603,-7.2712,1.0568,0.3872,0.3746,0.1797,0.2923,1,1,1,389.8647,4.0139,0.4353,-7.3382,0.2111,0.0035,1,1,1,1,B0,42
CC1=[N+]2C(=C(CC(c3cc(C)cc(C)c3O)c3cc(C)cc(C)c3O)c3c(C#N)cc(C)n3[B-]2(F)F)C=C1,1,0.6667,0.65,0.3333,0.35,3.9753,545.7878,53.0594,4.814,0.2648,0.3369,0.2454,-6.9642,0.9793,0.4367,0.3913,0.2242,0.3281,0,1,0,559.2072,4.8323,0.3793,-6.6368,0.0356,0.0092,0,1,0,0,B0,42
N#Cc1ccc2c(c1)c1ccccc1n2-c1ccc(OC(=O)N2CCC3(CCCNC3)CC2)cc1,1,0.5946,0.5909,0.4054,0.4091,3.1075,361.9049,59.669,4.3438,0.3779,0.3491,0.2406,-7.1884,0.9397,0.4722,0.3784,0.1115,0.204,1,1,1,373.5382,4.2985,0.2854,-6.4431,0.054,0.0072,1,1,1,1,B0,42
CNC(=O)[C@H](C)NC(=O)c1cccc2c1C#Cc1c(NC(C)(C)C)cccc1OCCCO2,1,0.2759,0.7273,0.7241,0.2727,4.2321,316.9831,35.1972,4.2864,0.3451,0.2774,0.2168,-7.2587,0.8802,0.4994,0.407,0.2849,0.3532,1,1,1,332.7542,4.247,0.3492,-7.1011,0.3825,0.0326,1,1,1,1,B0,42
CC(C)(C)c1ccc(C(=O)CCCc2ccccc2)cc1,1,0.6154,0.4474,0.3846,0.5526,1.6295,309.1588,58.2343,4.0079,0.3976,0.3528,0.2359,-7.2259,1.5042,0.3007,0.3129,0.257,0.2885,1,1,1,270.8009,3.971,0.3884,-8.446,0.0204,0.0191,0,1,0,0,B0,42
CCC(C)CN(CCC(=O)c1ccc(O)cc1)c1ccc2nn(-c3cccc(C(C)(C)C)c3)nc2c1,1,0.4627,0.6575,0.5373,0.3425,3.1476,371.3119,72.5617,4.4845,0.4247,0.3675,0.2408,-7.4558,0.9794,0.4257,0.3807,0.1565,0.2712,1,1,1,393.0983,4.3904,0.3586,-7.0957,0.0537,0.0069,1,1,1,1,B0,42
COc1ccc(C(=O)c2ccc(OCCCCC(C)c3ccc(CC(C)C)cc3)cc2)cc1,1,0.6122,0.5417,0.3878,0.4583,2.48,339.5095,74.3682,4.3969,0.3314,0.4706,0.2081,-7.017,0.9537,0.3402,0.3501,0.1199,0.2402,1,1,1,335.3975,4.1507,0.3964,-6.7823,0.0493,0.0059,1,1,1,1,B0,42
COc1ccc(C#CCc2oc3ccccc3c2C(=O)c2ccc(O)cc2)cc1OC,1,0.7,0.4828,0.3,0.5172,2.4984,332.7218,39.9993,4.3773,0.4158,0.2854,0.1783,-7.0065,0.8232,0.5152,0.3691,0.0894,0.1709,1,0,0,350.778,4.3953,0.1607,-6.6785,0.0665,0.0046,0,1,0,0,B0,42
CC(C)(C)c1ccc(Cc2cccc(F)c2)c(O)c1,1,0.7105,0.4615,0.2895,0.5385,1.9552,323.5314,66.128,3.9527,0.6427,0.4104,0.2908,-7.304,1.4928,0.3328,0.3226,0.3309,0.3453,1,1,1,282.879,3.842,0.4105,-7.3917,0.0969,0.0099,0,1,0,0,B0,42
CCOC(=O)C=Cc1cc2nc3cc(Br)c(Br)cc3nc2cc1NC,1,0.5238,0.5192,0.4762,0.4808,2.8162,361.1729,49.6243,4.2653,0.3428,0.2366,0.1912,-7.1188,0.9855,0.4752,0.3923,0.1864,0.2736,0,1,0,401.8064,4.2268,0.3162,-6.5759,0.1132,0.0042,1,1,1,1,B0,42
CCCCC(CC)COc1c(O)ccc(C(=O)c2scc3nc(C)c(C)nc23)c1O,1,0.6842,0.6154,0.3158,0.3846,3.4934,377.1843,70.5833,4.2577,0.4293,0.301,0.2359,-7.0712,0.8842,0.4325,0.3803,0.0631,0.1528,1,1,1,388.754,4.2992,0.106,-6.6878,0.0914,0.006,0,1,0,0,B0,42
CCCCC(CC)COc1ccc(C(C=C(C)CCC=C(C)C)OC)cc1,1,0.6522,0.5758,0.3478,0.4242,3.4545,352.1825,78.0319,4.0165,0.6606,0.1964,0.1601,-6.6392,1.3525,0.2871,0.3476,0.1418,0.2335,0,1,0,346.7418,4.1947,0.1827,-7.4267,0.0584,0.011,0,1,0,0,B0,42
O=c1oc(-c2ccc(O)cc2)cc2ccsc12,1,0.5,0.68,0.5,0.32,2.3447,323.2135,27.3347,4.0937,0.3711,0.1789,0.1306,-7.5224,1.1123,0.7063,0.3339,0.2836,0.2987,0,0,0,337.7561,4.244,0.166,-7.4522,0.758,0.0239,0,0,0,0,B0,42
Oc1cccc(-c2ccc(-c3ccc(O)c(Cl)c3)cc2)c1,1,0.5517,0.4688,0.4483,0.5312,1.7703,326.7869,21.891,4.1612,0.3697,0.2118,0.1535,-7.367,1.0659,0.7048,0.2996,0.2432,0.3031,0,0,0,305.2128,4.1616,0.251,-7.377,0.2034,0.0052,1,1,1,1,B0,42
CN(C)c1ccc(/C=C/c2cc[n+](Cc3cc(C[n+]4ccc(/C=C/c5ccc(CN)cc5)cc4)cc(C[n+]4ccc(/C=C/c5ccc(N(C)C)cc5)cc4)c3)cc2)cc1,1,0.1667,0.75,0.8333,0.25,3.4181,460.0161,66.0792,4.5577,0.2089,0.2623,0.2154,-7.0284,1.1723,0.4761,0.3774,0.296,0.3578,0,1,0,456.2494,4.4989,0.1773,-6.0274,0.1291,0.0097,0,1,0,0,B0,42
CCCCn1c(-c2ccc(C(=O)C(=Cc3ccc(O)cc3)C(=O)OC)cc2)nc2cc(C(C)(C)C)ccc21,1,0.6232,0.6129,0.3768,0.3871,2.6581,406.1176,51.6239,4.4523,0.2635,0.2344,0.1759,-6.914,0.9734,0.4311,0.4053,0.1178,0.2186,0,1,0,401.358,4.1199,0.3703,-6.6496,0.1184,0.0041,1,1,1,1,B0,42
CCCc1cc(C(c2cc(C=CC(=CC=C3N(C)c4ccccc4C3(C)C)c3ccccc3)c(C#N)c(C(C)(C)C)c2O)C2CCCCC2)c(O)c(C(C)(C)C)c1,1,0.6022,0.5488,0.3978,0.4512,4.2302,497.8606,125.5146,4.318,0.4726,0.3343,0.2205,-7.2806,1.0625,0.427,0.3997,0.2269,0.3271,0,1,0,513.9481,4.559,0.2528,-7.0528,0.0872,0.0085,0,1,0,0,B0,42
CC(=O)c1ccc(-c2ccc(-c3sc(-c4csc5ccccc45)c4ccccc34)s2)s1,1,0.275,0.6154,0.725,0.3846,2.8014,384.2663,58.2632,4.3182,0.2901,0.3356,0.1402,-7.3194,1.4736,0.4751,0.3763,0.1724,0.2538,1,1,1,379.5044,4.3987,0.2259,-7.6039,0.0673,0.015,0,1,0,0,B0,42
CS(=O)(=O)C1CCCCC1=O,1,0.8148,0.5806,0.1852,0.4194,3.0734,482.0346,147.9059,3.2521,0.8999,0.1688,0.1624,-5.8419,0.5644,0.5735,0.3905,0.714,0.2656,0,0,0,420.6118,3.3418,0.1621,-6.2028,0.4744,0.9603,0,0,0,0,B0,42
CCCCN1c2ccccc2Sc2cc(-c3ccc(C(=O)Oc4ccccc4)s3)ccc21,1,0.4789,0.6721,0.5211,0.3279,2.3939,393.1565,72.3975,4.2674,0.3161,0.3381,0.1862,-7.1396,1.1284,0.4197,0.3761,0.086,0.1726,1,1,1,380.553,4.3135,0.2583,-6.1139,0.0397,0.0026,1,1,1,1,B0,42
CC(C)(c1ccccc1)c1cccc(-c2c(-c3ccccc3)c3ccc(-c4ccccc4)cc3c3c(-c4ccccc4)c(-c4ccccc4)c4ccccc4[n+]23)c1O,1,0.4833,0.6038,0.5167,0.3962,3.1924,443.2489,56.1999,4.422,0.4107,0.4646,0.298,-7.2292,1.2892,0.5607,0.3866,0.2747,0.3398,0,0,0,426.6157,4.3956,0.4637,-7.1244,0.1509,0.0043,0,1,0,0,B0,42
CC1=C(c2nc(-c3nc(-c4ccccc4C)c(-c4ccccc4)o3)oc2-c2ccccc2)C[C@@]23C[C@@H]1C(C)(C)[C@@H]2CC[C@H]3C,1,0.6364,0.6349,0.3636,0.3651,5.4598,375.2311,54.9573,4.4065,0.2979,0.4433,0.2052,-7.1892,0.9796,0.3209,0.3592,0.2614,0.3262,1,1,1,347.6278,4.3999,0.584,-7.378,0.027,0.0105,1,1,1,0,B0,42
CCN(c1ccc2[nH]c(-c3ccc(S(=O)(=O)[O-])cc3-c3nc4ccc(S(=O)(=O)[O-])cc4[nH]3)nc2c1)c1ccc2cc(-c3ccccn3)c(=O)oc2c1,1,0.4507,0.4928,0.5493,0.5072,3.6882,472.212,118.8824,4.6876,0.723,0.5107,0.2926,-7.0847,1.015,0.3978,0.4084,0.211,0.2703,0,1,0,488.0543,4.7591,0.5457,-7.3782,0.0338,0.0116,0,1,0,0,B0,42
COC=Cc1ccc2-c3ccc(C)c[n]3->[Zn+2]<-[n]2c1,1,0.3077,0.7593,0.6923,0.2407,3.9442,322.1193,68.6403,4.2655,0.4358,0.1937,0.2036,-7.0387,1.2031,0.5124,0.3753,0.3192,0.3424,0,0,0,336.3563,4.3097,0.2132,-6.3854,0.3388,0.0432,0,1,0,0,B0,42
CCC(=O)c1cc2ccc(C(C)=O)cc2cc1O,1,0.55,0.5,0.45,0.5,2.056,321.6796,36.1251,3.9294,0.5384,0.2819,0.2071,-7.5225,0.9863,0.4122,0.3521,0.1607,0.2596,1,1,1,307.9877,3.8041,0.2233,-7.4493,0.3079,0.009,0,1,0,0,B0,42
CCC(=Cc1cc2sc3cc(/C=C/c4ccc5c(c4C)[C@@H](C)CC(C)(C)N5C)sc3c2s1)C(=O)O,1,0.4267,0.7647,0.5733,0.2353,4.1292,457.7034,62.7121,4.4795,0.2451,0.1917,0.1815,-7.3196,1.0373,0.3989,0.394,0.1345,0.2351,0,1,0,433.4072,3.9199,0.0739,-7.0223,0.0847,0.0048,0,1,0,0,B0,42
CC(C)=CCCN(c1ccccc1)c1ccc(-c2ccc(-c3ccc(/C=C(\C#N)C(=O)O)s3)c3n[se]nc23)cc1,1,0.2576,0.7051,0.7424,0.2949,3.4205,510.0258,83.21,4.5939,0.3638,0.2278,0.2204,-7.2037,1.1023,0.4739,0.3849,0.1579,0.2654,0,1,0,521.831,4.6394,0.1802,-7.5392,0.1202,0.005,0,1,0,0,B0,42
COC(=O)c1cc(O)c(-c2ccc(F)c(O)c2)c(C(=O)OC)c1,1,0.561,0.35,0.439,0.65,2.3124,332.9227,35.0604,4.1706,0.324,0.2086,0.1651,-7.0985,0.9088,0.6351,0.3313,0.1317,0.2499,0,0,0,318.0775,4.0382,0.3461,-6.3605,0.3724,0.014,1,1,1,1,B0,42
Cc1cc(CCCCCOc2ccc(C3CC(c4ccc(Cl)cc4)=NN3c3cc(C)c(C)c(C)c3)cc2)c(O)c(-n2nc3ccccc3n2)c1,1,0.4684,0.5333,0.5316,0.4667,3.4782,408.0426,90.7718,4.354,0.3747,0.3323,0.2299,-6.8655,0.9905,0.4779,0.4145,0.2108,0.3197,1,1,1,361.549,4.3796,0.5318,-7.8551,0.0126,0.005,1,1,1,1,B0,42
N#CC(=Cc1ccc2c(c1)C1CCCC1N2c1ccc2c(c1)Cc1ccccc1-2)c1cccc(C(=O)c2ccccc2)c1,1,0.2676,0.597,0.7324,0.403,3.5191,384.0278,53.2543,4.5113,0.3363,0.1985,0.1934,-7.2349,1.0346,0.3934,0.3844,0.149,0.2396,0,1,0,396.7714,4.4864,0.0875,-7.4768,0.0442,0.0061,0,1,0,0,B0,42
CCCCCCCCc1ccccc1,1,0.5172,0.1905,0.4828,0.8095,1.308,276.454,52.9119,3.9284,0.5941,0.2194,0.2402,-4.2665,1.5814,0.2228,0.229,0.3977,0.2983,0,0,0,274.2744,3.8892,0.2264,-3.0799,0.0383,0.6257,0,0,0,0,B0,42
CN(C)c1c(CC(=O)O)ccc2cc3ccccc3cc12,1,0.5143,0.5676,0.4857,0.4324,2.2576,358.2427,55.6346,4.0969,0.3411,0.3348,0.2215,-7.2843,1.0806,0.3732,0.3498,0.1504,0.2478,1,1,1,347.3693,3.9749,0.3079,-5.9515,0.2007,0.0044,1,1,1,1,B0,42
CCCCCCc1cc(S(=O)(=O)O)c(C)cc1N,1,0.6984,0.5238,0.3016,0.4762,2.2585,292.3335,74.7592,3.73,0.6259,0.3371,0.2925,-6.9068,0.7024,0.4032,0.3771,0.2922,0.3137,0,1,0,312.4682,3.737,0.3274,-7.1364,0.1137,0.0717,0,1,0,0,B0,42
CC(C)COC(=O)c1nc2ccc(Br)cc2nc1/C=C/c1ccc(N(C)C)cc1,1,0.459,0.6667,0.541,0.3333,2.618,421.6416,49.3796,4.5291,0.1977,0.2897,0.2213,-6.9977,0.9673,0.4327,0.3895,0.1519,0.2772,0,1,0,409.364,4.6466,0.2725,-6.0057,0.0684,0.0044,1,1,1,1,B0,42
COc1ccc(C2=C3C=CC=[N+]3[B-](F)(F)n3cc(-c4ccc(C)cn4)cc32)cc1,1,0.4058,0.7222,0.5942,0.2778,3.4581,424.6997,92.9567,4.4153,0.5605,0.3238,0.1741,-6.9477,0.9843,0.5338,0.3781,0.2458,0.3173,0,0,0,447.9078,4.6097,0.2433,-6.565,0.2773,0.0089,0,1,0,0,B0,42
COC(=O)c1cc(-c2ccc3n2[B-](F)(F)[N+]2=C(SC#N)C=CC2=C3c2ccccc2)ccc1Cl,1,0.3731,0.6324,0.6269,0.3676,3.5929,559.3214,32.8154,4.7571,0.2558,0.3466,0.2251,-7.1333,1.0006,0.5644,0.3777,0.1081,0.2072,0,0,0,551.5118,4.679,0.2363,-6.3984,0.1699,0.0046,0,1,0,0,B0,42
NC(=O)c1cc2c3c(c1)CCCN3CCC2,1,0.5116,0.6977,0.4884,0.3023,2.1891,299.6684,64.9997,3.906,0.5558,0.2415,0.2179,-6.7277,1.0485,0.5905,0.3639,0.3897,0.328,0,0,0,325.3947,4.075,0.2578,-7.1496,0.5628,0.0226,1,0,0,0,B0,42
COc1cc(O)c(C(=O)c2cc(S(=O)(=O)O)c(-c3ccc(N)c(N)c3)cc2O)cc1S(=O)(=O)O,1,0.717,0.3409,0.283,0.6591,2.8507,322.268,51.4341,4.2821,0.4525,0.2834,0.2313,-6.7119,1.0735,0.5997,0.3458,0.1132,0.232,1,0,0,329.4596,4.2307,0.2374,-6.4182,0.1934,0.0077,0,1,0,0,B0,42
N#Cc1cccc2cc3c(cc12)-c1cccc2c1c-3cc1ccccc12,1,0.3333,0.6154,0.6667,0.3846,2.2692,397.8972,44.8662,4.3091,0.226,0.2446,0.2244,-7.5538,1.1206,0.5856,0.3659,0.2865,0.3223,0,0,0,427.7318,4.2273,0.3574,-7.6235,0.185,0.0068,0,1,0,0,B0,42
COc1ccc(-c2cccc3ccc(C)cc23)cc1,1,0.5278,0.5,0.4722,0.5,1.5164,319.0359,26.4978,4.2314,0.2727,0.3021,0.1407,-6.9567,1.4166,0.3773,0.3467,0.2619,0.3126,1,1,1,314.6826,4.2185,0.2963,-6.3292,0.0367,0.0343,1,1,1,1,B0,42
CCCCCCOC(=O)OCC,1,0.6757,0.1364,0.3243,0.8636,1.8197,404.4612,137.8994,3.0483,1.0942,0.1713,0.1941,-4.6945,0.8082,0.1694,0.2097,0.3047,0.2729,0,0,0,328.142,3.1945,0.1854,-4.557,0.0142,0.0451,0,0,0,0,B0,42
CC(C)OC(=O)N1CCCC2CNCC21,1,0.7647,0.325,0.2353,0.675,3.2486,451.1603,149.8869,3.0272,0.9351,0.2222,0.2291,-6.2366,0.9667,0.3983,0.3737,0.5,0.3477,0,0,0,467.9721,2.9884,0.1638,-6.3225,0.1684,0.81,0,0,0,0,B0,42
COC(=O)CCC(=O)c1c(C(=O)OC)c(C)c2n1[B-](F)(F)[N+]1=CC=CC1=C2,1,0.6184,0.7333,0.3816,0.2667,3.9893,530.2671,38.4592,4.4612,0.3142,0.5137,0.2737,-6.887,0.734,0.4438,0.3916,0.1996,0.3007,0,1,0,529.6124,4.5324,0.378,-6.6274,0.2057,0.0122,0,1,0,0,B0,42
CON(c1ccccc1)c1ccccc1,1,0.45,0.6207,0.55,0.3793,2.0234,303.9294,70.0946,3.9139,0.6143,0.2521,0.1866,-4.6807,1.6204,0.3997,0.3131,0.2784,0.3185,1,0,0,298.9209,3.9969,0.3179,-3.542,0.1181,0.1378,1,0,0,0,B0,42
Oc1ccccc1Cc1ccccc1,1,0.625,0.4333,0.375,0.5667,1.4119,280.4262,28.832,3.9258,0.4046,0.3052,0.2257,-4.2584,1.2337,0.438,0.3258,0.3429,0.3132,0,0,0,261.784,3.9033,0.2547,-3.4033,0.2597,0.0288,0,0,0,0,B0,42
O=C(O)c1ccccc1C(=O)c1ccccc1,0,0.5517,0.0,0.4483,1.0,1.4167,312.5926,20.2408,4.1052,0.2943,0.233,0.1609,-7.5233,1.0543,0.5422,0.3448,0.2649,0.2844,0,0,0,312.7966,3.9951,0.2787,-7.3791,0.3309,0.0207,1,1,1,1,B0,42
NC(=O)Oc1ccc2[nH]c3ccc(Cl)cc3c2c1,1,0.5476,0.6364,0.4524,0.3636,2.0918,318.5111,26.3798,4.1505,0.207,0.3178,0.2246,-7.2838,0.9789,0.5876,0.3566,0.2489,0.3296,1,0,0,323.2519,4.0634,0.263,-6.3788,0.0889,0.0051,1,1,1,1,B0,42
CC(C)(C)C=Cc1ccc(C(=C(c2ccccc2)c2ccccc2)c2ccccc2)c(-c2ccccc2)c1,1,0.575,0.6122,0.425,0.3878,2.4233,344.145,31.2676,4.5097,0.1993,0.2877,0.2084,-7.1425,1.5179,0.3803,0.3633,0.2481,0.3114,1,1,1,362.073,4.7594,0.2496,-7.56,0.0299,0.0207,0,1,0,0,B0,42
CC(=O)OC/C=C(/C)c1ccc2c(c1)[C@@H]1CCC[C@H]1N2c1ccc(C)cc1,1,0.5,0.6071,0.5,0.3929,3.2384,407.6588,53.4249,4.3016,0.4973,0.2178,0.2117,-7.4954,0.9055,0.2968,0.3548,0.1415,0.2385,0,1,0,399.6712,4.3334,0.2613,-6.1728,0.0239,0.0045,1,1,1,1,B0,42
CCCCC(CC)COc1cc(OP(=O)(O)O)ccc1C(=O)OCC=C(C)CCC=C(C)C,1,0.6364,0.597,0.3636,0.403,3.3567,413.16,75.3689,4.3246,0.4408,0.3679,0.28,-6.9971,0.812,0.3643,0.397,0.0773,0.209,1,1,1,380.81,4.3098,0.4008,-6.682,0.0834,0.0052,1,1,1,1,B0,42
CC(C)(C)c1ccc(-c2[c]([Hg][Cl])cc(C(C)(C)C)c(O)c2-c2ccncc2)cc1,1,0.6923,0.5435,0.3077,0.4565,2.9086,322.9335,61.6338,4.3157,0.3069,0.205,0.1824,-7.274,1.0144,0.6458,0.345,0.3504,0.3601,0,0,0,337.001,4.3613,0.2239,-7.4634,0.5015,0.0045,0,0,0,0,B0,42
CCOC(=O)c1ccc(OC)c(O)c1,0,0.4737,0.0,0.5263,1.0,1.5981,295.8536,25.2375,3.971,0.3925,0.2263,0.1744,-5.2815,0.6335,0.5162,0.3717,0.1563,0.2376,0,0,0,295.8984,3.8604,0.2259,-5.5976,0.2895,0.0058,0,1,0,0,B0,42
CC1(C)CC(c2nc(-c3ccc(-n4c5ccccc5c5ccccc54)cc3)cc(-c3ccc(-n4c5ccccc5c5ccccc54)cc3C#N)n2)CC(C)(C)N1,1,0.5574,0.7273,0.4426,0.2727,3.3099,420.6543,78.6719,4.5104,0.2741,0.3013,0.2686,-7.1752,1.0673,0.5092,0.3966,0.2076,0.2937,0,0,0,393.6344,4.4699,0.4333,-6.1926,0.1389,0.0123,1,1,1,1,B0,42
CCCCC1=C(c2c(C)sc3cccc(N(C)C)c23)C(=O)NC1=O,1,0.5849,0.75,0.4151,0.25,2.9162,403.5131,66.8668,4.048,0.5384,0.3843,0.2831,-7.0134,1.1154,0.4987,0.3749,0.2075,0.282,1,1,1,408.6052,4.0765,0.1768,-6.0864,0.5186,0.0111,0,0,0,0,B0,42
O=C(CO)CCC(=O)c1cnn(-c2ccc(Cl)cc2)c1,1,0.6667,0.4681,0.3333,0.5319,2.2804,314.0628,33.4036,3.957,0.4567,0.266,0.2166,-7.3899,1.0477,0.7096,0.3502,0.2983,0.3422,1,0,0,278.1088,3.9787,0.3554,-7.4489,0.731,0.0136,0,0,0,0,B0,42
O=Cc1ccc(C2=CC3=NC/2=C(/c2ccccc2)c2ccc4[n]2[Zn][n]2/c(cc/c2=C/3c2ccccc2)=C(/c2ccccc2)C2=N/C(=C\4c3ccccc3)C=C2)cc1,1,0.3833,0.75,0.6167,0.25,5.6223,493.2889,123.4601,4.4502,0.4834,0.3199,0.2532,-7.1499,1.1557,0.4107,0.3894,0.1976,0.2686,0,1,0,532.201,4.5401,0.1756,-7.42,0.1187,0.0112,0,1,0,0,B0,42
Cc1ccccc1C(=O)NCc1ccccc1,1,0.5909,0.5385,0.4091,0.4615,1.2841,297.5614,33.7137,4.0687,0.3412,0.2657,0.2215,-7.4194,1.1056,0.4989,0.3658,0.2418,0.3163,1,1,1,293.1089,4.0244,0.257,-7.3506,0.4308,0.0169,1,1,1,1,B0,42
CCCCCOC(=O)c1ccc(C2=C(SCCCC)SC(=Cc3ccc(-c4ccc(/C=C(\C#N)C(=O)O)s4)s3)S2)c(N(C)C)c1,1,0.3562,0.6835,0.6438,0.3165,3.6418,473.7153,40.3631,4.4685,0.2656,0.1927,0.1717,-6.7744,1.0775,0.4418,0.3918,0.0572,0.1316,0,1,0,493.7446,4.6011,0.163,-6.0157,0.2397,0.0031,0,1,0,0,B0,42
CC(C)(C)c1ccc(-c2cc(/C=C(\C#N)C(=O)O)ccc2OC(=O)c2ccccc2O)cc1,1,0.5312,0.5088,0.4688,0.4912,2.4342,421.7514,70.5872,4.4243,0.1727,0.2073,0.1487,-7.1542,0.9066,0.4484,0.3648,0.1269,0.2625,0,1,0,361.0342,4.3853,0.1693,-6.3911,0.0207,0.0062,0,1,0,0,B0,42
C=CC(=O)OCc1cc2[b-]3c(c1)c(-c1ccccc1)cc1cccc(cc2-c2ccccc2)[n+]31,1,0.4565,0.6508,0.5435,0.3492,3.5504,439.0129,99.8054,4.4356,0.3138,0.2752,0.2355,-7.3335,1.0003,0.4538,0.4068,0.1372,0.2236,0,1,0,454.8262,4.6227,0.1386,-6.1575,0.2081,0.0033,0,1,0,0,B0,42
CC1CCC(c2cc(=O)oc3c4c5c(cc23)C(C)(C)CCN5CCC4(C)C)C(O)C1,1,0.45,0.7586,0.55,0.2414,4.1861,387.3615,78.5918,4.2666,0.6005,0.273,0.2342,-7.3055,0.8246,0.3843,0.4128,0.209,0.2881,1,1,1,385.8545,4.1617,0.2089,-6.2402,0.1552,0.0087,0,1,0,0,B0,42
O=C(c1ccc(-c2ccc(/C=[N+]3/N=C4C=CC(Br)=CN4[B-]3(F)F)cc2)cc1)c1ccccc1F,1,0.4194,0.625,0.5806,0.375,3.3782,509.0604,90.6843,4.6033,0.3238,0.1584,0.1526,-7.5946,1.068,0.472,0.3942,0.201,0.2996,0,1,0,497.7522,4.4535,0.1758,-7.5523,0.1392,0.0043,0,1,0,0,B0,42
CCOC(=O)C=Cc1cc(Br)cc(Br)c1-c1ccc(-c2ccccc2-c2nn[nH]n2)cc1-c1ccccc1,1,0.6203,0.5672,0.3797,0.4328,2.7368,468.8866,117.5011,4.3008,0.3168,0.2605,0.2265,-6.9802,1.0002,0.4038,0.3796,0.0908,0.1995,0,1,0,451.0832,4.3281,0.1633,-5.944,0.0604,0.0038,0,1,0,0,B0,42
COc1ccc(-c2cc3c(cc2[O-])oc2c(O)c(O)ccc2[n+]3=O)cc1,1,0.6471,0.661,0.3529,0.339,3.2834,417.9333,73.4038,4.0182,0.809,0.2682,0.2395,-6.8829,0.8319,0.5735,0.3498,0.1605,0.2407,1,0,0,371.8952,3.9401,0.3165,-6.3334,0.2207,0.0163,1,1,1,1,B0,42
CCNc1nc2nc(n1)N(C1CC(C)(C)NC(C)(C)C1)CCCCCCN2C1CC(C)(C)NC(C)(C)C1,1,0.7288,0.3125,0.2712,0.6875,4.4432,338.8899,90.9919,3.8583,0.6529,0.3169,0.2404,-7.1642,0.988,0.4528,0.4146,0.2712,0.3159,1,1,1,402.8048,4.1709,0.3526,-8.0739,0.0325,0.0168,1,1,1,1,B0,42
CC(C)=CCCC(C)=CC#Cc1ccc(C=C2c3ccccc3CCc3ccccc32)cc1,1,0.5111,0.66,0.4889,0.34,2.7813,378.1224,71.5785,4.4692,0.2221,0.1594,0.1866,-7.3854,1.3053,0.421,0.3893,0.2365,0.3001,0,1,0,347.8332,4.796,0.0308,-7.628,0.0406,0.022,0,1,0,0,B0,42
CCOC(=O)C(C#N)=Cc1ccccc1,0,0.4186,0.0,0.5814,1.0,1.8956,322.3466,37.514,4.0193,0.4653,0.0528,0.0694,-5.2734,1.0418,0.3424,0.3493,0.1226,0.2052,0,1,0,321.5511,4.0092,0.1294,-4.657,0.2442,0.0053,0,0,0,0,B0,42
Cc1cc(C=Cc2c(C(=O)c3ccccc3)cccc2S(=O)(=O)O)ccc1[N+](=O)[O-],1,0.6731,0.5439,0.3269,0.4561,2.4741,358.6422,25.6996,4.375,0.323,0.2354,0.2333,-7.3346,0.978,0.4067,0.3916,0.1299,0.2468,0,1,0,381.2237,4.361,0.2699,-7.2051,0.0339,0.0062,1,1,1,1,B0,42
CC(C)Oc1ccc(C(=O)c2ccccc2)c(O)c1,1,0.6279,0.3171,0.3721,0.6829,1.7482,300.8134,24.9776,4.1337,0.2839,0.1688,0.1211,-7.2388,0.9607,0.3333,0.3186,0.1433,0.2571,0,1,0,294.668,4.0502,0.3228,-6.3801,0.0253,0.0077,1,1,1,1,B0,42
CCCCCCN1c2ccccc2Sc2cc(-c3ccc(/C=C(\C#N)C(=O)C=Cc4ccccc4)cc3)ccc21,1,0.1774,0.6154,0.8226,0.3846,2.7457,408.1336,54.7838,4.5302,0.2204,0.2506,0.2128,-6.9324,1.1834,0.4173,0.3804,0.1079,0.2289,1,1,1,391.6152,4.5135,0.3059,-6.0049,0.0708,0.0033,1,1,1,1,B0,42
CCN(CC)c1ccc2cc(CCCc3cc(C(C)(C)C)c(O)c(C(C)(C)C)c3)c(=NC(=O)Nc3ccccc3Cl)oc2c1,1,0.525,0.6623,0.475,0.3377,3.1546,446.0208,104.3162,4.6722,0.4138,0.3831,0.222,-7.3346,1.1506,0.603,0.3942,0.1685,0.2807,0,0,0,479.5886,4.6631,0.5343,-7.9144,0.2633,0.0052,0,1,0,0,B0,42
N=C(N)c1cccc(-c2ccccc2)c1,1,0.6,0.3793,0.4,0.6207,1.5367,303.9735,18.9545,3.8267,0.754,0.2268,0.1785,-5.4783,1.286,0.6294,0.318,0.2841,0.3079,0,0,0,305.0736,4.0143,0.2534,-5.1752,0.5643,0.0071,1,0,0,0,B0,42
COC=C/C=C1\C=C(c2ccc(Cl)cc2)Oc2cc(N(C)C)ccc21,1,0.5079,0.7879,0.4921,0.2121,2.878,451.637,98.154,4.3717,0.2811,0.3036,0.189,-6.9974,1.2547,0.6194,0.3544,0.3079,0.3486,0,0,0,498.351,4.4317,0.3695,-6.0328,0.1492,0.0176,0,1,0,0,B0,42
COc1c2cc3ccccc3cc2c(C#C[Si](C(C)C)(C(C)C)C(C)C)c2nc3c4ccccc4c(=O)c4ccccc4c3nc12,1,0.1628,0.7347,0.8372,0.2653,3.2808,605.8276,72.486,4.364,0.2011,0.3166,0.1263,-6.6715,0.8638,0.3921,0.3774,0.2004,0.3054,0,1,0,590.5432,4.3036,0.3513,-6.3366,0.0333,0.0118,0,1,0,0,B0,42
O=C(c1cccc(Cl)c1)c1cc(/N=N\c2ccc(-c3ccc4ccccc4c3)cc2F)ccc1O,1,0.4333,0.4906,0.5667,0.5094,2.5048,408.6525,71.1542,4.3557,0.2519,0.1843,0.1928,-7.4582,1.006,0.4839,0.4269,0.1722,0.2883,0,1,0,408.2452,4.3825,0.3267,-7.466,0.0509,0.0057,1,1,1,1,B0,42
COc1ccc(C#Cc2c(C)cc(O)cc2C)cc1,1,0.4286,0.5909,0.5714,0.4091,2.1505,317.5788,40.052,4.1564,0.6261,0.237,0.1936,-7.1449,1.0364,0.5315,0.344,0.2338,0.288,0,0,0,315.6864,4.2326,0.2012,-6.4908,0.3253,0.0063,0,1,0,0,B0,42
Cn1c(=O)oc2cc(C(=O)C#N)ccc21,1,0.678,0.3902,0.322,0.6098,2.6293,337.8607,42.6118,3.7237,0.8323,0.2588,0.229,-5.6068,0.5561,0.6602,0.3319,0.2506,0.2967,0,0,0,362.4034,4.0221,0.2503,-5.7335,0.8482,0.0279,1,0,0,0,B0,42
CCc1ncc(C)cc1N(C)C,1,0.6977,0.7561,0.3023,0.2439,2.4562,289.1962,44.5541,3.5771,0.4792,0.2553,0.2439,-4.8456,0.8289,0.5029,0.3617,0.5075,0.3143,0,0,0,353.1475,3.5022,0.1541,-3.4713,0.2994,0.5711,0,0,0,0,B0,42
Cc1cc(C=Cc2ccc(O)cc2)n2c1C=C1C=CC=[N+]1[B-]2(F)F,1,0.0,0.7321,1.0,0.2679,3.9028,562.4204,5.1705,4.56,0.3206,0.1282,0.1507,-7.521,1.0667,0.5953,0.343,0.3172,0.3339,0,0,0,563.5241,4.4473,0.3304,-7.4994,0.4601,0.0053,0,1,0,0,B0,42
CC[NH+]=c1cc2oc3cc(-c4ccccc4)c4ccccc4c3nc-2cc1C,1,0.3036,0.7,0.6964,0.3,3.0248,503.8395,97.5291,4.2723,0.3391,0.3478,0.1838,-7.2985,1.0383,0.4534,0.3702,0.2406,0.3138,0,1,0,484.2888,4.3866,0.346,-7.197,0.0963,0.0107,0,1,0,0,B0,42
Oc1ccc2cc(-c3ccc(-c4nc(-c5ccccc5)c(-c5ccccc5)n4-c4ccc(Cl)cc4)cc3)ccc2c1,1,0.3469,0.6071,0.6531,0.3929,2.3602,348.7088,36.9895,4.4093,0.2168,0.3136,0.262,-7.1716,1.1296,0.5432,0.3935,0.2439,0.3166,1,0,0,339.7476,4.3615,0.3263,-7.22,0.1099,0.005,1,1,1,1,B0,42
CN1C(=CC(=O)OC(C)(C)C)C(C)(C)c2ccccc21,1,0.4651,0.6,0.5349,0.4,2.4277,373.7243,54.1883,4.2872,0.5134,0.0803,0.1312,-7.135,0.7725,0.3297,0.3733,0.1585,0.249,0,1,0,369.4163,4.3886,0.1393,-6.5287,0.0257,0.0045,0,1,0,0,B0,42
CCCCCC(O)C=Cc1ccnc(-c2ccccc2)c1,1,0.6607,0.6667,0.3393,0.3333,2.5644,304.3756,61.717,4.2038,0.4158,0.248,0.2109,-7.3096,1.0717,0.3358,0.3392,0.1883,0.2896,0,1,0,308.2975,4.102,0.2474,-7.2966,0.0279,0.0045,0,1,0,0,B0,42
Nc1ccc(S(=O)(=O)[N-]c2nccs2)cc1O,1,0.7455,0.35,0.2545,0.65,3.6677,311.4792,53.5655,3.9366,0.7017,0.1705,0.1665,-7.37,0.9821,0.8132,0.2399,0.262,0.3262,0,0,0,302.9731,4.1624,0.1658,-7.5019,0.6572,0.0194,0,0,0,0,B0,42
COc1ccc(C(=O)CC(=O)c2ccccc2O)cc1OC,0,0.6,0.0,0.4,1.0,1.8714,333.8832,26.5413,3.9573,0.3976,0.2438,0.1727,-6.8769,0.7409,0.5023,0.3669,0.0956,0.1879,0,0,0,319.5452,4.0997,0.2698,-6.5887,0.2003,0.0098,1,1,1,1,B0,42
Nc1ccc2cn[nH]c2c1Cl,1,0.5882,0.7674,0.4118,0.2326,2.7254,285.1874,40.3746,3.9008,0.2987,0.2014,0.1513,-5.7922,0.6516,0.8091,0.2508,0.3816,0.3241,0,0,0,285.2446,3.6081,0.2551,-6.123,0.8913,0.0195,0,0,0,0,B0,42
Nc1ccc(C=CN2c3ccccc3Oc3ccccc32)cc1,1,0.375,0.7442,0.625,0.2558,2.4785,421.6682,44.2527,4.4299,0.3039,0.1303,0.1267,-7.3714,1.119,0.5982,0.4018,0.2288,0.2938,0,0,0,422.8369,4.399,0.2746,-7.3077,0.1355,0.0088,0,1,0,0,B0,42
CCCCc1cc(N(C)CCO)ccc1N=NC(C)=O,1,0.5769,0.6667,0.4231,0.3333,2.8433,402.1158,49.2991,3.9006,0.7407,0.4032,0.3078,-6.9057,0.8207,0.5272,0.3951,0.2386,0.2954,1,0,0,406.1859,3.8816,0.4781,-6.0313,0.3717,0.0179,1,1,1,1,B0,42
CCc1ccc(O)c2ncccc12,1,0.5217,0.6098,0.4783,0.3902,2.003,314.7146,50.1023,3.9144,0.3945,0.2746,0.2299,-5.2311,0.6907,0.5267,0.3275,0.268,0.3031,1,0,0,301.7611,3.8694,0.2675,-4.9175,0.2793,0.0086,1,0,0,0,B0,42
Cc1ccc(-c2ccc(C(=O)C(C)CCOC=O)c3c2ccc2c4ccccc4c4ccccc4c23)cc1,1,0.5,0.6984,0.5,0.3016,3.1018,408.2544,56.3914,3.8653,0.7316,0.1914,0.1793,-6.993,0.9969,0.349,0.3812,0.1303,0.2591,0,1,0,410.8378,3.9115,0.3426,-6.6226,0.0168,0.0052,1,1,1,1,B0,42
CCC(=O)c1cccc(-c2cc(C)cc(N)c2O)c1,1,0.6667,0.5682,0.3333,0.4318,2.1509,312.8625,40.3963,4.0153,0.4182,0.2398,0.2076,-7.4936,0.9496,0.5684,0.3646,0.1495,0.2481,0,0,0,314.303,4.1155,0.2821,-7.3625,0.205,0.003,1,1,1,1,B0,42
Cc1ccc2c(/C=C/c3ccc4c(c3)c3ccccc3n4CCCCc3ccc(O)c(C(C)(C)C)c3)cc(=O)oc2c1,1,0.3099,0.6479,0.6901,0.3521,2.8348,424.4021,61.6615,4.474,0.227,0.3968,0.2424,-7.016,1.0335,0.4026,0.3959,0.1735,0.3226,0,1,0,404.3828,4.5828,0.3054,-7.145,0.0694,0.0038,1,1,1,1,B0,42
CCCCc1cc(O)cc(-c2ccc3c(c2)Sc2cc(C4=CC(c5ccccc5)=[O+][B-](F)(F)O4)ccc2N3CC)c1O,1,0.3016,0.725,0.6984,0.275,3.6341,454.7564,96.5511,4.4069,0.2289,0.4084,0.2521,-6.9533,1.1704,0.5128,0.394,0.1613,0.2562,0,0,0,483.1504,4.4153,0.493,-6.0048,0.1875,0.0037,0,1,0,0,B0,42
CCC=C(C)CCC=C(C)C,1,0.7838,0.3478,0.2162,0.6522,2.6205,241.907,96.8982,3.8935,0.7261,0.1743,0.1661,-3.8595,0.9444,0.3645,0.3119,0.484,0.3354,0,0,0,317.5134,3.8702,0.1417,-4.3494,0.1727,0.2172,0,0,0,0,B0,42
O=C(c1ccccc1)c1nc(O)c(-c2ccccc2O)s1,1,0.5116,0.5676,0.4884,0.4324,2.4057,344.2336,32.1901,4.1239,0.383,0.2135,0.1703,-7.4178,1.1715,0.6415,0.3114,0.1995,0.2669,0,0,0,341.092,3.9681,0.1489,-7.5525,0.453,0.0072,0,1,0,0,B0,42
COC(=O)c1c(O)c2cccc(O)c2oc1=O,1,0.575,0.5385,0.425,0.4615,2.3385,329.6467,43.8385,3.9857,0.4014,0.1468,0.115,-6.8189,1.0737,0.6387,0.3581,0.1962,0.2809,0,0,0,323.8732,3.9599,0.0776,-6.2766,0.5386,0.0216,0,0,0,0,B0,42
CC=Cc1ccc(Oc2ccc(/C=C/c3ncncc3C)cc2)c(OC)c1,1,0.6,0.5217,0.4,0.4783,2.5548,360.7364,26.4398,4.4044,0.3055,0.247,0.1716,-6.6722,0.8402,0.437,0.3735,0.2057,0.2878,0,1,0,375.0295,4.2767,0.2887,-7.8098,0.0562,0.0088,1,1,1,1,B0,42
CC(C)Cc1cnc(-c2ccc(N3c4ccccc4C(C)(C)c4ccccc43)cc2)nc1,1,0.3409,0.7541,0.6591,0.2459,2.3681,347.8291,37.774,3.7844,0.5738,0.4399,0.2069,-7.4845,1.0738,0.4914,0.3572,0.2785,0.3368,0,1,0,339.1448,4.0523,0.4841,-7.2809,0.0821,0.008,1,1,1,1,B0,42
c1ccc(-c2ccc(-c3ccco3)cc2)cc1,1,0.5,0.6154,0.5,0.3846,1.5046,317.0799,24.9971,3.9257,0.684,0.337,0.2031,-7.0771,1.8279,0.5482,0.3439,0.3359,0.3222,1,0,0,307.1164,4.0912,0.3156,-7.4063,0.1932,0.0585,1,1,1,1,B0,42
Cc1ccc(-c2scc3nc(C)c(C)nc23)c(O)c1,1,0.5641,0.7045,0.4359,0.2955,2.771,329.419,32.753,4.2042,0.2824,0.315,0.26,-7.3251,1.0559,0.5378,0.3644,0.276,0.3152,1,0,0,343.8842,4.2201,0.2454,-7.3091,0.3542,0.0057,0,1,0,0,B0,42
COc1ccc(C(=O)c2ccccc2)cc1O,1,0.5556,0.2941,0.4444,0.7059,1.5576,308.5205,17.1569,4.121,0.3076,0.1774,0.1343,-7.0602,0.8853,0.4229,0.349,0.1427,0.2215,0,1,0,303.0054,3.88,0.1993,-6.2831,0.0906,0.0151,0,1,0,0,B0,42
CC(=O)c1c2c(nn1C)N(OC(C)(C)CCc1ccccc1)C1=CC(c3ccccc3)N=CC1=C2,1,0.4286,0.6349,0.5714,0.3651,3.9556,377.2551,59.0194,4.193,0.3391,0.3384,0.2111,-7.2382,0.9588,0.3994,0.3788,0.1759,0.2911,1,1,1,389.1746,4.1453,0.3222,-7.8294,0.0191,0.0049,1,1,1,1,B0,42
CCCCC1(CCCC)c2ccccc2-c2ccc(C(C)(C)C)cc21,1,0.4634,0.6458,0.5366,0.3542,2.3343,330.0611,43.6977,4.1794,0.2976,0.382,0.2778,-7.0124,1.5526,0.4043,0.3563,0.3483,0.3203,1,1,1,342.6899,4.2329,0.4202,-7.3942,0.0541,0.0435,1,1,1,1,B0,42
C=CCOc1cccc(C(F)(F)F)n1,1,0.6818,0.7273,0.3182,0.2727,2.4271,307.6138,39.2359,3.4235,1.2351,0.1798,0.1872,-4.9322,0.7128,0.3983,0.3335,0.3229,0.3085,0,0,0,328.6512,3.5394,0.3614,-4.9174,0.0704,0.0528,0,0,0,0,B0,42
COC(=O)c1cc(C(=O)NCCCC(=O)O)c2ccc3ccc(CCOC(=O)c4ccccc4O)c4ccc1c2c34,1,0.5833,0.6066,0.4167,0.3934,2.6693,412.973,81.7144,4.3679,0.4417,0.392,0.2541,-6.8702,1.0025,0.4714,0.3944,0.1001,0.2276,1,1,1,420.0826,4.2443,0.3897,-6.5712,0.2355,0.0042,0,1,0,0,B0,42
Cn1c(-c2ccccc2)c(-c2cc(Cl)c(F)cc2C2CCNCC2)c2ccccc21,1,0.7042,0.6885,0.2958,0.3115,2.4736,358.8487,35.0098,4.2195,0.3003,0.3039,0.2123,-7.5102,1.2007,0.5354,0.376,0.334,0.3557,1,0,0,363.147,4.2725,0.3347,-7.6296,0.368,0.0367,1,1,1,1,B0,42
CC(C)(C)c1ccc(O)c(Sc2ccc(-n3c4ccccc4c4cccnc43)s2)c1,1,0.4615,0.5962,0.5385,0.4038,2.7953,342.0066,44.355,4.3416,0.2892,0.2867,0.2283,-7.3551,1.0745,0.5656,0.3739,0.2922,0.3362,1,0,0,343.9609,4.2734,0.1954,-6.9504,0.4012,0.0061,0,1,0,0,B0,42
CC(=O)CC(=O)OC(=CC(=C1C(=O)N(S(=O)(=O)c2ccc(C)cc2)c2ccccc21)c1cccc(F)c1)c1ccc(C(C)(C)C)cc1,1,0.4674,0.7284,0.5326,0.2716,3.2384,557.5581,112.9017,4.7756,0.3232,0.2243,0.1949,-6.8826,0.9688,0.3942,0.3904,0.1361,0.2493,0,1,0,533.3849,4.746,0.2617,-6.617,0.032,0.006,0,1,0,0,B0,42
CCCCCCN1C(=O)c2cccc3c(-c4ccc(-c5cc(-c6cc(F)ccc6-c6ccc(OC)cc6)n(-c6ccccc6)n5)s4)ccc(c23)C1=O,1,0.2838,0.7229,0.7162,0.2771,2.9875,541.6214,109.2476,4.6861,0.3747,0.2971,0.1269,-6.7753,0.9542,0.3907,0.3807,0.1171,0.2111,0,1,0,500.526,4.5615,0.3525,-6.5671,0.024,0.0082,0,1,0,0,B0,42
CCCCCCCCCCCCC(=O)c1ccc(C(=O)OC)nc1,1,0.3947,0.5745,0.6053,0.4255,2.0501,318.6325,48.2784,3.5457,0.6873,0.36,0.2168,-6.8145,0.7547,0.3403,0.3433,0.0931,0.1739,0,1,0,352.9443,3.8592,0.3569,-6.6393,0.1477,0.0035,1,1,1,1,B0,42
COc1nc(N)c2c(n1)C(C1OC(CO)C(O)C1O)NN2,1,0.3846,0.7576,0.6154,0.2424,4.6014,276.9649,54.3943,3.235,1.0023,0.271,0.2728,-6.764,0.5943,0.628,0.377,0.3104,0.3239,0,0,0,275.8004,3.3177,0.298,-6.9416,0.1316,0.0351,0,1,0,0,B0,42
Cc1cc2c(cc1C(F)(F)F)OCO2,1,0.6905,0.625,0.3095,0.375,2.2046,290.3052,29.1659,3.5261,1.0603,0.1961,0.2315,-5.0001,1.0611,0.3787,0.3292,0.5046,0.3253,0,0,0,295.9501,3.6954,0.3746,-3.8453,0.1324,0.1836,0,0,0,0,B0,42
Oc1ccccc1-c1ccc(I)cc1,1,0.4643,0.4444,0.5357,0.5556,1.7061,280.1145,35.167,4.1044,0.3189,0.2071,0.1971,-6.7304,1.9542,0.597,0.324,0.365,0.3383,0,0,0,294.9706,4.1313,0.2207,-7.1809,0.3173,0.1225,0,1,0,0,B0,42
CCOc1cc2ccc(N(CC)CC)cc2o/c1=N/C(=O)c1ccc(C)cc1,1,0.2982,0.6769,0.7018,0.3231,2.5336,403.2665,49.733,4.4367,0.3517,0.4858,0.1686,-7.1154,0.9464,0.5973,0.3563,0.144,0.2429,1,0,0,414.3952,4.591,0.4795,-6.6082,0.1161,0.0037,1,1,1,1,B0,42
COc1ccc(-c2cc(C(C)(C)C)ccc2-c2c(O)cccc2C(=O)c2ccccc2)cc1,1,0.5918,0.5094,0.4082,0.4906,2.2034,365.1334,66.1805,4.3042,0.2907,0.1982,0.1426,-6.992,0.8735,0.3413,0.3387,0.1158,0.2145,0,1,0,377.9967,4.18,0.3046,-6.293,0.0155,0.0045,1,1,1,1,B0,42
Cc1ccc(N2c3ccc(-c4ccc(-c5ccc(/C=C(\C#N)C(=O)O)s5)c5nn(CCCCCC6CC=C(C=O)CC6)nc45)cc3[C@H]3CCC[C@H]32)cc1,1,0.2,0.8,0.8,0.2,4.6413,507.3214,42.3225,4.4089,0.4475,0.2169,0.182,-7.0731,1.0405,0.362,0.396,0.1846,0.3049,0,1,0,537.2592,4.5798,0.2838,-7.3026,0.052,0.0053,0,1,0,0,B0,42
CC1(C)CC(OC(=O)CCCCCCCCN(Cc2ccccn2)Cc2ccccn2)CC(C)(C)N1,1,0.6667,0.4583,0.3333,0.5417,2.807,335.9241,107.9121,4.2818,0.4279,0.3808,0.2441,-7.0333,0.9224,0.4381,0.3981,0.1318,0.2234,1,1,1,342.4099,4.1752,0.3182,-6.6877,0.1809,0.0046,1,1,1,1,B0,42
CC(c1ccccc1)(c1ccc(O)cc1)c1ccc(-c2ccccc2)cc1,1,0.5161,0.0417,0.4839,0.9583,2.2435,334.8023,19.0604,4.2145,0.3643,0.2893,0.2206,-7.6098,1.5603,0.4923,0.3561,0.2807,0.3172,1,1,1,340.4959,4.2426,0.3631,-8.1117,0.1726,0.0105,1,1,1,1,B0,42
Cc1cc(Oc2ccc(C(=O)c3ccccc3)c(O)c2)n2c1C=C1C=CC=[N+]1[B-]2(F)F,1,0.4795,0.5781,0.5205,0.4219,3.6401,558.2282,28.265,4.6871,0.3295,0.4093,0.3027,-7.2241,0.9693,0.4087,0.3685,0.109,0.1992,0,1,0,555.8517,4.6516,0.3802,-6.42,0.0652,0.0052,0,1,0,0,B0,42
COc1ccc2c3cccc4c(-c5cc(C)cc(C(C)(C)C)c5O)ccc(c5cccc1c25)c43,1,0.5122,0.4878,0.4878,0.5122,2.4985,393.9042,50.3286,4.365,0.252,0.2901,0.2188,-6.9886,1.0828,0.4528,0.3845,0.2666,0.3359,1,1,1,432.708,4.4072,0.391,-6.4409,0.0162,0.0042,0,1,0,0,B0,42
Cc1cc(O)ccc1C(=O)Oc1ccc2c(c1)C(C)CC(C)(C)N2C,1,0.6301,0.5882,0.3699,0.4118,2.8925,345.7341,48.1651,3.4466,1.6075,0.3463,0.2452,-7.2991,0.9045,0.5115,0.3816,0.1605,0.2708,0,0,0,320.8568,3.4534,0.2837,-6.3452,0.239,0.0072,0,1,0,0,B0,42
COc1cc2oc(=O)c(C#Cc3ccc(C=C(C#N)C(=O)O)cc3)cc2cc1-c1ccc2c(c1)OC(=O)c1ccc(cc1)C(=O)O2,1,0.2879,0.6056,0.7121,0.3944,4.3723,391.6327,67.8015,4.4431,0.2591,0.2426,0.2135,-6.7984,0.8929,0.4493,0.3976,0.1381,0.2397,0,1,0,423.1647,4.4201,0.1849,-6.3282,0.1187,0.0086,0,1,0,0,B0,42
Cc1ccc(Cl)c(C)c1NC(=O)[C@@H]1CCCCN1c1ccccc1,1,0.7333,0.4727,0.2667,0.5273,2.4921,324.1238,45.7756,4.0833,0.4488,0.2346,0.1951,-7.8211,0.9295,0.4915,0.4108,0.2035,0.2853,0,1,0,332.7485,4.0555,0.2282,-8.0902,0.1852,0.007,0,1,0,0,B0,42
CC(C)(C)c1ccc2oc(-c3ccccc3)c(C#N)c(=O)c2c1O,1,0.661,0.625,0.339,0.375,2.5709,377.5233,35.6391,4.2258,0.2413,0.243,0.1905,-7.4437,1.0535,0.5498,0.3661,0.2416,0.3221,0,0,0,367.89,4.2562,0.2654,-7.3911,0.1647,0.0058,1,1,1,1,B0,42
CCCCCOc1ccc(-c2cccc3ccccc23)c(O)c1,1,0.566,0.381,0.434,0.619,1.8271,331.8551,44.4948,4.189,0.3276,0.3755,0.2497,-7.239,1.0754,0.3469,0.3411,0.1208,0.2203,1,1,1,337.2802,4.0688,0.3848,-6.7527,0.0411,0.0025,1,1,1,1,B0,42
COC(=O)c1ccc2c3c(cc4nc5ccc(C)cc5nc4c13)OC(c1ccccc1)=C2C(C)(C)C,1,0.5143,0.6818,0.4857,0.3182,2.9658,414.1916,63.2564,4.3161,0.41,0.3725,0.1629,-7.0762,0.9251,0.4204,0.388,0.1508,0.2425,1,1,1,436.9015,4.2147,0.3623,-6.352,0.0128,0.0055,0,1,0,0,B0,42
COc1ccc(N2C3CCC2CC(=O)C3)cc1,1,0.6538,0.6304,0.3462,0.3696,3.5546,296.235,55.1814,4.0567,0.5635,0.1173,0.1335,-7.0388,0.8398,0.3314,0.3372,0.305,0.3183,0,1,0,291.3797,4.0713,0.285,-6.5057,0.1228,0.052,1,1,1,1,B0,42
CC(C)(C)c1ccc(-c2cccc(-c3nc(N)nc(NCCCN4CCCCC4)n3)c2)cc1,1,0.7222,0.4423,0.2778,0.5577,2.3617,329.0603,48.2456,4.1806,0.5224,0.3242,0.2477,-7.4236,1.0527,0.4984,0.3998,0.2359,0.318,1,1,1,345.3633,4.3029,0.4444,-7.7949,0.0591,0.0105,1,1,1,1,B0,42
COC(=O)c1cc(Cl)cc(C(=O)c2ccc(O)cc2)c1Cl,1,0.5641,0.4474,0.4359,0.5526,2.0653,319.8418,31.05,4.0764,0.4182,0.2085,0.1561,-7.1681,0.9749,0.6815,0.348,0.1603,0.2723,0,0,0,301.499,4.0847,0.3145,-6.4063,0.726,0.0066,1,0,0,0,B0,42
CCOC(=O)CCc1ccc2c(c1)C(=O)NC2=O,1,0.6279,0.6111,0.3721,0.3889,2.0722,321.1263,43.7709,3.8921,0.3204,0.353,0.273,-7.1684,0.9136,0.386,0.398,0.178,0.2624,1,1,1,313.0264,3.9071,0.3433,-6.7478,0.1867,0.0083,1,1,1,1,B0,42
CCN(CC)c1ccc2cc(C#N)c(=NC(=O)Oc3cc(C(C)(C)C)c(O)c(C(C)(C)C)c3)oc2c1,1,0.3226,0.6508,0.6774,0.3492,3.1718,423.4955,70.5186,4.6369,0.469,0.3756,0.2369,-7.1765,0.9156,0.5476,0.3764,0.1478,0.2605,0,0,0,470.838,4.808,0.3655,-6.5752,0.1195,0.0068,0,1,0,0,B0,42
CN(CCO)c1ccc(/C=C/C(=O)c2ccc(NC(=O)c3ccccc3O)cc2)cc1,1,0.1509,0.5926,0.8491,0.4074,2.1738,428.2569,14.3206,4.1305,0.8836,0.1858,0.1623,-7.3181,1.0681,0.6561,0.353,0.1229,0.246,0,0,0,413.1631,4.6685,0.1272,-6.1127,0.4252,0.0057,0,1,0,0,B0,42
CCCCN(CCOC(=O)c1sc2nc(-c3ccc(OC)cc3)c(C)c(C#N)c2c1N)c1ccccc1,1,0.3088,0.6341,0.6912,0.3659,2.7507,422.8739,84.7891,4.4236,0.3667,0.296,0.237,-6.7047,0.8459,0.4919,0.3935,0.0839,0.1971,0,1,0,448.5911,4.2434,0.3441,-6.6709,0.0511,0.0032,0,1,0,0,B0,42
CCCCO/C1=C2\C=CC(=N2)/C(C(=O)c2ccccc2)=c2/cc\c3[n]2[Zn][n]2c(ccc21)/C(c1ccccc1C)=C1/C=CC(=N1)C=3/C=C/C=C(\C#N)C(=O)O,1,0.2644,0.6771,0.7356,0.3229,6.0736,576.5213,84.86,4.4706,0.3891,0.1717,0.1626,-6.8828,1.0503,0.4099,0.3988,0.0842,0.1675,0,1,0,548.9992,4.5981,0.1131,-6.5753,0.0678,0.0041,0,1,0,0,B0,42
CC(CC(C)(C)c1ccccc1)c1nc2c(c3c1-c1ccccc1CC3)-c1ccccc1CC2,1,0.5357,0.6545,0.4643,0.3455,3.2755,367.0196,73.7629,4.2015,0.2501,0.3003,0.1845,-7.1363,1.2523,0.4473,0.3804,0.2749,0.3151,1,1,1,393.8035,4.1692,0.3162,-6.6772,0.0143,0.0417,1,1,1,1,B0,42
O=C(c1ccc(C=Cc2c3ccccc3cc3ccccc23)cc1)c1ccccc1Cl,1,0.5,0.5128,0.5,0.4872,2.0786,370.8424,26.348,4.5221,0.2562,0.3383,0.2173,-7.5244,1.5366,0.5327,0.4025,0.2292,0.3071,1,0,0,385.5916,4.3978,0.2777,-8.2041,0.0827,0.0189,1,1,1,1,B0,42
CCCCCCCCCCCCc1cc(OCC(CC)CCCC)c(O)c(C(=O)C(=O)Nc2ccc(C(=O)/C=C/c3ccc(N(C)CCO)cc3)cc2)c1,1,0.4217,0.6512,0.5783,0.3488,3.6085,459.6428,82.6453,4.134,0.8426,0.303,0.1953,-6.746,1.0132,0.4304,0.409,0.0633,0.1867,0,1,0,497.2704,4.5683,0.1764,-5.7665,0.1326,0.0055,0,1,0,0,B0,42
O=C(O)C=CNC1CCNCC1,1,0.7561,0.5625,0.2439,0.4375,2.937,385.6672,114.8075,3.1392,1.1036,0.1324,0.1895,-5.8691,0.6799,0.5906,0.3919,0.6202,0.3297,0,0,0,447.9789,3.1277,0.16,-6.287,0.2472,0.7935,0,0,0,0,B0,42
O=C(C(=O)c1nc2ccccc2o1)c1cccc(O)c1,1,0.5778,0.4706,0.4222,0.5294,2.2863,346.9136,43.3822,3.6694,0.9569,0.1715,0.1431,-7.4658,0.9983,0.6059,0.3633,0.2077,0.2639,0,0,0,330.0174,3.6395,0.2517,-7.4919,0.3777,0.0163,0,1,0,0,B0,42
COCCCCn1c2ccc(-c3ccc(/C=C(\C#N)C(=O)O)s3)cc2c2c(Cl)c(-c3ccc(/C=C(\C#N)C(=O)O)s3)ccc21,1,0.3582,0.7067,0.6418,0.2933,3.3966,433.0411,42.2488,4.4472,0.3057,0.1942,0.2089,-6.8892,1.0226,0.5214,0.4054,0.1217,0.2491,0,0,0,447.3958,4.5506,0.2002,-6.5578,0.1377,0.0048,0,1,0,0,B0,42
CCCCCCC1(C(=O)OCC)CCNCC1,1,0.7143,0.4878,0.2857,0.5122,2.4018,386.0547,144.4499,3.0768,0.9726,0.262,0.2837,-6.5834,0.7879,0.2042,0.2917,0.2657,0.2937,0,1,0,331.6284,2.9911,0.4402,-6.5019,0.0064,0.0648,0,1,0,0,B0,42
COc1ccc(-c2ccc(O)c(C(=O)O[N+](=O)[O-])c2O)cc1,1,0.5714,0.5952,0.4286,0.4048,2.5034,336.6964,34.3475,4.1089,0.4366,0.1792,0.184,-7.0277,0.9143,0.6842,0.309,0.1385,0.2445,0,0,0,351.3425,4.174,0.2527,-6.3871,0.2162,0.0145,1,1,1,1,B0,42
COc1cc(-c2nc3ccccc3nc2C#Cc2ccc(-c3ccc(O)c(OC)c3)cc2)cs1,1,0.2778,0.6071,0.7222,0.3929,2.8199,388.5286,81.1237,4.4193,0.3474,0.3875,0.2922,-6.9251,0.9306,0.5412,0.3909,0.1689,0.2729,1,0,0,361.743,4.508,0.4259,-6.3318,0.2331,0.0066,1,1,1,1,B0,42
Oc1ccc(N=Nc2ccc(-c3cccs3)n2-c2ccc(F)cc2)cc1O,1,0.3333,0.7692,0.6667,0.2308,2.8307,434.8163,43.4354,4.044,0.705,0.286,0.2946,-7.4132,1.0183,0.5994,0.3948,0.22,0.2914,0,0,0,442.8974,4.0147,0.292,-7.5151,0.082,0.0058,0,1,0,0,B0,42
Cc1cc(N2c3ccccc3C3(c4ccccc4-c4ccccc43)c3ccccc32)c(C)cc1CCC(C)C,1,0.4815,0.7547,0.5185,0.2453,3.0346,375.4266,41.4059,4.4162,0.2975,0.5429,0.2261,-7.1022,1.4914,0.3869,0.4007,0.3171,0.339,1,1,1,348.315,4.3245,0.453,-7.1366,0.0386,0.0346,1,1,1,1,B0,42
Clc1ccc2c(-c3ccccc3)ccnc2c1,1,0.6327,0.619,0.3673,0.381,1.6161,315.8205,30.0226,4.1614,0.2642,0.2603,0.1762,-7.2234,1.5018,0.6651,0.3055,0.3675,0.3421,1,0,0,314.4496,4.0024,0.3556,-7.3826,0.295,0.0585,1,1,1,1,B0,42
CN(C)c1ccc(C=CC(C)(C)C)cc1,1,0.3846,0.6176,0.6154,0.3824,2.1943,318.8961,47.7647,3.7908,0.6022,0.1194,0.1545,-5.3165,1.8205,0.4276,0.3217,0.3961,0.3584,0,1,0,344.4955,3.7177,0.1587,-5.5317,0.2358,0.1476,0,1,0,0,B0,42
N#Cc1cc(Cl)c2c(c1Cl)C(=O)c1c(F)c(F)c(F)c(F)c1C2=O,1,0.4848,0.7442,0.5152,0.2558,2.9996,386.345,47.2025,4.0272,0.5721,0.357,0.1872,-7.2006,0.9709,0.8165,0.2328,0.2907,0.322,1,0,0,387.8818,4.0749,0.4015,-7.2404,0.637,0.0136,1,0,0,0,B0,42
CCC(=O)OC=C1N=C(C)N(C)C1=O,1,0.5682,0.6944,0.4318,0.3056,3.4083,430.1406,115.9975,3.6678,0.7611,0.0613,0.0834,-5.4362,0.4833,0.5965,0.3609,0.3371,0.3181,0,0,0,423.947,3.4033,0.0723,-5.3244,0.5403,0.0672,0,0,0,0,B0,42
CCOCCCN(c1ccccc1)c1cccc(C)c1,1,0.6842,0.6585,0.3158,0.3415,1.9683,308.8519,45.2146,4.0237,0.722,0.3779,0.2257,-7.0802,1.455,0.3356,0.3507,0.2147,0.291,1,1,1,305.7382,3.9031,0.4633,-6.7196,0.0274,0.0292,1,1,1,1,B0,42
COCCOC[Si](C)(C)c1cc(C)cc(C(C)(C)C)c1O,1,0.7442,0.5319,0.2558,0.4681,2.9897,280.9191,47.8782,3.6817,0.7056,0.2652,0.2088,-6.6841,0.6493,0.3578,0.3738,0.3291,0.3529,0,1,0,291.0237,3.738,0.1866,-6.5001,0.0253,0.3793,0,1,0,0,B0,42
C=CCCCC(C=C)C1=Cc2ccc(OCC(CC)CCCC)c[n+]2[B-](F)(F)O1,1,0.7179,0.6579,0.2821,0.3421,4.725,414.3299,113.811,4.3113,0.3463,0.2134,0.1939,-7.0372,1.1826,0.3943,0.3693,0.1614,0.2654,0,1,0,475.6604,4.0227,0.2638,-6.7814,0.1163,0.0152,0,1,0,0,B0,42
N=C(N)NC(=N)Nn1c(-c2ccccc2)cc2ccccc21,1,0.6415,0.6596,0.3585,0.3404,2.7905,322.8797,33.9367,4.1082,0.2149,0.3015,0.1943,-7.2706,1.0087,0.6704,0.346,0.2588,0.3104,1,0,0,314.6849,4.0872,0.227,-7.5209,0.489,0.0087,0,1,0,0,B0,42
Fc1ccccc1-c1cccc2ccccc12,1,0.5926,0.5946,0.4074,0.4054,1.4527,331.1743,37.4471,3.9427,0.5653,0.2717,0.1443,-7.3384,1.6645,0.5111,0.3713,0.3603,0.3214,1,0,0,317.1432,3.9243,0.3868,-7.1876,0.165,0.0751,1,1,1,1,B0,42
Cc1n[nH]c(C)c1N=NC(=O)c1ccccc1,1,0.4286,0.6905,0.5714,0.3095,2.6283,344.1585,26.9577,3.8255,0.6795,0.6186,0.2455,-7.3791,1.0201,0.4598,0.3848,0.2196,0.272,1,1,1,334.813,3.6099,0.4752,-7.2125,0.0904,0.0177,0,1,0,0,B0,42
CC(=O)NC=C1N(C)c2ccccc2C1(C)C,1,0.4103,0.6863,0.5897,0.3137,2.643,359.1826,42.3082,4.3918,0.4571,0.0482,0.0894,-7.2843,0.8046,0.4428,0.3908,0.2491,0.3014,0,1,0,383.7743,4.4898,0.1165,-7.5924,0.0876,0.0218,0,1,0,0,B0,42
O=C(C=Cc1ccccc1)C=Cc1ccc(Cl)cc1,1,0.4118,0.4286,0.5882,0.5714,1.9101,341.6004,23.7173,4.2415,0.4684,0.051,0.0855,-7.4,1.5227,0.5894,0.3618,0.3063,0.3303,0,0,0,321.2799,4.1189,0.1842,-7.6667,0.1628,0.0195,0,1,0,0,B0,42
CC(C)(C)c1ccc(-c2cccc3cccc(CCCCN4CCCCC4)c23)cc1,1,0.6667,0.6545,0.3333,0.3455,2.1575,372.8927,43.7357,4.3289,0.4179,0.4533,0.2267,-7.5625,1.3909,0.4161,0.3839,0.2998,0.3151,1,1,1,352.1114,4.2444,0.2751,-7.946,0.0883,0.0347,1,1,1,1,B0,42
Cc1ccc(N2c3ccc(-c4ccc(-c5ccc(/C=C(\C#N)C(=O)O)s5)c5nc(-c6ccccc6)c(-c6ccccc6)nc45)cc3C3CCCC32)cc1,0,0.0,0.7647,1.0,0.2353,3.9191,527.7541,7.8854,4.4361,0.4354,0.2216,0.19,-7.2374,1.0214,0.4035,0.3909,0.1626,0.2682,0,1,0,503.2958,4.4541,0.2214,-7.3088,0.07,0.0068,0,1,0,0,B0,42
CN(C)c1cc(-c2oc3ccccc3c(=O)c2O)ccc1-c1ccc2c(c1)OC(=O)c1ccc(cc1)C(=O)O2,1,0.5088,0.625,0.4912,0.375,4.0031,391.4546,66.877,4.3915,0.2192,0.4365,0.267,-7.1292,1.1502,0.4696,0.3744,0.2003,0.2614,1,1,1,416.7446,4.3575,0.4275,-6.0633,0.1929,0.0064,1,1,1,1,B0,42
COc1ccc(-c2ccc(-c3ccc([N+](=O)[O-])cc3)s2)cc1,1,0.2667,0.5938,0.7333,0.4062,1.8639,353.5129,34.1981,4.3234,0.1251,0.1324,0.163,-6.8963,0.9486,0.6225,0.3598,0.1509,0.2401,0,0,0,348.736,4.3115,0.119,-6.2909,0.1405,0.0138,0,1,0,0,B0,42
CC(CCS)c1cc(-c2ccc3c(c2)C(C)(C)C2=[N+]3[B-](F)(F)n3cccc3-c3c2cc2n3CC=C2)c(O)c(C(C)(C)C)c1,1,0.4217,0.6494,0.5783,0.3506,4.8052,585.9871,100.8514,5.0304,0.3411,0.4033,0.2717,-7.4458,1.0456,0.4721,0.3971,0.2914,0.3527,0,1,0,599.2844,5.0551,0.3803,-7.1722,0.656,0.0072,0,0,0,0,B0,42
CC(C)(C)CC(C)(C)C(C)(C)C,1,0.8182,0.6923,0.1818,0.3077,2.6148,256.5854,120.4004,3.7951,0.7367,0.1991,0.1652,-3.9097,1.0909,0.2751,0.2695,0.6299,0.2884,0,0,0,295.823,3.839,0.1501,-3.2263,0.0245,0.5741,0,0,0,0,B0,42
CCOC(=O)C=Cc1c(C#N)cc(N=Cc2ccccc2O)cc1OC,1,0.6056,0.5333,0.3944,0.4667,2.7655,368.2991,43.7461,4.0404,0.5817,0.2048,0.1966,-6.9678,0.8269,0.4823,0.3757,0.0931,0.1896,0,1,0,360.0782,4.284,0.1966,-6.5876,0.0655,0.0031,0,1,0,0,B0,42
c1ccc(N2c3ccccc3Sc3ccccc32)cc1,1,0.4242,0.6111,0.5758,0.3889,1.8158,340.3544,32.4116,4.1831,0.3696,0.273,0.1812,-7.4032,1.5685,0.575,0.3649,0.3109,0.3225,1,0,0,337.8216,4.0769,0.3569,-7.6164,0.179,0.0462,1,1,1,1,B0,42
CN(C)C1CCN(C2CCNCC2)CC1,1,0.8276,0.5714,0.1724,0.4286,2.3713,465.8196,165.2402,2.4772,1.893,0.2413,0.2139,-6.5447,0.9915,0.5114,0.4031,0.6226,0.2874,0,0,0,415.0644,2.664,0.2035,-5.9712,0.8405,0.9478,0,0,0,0,B0,42
c1ccc(N(CN2CCCCC2)c2ccccc2)cc1,1,0.6667,0.5714,0.3333,0.4286,1.9946,315.1742,40.2384,4.126,0.3864,0.3692,0.2301,-7.7096,1.3604,0.4184,0.3564,0.3173,0.3045,1,1,1,313.1934,4.1175,0.3546,-8.1994,0.243,0.0397,1,1,1,1,B0,42
O=C(N=Nc1ccc(O)cc1)c1ccccc1,1,0.4286,0.4412,0.5714,0.5588,2.0578,384.9884,41.6128,3.3978,1.2949,0.2473,0.2569,-7.5147,1.0781,0.5985,0.3553,0.2212,0.2682,0,0,0,355.5437,3.4011,0.3412,-7.3854,0.3538,0.0217,0,1,0,0,B0,42
Cc1ccccc1C(=O)c1c(O)cccc1OCc1ccccc1,1,0.6383,0.3721,0.3617,0.6279,1.8302,315.8903,23.4362,4.1204,0.3168,0.3069,0.2297,-7.2087,0.9951,0.3776,0.3533,0.0998,0.1706,1,1,1,312.7609,4.1103,0.0903,-6.5915,0.0497,0.004,0,1,0,0,B0,42
CCC=CC=CC=Cc1ccc2c(=C3SC=CS3)c3ccccc3c(=C3SC=CS3)c2c1,1,0.4043,0.7115,0.5957,0.2885,3.7071,384.7176,55.9598,4.5331,0.2178,0.2074,0.1932,-7.0865,1.5205,0.4856,0.3548,0.2343,0.3028,0,1,0,375.36,4.562,0.1306,-6.1883,0.0716,0.0404,0,1,0,0,B0,42
COc1cnc(C#Cc2ccc(C(F)(F)F)cc2)o1,1,0.3953,0.7647,0.6047,0.2353,2.9195,313.4472,20.8782,4.2891,0.1603,0.2547,0.1763,-7.0607,1.0281,0.5111,0.3508,0.3157,0.3216,1,0,0,315.5786,4.293,0.3332,-6.4726,0.3162,0.0301,1,1,1,1,B0,42
CC(C)CCOC(=Cc1cc2c3c(c1)CCCN3CCC2)C(=O)O,1,0.4808,0.6429,0.5192,0.3571,2.691,390.4097,77.3999,4.0048,0.8498,0.181,0.1814,-6.9987,0.7518,0.433,0.3973,0.1162,0.2355,0,1,0,362.9183,4.323,0.2595,-6.6464,0.2112,0.0055,1,1,1,1,B0,42
COC(=O)C=C(C(=O)C#N)c1ccccc1N1CCCCC1,1,0.5686,0.2444,0.4314,0.7556,2.5841,358.0958,46.6439,4.1962,0.4184,0.1445,0.1705,-7.2435,0.9931,0.5291,0.3883,0.1514,0.2367,0,0,0,369.3716,4.0192,0.2213,-6.9864,0.1833,0.0148,0,1,0,0,B0,42
O=C(Nc1cc[n+](CCCS(=O)(=O)[O-])c(C(F)(F)F)c1)c1cccs1,1,0.6582,0.6094,0.3418,0.3906,3.2853,411.7628,71.3623,3.9579,0.7472,0.1986,0.2072,-7.0953,0.953,0.6693,0.36,0.286,0.3486,0,0,0,373.2367,4.0683,0.0516,-7.2656,0.5983,0.0249,0,0,0,0,B0,42
COC(=O)c1c(C)cc(F)cc1F,1,0.641,0.3226,0.359,0.6774,1.973,284.4809,30.9448,3.8104,0.4617,0.147,0.1807,-5.0205,0.6544,0.4764,0.3357,0.335,0.335,0,1,0,288.3145,3.6492,0.315,-4.8262,0.3175,0.0111,0,0,0,0,B0,42
CCCCc1ccc(O)cc1,1,0.5357,0.4167,0.4643,0.5833,1.4218,270.2169,41.5921,3.6578,0.548,0.3375,0.2644,-4.3251,1.0523,0.4036,0.3097,0.5354,0.3202,0,0,0,272.2097,3.5836,0.222,-3.047,0.1972,0.9516,0,0,0,0,B0,42
CC(C)(C)c1ccc(-c2cccc(C(C(=O)CC(=O)c3ccccc3)c3ccccc3)c2)cc1,1,0.64,0.3902,0.36,0.6098,2.6596,327.9421,26.4224,4.3879,0.3501,0.4341,0.2149,-7.5412,0.9607,0.4143,0.3732,0.1783,0.2726,1,1,1,324.3851,4.3911,0.4708,-7.2624,0.0602,0.004,1,1,1,1,B0,42
CC(C)(C)OC(=O)NC=CC(=C(C#N)C#N)c1ccc(N(c2ccccc2)c2ccccc2)cc1,1,0.451,0.5926,0.549,0.4074,2.848,447.7653,62.4796,4.4718,0.1635,0.2225,0.2299,-7.1446,0.9361,0.5134,0.375,0.1449,0.2577,0,0,0,437.084,4.5134,0.1168,-6.4117,0.0376,0.0055,0,1,0,0,B0,42
CCCCC[Si](C)(C)O[C@]1(c2ccccc2)[C@H](C)[C@]1(C(=O)OC)c1ccc(Br)cc1,1,0.3333,0.6522,0.6667,0.3478,3.8936,302.816,67.4659,4.2446,0.4015,0.2291,0.2672,-7.2274,0.9395,0.4262,0.3809,0.1107,0.1927,0,1,0,326.3354,4.2862,0.1783,-6.7737,0.0816,0.0036,0,1,0,0,B0,42
CCCCCCCCN1c2ccc(C(=O)OC(C)(C)C)cc2Sc2cc(-c3ccc(C=C(c4ccccc4)c4ccccc4)cc3)ccc21,1,0.36,0.6308,0.64,0.3692,2.8249,407.8875,78.1941,4.4849,0.3362,0.2711,0.218,-6.9153,1.1392,0.3385,0.3638,0.075,0.1592,1,1,1,388.7384,4.4126,0.2287,-6.1049,0.0168,0.0022,0,1,0,0,B0,42
Oc1ccc(Cc2ccccc2)cc1,1,0.52,0.3333,0.48,0.6667,1.3355,280.2733,28.4843,3.9727,0.4943,0.3163,0.2338,-4.2629,1.2364,0.4678,0.3302,0.3314,0.3155,0,0,0,271.2529,3.9033,0.2626,-3.6563,0.479,0.0288,0,0,0,0,B0,42
CCC(=O)N(c1ccccc1)C1(C(=O)OC)CCN(c2ccccc2C)CC1,1,0.6316,0.3571,0.3684,0.6429,2.4616,349.4353,92.9054,4.2282,0.3364,0.4914,0.2401,-7.1252,0.883,0.5064,0.3733,0.1124,0.1909,1,0,0,357.2346,4.1973,0.5481,-6.6259,0.0894,0.0058,1,1,1,1,B0,42
CN(C)c1ccc(C=Cc2cc(C(C)(C)C)cc(SSc3cc(C(C)(C)C)cc(C(C)(C)C)c3O)c2O)cc1-c1ccc(C(C)(C)C)cc1,1,0.7284,0.54,0.2716,0.46,3.4178,411.4488,66.5589,4.4671,0.2341,0.3902,0.255,-6.9918,1.136,0.4706,0.4017,0.2897,0.3642,1,1,1,393.8157,4.5548,0.1485,-6.0105,0.1946,0.0084,0,1,0,0,B0,42
COc1ccc(-c2c(Cl)sn(C)c2=O)cc1,1,0.6327,0.6471,0.3673,0.3529,2.5386,296.5829,42.3361,4.1292,0.4038,0.1034,0.1386,-6.8907,1.0515,0.6039,0.3611,0.2361,0.2915,0,0,0,305.1082,4.182,0.2287,-6.473,0.374,0.0474,0,1,0,0,B0,42
CC(C)(C)CCCCCCCCN1c2ccccc2Oc2cc(-c3nc4ccc(-c5ccc(C=C(C#N)C(=O)O)s5)cc4s3)ccc21,1,0.1351,0.7619,0.8649,0.2381,3.1694,456.1897,35.8724,4.4309,0.3021,0.2112,0.1492,-6.9744,1.0441,0.4223,0.3889,0.1491,0.2526,0,1,0,477.3872,4.4016,0.2236,-7.3273,0.1919,0.004,0,1,0,0,B0,42
CCCCCCOC(=O)C(C#N)=C(c1ccccc1)c1ccc(OCC(CC)CCCC)c(C(=O)OC)c1,1,0.587,0.375,0.413,0.625,3.1334,439.4362,70.6519,4.4642,0.3582,0.3996,0.2124,-6.8302,0.9005,0.3505,0.3733,0.041,0.0917,0,1,0,384.7691,4.2883,0.3686,-6.4253,0.0426,0.0036,1,1,1,1,B0,42
C[N+]1=C(C(N)=O)C(C)(C)c2c(Cl)cccc21,1,0.74,0.6957,0.26,0.3043,3.0962,322.1262,88.6643,3.9899,0.4651,0.2705,0.2683,-7.4021,0.9808,0.6074,0.3403,0.3223,0.3453,1,0,0,338.9234,3.8946,0.3033,-7.907,0.1533,0.0144,1,1,1,1,B0,42
C[Si](C)(C)C#Cc1cc(C#C[Si](C)(C)C)c2ccc3c(C(=O)C(=O)N4CCCC5CNCC54)cc(C#C[Si](C)(C)C)c4ccc1c2c43,1,0.5484,0.619,0.4516,0.381,4.607,448.5024,95.5782,4.3197,0.4684,0.2834,0.2133,-7.3171,1.0227,0.4231,0.4009,0.2082,0.2898,0,1,0,477.427,4.4814,0.4493,-7.4989,0.0911,0.0073,0,1,0,0,B0,42
COC(=O)OC(=O)COc1ccc(C=CC2=C3C(C)=CC(C)=[N+]3[B-](F)(F)n3c2c2ccccc2c3-c2[nH]c(C)cc2C)cc1-c1ccc(C(C)(C)C)cc1,1,0.3444,0.7692,0.6556,0.2308,4.0284,665.4084,42.2717,4.6504,0.3645,0.2212,0.2586,-6.8376,0.8722,0.3715,0.3896,0.1236,0.2471,0,1,0,661.355,4.7129,0.2166,-6.5633,0.0685,0.0061,0,1,0,0,B0,42
CCCC(=O)c1c(O)c(C)c(OC)c(Cc2c(O)c(C)c(O)c(C(=O)c3cc4nc5ccccc5nc4c4cccnc34)c2O)c1O,1,0.6438,0.4516,0.3562,0.5484,3.4318,383.074,69.2772,4.3811,0.5084,0.2759,0.2099,-6.8589,0.9152,0.3518,0.3847,0.0993,0.1941,1,1,1,458.2736,4.302,0.137,-6.6094,0.0336,0.0052,0,1,0,0,B0,42
CC1(C)CC(NC(=O)C=CC(=O)n2c3ccccc3c3ccccc32)CC(C)(C)N1,1,0.4808,0.4048,0.5192,0.5952,2.7262,348.8659,57.5288,4.2557,0.4301,0.1893,0.166,-7.4513,0.9146,0.5669,0.3831,0.1968,0.302,0,0,0,367.786,4.2043,0.202,-7.5459,0.0899,0.0073,0,1,0,0,B0,42
CC1CCC(NC(CO)(CO)NC(=O)C(C#N)=CC=CC=Cc2ccc(N(C)C)cc2)CN1,1,0.3846,0.7042,0.6154,0.2958,4.2728,440.6087,119.3294,4.2629,0.5183,0.1523,0.1382,-7.2471,0.8267,0.495,0.4286,0.2279,0.3287,0,1,0,399.0762,4.4673,0.0578,-6.7731,0.6359,0.0223,0,0,0,0,B0,42
O=C(c1nnc(-c2cc(-c3ccc(Cl)cc3)nn2Cc2ccc(Cl)nc2)o1)c1cc([N+](=O)[O-])ccc1Cl,1,0.4225,0.662,0.5775,0.338,2.8146,337.2568,63.0022,4.4133,0.351,0.2156,0.2047,-7.1443,1.0677,0.6143,0.4246,0.2419,0.3536,0,0,0,303.144,4.3148,0.2528,-7.1941,0.101,0.0066,1,1,1,1,B0,42
CCCCc1ccc2c(=O)c(O)c(-c3ccc(CC4CCCNC4)cc3)oc2c1,1,0.6176,0.6866,0.3824,0.3134,2.8806,374.008,58.3667,4.2902,0.4744,0.4873,0.2889,-7.39,0.9868,0.4006,0.3994,0.2311,0.3121,1,1,1,362.9362,4.375,0.5086,-7.4832,0.1707,0.0049,1,1,1,1,B0,42
CCCCN(CC=C(C#N)C(=O)OCC)c1ccc(C=Cc2ccc3nc(C=Cc4ccc(N(C)C)cc4)c(=O)n(CCC)c3c2)cc1,1,0.3014,0.6364,0.6986,0.3636,3.3063,468.0534,87.0658,4.5978,0.3008,0.3079,0.2162,-6.6919,1.0258,0.4186,0.4104,0.1242,0.2273,0,1,0,493.7531,4.5152,0.1923,-5.9985,0.0659,0.0036,0,1,0,0,B0,42
CC(=O)c1ccc(-c2ccc(N(C)CCO[Si](C)(C)C(C)(C)C)cc2)c2nsnc12,1,0.3485,0.7465,0.6515,0.2535,2.8365,400.903,58.4872,4.2313,0.531,0.38,0.2534,-7.1015,1.0628,0.4831,0.3861,0.1523,0.2469,1,1,1,388.6685,4.4491,0.2334,-5.9995,0.1319,0.0046,0,1,0,0,B0,42
CCOC(=O)Cc1c2ccccc2cc2ccccc12,1,0.55,0.45,0.45,0.55,1.8279,340.5607,32.1136,4.0677,0.332,0.3392,0.1646,-7.3818,1.2246,0.1982,0.2642,0.0949,0.1826,1,1,1,330.7054,3.9434,0.3881,-6.7062,0.0242,0.0049,1,1,1,1,B0,42
COC(=O)c1ccc(N(c2ccc(OC)cc2)c2sc(-c3ccc(Cl)cc3)nc2-c2ccccc2)cc1,1,0.1961,0.5882,0.8039,0.4118,2.4061,386.3148,39.2077,4.2498,0.2304,0.3349,0.1149,-6.8702,0.9908,0.5729,0.3641,0.1297,0.2492,1,0,0,378.4155,4.1886,0.4051,-6.3215,0.0474,0.0044,1,1,1,1,B0,42
COC(C=C(C)CCC=C(C)C)c1ccc(-c2ccccc2)cc1-c1c2ccc(=[NH2+])cc-2oc2c1ccc1cccc(N)c12,1,0.4699,0.7237,0.5301,0.2763,3.9617,502.8632,110.6743,4.5053,0.3302,0.2593,0.1945,-6.9167,1.0645,0.4447,0.4042,0.0917,0.1748,0,1,0,452.98,4.5197,0.2949,-6.6342,0.0335,0.0059,0,1,0,0,B0,42
CC(C)(C)n1c2ccccc2c2ccccc21,1,0.52,0.6667,0.48,0.3333,1.9458,318.9951,30.8712,4.1414,0.3074,0.3421,0.1798,-7.2211,1.5454,0.3926,0.3196,0.4253,0.3489,1,1,1,307.1492,4.0706,0.3644,-7.26,0.154,0.088,1,1,1,1,B0,42
N#Cc1cccc(-c2ccccc2)c1O,1,0.5769,0.5294,0.4231,0.4706,1.8135,324.3223,24.0126,3.994,0.3456,0.1638,0.1263,-5.418,1.3505,0.6917,0.3035,0.2559,0.282,0,0,0,335.0354,3.9532,0.2201,-5.0988,0.3886,0.0133,0,1,0,0,B0,42
O=C(Cc1nc2ccc([N+](=O)[O-])cc2o1)NC1CCCC1,1,0.5556,0.6721,0.4444,0.3279,2.2958,337.6637,49.0425,3.9565,0.3314,0.1755,0.2087,-7.3939,0.8719,0.6111,0.3771,0.2055,0.297,0,0,0,320.2648,3.9553,0.2408,-7.0918,0.306,0.0329,0,1,0,0,B0,42
CCC(=O)CC(CC(=O)c1ccccc1)(c1ccccc1)c1ccccc1,1,0.6429,0.2333,0.3571,0.7667,2.2601,350.3349,51.1551,4.1997,0.4895,0.389,0.1896,-7.6641,0.9856,0.4194,0.3243,0.1915,0.2723,1,1,1,354.8884,4.1692,0.3241,-6.3374,0.1261,0.0029,1,1,1,1,B0,42
CCC(=O)Oc1cc(O)c(C(=O)c2cc(Cl)cc(C(C)(C)C)c2O)cc1Cl,1,0.6308,0.6,0.3692,0.4,2.5782,318.1473,38.6695,4.1069,0.5548,0.2619,0.202,-7.076,0.8458,0.5625,0.3684,0.1949,0.3063,1,0,0,328.9776,3.8039,0.0672,-6.5043,0.1504,0.0088,0,1,0,0,B0,42
COC(=O)c1cc(C=Cc2cc(OC)c(OC)c(OC)c2)cc(OC)c1OC,1,0.3667,0.5,0.6333,0.5,2.2085,364.6587,36.8277,4.2775,0.4054,0.1523,0.1509,-6.7471,0.6764,0.5092,0.3829,0.1835,0.291,0,0,0,372.8251,4.2155,0.1575,-6.4464,0.2383,0.0056,0,1,0,0,B0,42
CCCCC(CC)COc1ccc2nc(C=Cc3ccccc3)oc2c1,1,0.6029,0.5303,0.3971,0.4697,2.7777,368.346,59.0399,3.5777,1.2789,0.3342,0.2489,-7.1427,0.9651,0.3538,0.3415,0.1281,0.2381,0,1,0,360.4384,3.2683,0.3676,-6.7897,0.0472,0.0096,0,1,0,0,B0,42
Cc1cc(C=Cc2cc(SC(C)(C)Sc3cc(C(C)(C)C)c(O)c(C(C)(C)C)c3-c3ccccc3)cc(C(C)(C)C)c2O)n2c1C=C1C=CC=[N+]1[B-]2(F)F,1,0.3636,0.7297,0.6364,0.2703,4.4675,641.6843,101.0162,4.8754,0.2791,0.2904,0.2242,-7.0958,1.0491,0.402,0.3969,0.2457,0.3319,0,1,0,630.4677,4.7493,0.2482,-6.9034,0.2096,0.0083,0,1,0,0,B0,42
CCc1cccc(C(C)(C)C)c1O,1,0.3333,0.2308,0.6667,0.7692,2.002,259.3717,24.9386,3.4856,0.687,0.2792,0.2535,-4.303,1.1632,0.2976,0.2865,0.548,0.3542,0,0,0,266.0748,3.5271,0.2225,-3.4365,0.0416,0.9152,0,0,0,0,B0,42
COc1cc(NC(=O)c2ccc(/C=C(\C#N)C(=O)O)s2)ccc1C(=O)c1ccccc1,1,0.5735,0.5833,0.4265,0.4167,2.404,445.5011,60.7906,4.3526,0.3167,0.1402,0.1654,-6.9104,0.8132,0.5743,0.381,0.1053,0.2272,0,0,0,415.1378,4.3688,0.0069,-6.3511,0.1689,0.0065,0,1,0,0,B0,42
CCC=CCCOC(C#N)C#N,1,0.8095,0.4839,0.1905,0.5161,3.7364,429.7395,155.8061,3.1788,0.7514,0.1264,0.1325,-5.3863,0.7544,0.3717,0.3821,0.4189,0.3321,0,1,0,411.7189,2.6183,0.1374,-6.0741,0.1324,0.1417,0,1,0,0,B0,42
CC(C)(C)c1cc(C2OC[C@H]3OC(O)[C@H](O)[C@@H](O)[C@@H]3O2)cc(C(C)(C)C)c1O,1,0.4222,0.5,0.5778,0.5,4.2182,325.3395,80.4931,3.9064,0.8075,0.2814,0.2537,-6.9567,0.6567,0.5327,0.3812,0.3995,0.3778,1,0,0,299.2568,3.9559,0.2102,-7.0211,0.1114,0.03,0,1,0,0,B0,42
COC(=O)c1ccc(N(c2ccccc2)c2ccccc2)cc1,1,0.4722,0.3793,0.5278,0.6207,1.6746,360.2495,28.784,4.3398,0.2405,0.3613,0.1077,-7.3824,1.017,0.5018,0.3438,0.1091,0.1908,1,0,0,368.4079,4.2212,0.3765,-6.4693,0.0624,0.0037,1,1,1,1,B0,42
COc1ccc(-c2cnc(-c3ccc(N(C)C)cc3)n2C)cc1-c1ccc(C(C)(C)C)cc1,1,0.629,0.6481,0.371,0.3519,2.3838,409.5103,99.3886,4.3286,0.3323,0.3641,0.1213,-6.7479,0.9105,0.4843,0.3756,0.2701,0.3272,1,1,1,384.0019,4.2187,0.3904,-6.0486,0.0934,0.0067,1,1,1,1,B0,42
CCCCCOC(=O)c1cc(C(=O)OC)c2ccc(-c3ccc(Br)c(N(C)C)c3)nn12,1,0.3968,0.6061,0.6032,0.3939,2.7264,334.3509,51.1071,4.1866,0.452,0.4785,0.2012,-6.8525,1.0067,0.5286,0.3809,0.1144,0.216,1,0,0,370.2314,3.9848,0.3816,-5.9931,0.1269,0.0039,1,1,1,1,B0,42
CCCCc1cc(C)c(C(=O)OC)c(O)c1,1,0.6308,0.3889,0.3692,0.6111,1.9926,296.2892,63.4334,3.8682,0.5169,0.3633,0.2973,-6.5439,0.9666,0.4563,0.3609,0.2466,0.2938,1,1,1,295.7341,4.0012,0.2885,-6.5861,0.1489,0.0405,1,1,1,1,B0,42
CCCCN(CCCC)c1ccc(/C=C/c2ccc(-c3ccc(/C=C/c4ccc(N(CCCC)COC)cc4)cc3)cc2)cc1,1,0.2059,0.5526,0.7941,0.4474,2.6312,395.5139,34.1418,4.6814,0.1552,0.5533,0.2625,-6.7434,1.589,0.4481,0.3595,0.1688,0.2505,1,1,1,396.8236,4.7312,0.5124,-6.3618,0.0463,0.0306,1,1,1,1,B0,42
COC(=O)/C=C/C(=O)c1cc(OC)ccn1,1,0.6852,0.5116,0.3148,0.4884,2.3093,325.3766,31.8083,3.9399,0.4381,0.1682,0.1599,-6.2682,1.1004,0.5983,0.3814,0.2582,0.3061,0,0,0,325.3488,3.8908,0.1412,-6.1901,0.5403,0.0193,0,0,0,0,B0,42
Cc1cc(C=CC(=O)c2ccccc2)n2c1C=C1C=CC=[N+]1[B-]2(F)F,1,0.322,0.6842,0.678,0.3158,3.7506,562.8626,5.1797,4.4151,0.4964,0.1955,0.1915,-7.4703,1.2039,0.5531,0.3546,0.2503,0.3217,0,0,0,561.0334,4.536,0.3334,-7.489,0.3995,0.004,0,1,0,0,B0,42
C=C(C)C(=O)OCCOCCOc1ccc2ccc3c(C(=O)OC)ccc4ccc1c2c43,1,0.6667,0.5636,0.3333,0.4364,2.523,377.2847,41.4454,4.3139,0.3777,0.4761,0.2173,-7.0826,0.9242,0.5279,0.3566,0.1156,0.2027,1,0,0,377.439,4.3994,0.4394,-6.5826,0.1452,0.0035,1,1,1,1,B0,42
CC(C)(C)c1cc(C(C)(C)C)c(CCCCCc2ccccc2)cc1O,1,0.6341,0.3243,0.3659,0.6757,2.2507,305.3508,43.8305,4.1427,0.4097,0.4053,0.2675,-7.0632,1.4279,0.316,0.3261,0.3332,0.3369,1,1,1,296.257,4.1141,0.4306,-8.4059,0.0355,0.0095,1,1,1,1,B0,42
CCCCC(CC)COc1cccc(-c2oc(C=CC(=O)OCC)c3ccccc23)c1,1,0.5,0.5588,0.5,0.4412,3.1062,362.1092,57.3621,4.3852,0.2145,0.2922,0.2504,-6.9681,0.9551,0.3702,0.3665,0.0358,0.0924,1,1,1,375.2081,4.3547,0.2835,-6.613,0.0314,0.0035,1,1,1,1,B0,42
Cc1cc(CCCc2[nH]c(-c3ccc(O)cc3)cn3c(=O)c(Cc4ccc(O)cc4)nc2-3)cc(C)c1O,1,0.2951,0.7143,0.7049,0.2857,2.9702,397.7554,56.876,4.2065,0.5185,0.3624,0.2512,-7.1632,1.0121,0.5072,0.4095,0.2029,0.299,1,0,0,391.3072,4.1235,0.3285,-7.3527,0.1869,0.0035,1,1,1,1,B0,42
CO[B-]12NC(c3ccc(C)cc3)=Nc3cccc([n+]31)N=C(c1ccc(C)cc1C(F)(F)F)N2,1,0.537,0.7586,0.463,0.2414,4.2332,425.8763,63.3344,4.5051,0.3258,0.2594,0.1882,-6.9788,0.9238,0.5307,0.3658,0.2278,0.3127,0,0,0,426.0209,4.5736,0.3038,-6.344,0.1083,0.0133,0,1,0,0,B0,42
COc1ccc(C(=O)C(=O)O)cc1,1,0.4839,0.36,0.5161,0.64,1.5724,285.3797,26.9026,3.893,0.4982,0.1882,0.1446,-5.3337,0.6028,0.5418,0.3282,0.2355,0.2788,0,0,0,289.074,3.5992,0.2177,-5.5041,0.2031,0.0173,0,1,0,0,B0,42
COC(=O)c1c(Cl)ccc(N=Nc2ccc(OCCBr)cc2)c1Cl,1,0.566,0.6792,0.434,0.3208,2.5833,426.8309,37.1569,3.538,1.2037,0.758,0.266,-7.0371,0.8769,0.5507,0.3907,0.1339,0.227,0,0,0,401.7219,3.6608,0.6001,-7.326,0.123,0.0046,0,1,0,0,B0,42
CCOC(C)c1ccc(S(=O)(=O)c2ccc(N(c3ccccc3)c3ccccc3C(C)(C)C)cc2)cc1,1,0.2889,0.678,0.7111,0.322,2.9147,400.3437,46.9784,4.2661,0.3126,0.4604,0.193,-7.3818,1.1585,0.3395,0.3624,0.2185,0.3096,1,1,1,375.2319,4.2945,0.541,-8.0839,0.0152,0.0116,1,1,1,1,B0,42
CC1(C)c2ccccc2-c2ccc(N(c3ccc4c(c3)C(C)(C)c3ccccc3-4)c3ccc(O)c(OS(=O)(=O)c4cccc5c4C=CC(=[N+]=[N-])C5=O)c3O)cc21,1,0.6744,0.4167,0.3256,0.5833,3.7965,465.519,98.108,4.3948,0.3263,0.3257,0.2523,-6.9844,1.0008,0.5147,0.401,0.1324,0.2427,0,0,0,498.3672,4.2605,0.2093,-6.4335,0.0458,0.0072,0,1,0,0,B0,42
Cc1cc(C(=O)c2ccccc2)c(O)cc1C(=O)O,1,0.5946,0.2258,0.4054,0.7742,1.8331,321.4933,30.4963,4.1297,0.3234,0.2422,0.202,-7.4332,0.9682,0.4621,0.3561,0.1829,0.258,0,1,0,320.2914,4.0605,0.3081,-7.3407,0.1701,0.0153,1,1,1,1,B0,42
COC(=O)c1cccc2c1-c1cccc3c1B1N(c4ccccc4-3)c3cccc(O)c3-c3ccccc3N12,1,0.5,0.587,0.5,0.413,3.2266,480.2432,124.3702,4.1187,0.5481,0.2929,0.2116,-7.1445,0.9779,0.4528,0.3766,0.1225,0.2238,0,1,0,445.3914,4.3927,0.364,-6.3659,0.1221,0.0051,0,1,0,0,B0,42
CCc1[nH]c(-c2ccc(OC)cc2)nc1-c1cc(Cl)sc1C,1,0.2708,0.7111,0.7292,0.2889,2.5512,333.654,40.4813,4.1008,0.597,0.2583,0.2007,-6.8513,0.9168,0.5681,0.3686,0.2377,0.315,1,0,0,327.6346,4.1082,0.1426,-6.4646,0.1865,0.0133,0,1,0,0,B0,42
CCCCCc1cc(-c2ccc(C)cc2)c(-c2ccccc2)c(C(C)(C)C)c1O,1,0.6977,0.5472,0.3023,0.4528,2.2872,329.2399,33.5903,4.1933,0.3778,0.3576,0.2281,-7.093,1.6148,0.3693,0.3543,0.2705,0.3205,1,1,1,339.7501,4.0171,0.4429,-7.2499,0.0472,0.0092,1,1,1,1,B0,42
Cc1cc(Cl)ccc1-c1cc(-c2nc3cnccn3c2NC(C)(C)C)nn1-c1ccc(O)c(C=CC(=O)O)c1,1,0.4444,0.6914,0.5556,0.3086,3.1381,424.5433,77.8769,4.5436,0.4701,0.2831,0.2021,-7.0758,0.9926,0.4961,0.4174,0.2576,0.3539,0,1,0,430.4936,4.3303,0.2017,-7.1602,0.0283,0.0071,0,1,0,0,B0,42
N#Cc1cc(C(F)(F)F)sc1C(C#N)C#N,1,0.7353,0.7556,0.2647,0.2444,3.6864,302.595,31.1252,3.8209,0.6723,0.2254,0.188,-6.354,1.3213,0.6624,0.3328,0.373,0.3281,0,0,0,300.8142,3.9356,0.2581,-6.803,0.5828,0.0524,1,0,0,0,B0,42
CS(=O)c1nc(CO)cs1,1,0.75,0.5714,0.25,0.4286,3.9495,272.0102,34.8084,3.7269,0.6943,0.2338,0.206,-5.6934,0.3781,0.7187,0.2954,0.5105,0.3209,0,0,0,296.5867,3.6526,0.2612,-5.9229,0.7656,0.9355,0,0,0,0,B0,42
CC(C=Cc1ccc(O)c(O)c1)Cc1ccc(C(C)(C)C)cc1,1,0.6038,0.5,0.3962,0.5,2.7419,344.377,47.1639,4.241,0.4095,0.1805,0.1505,-7.4035,1.0495,0.5765,0.3603,0.3381,0.375,0,0,0,331.2868,4.1278,0.1184,-6.9545,0.2762,0.0092,0,1,0,0,B0,42
CN(C)CCCC1CCCNC1,1,0.7826,0.3333,0.2174,0.6667,2.7186,430.2516,138.1293,3.3107,0.6367,0.2971,0.2605,-5.5144,1.2355,0.2729,0.3399,0.6338,0.292,0,0,0,376.8434,2.7482,0.0623,-4.9128,0.1489,0.9673,0,0,0,0,B0,42
CCOC(=O)CCCCN(C)C,1,0.66,0.32,0.34,0.68,1.7567,450.7728,114.7927,2.9703,0.975,0.214,0.2225,-5.2938,0.8899,0.2844,0.3294,0.2406,0.2689,0,1,0,384.9856,3.1576,0.1431,-5.9247,0.1049,0.0294,0,1,0,0,B0,42
CC(=O)c1c(Cl)c(Cl)c(Cl)c(Cl)c1C(=O)[O-],1,0.7297,0.6429,0.2703,0.3571,3.0913,306.0977,71.5165,3.9719,0.4517,0.1173,0.1604,-6.8745,0.9729,0.669,0.3231,0.4373,0.3327,0,0,0,306.4752,3.7921,0.1203,-6.9194,0.6004,0.5572,0,0,0,0,B0,42
Cc1cc(C(C)(C)C)cc(CCCCCn2c3ccccc3c3cc(N4c5ccccc5Sc5cc(/C=C(\C#N)C(=O)O)ccc54)ccc32)c1O,1,0.2436,0.6207,0.7564,0.3793,3.2268,442.5934,31.3626,4.2705,0.4683,0.2836,0.2138,-7.0197,1.049,0.4626,0.3929,0.1658,0.2927,0,1,0,430.8602,4.4229,0.3009,-7.1648,0.0314,0.0041,0,1,0,0,B0,42
N#CC(=O)N1C(=O)OCC1Cc1ccccc1C(F)(F)F,1,0.6212,0.6944,0.3788,0.3056,3.2398,314.1044,62.7111,3.9538,0.5767,0.4481,0.2508,-7.2326,0.863,0.5176,0.3739,0.2266,0.2828,1,0,0,275.3791,3.8225,0.3972,-6.9162,0.4983,0.0147,0,1,0,0,B0,42
CCCCCCc1ccccc1,1,0.5172,0.1905,0.4828,0.8095,1.2095,271.5325,47.3449,3.9505,0.5187,0.2295,0.2252,-3.7557,1.0418,0.2591,0.2522,0.4707,0.309,0,0,0,273.134,3.8447,0.2264,-3.0738,0.0784,0.8354,0,0,0,0,B0,42
COCCC1=Cc2nc1c(N1C(=O)CCCC1=O)cc1[nH]c(cc1CCOC)c1nc(ccc3[nH]c2cc3CCOC)C(CCC(=O)c2ccccc2)=C1,1,0.1912,0.7125,0.8088,0.2875,5.8273,608.8875,88.6107,4.3747,0.4095,0.3499,0.1839,-6.9305,0.8989,0.315,0.3602,0.1534,0.2698,0,1,0,606.4281,4.4204,0.2985,-6.5788,0.0216,0.0074,0,1,0,0,B0,42
Cc1cc(-[n+]2ccc(/C=C/c3nc4cc(S(=O)(=O)[O-])c(OCCCCCC(=O)O)cc4o3)cc2)cc(C)c1O,1,0.28,0.7262,0.72,0.2738,3.4824,439.9643,93.2389,4.471,0.2817,0.29,0.2526,-6.8944,0.992,0.3242,0.3628,0.1478,0.2659,0,1,0,446.5211,4.2797,0.3442,-6.6556,0.0327,0.0049,0,1,0,0,B0,42
CCCCc1c(C)c([N+](=O)[O-])c(C)c([N+](=O)[O-])c1C(C)(C)C,1,0.7273,0.375,0.2727,0.625,2.8593,341.0311,60.1107,3.5005,0.7358,0.2913,0.3126,-6.8292,0.7509,0.3381,0.3704,0.331,0.3274,0,1,0,354.4765,3.4924,0.2335,-6.8551,0.0605,0.0144,0,1,0,0,B0,42
COOC(=O)C(C#N)=Cc1cccc(-c2ccccc2)c1O,1,0.619,0.4898,0.381,0.5102,2.5072,367.2759,45.3564,4.2686,0.3489,0.0766,0.0726,-7.1113,0.9533,0.5309,0.3609,0.1312,0.2066,0,0,0,357.6691,4.2468,0.1196,-6.3972,0.1049,0.0117,0,1,0,0,B0,42
COC(=O)n1c2ccccc2c2ccccc21,1,0.6,0.5882,0.4,0.4118,1.8341,316.665,25.6133,4.1356,0.2237,0.2936,0.1992,-7.3153,1.191,0.4005,0.345,0.1847,0.274,1,1,1,327.5975,3.9945,0.3222,-6.3544,0.3522,0.0066,1,1,1,1,B0,42
COC(C)=Nc1ccc2c3c(cccc13)C(=O)c1ccccc1-2,1,0.3261,0.6909,0.6739,0.3091,2.4502,460.7988,79.9781,3.9864,0.6246,0.398,0.1718,-6.96,0.962,0.492,0.3718,0.1816,0.2649,0,1,0,479.3624,3.9712,0.305,-5.8778,0.1467,0.0062,0,1,0,0,B0,42
CCCCn1c2ccc(C#Cc3cccc(C=C(Cc4cc(C(C)(C)C)ccc4O)C(=O)O)c3)cc2c2nc3ccccc3nc21,1,0.3026,0.6712,0.6974,0.3288,3.1164,413.4941,53.6019,4.5069,0.3957,0.2362,0.1788,-7.0809,1.0761,0.4175,0.399,0.1566,0.2653,0,1,0,428.5851,4.4135,0.177,-7.291,0.0822,0.0058,0,1,0,0,B0,42
Cc1ccc(-c2ccccc2)cc1,0,0.0,0.5,1.0,0.5,1.0698,277.3777,23.3895,4.178,0.3385,0.2171,0.1323,-4.1824,1.2173,0.3748,0.3238,0.4004,0.349,0,0,0,278.0474,4.2181,0.2671,-3.5236,0.1464,0.0962,0,0,0,0,B0,42
COc1ccc(C#Cc2cccc(Cl)c2)cc1,1,0.4848,0.6,0.5152,0.4,1.8012,303.4816,23.427,4.1858,0.5356,0.24,0.143,-6.7874,1.3378,0.5902,0.3416,0.3182,0.3412,0,0,0,304.7107,4.4952,0.3371,-6.2181,0.24,0.0968,1,1,1,1,B0,42
COc1cc(C(c2c(C)[nH]c3ccccc23)c2c(C)[nH]c3ccccc23)c(C)cc1OCC(=O)C(C)=CCOC(=O)CC(C)C,1,0.4865,0.6901,0.5135,0.3099,3.2067,422.6282,111.1301,4.3186,0.3882,0.1896,0.1778,-6.7329,0.7917,0.3443,0.3932,0.1071,0.2386,0,1,0,426.3668,4.2568,0.3987,-6.5077,0.0043,0.0049,0,1,0,0,B0,42
CN(C)c1csc(C2=CC(CC=CCl)=[O+][B-](F)(F)O2)c1,1,0.7015,0.8125,0.2985,0.1875,4.6323,375.2186,78.675,4.442,0.5945,0.2573,0.1971,-6.8104,1.2464,0.7029,0.3099,0.3796,0.3403,1,0,0,421.9949,4.0723,0.3079,-6.0763,0.7506,0.0095,0,0,0,0,B0,42
CC1=C(Oc2cnc(/C=C/c3ccc(C#N)cc3)o2)C(=O)C(C)O1,1,0.5574,0.6842,0.4426,0.3158,3.7242,351.8696,57.0614,4.4335,0.2125,0.3117,0.2354,-6.9831,0.8157,0.4961,0.3896,0.2004,0.2949,1,1,1,348.7112,4.3805,0.3399,-6.3672,0.0888,0.0365,1,1,1,1,B0,42
CC(C)(C)c1cc(-c2ccc(O)cc2)cc(C(C)(C)C)c1O,1,0.5185,0.2308,0.4815,0.7692,2.1158,307.2152,37.0122,4.103,0.4066,0.2677,0.1632,-7.3277,1.0414,0.5601,0.337,0.3131,0.3461,1,0,0,300.5613,4.2492,0.2219,-7.2512,0.2592,0.0075,0,1,0,0,B0,42
O=[N+]([O-])c1ccc(NC2CCNCC2)c2nonc12,1,0.4898,0.6111,0.5102,0.3889,2.6863,347.4674,67.9176,4.1347,0.3414,0.166,0.1974,-7.5769,0.8831,0.5912,0.3983,0.2683,0.319,0,0,0,336.9882,3.994,0.1803,-7.3876,0.5606,0.0477,0,0,0,0,B0,42
CC(C)(C)c1ccc(O)c(Cc2ccccc2Cl)c1,1,0.6944,0.2973,0.3056,0.7027,1.9304,283.7352,33.1688,3.9934,0.4294,0.2207,0.2064,-7.4911,1.5483,0.476,0.3736,0.3372,0.3374,0,1,0,276.7933,3.8743,0.3056,-8.0284,0.1173,0.0087,0,1,0,0,B0,42
CC(=O)C1=C2C=CC(C)=[N+]2[B-](F)(F)n2c1cc(Cl)c2C,1,0.6562,0.75,0.3438,0.25,4.2353,432.8184,83.7682,4.533,0.3427,0.3707,0.236,-7.1682,1.0696,0.5561,0.3646,0.3305,0.3376,0,0,0,436.9083,4.3559,0.4037,-7.1539,0.2842,0.0076,0,1,0,0,B0,42
COc1cc(C=C(C#N)C(=O)O)c(C)cc1N,1,0.5,0.4894,0.5,0.5106,2.4583,327.3604,31.295,3.6447,1.0523,0.1504,0.1689,-6.9517,0.8564,0.6475,0.3377,0.2957,0.3395,0,0,0,338.6378,3.896,0.248,-6.3441,0.4634,0.016,0,1,0,0,B0,42
COC(=O)c1ccc2c(c1O)-c1sc3cc4c5c(sc4cc3c1[Si]2(C)C)-c1ccccc1[Si]5(C)C,1,0.4167,0.6182,0.5833,0.3818,3.8956,460.0003,109.2381,4.1744,0.3699,0.3263,0.2352,-7.0015,0.9618,0.4604,0.3932,0.1123,0.2215,0,1,0,433.978,4.2358,0.4699,-6.362,0.0418,0.007,0,1,0,0,B0,42
Cc1c(O)c(O)cc(O)c1C(=O)Oc1ccccc1C(F)(F)F,1,0.678,0.5227,0.322,0.4773,2.4434,314.9191,33.0691,4.1867,0.3597,0.3207,0.2644,-7.1246,0.9042,0.5535,0.3676,0.1666,0.2655,1,0,0,312.425,4.2113,0.142,-6.3864,0.1068,0.0115,0,1,0,0,B0,42
C(=NN=Cc1ccco1)NC1CCNCC1,1,0.5918,0.6604,0.4082,0.3396,3.2653,305.3539,75.2153,3.9336,0.4823,0.131,0.1872,-6.8146,0.9906,0.6285,0.3984,0.4234,0.3492,0,0,0,287.117,3.9652,0.202,-7.373,0.7817,0.0992,0,0,0,0,B0,42
CNC1CCCCN1C(=O)c1cc(Cl)c(-c2ccc(C(C)(C)C)cc2)c(Br)c1O,1,0.6901,0.6167,0.3099,0.3833,3.2186,345.3458,98.1078,4.3021,0.3468,0.2427,0.1959,-7.6393,0.9289,0.5744,0.416,0.2697,0.3504,0,0,0,359.3212,4.2863,0.2313,-7.9446,0.4976,0.0075,0,1,0,0,B0,42
COc1ccc(-c2cc(N=Nc3cc(C(C)(C)C)c(O)c(Sc4c(O)c(C(C)(C)C)cc(C(C)(C)C)c4O)c3O)cc(C=O)c2O)cc1,1,0.6885,0.5273,0.3115,0.4727,3.685,452.696,130.5398,4.4196,0.4653,0.242,0.2354,-6.7085,0.8768,0.4041,0.3924,0.1956,0.2912,0,1,0,477.4368,4.4304,0.2873,-6.3179,0.087,0.0071,0,1,0,0,B0,42
O=[N+]([O-])c1ccc2nc(-c3ccc(-c4nc5ccc(-c6ccc(O)cc6O)cc5o4)nc3)oc2c1,1,0.24,0.6667,0.76,0.3333,2.7254,352.433,58.4129,4.3952,0.4788,0.1524,0.1772,-7.3692,0.9779,0.5904,0.4061,0.151,0.2663,0,0,0,369.5666,4.4613,0.0703,-6.9324,0.1602,0.0106,0,1,0,0,B0,42
CC1(C)CC(NC(=O)c2ccccc2)CC(C)(C)N1,0,0.4545,0.0,0.5455,1.0,2.1075,265.8129,49.1752,3.7279,0.6674,0.1622,0.1709,-7.1204,0.6914,0.4824,0.3906,0.2826,0.3375,0,1,0,255.3987,3.6473,0.2495,-7.4247,0.1385,0.0226,0,1,0,0,B0,42
CCCCCCOc1cc(OCCCCCC)c2c(c1)C(C)(C)c1cc(-c3ccccc3C(=O)c3ccc(N(C)Cc4ccccc4)cc3O)ccc1-2,1,0.5872,0.5342,0.4128,0.4658,3.0598,517.1966,114.2732,4.4327,0.4342,0.3459,0.2796,-6.7836,1.1095,0.3857,0.383,0.0639,0.1486,0,1,0,490.9698,4.1514,0.3917,-5.7053,0.0479,0.0033,0,1,0,0,B0,42
CC(C)(C)c1ccccc1N(c1ccccc1)c1ccc(C#N)c(O)c1,1,0.4783,0.5238,0.5217,0.4762,2.3599,380.1115,47.7326,4.2756,0.3773,0.3612,0.2374,-7.3782,1.0691,0.4723,0.352,0.2253,0.3169,1,1,1,376.2545,4.1302,0.293,-7.3883,0.1331,0.0046,1,1,1,1,B0,42
COC(=O)c1cc(C)c(C2=C(c3sc(-c4ccc(OC)cc4)cc3C)C(F)(F)C(F)(F)C2(F)F)s1,1,0.25,0.6458,0.75,0.3542,3.3048,347.607,44.4423,4.4138,0.1916,0.3956,0.2064,-6.9811,0.9403,0.4692,0.3728,0.1424,0.239,1,1,1,356.3767,4.3941,0.3961,-6.5021,0.1141,0.0032,1,1,1,1,B0,42
CC(=O)c1cc(O)cc(-c2ccc(-c3ccc(-c4c(-c5ccccc5)nc5ccccn45)cc3)c(C)c2)c1,1,0.5,0.6452,0.5,0.3548,2.4678,350.662,41.5894,4.4209,0.2791,0.2382,0.2022,-7.2856,1.0569,0.4281,0.3982,0.1176,0.206,0,1,0,370.4401,4.3609,0.349,-7.3287,0.0328,0.0049,1,1,1,1,B0,42
O=C(C=Cc1cc2c3c(c1)CCCN3CCC2)c1cccc(F)c1F,1,0.5469,0.6667,0.4531,0.3333,2.4971,379.6094,57.3766,4.2348,0.547,0.1712,0.1465,-7.4888,1.0983,0.5104,0.3885,0.2384,0.3142,0,0,0,389.7261,4.1879,0.2054,-7.3744,0.5865,0.0114,0,0,0,0,B0,42
CC(=O)c1ccc(C=C2SC(=S)N(CC(=O)O)C2=O)c(O)c1,1,0.4915,0.6531,0.5085,0.3469,2.3901,410.0168,80.7548,4.0931,0.446,0.1121,0.1238,-7.2962,0.8977,0.6598,0.3171,0.1997,0.2976,0,0,0,390.1671,3.9054,0.1447,-7.5462,0.2329,0.015,0,1,0,0,B0,42
CCCN1CCC(O)(C(Cc2cccc(Oc3ccc(C(C)(C)C)c(-c4ccc(OC)cc4)c3)c2)c2ccc(O)cc2)CC1,1,0.7284,0.5556,0.2716,0.4444,3.2872,361.8073,93.144,4.2004,0.5748,0.3473,0.2356,-6.8486,0.9342,0.4119,0.3825,0.1633,0.282,1,1,1,392.3107,4.3498,0.4075,-6.5818,0.039,0.0065,1,1,1,1,B0,42
CCCCC(CC)COc1cc(C)cc(CNC(=O)c2cc(C(=O)Nc3ccccc3)ncn2)c1,1,0.5397,0.6184,0.4603,0.3816,2.8656,325.8561,73.6764,4.1204,0.7369,0.3219,0.2473,-7.02,0.8612,0.4481,0.3986,0.1008,0.2381,1,1,1,380.0989,4.272,0.5054,-6.6813,0.1041,0.0064,1,1,1,1,B0,42
O=C(c1ccccc1)c1ccccc1[Te]c1cnc(-c2ccc(-c3nc4c(F)cccc4s3)cc2)s1,1,0.6515,0.6,0.3485,0.4,2.9682,389.7979,66.44,4.2916,0.5771,0.3259,0.13,-7.1536,1.1107,0.3915,0.3759,0.195,0.2859,1,1,1,353.55,4.0036,0.3815,-7.081,0.092,0.0065,1,1,1,1,B0,42
O=S(=O)(C=Cc1ccc(O)cc1)c1ccc(Cl)cc1,1,0.6,0.5938,0.4,0.4062,2.0352,313.4041,46.2819,4.0469,0.6348,0.0539,0.1017,-7.4037,1.0709,0.7197,0.3308,0.3134,0.3448,0,0,0,302.2841,3.821,0.1326,-7.6069,0.6241,0.0074,0,0,0,0,B0,42
COC(=O)c1nc2cc3c(cc2[nH]1)-c1ccccc1C3C,1,0.42,0.6481,0.58,0.3519,2.9656,345.7409,48.2612,3.9853,0.2908,0.3763,0.2747,-7.1048,0.878,0.4377,0.3948,0.153,0.2353,1,1,1,326.0188,3.9735,0.3577,-6.3907,0.0514,0.0054,1,1,1,1,B0,42
CC(C)(C)c1cc(Cl)c(C(=O)C#Cc2ccc(C=O)s2)cc1-c1cc(O)cc(F)c1,1,0.6562,0.6269,0.3438,0.3731,3.1853,385.4104,58.2117,4.4523,0.3123,0.1764,0.1574,-7.3979,1.0019,0.588,0.3886,0.2315,0.3326,0,0,0,458.8135,4.5892,0.1829,-7.3654,0.3086,0.0054,0,1,0,0,B0,42
CCOCC(C)(C)c1cc(C(C)(C)C)cc(C)c1O,1,0.7297,0.4,0.2703,0.6,2.5211,267.9839,36.7926,3.6676,0.6731,0.2925,0.2499,-7.0025,0.8391,0.2593,0.3118,0.2603,0.313,0,1,0,290.3072,3.5634,0.2348,-6.7937,0.0092,0.0249,0,1,0,0,B0,42
C/C(=C/C=O)CCc1cc(C)sc1C,1,0.7174,0.6316,0.2826,0.3684,2.8392,285.6465,46.419,3.7613,0.5343,0.1919,0.169,-4.7474,1.4742,0.4692,0.3721,0.3613,0.3169,0,0,0,329.9325,3.7152,0.0685,-4.7075,0.3434,0.4312,0,0,0,0,B0,42
CCc1ccc(C(=O)c2ccccc2C)c(O)c1,1,0.6585,0.3333,0.3415,0.6667,1.7644,307.9687,29.5766,4.0536,0.4084,0.3114,0.2374,-7.4456,1.0268,0.4585,0.3615,0.1651,0.2752,1,1,1,309.7089,4.0604,0.2216,-7.1667,0.1863,0.0041,0,1,0,0,B0,42
CCCCC(CC)Cc1c(C(C#N)C#N)cc(C(C)(C)C)c(O)c1O,1,0.716,0.4255,0.284,0.5745,3.6563,338.8051,80.834,3.5042,0.724,0.339,0.2663,-6.9002,0.7931,0.4118,0.3853,0.2567,0.3379,0,1,0,356.3891,3.7581,0.1513,-7.1779,0.0777,0.0073,0,1,0,0,B0,42
CCCCCCOC(=O)C(=Cc1ccc(OC)cc1)C(=O)OCCc1ccc2c(c1)oc(=O)c1c(=O)oc3cc(Br)ccc3c12,1,0.6111,0.4375,0.3889,0.5625,3.0165,476.1906,92.8509,4.5602,0.257,0.2123,0.1862,-6.6813,0.8821,0.3188,0.3584,0.1043,0.2157,0,1,0,457.879,4.3627,0.3084,-6.5267,0.0428,0.0028,0,1,0,0,B0,42
CN1c2ccccc2CCc2ccc(O)cc21,1,0.3214,0.6667,0.6786,0.3333,2.0207,311.3709,30.4335,4.1156,0.5053,0.206,0.1813,-7.4951,1.2303,0.4937,0.359,0.3187,0.3123,0,1,0,306.1138,3.9411,0.1336,-7.4931,0.6162,0.0173,0,0,0,0,B0,42
COc1ccc(C(=Cc2ccc(C=Cc3cc(OC)c(OC)cc3Cl)cc2)c2ccc(OC)cc2)cc1,1,0.4468,0.62,0.5532,0.38,2.3207,363.6777,32.8264,4.5304,0.2404,0.3101,0.1903,-6.7544,0.9027,0.5565,0.3788,0.1542,0.241,1,0,0,372.7334,4.5174,0.3094,-6.3053,0.0978,0.0041,1,1,1,1,B0,42
CCCCc1cc(C(=O)NCCCCCC(=O)O)cc(C(=O)O)c1-c1c2ccc(CCC)cc2[o+]c2cc(N(CC)CCCS(=O)(=O)[O-])ccc12,1,0.2857,0.6989,0.7143,0.3011,3.6442,559.2646,64.4784,4.5459,0.4738,0.3848,0.2496,-6.9414,1.0384,0.5065,0.4311,0.1671,0.2865,0,0,0,544.6896,4.3617,0.4584,-7.0757,0.2848,0.0061,0,1,0,0,B0,42
O=C(CCCN=Nc1ccc(F)[nH]1)c1ccc(CN2CCC3(CC2)OCCO3)cc1,1,0.7167,0.4545,0.2833,0.5455,3.6603,414.2404,40.26,4.2144,0.3936,0.5065,0.3116,-7.2852,0.9985,0.4845,0.4181,0.2031,0.2921,1,1,1,399.6222,4.2127,0.3176,-7.5364,0.0735,0.0078,1,1,1,1,B0,42
CC(C)=Cc1cccc2c3ccccc3n3c4ccc(F)cc4nc3c12,1,0.5455,0.746,0.4545,0.254,2.4634,385.1463,49.5013,4.1743,0.54,0.2223,0.2218,-7.1992,1.4809,0.4868,0.3724,0.2447,0.315,0,1,0,417.0565,3.8536,0.3842,-7.5638,0.1866,0.0158,1,1,1,1,B0,42
COc1ccc(/C=C/C(=O)c2c(O)cc(OC)c(OC)c2CC(=O)CO)cc1OC,1,0.6415,0.4259,0.3585,0.5741,2.626,330.2622,46.0866,4.2248,0.4212,0.2176,0.1573,-6.9598,0.8152,0.5791,0.3698,0.1414,0.2544,0,0,0,365.1916,4.246,0.1956,-6.6649,0.6479,0.01,0,0,0,0,B0,42
CC(=O)c1cc(-c2ccc(C(C)(C)C)cc2)n2c3c(c(-c4cccc(C(C)(C)CC(C)(C)C)c4)c2c1)CN(CCNC(=O)OC(C)(C)C)C3=O,1,0.4146,0.7083,0.5854,0.2917,3.3822,466.3856,82.4488,4.1853,0.5221,0.3695,0.2375,-6.9559,0.9284,0.4752,0.3867,0.1434,0.2485,0,1,0,449.7716,4.3087,0.4526,-6.5886,0.1,0.006,0,1,0,0,B0,42
CC1(C)COC(CCCCCO)OC1,1,0.7241,0.6897,0.2759,0.3103,2.779,413.6248,124.1738,3.3571,0.8668,0.259,0.2548,-4.9272,1.0487,0.3441,0.3579,0.5132,0.3392,0,0,0,384.7648,3.1707,0.173,-4.8894,0.0988,0.6521,0,0,0,0,B0,42
COc1ccc(S(N)(=O)=O)cc1,1,0.4615,0.5357,0.5385,0.4643,1.4243,269.7249,42.7267,3.6566,0.5479,0.2189,0.1814,-5.6416,0.5429,0.6778,0.2982,0.3155,0.3158,0,0,0,286.9684,3.5874,0.2945,-6.0148,0.3743,0.2075,0,1,0,0,B0,42
CC(C)(C)c1cccc(CC=O)c1,1,0.68,0.5625,0.32,0.4375,2.0472,281.3004,25.8743,3.4562,0.5391,0.2087,0.171,-4.8486,0.8519,0.373,0.3014,0.4594,0.3495,0,0,0,289.9768,3.5725,0.2824,-4.7295,0.0598,0.8682,0,0,0,0,B0,42
CC(C)P(=O)(c1ccccc1)c1ccc(-c2cccc(-n3c4ccccc4c4ccccc43)c2)cc1,1,0.2381,0.7258,0.7619,0.2742,2.9376,335.3178,35.0929,4.2341,0.6918,0.4276,0.1458,-7.4688,1.2086,0.4856,0.3703,0.2529,0.3416,1,1,1,323.2436,4.324,0.4689,-7.2998,0.1495,0.0176,1,1,1,1,B0,42
Cc1cc(C)c(Cc2cc(-c3ccc(C=O)n3C)c(O)c(C(C)(C)C)c2)c(C)c1,1,0.6842,0.4255,0.3158,0.5745,2.8899,354.6404,45.5604,4.061,0.7836,0.3358,0.2732,-7.4736,1.071,0.4437,0.3805,0.3106,0.3647,1,1,1,363.1112,4.2519,0.3138,-7.1135,0.0884,0.0058,1,1,1,1,B0,42
COc1cc(OC)c(NS(=O)(=O)c2ccc(N)cc2)c(O)c1C,1,0.5532,0.5682,0.4468,0.4318,2.2795,302.6339,35.7155,4.0546,0.417,0.2101,0.2537,-6.7894,0.8009,0.7318,0.325,0.192,0.2825,0,0,0,329.5596,4.0391,0.2836,-6.2982,0.5824,0.0068,1,0,0,0,B0,42
CC(=O)OC(C)(C)CCC=Nc1ccc(C(=O)O)c(F)c1,1,0.7213,0.58,0.2787,0.42,2.8896,328.7164,45.1438,3.7355,0.7774,0.3493,0.3185,-7.1049,0.8344,0.3688,0.3929,0.1836,0.2951,0,1,0,313.0126,3.8265,0.3715,-6.5907,0.0534,0.013,1,1,1,1,B0,42
CCCCCC=C(C)CCC=C(C)C,1,0.7037,0.4074,0.2963,0.5926,2.3597,206.1773,92.0235,3.8094,0.8561,0.1841,0.203,-4.2672,1.5447,0.2472,0.2613,0.3709,0.3216,0,0,0,270.3743,4.1145,0.1353,-4.5959,0.0466,0.1076,0,0,0,0,B0,42
COc1ccc(-c2ccc3c4c(cccc24)-c2c(C#N)c(N4CCCCC4)cc(-c4cc(O)cc(C#N)c4)c2-3)cc1,1,0.3846,0.6528,0.6154,0.3472,2.8934,514.3234,134.9404,4.2591,0.4092,0.3008,0.1952,-7.1477,1.1259,0.4998,0.3802,0.1378,0.2379,0,1,0,433.94,4.3287,0.2689,-6.7795,0.0425,0.009,0,1,0,0,B0,42
CCCCCCCCCN(CCOC(=O)c1ccccc1)c1ccc(C(C#N)=C(C#N)C(=O)OCC)cc1,1,0.5652,0.1296,0.4348,0.8704,2.7472,449.339,78.3027,4.459,0.3047,0.4063,0.2279,-6.8586,1.0343,0.4174,0.3979,0.068,0.1435,0,1,0,427.9896,4.4407,0.2917,-6.3542,0.0397,0.0031,0,1,0,0,B0,42
COC(=O)c1c(C(=O)OC)c2ccc(O)nn2c1C(=O)C(=O)c1cnn(-c2ccccc2)c1,1,0.5806,0.5781,0.4194,0.4219,2.9656,369.0196,55.6349,4.3046,0.3471,0.1812,0.1345,-7.0125,0.9185,0.5534,0.3917,0.1638,0.2667,0,0,0,354.2495,4.1709,0.242,-5.9377,0.2544,0.01,0,1,0,0,B0,42
CCCCc1cc(C(=O)CCC)c2ccc3c(Cc4cc(C)cc(C(c5ccco5)c5cc(C)cc(C(C)(C)C)c5O)c4O)cc(Cl)c4ccc1c2c43,1,0.5974,0.5211,0.4026,0.4789,3.9671,472.4554,88.1292,4.3732,0.4385,0.2927,0.2727,-6.9554,1.0035,0.4119,0.4126,0.2072,0.3203,0,1,0,459.1689,4.3466,0.2381,-6.8361,0.0152,0.0052,0,1,0,0,B0,42
CCCCCCNC(=O)c1ccc(C=C(C#N)C(=O)O)s1,1,0.4444,0.6786,0.5556,0.3214,2.4281,349.9936,43.7676,3.965,0.4254,0.1021,0.1151,-7.1225,0.8883,0.592,0.3954,0.2124,0.3074,0,0,0,403.5049,3.6373,0.089,-7.4458,0.4302,0.0291,0,1,0,0,B0,42
O=C(O)c1ccccc1C=Cc1c2ccccc2c(-c2ccc(N(c3ccccc3)c3ccccc3)cc2)c2ccccc12,1,0.4545,0.6078,0.5455,0.3922,2.4849,478.912,104.8602,4.4077,0.3769,0.2169,0.1732,-7.2116,1.12,0.3682,0.3494,0.1888,0.2773,0,1,0,474.615,4.3305,0.2535,-7.4405,0.0655,0.0059,0,1,0,0,B0,42
Cc1c(C2CC2)cc(C(C)(C)C)c(O)c1Cc1c(C)c(C(C)(C)C)cc(C(C)(C)C)c1O,1,0.725,0.2941,0.275,0.7059,3.1442,320.739,52.7182,4.1991,0.4716,0.3078,0.2083,-7.1279,0.8649,0.3382,0.3634,0.3356,0.3622,1,1,1,329.2699,4.2467,0.2922,-6.563,0.0186,0.0068,1,1,1,1,B0,42
CN(C(=O)Oc1ccc2c(=O)c3ccc(N4CCCCC4)cc3oc2c1)C1CCCNC1,1,0.5,0.6154,0.5,0.3846,3.0575,415.9988,111.4292,4.676,0.4153,0.4941,0.2801,-7.3966,1.05,0.4625,0.3953,0.1756,0.2877,1,1,1,449.6084,4.8528,0.4715,-6.5939,0.4075,0.0097,0,1,0,0,B0,42
Cc1c(COS(=O)(=O)[O-])n2c(OCC(=O)c3ccccc3Br)c(C)c(=O)n2c1=O,1,0.2679,0.6719,0.7321,0.3281,3.4969,351.1812,65.6967,4.0746,0.4625,0.615,0.2683,-7.0489,0.8309,0.5265,0.3778,0.1863,0.2614,1,0,0,330.9816,3.7132,0.5425,-6.8044,0.5668,0.0145,0,0,0,0,B0,42
CCCCn1c(-c2sc(Cc3ccccc3)cc2Cl)nc2c3cccnc3c3ncccc3c21,1,0.4308,0.7188,0.5692,0.2812,2.8119,359.7313,37.0588,4.0257,0.6845,0.4338,0.1754,-7.0972,1.0648,0.474,0.4164,0.2245,0.2873,1,1,1,354.9079,4.2646,0.4544,-7.2464,0.0886,0.0093,1,1,1,1,B0,42
Oc1c(O)c(O)c(-c2c(F)cccc2F)c(O)c1O,1,0.619,0.625,0.381,0.375,2.5168,308.9705,33.3709,4.1093,0.2662,0.3994,0.3145,-7.3327,1.0481,0.7495,0.2824,0.3304,0.3363,1,0,0,311.4965,4.038,0.4816,-7.2572,0.4581,0.0126,1,1,1,1,B0,42
COOc1ccc(C2=C3C(C)=C(I)C(C)=[N+]3[B-](F)(F)n3c(C)c(I)c(C)c32)c(-c2ccccc2)c1,1,0.381,0.7808,0.619,0.2192,3.7943,554.9369,35.9447,4.6315,0.2852,0.3233,0.1802,-7.0144,1.23,0.4633,0.3712,0.2398,0.323,0,1,0,575.4138,4.4799,0.4523,-6.462,0.1049,0.0088,0,1,0,0,B0,42
Nc1ccc2c(c1)c1ccc3cccc4c5cc(OCOC6CCNCC6)cc6oc(=O)c2c(c65)c1c34,1,0.3538,0.6957,0.6462,0.3043,3.0001,476.4685,114.7262,4.3324,0.2901,0.4615,0.2897,-7.2552,0.8764,0.4675,0.4018,0.1969,0.2818,0,1,0,434.87,4.3613,0.4458,-6.6484,0.0922,0.0114,0,1,0,0,B0,42
O=C(c1cnn(-c2ccc(-c3c4ccccc4c(-c4ccccc4)c4ccccc34)c3ccccc23)c1)c1cc(F)ccc1O,1,0.6604,0.375,0.3396,0.625,2.6452,455.1109,124.7013,4.4353,0.6444,0.2374,0.1761,-7.2147,1.0969,0.4306,0.3993,0.1519,0.2486,0,1,0,489.9584,4.4834,0.2956,-7.4603,0.0864,0.0059,0,1,0,0,B0,42
C=C(C)C(=O)NCc1cc(-c2ccc(I)cc2CCCC)c(O)c(C(C)(C)C)c1,1,0.7391,0.4151,0.2609,0.5849,2.6888,353.5728,94.3686,4.2235,0.4093,0.4065,0.278,-7.4846,1.2064,0.5418,0.4101,0.2323,0.3405,1,0,0,362.0085,4.2491,0.5177,-7.7675,0.1114,0.005,1,1,1,1,B0,42
CCOC(=O)P(=O)(c1ccccc1)c1ccc(P(=O)(c2ccccc2)c2cccc(F)c2)nn1,1,0.5556,0.625,0.4444,0.375,3.9846,433.0797,77.1645,4.429,0.3434,0.4187,0.1798,-7.2281,1.0131,0.5113,0.383,0.1084,0.2288,0,0,0,410.6292,4.0485,0.3459,-6.641,0.1369,0.0036,1,1,1,1,B0,42
CC1(C)OC1c1cccc(Cl)c1,1,0.6857,0.6571,0.3143,0.3429,2.6155,266.5678,26.9107,3.761,0.5147,0.1378,0.148,-4.1203,1.2471,0.4197,0.3653,0.5505,0.3195,0,0,0,279.0781,3.8533,0.2058,-3.3648,0.0534,0.9513,0,0,0,0,B0,42
CC(C)c1ccc2c(c1)c1ccccc1n2-c1ccc(C(F)(F)F)cc1,1,0.451,0.7308,0.549,0.2692,2.0174,339.2888,21.6187,4.2427,0.1693,0.4103,0.1794,-7.1888,1.4767,0.4425,0.3679,0.3933,0.3567,1,1,1,319.5235,4.2608,0.4381,-6.8895,0.1509,0.0552,1,1,1,1,B0,42
CC(C)(C)c1ccc(-c2cc(OCC(=O)NC3CC3)ccc2-c2cccs2)cc1,1,0.7042,0.5806,0.2958,0.4194,2.1892,333.8504,36.0741,4.3786,0.3504,0.2532,0.1761,-7.2309,0.9095,0.3798,0.372,0.1465,0.2565,1,1,1,327.9628,4.2913,0.1648,-6.4823,0.0336,0.0038,0,1,0,0,B0,42
O=C1c2ccccc2-c2ccc(CCS)c3cccc1c23,1,0.45,0.6304,0.55,0.3696,2.2507,387.1482,61.0347,4.0058,0.4861,0.3615,0.2787,-7.2932,1.541,0.6095,0.3665,0.2621,0.2872,1,0,0,378.4298,3.9322,0.3289,-7.3412,0.6688,0.0403,1,0,0,0,B0,42
NC(=O)Cc1c2c([o+]c3c1Cc1cc(N)cc(Cl)c1-3)-c1ccc(N)cc1C2,1,0.5472,0.7458,0.4528,0.2542,3.4976,450.661,111.4663,4.1696,0.4642,0.45,0.2833,-7.3445,0.8886,0.5825,0.4028,0.204,0.3033,0,0,0,461.0956,4.3014,0.5088,-7.5201,0.339,0.0062,0,1,0,0,B0,42
COc1cc(C(=O)c2c(-c3ccccc3)cc(C)c3ccccc23)ccc1O,1,0.6727,0.4583,0.3273,0.5417,2.0273,338.12,43.8781,4.1661,0.3489,0.2553,0.1915,-6.974,0.8628,0.5144,0.3715,0.0884,0.1696,1,0,0,346.7018,4.1234,0.2492,-6.3386,0.1241,0.005,0,1,0,0,B0,42
Cc1ccc(N=Nc2ccc(O)c(C=Nc3ccc(-c4ccc(C)cc4)cc3)c2)cc1,1,0.25,0.6585,0.75,0.3415,2.4515,415.5198,38.5741,4.2154,0.6646,0.192,0.1586,-7.3267,1.0331,0.5195,0.3987,0.2567,0.318,0,0,0,405.362,4.4986,0.2469,-7.3259,0.0868,0.0053,0,1,0,0,B0,42
COC(=O)c1cc(-c2cccc(F)c2)ccc1O,1,0.5833,0.3143,0.4167,0.6857,1.7281,338.9611,50.2242,4.2118,0.2215,0.2261,0.2005,-7.1834,0.9466,0.5131,0.3725,0.1169,0.2202,0,0,0,325.1275,4.2205,0.3268,-6.3064,0.1624,0.008,1,1,1,1,B0,42
C=CCc1ccccc1C(=O)c1ccccc1,1,0.6111,0.2353,0.3889,0.7647,1.7441,327.6911,37.1616,4.0352,0.5914,0.1282,0.1914,-7.2636,1.5958,0.367,0.3389,0.2504,0.2715,0,1,0,306.8671,4.1102,0.1209,-7.3256,0.1424,0.0352,0,1,0,0,B0,42
CN(C)c1ccc(-c2nc3cc4c(C(=O)c5ccc(O)cc5O)cc(=O)oc4cc3o2)cc1C(C)(C)C,1,0.5753,0.5867,0.4247,0.4133,2.9361,391.2215,65.4121,4.3325,0.4146,0.2764,0.2045,-7.3361,1.0581,0.5221,0.3915,0.2059,0.3278,1,0,0,417.903,4.3694,0.0742,-6.0522,0.1287,0.0073,0,1,0,0,B0,42
CC(=CCOC(=O)c1cccc(N(C)C)c1)c1ccc2c(c1)OCO2,1,0.6727,0.5769,0.3273,0.4231,2.3432,407.3977,55.673,4.2847,0.3793,0.2863,0.199,-6.9992,0.9436,0.4037,0.3818,0.0875,0.1742,1,1,1,406.487,4.3413,0.2677,-5.8163,0.0163,0.0034,1,1,1,1,B0,42
O=C(Nc1ccc([N+](=O)[O-])cc1)c1cc(CO)ccc1O,1,0.5909,0.3478,0.4091,0.6522,1.8646,323.0992,37.759,3.9299,0.3965,0.1793,0.263,-7.4618,0.9945,0.8086,0.2749,0.198,0.3076,0,0,0,310.4971,3.941,0.081,-7.3239,0.567,0.0174,0,0,0,0,B0,42
COc1ccc(C(=O)ON2CCCC2)cc1O,1,0.6379,0.3784,0.3621,0.6216,2.2433,350.5393,92.9721,4.0355,0.3568,0.2873,0.2407,-7.2123,0.9464,0.5808,0.3335,0.2139,0.2947,1,0,0,302.919,3.9196,0.3225,-6.9579,0.4875,0.031,1,1,1,1,B0,42
CCCC(=O)C1OC1c1ccccc1C(=O)OC,1,0.5278,0.5455,0.4722,0.4545,3.0991,324.702,85.7374,3.8298,0.3403,0.3083,0.2201,-7.0478,0.6887,0.4107,0.3684,0.1715,0.2527,1,1,1,307.8498,3.7796,0.2942,-6.5504,0.079,0.0114,0,1,0,0,B0,42
CCN1c2cc(C#N)n(C#N)c2N=C(C(O)Cc2nc(C#N)c(C#N)nc2Nc2c(O)c(C(C)(C)C)cc(C(C)(C)C)c2O)C1C,1,0.2857,0.7368,0.7143,0.2632,5.0526,359.7436,83.4682,4.1125,0.4537,0.3765,0.3015,-7.0574,0.9758,0.4447,0.4088,0.249,0.3385,1,1,1,429.5246,4.2918,0.2969,-7.0819,0.1126,0.0084,0,1,0,0,B0,42
CC(C)(C)c1ccc(/C=c2\o/c(=C\c3ccccc3O)c3ccccc23)cc1Cl,1,0.5192,0.6429,0.4808,0.3571,2.8895,354.2332,25.2412,4.3015,0.4035,0.1495,0.1387,-7.4714,1.0227,0.5218,0.3749,0.2798,0.3469,0,0,0,377.3534,4.1599,0.219,-7.4808,0.1263,0.0041,0,1,0,0,B0,42
N#CC(=CC=Cc1ccccc1)C(=O)OC=O,1,0.52,0.3,0.48,0.7,2.758,334.2517,42.2167,4.185,0.4136,0.0491,0.055,-7.1309,0.9255,0.446,0.3761,0.2505,0.3021,0,1,0,351.1472,4.0179,0.1186,-6.3445,0.1378,0.0195,0,1,0,0,B0,42
CC/C=C\CCOCCCN1/C(=C/C=C/C=C/C2=[N+](CCOC)c3ccc(S(=O)(=O)[O-])cc3C2(C)C)C(C)(C)c2cc(S(=O)(=O)O)ccc21,1,0.253,0.7875,0.747,0.2125,3.905,672.7465,49.118,5.3433,0.1095,0.3232,0.1541,-6.6576,1.0675,0.33,0.3893,0.1286,0.2466,0,1,0,688.5872,5.2261,0.2273,-5.8114,0.0176,0.0057,0,1,0,0,B0,42
CC(C)(C)C(=O)c1cc(N)cc(N)c1,1,0.6552,0.5484,0.3448,0.4516,2.372,286.2274,33.9729,3.8557,0.4979,0.2249,0.2016,-5.2892,0.6223,0.6382,0.3178,0.351,0.3496,0,0,0,292.4591,3.7716,0.2817,-4.8742,0.2884,0.0133,0,0,0,0,B0,42
COc1cc(C=C(C#Cc2ccccc2)C#Cc2cccc(N(C)C)c2)c(OC)cc1C=C(C#CNC(=N)Nc1ccccc1C)C#Cc1ccccc1,1,0.4828,0.6923,0.5172,0.3077,3.8064,418.9812,94.0163,4.473,0.2571,0.2969,0.2163,-6.6462,0.9419,0.4603,0.4032,0.1398,0.2274,1,1,1,460.5448,4.491,0.3151,-7.1956,0.1977,0.0053,0,1,0,0,B0,42
COc1ccc(-c2cc(O)cc(-c3cccc(C(C)=O)c3)c2)cc1,1,0.5714,0.2105,0.4286,0.7895,1.8432,326.555,19.5864,4.1976,0.2642,0.2285,0.155,-7.035,0.9328,0.4519,0.365,0.1061,0.1865,0,1,0,321.272,4.1154,0.1822,-6.3647,0.0255,0.0052,0,1,0,0,B0,42
C[N+](C)=c1ccc2c(-c3ccccc3CC(C)(C)C)c3ccc4cc(N)ccc4c3oc-2c1,1,0.322,0.7857,0.678,0.2143,2.9248,547.4431,82.8035,4.4014,0.2685,0.3773,0.2354,-7.3358,1.0586,0.4429,0.3924,0.2142,0.2901,0,1,0,525.815,4.4421,0.2981,-6.0693,0.2043,0.0084,0,1,0,0,B0,42
CCCC(=O)c1c(O)c(C)c(O)c(Cc2c(O)c(C(=O)Cc3sc(C4=CCC(C)CC4)cc3-c3ccccc3)c(O)c(C)c2OC)c1O,1,0.7195,0.5143,0.2805,0.4857,4.0547,468.1621,86.8376,4.4197,0.3886,0.3994,0.2568,-6.9131,0.9318,0.3389,0.3748,0.1075,0.2281,0,1,0,448.637,4.5036,0.2635,-6.6432,0.0487,0.0064,0,1,0,0,B0,42
CC1=N/C(=C\c2ccccc2COc2ccc(C(=O)c3ccccc3)c(O)c2)C(=O)N1C,1,0.5645,0.4915,0.4355,0.5085,2.548,375.5256,44.9162,4.3046,0.3144,0.2015,0.1907,-7.1582,0.9576,0.4157,0.3673,0.1042,0.2014,0,1,0,392.9946,4.3688,0.2089,-6.5981,0.0373,0.0047,0,1,0,0,B0,42
COc1ccc2c3c(c4ccc(C=O)cc4c2c1)C1(c2ccccc2-c2ccccc21)c1ccc(C#N)cc1-3,1,0.3889,0.6667,0.6111,0.3333,3.2214,390.9007,62.4608,4.0548,0.462,0.2552,0.2179,-6.7914,0.9227,0.5349,0.3599,0.1452,0.2406,1,0,0,425.3803,3.9948,0.2656,-6.3388,0.0624,0.0174,0,1,0,0,B0,42
Nc1c(-c2cc(C(=O)c3ccccc3Cl)c(O)c3ccccc23)c(=O)[nH]c2nc3ccccc3n12,1,0.5972,0.6034,0.4028,0.3966,2.7722,441.8781,111.9035,4.3372,0.3282,0.2504,0.2138,-7.6253,1.0221,0.6146,0.3808,0.1981,0.2932,0,0,0,407.392,4.1917,0.2938,-8.0877,0.4015,0.006,1,1,1,1,B0,42
O=C1CC2CCCC(CCCCO)(C1)N2,1,0.7895,0.2564,0.2105,0.7436,4.9224,442.0074,137.3433,3.4076,0.8795,0.2546,0.2576,-5.846,1.3079,0.3603,0.3848,0.5181,0.3365,0,0,0,401.4678,3.6024,0.264,-6.1882,0.0443,0.939,0,0,0,0,B0,42
CCC1=C(CC)C(C)=[N+]2C1=Cc1c(C)c3cc4c(cc3n1[B-]2(F)F)=[N+]1C(=Cc2c(-c3ccccc3)c(CC)c(C)n2[B-]1(F)F)C=4C,1,0.2121,0.8025,0.7879,0.1975,4.6634,709.5675,99.3646,5.0429,0.2075,0.4962,0.2283,-6.9831,1.5367,0.4733,0.3899,0.2947,0.337,0,1,0,690.4782,4.949,0.4944,-7.3801,0.2018,0.0336,0,1,0,0,B0,42
CCc1ccccc1-c1ccccc1,1,0.4286,0.5862,0.5714,0.4138,1.2921,294.1164,43.2035,4.0642,0.4895,0.1587,0.1988,-4.183,1.1644,0.4196,0.3304,0.3522,0.3321,0,0,0,286.4952,4.2921,0.2492,-3.3166,0.1955,0.0703,0,0,0,0,B0,42
O=C(Cc1ccccc1)CN1C(=O)c2cccc3c(-c4ccc(-c5cc(-c6ccccc6)n(-c6ccccc6)n5)s4)ccc(c23)C1=O,1,0.3134,0.7568,0.6866,0.2432,2.7928,415.3636,69.0908,4.426,0.1654,0.3287,0.143,-7.1471,1.0889,0.3857,0.3819,0.185,0.2657,1,1,1,420.396,4.4189,0.3007,-7.5013,0.0684,0.0059,0,1,0,0,B0,42
CCCCc1cc2cc(Nc3nc(NC=NC(=O)c4ccccc4)nc(Nc4ccccc4)n3)cc3ccc4cccc1c4c32,1,0.5424,0.6923,0.4576,0.3077,2.9862,440.0623,71.6736,4.3222,0.4423,0.3278,0.2411,-6.9332,1.0448,0.3728,0.4104,0.1242,0.229,0,1,0,424.7437,4.3424,0.2807,-7.441,0.0432,0.0053,0,1,0,0,B0,42
O=C1CC2CCC(C1)N2CCc1ccc(N(c2ccccc2)c2ccccc2)cc1,1,0.6389,0.5849,0.3611,0.4151,3.6675,377.4698,59.8946,4.3687,0.2486,0.3872,0.1299,-7.7062,1.0445,0.4262,0.352,0.2419,0.2898,1,1,1,356.6046,4.3256,0.4192,-8.7298,0.1718,0.0084,1,1,1,1,B0,42
COC(=O)c1c(C)cc(C=O)c(O)c1C(C)(C)CCCCS(=O)(=O)[O-],1,0.7414,0.6275,0.2586,0.3725,3.2735,421.3838,47.7615,3.8769,0.6798,0.1642,0.1338,-6.7878,0.6613,0.4973,0.4046,0.2586,0.3247,0,1,0,398.7562,3.7024,0.256,-6.7041,0.1881,0.0136,0,1,0,0,B0,42
CCCCC(CC)COc1ccc(C2=C(C=Cc3ccccc3)O[B-](F)(F)[O+]=C2/C=C/c2ccc(OC)cc2)cc1OC,1,0.4328,0.6104,0.5672,0.3896,3.8503,503.7668,57.4456,4.659,0.2489,0.3938,0.1884,-6.6279,0.8002,0.3668,0.3818,0.0897,0.1849,0,1,0,487.1588,4.6599,0.3989,-6.5733,0.1486,0.0093,0,1,0,0,B0,42
Cn1c(-c2ccccc2)c(-c2cc(C(C)(C)C)ccc2O)c2ccccc21,1,0.6038,0.439,0.3962,0.561,2.1446,341.7605,29.67,4.205,0.2895,0.2612,0.1797,-7.522,1.2359,0.5332,0.3668,0.3117,0.342,1,0,0,358.3282,4.0768,0.3132,-7.4503,0.3434,0.004,1,1,1,1,B0,42
COC(=O)c1cccc(OC(C)=O)c1,1,0.5429,0.4242,0.4571,0.5758,1.5969,303.5515,39.6294,3.9217,0.3928,0.3238,0.1903,-5.2788,0.7223,0.4451,0.3713,0.1982,0.2639,1,1,1,288.3206,3.7217,0.2733,-5.191,0.0401,0.0085,0,1,0,0,B0,42
FC(F)(F)C1CCNCC1,1,0.8491,0.6207,0.1509,0.3793,2.5516,459.3401,174.8806,3.3807,0.7123,0.2661,0.2025,-5.4483,1.1864,0.3575,0.3556,0.7365,0.2265,0,0,0,440.3924,3.624,0.3029,-5.0642,0.0824,0.8099,0,0,0,0,B0,42
CC(C)CN(c1ccc(C=C2N=C(c3ccccc3)OC2=O)cc1)c1ccc(C=C2N=C(c3ccccc3)OC2=O)cc1,1,0.2955,0.52,0.7045,0.48,2.8714,436.3584,77.2045,4.5097,0.1856,0.1855,0.1782,-7.0718,1.0546,0.3894,0.3798,0.1821,0.2714,0,1,0,432.1237,4.6006,0.1632,-7.2345,0.0362,0.0146,0,1,0,0,B0,42
CCCCc1ccc2c(c1)[N+](C)=C(c1cc(C)c(O)c(C)c1)C2(C)C,1,0.65,0.62,0.35,0.38,2.8827,475.8067,128.1819,4.1721,0.4677,0.4446,0.2816,-7.3438,1.295,0.4234,0.348,0.3334,0.359,0,1,0,472.4306,4.4305,0.2975,-7.4038,0.1817,0.0042,0,1,0,0,B0,42
COC(OC)C(C)c1cccc(C(F)(F)F)c1C(F)(F)F,1,0.7105,0.6111,0.2895,0.3889,3.3434,267.6157,31.5936,4.009,0.4203,0.1214,0.1763,-6.7428,1.2798,0.3237,0.3452,0.2936,0.315,0,1,0,278.6484,3.9174,0.3165,-6.4571,0.0158,0.0222,0,1,0,0,B0,42
CC(C)Cc1sc(/C=C(\C#N)C(=O)O)cc1F,1,0.5532,0.6545,0.4468,0.3455,3.1297,270.5181,50.6983,3.8535,0.633,0.1994,0.2228,-7.0464,0.7883,0.5328,0.3735,0.3337,0.3573,0,0,0,331.1926,3.8707,0.1203,-7.2345,0.339,0.0536,0,1,0,0,B0,42
O=Cc1ccccc1C(=O)c1ccc(O)c(-c2ccccc2)c1,1,0.6304,0.3889,0.3696,0.6111,1.9533,354.6384,25.7801,4.2936,0.3443,0.098,0.1161,-7.4618,1.048,0.4917,0.3659,0.1801,0.2503,0,1,0,364.8892,4.1215,0.2678,-7.4851,0.159,0.006,1,1,1,1,B0,42
CCCCC(CC)COc1cc(C)c(C)c2c1nc1c(=O)n(C)c(=O)nc-1n2C,1,0.5932,0.6286,0.4068,0.3714,3.3934,367.578,69.207,4.1416,0.3919,0.4232,0.1941,-6.687,0.7044,0.4132,0.3803,0.179,0.2758,1,1,1,358.4646,4.1681,0.4525,-6.6652,0.238,0.0432,1,1,1,1,B0,42
Cc1cc(O)c(C(C)(C)C)cc1-c1ccc2cc([O-])ccc2c1,1,0.6667,0.5405,0.3333,0.4595,2.7437,335.2064,38.5343,4.2536,0.3395,0.2139,0.1561,-7.2283,1.0751,0.445,0.3525,0.3066,0.3505,0,1,0,344.4533,4.4104,0.248,-7.0172,0.0371,0.0053,0,1,0,0,B0,42
COC(=O)c1c(C=COCC2CO2)oc2cc3c(C(=O)OC)c(C=Cc4ccc(C=Cc5ccc(OC)cc5)cc4)oc3cc12,1,0.2692,0.6364,0.7308,0.3636,3.7731,387.8083,69.1387,4.4247,0.344,0.4127,0.2652,-6.8813,0.8715,0.4176,0.3786,0.1403,0.2653,1,1,1,392.9974,4.6243,0.3138,-6.5743,0.1108,0.0052,1,1,1,1,B0,42
CCCc1cc(C)cc(C(C)(C)C)c1O,1,0.6667,0.3,0.3333,0.7,2.1038,282.9178,61.5653,3.619,0.6223,0.3084,0.2596,-5.2751,1.8546,0.2878,0.3137,0.5077,0.3586,0,0,0,334.625,3.702,0.2796,-6.2824,0.0944,0.5281,0,0,0,0,B0,42
COCCOc1ccccc1,1,0.6176,0.4138,0.3824,0.5862,1.2956,268.4632,28.4597,3.5039,0.4489,0.1869,0.1487,-5.1653,0.9558,0.4011,0.3156,0.3415,0.311,0,1,0,275.0649,3.5189,0.2436,-5.1422,0.1074,0.2065,0,1,0,0,B0,42
N#Cc1cc(N)c(C(=O)c2ccc(O)cc2)cc1N,1,0.5161,0.4615,0.4839,0.5385,2.3209,313.5367,38.3031,4.0545,0.3366,0.177,0.1796,-7.4605,1.0036,0.723,0.3166,0.199,0.2707,0,0,0,326.5878,4.169,0.2467,-7.5179,0.7709,0.0092,0,0,0,0,B0,42
Nc1ccc(C=C2CCC(=Cc3ccccc3)C2=O)cc1[N+](=O)[O-],1,0.4324,0.561,0.5676,0.439,2.3974,374.1729,29.5069,4.2827,0.4124,0.1111,0.1325,-7.3394,1.0219,0.6281,0.3788,0.1822,0.2999,0,0,0,378.4326,4.3205,0.1371,-7.3426,0.2103,0.0111,0,1,0,0,B0,42
CCN(CCOC(=O)/C=C/c1ccccc1)c1ccc(/C=C/c2c(N3CCCC3)ccc3ccccc23)cc1,1,0.4857,0.5161,0.5143,0.4839,2.6078,413.7913,54.8611,4.6987,0.2326,0.3421,0.2506,-7.605,1.1142,0.4047,0.39,0.0741,0.1689,1,1,1,428.1107,4.5823,0.3572,-7.3381,0.0343,0.0029,0,1,0,0,B0,42
COC(=O)c1ccccc1C(C)=Cc1ccccc1,1,0.3793,0.4571,0.6207,0.5429,1.8225,323.8942,25.8277,4.1793,0.6611,0.0509,0.0903,-7.3152,1.2078,0.3536,0.3453,0.1301,0.2288,0,1,0,320.2582,4.4513,0.1602,-6.0476,0.1451,0.0037,0,1,0,0,B0,42
COc1cc(C=Cc2ccncc2)c(CC(=O)O)cc1-c1nc2c3cccnc3c3nc(C(F)(F)F)ccc3c2[nH]1,1,0.3333,0.7439,0.6667,0.2561,3.1249,394.3766,64.4569,4.6086,0.3308,0.3914,0.1966,-6.7946,0.8763,0.3688,0.3671,0.1248,0.2295,1,1,1,415.0367,4.525,0.3185,-6.4346,0.048,0.0054,1,1,1,1,B0,42
CCCC(COC(=O)c1ccc(O)cc1)Cn1c(-c2ccc3cccc(O)c3n2)nc2cc(Cl)ccc21,1,0.403,0.5538,0.597,0.4462,3.1192,365.5454,86.4756,4.3307,0.3218,0.4764,0.2538,-7.262,0.8914,0.5726,0.3966,0.11,0.2677,1,0,0,397.3696,4.3896,0.4884,-6.6258,0.0464,0.0045,1,1,1,1,B0,42
COC(=O)c1ccc(N2N=C(c3ccc(Cl)cc3)CC2c2ccco2)cc1CC=C(C)CCC=C(C)C,1,0.519,0.65,0.481,0.35,3.3664,387.712,93.0214,4.3499,0.491,0.29,0.2275,-7.068,0.8696,0.4345,0.4103,0.1541,0.2669,1,1,1,291.21,4.449,0.2712,-7.8602,0.0478,0.0048,1,1,1,1,B0,42
COC(=O)c1cc(O)c(-c2cc(C)c(C3=C(c4sc(-c5ccccc5-c5ccc(C(C)(C)C)cc5)cc4C)C(F)(F)C(F)(F)C3(F)F)s2)c(C(=O)OC)c1,1,0.6094,0.6324,0.3906,0.3676,3.737,458.524,70.5386,4.3082,0.3777,0.2325,0.1754,-6.9006,0.982,0.4726,0.3947,0.1216,0.2204,0,1,0,453.1707,4.2876,0.2827,-6.3003,0.0738,0.0051,0,1,0,0,B0,42
CCN(CC)c1ccc2cc(C(C)=O)c(=O)oc2c1,0,0.0,0.62,1.0,0.38,2.233,367.6568,46.1054,4.2626,0.4176,0.3755,0.2703,-7.4001,0.9949,0.4681,0.3659,0.1852,0.2596,1,1,1,380.0634,4.2908,0.426,-7.4848,0.2914,0.0161,1,1,1,1,B0,42
COC(=O)c1ccc(C(C)(C)C)cn1,1,0.375,0.6053,0.625,0.3947,1.9864,289.0378,53.6326,3.7412,0.6424,0.2038,0.2037,-5.0696,0.4169,0.4827,0.3587,0.2679,0.3217,0,1,0,283.9934,3.4984,0.2397,-4.7371,0.1823,0.0292,0,0,0,0,B0,42
C(=Cc1ccc(-c2nc(-c3ccccc3)c(-c3ccccc3)n2-c2ccccc2)cc1)c1ccccc1,0,0.1579,0.5217,0.8421,0.4783,2.1178,336.3234,16.0352,4.581,0.1949,0.3752,0.2407,-7.2382,1.4823,0.4338,0.3823,0.2434,0.3051,1,1,1,341.3277,4.5391,0.2661,-7.4953,0.164,0.0348,1,1,1,1,B0,42
CC(=O)Sc1cccc(C#N)c1C(=O)c1cc(N=Cc2ccccc2O)ccc1O,1,0.6324,0.6094,0.3676,0.3906,2.8892,359.1676,48.6229,4.3152,0.3387,0.1769,0.1473,-7.438,0.9473,0.5999,0.3793,0.1452,0.2531,0,0,0,363.2763,4.31,0.2586,-7.1997,0.139,0.0086,1,1,1,1,B0,42
CC(C)=CCC/C(C)=C/COCC(N)C(=O)O,1,0.7209,0.4324,0.2791,0.5676,3.1808,332.9448,83.4371,2.7563,1.0204,0.1545,0.171,-6.8951,0.6553,0.307,0.3637,0.3048,0.354,0,1,0,394.1856,2.9829,0.1594,-6.741,0.0542,0.1056,0,1,0,0,B0,42
C=CCCOCCCCCCc1cc(-c2ccc(/C=C(\C#N)C(=O)O)cc2)sc1-c1ccc(N(c2ccccc2)c2ccccc2)cc1,1,0.2464,0.589,0.7536,0.411,3.0127,456.0669,56.8042,4.5182,0.3444,0.1784,0.1582,-6.9677,1.1087,0.3218,0.3716,0.0816,0.1671,0,1,0,434.4229,4.4807,0.2736,-6.3371,0.0184,0.0045,0,1,0,0,B0,42
CCN(c1cc(O)cc(C(C)=O)c1)c1ccc(/N=N/c2ccc([N+](=O)[O-])cc2)cc1OC,1,0.3966,0.6667,0.6034,0.3333,2.8243,441.1129,77.2175,4.6678,0.3344,0.2602,0.2637,-7.0202,0.8262,0.4764,0.3923,0.0927,0.1861,0,1,0,456.5854,4.5642,0.102,-6.5862,0.0253,0.0044,0,1,0,0,B0,42
O=C1C=Cc2ccccc2C1=Nc1ccccc1,1,0.5238,0.7188,0.4762,0.2812,2.1984,330.8675,30.246,3.9865,0.8662,0.2768,0.2428,-7.5341,1.0848,0.6249,0.3133,0.3248,0.3151,1,0,0,359.4782,3.9282,0.3658,-8.0735,0.5121,0.0084,1,0,0,0,B0,42
COC(=O)c1cc(C=CC(O)=C2C(=O)CC(C)(C)CC2=O)ccc1CCc1cc(C(C)(C)C)c(O)c(C(C)(C)C)c1,1,0.5942,0.6615,0.4058,0.3385,3.1102,393.5732,89.1916,4.5091,0.3022,0.3259,0.2489,-6.959,0.9307,0.3885,0.3609,0.1524,0.2884,1,1,1,386.6336,4.6197,0.2293,-6.5694,0.0979,0.0073,0,1,0,0,B0,42
COc1cc(N(C)C)cc2ccc(C(=O)c3cccc(O)c3)cc12,1,0.6,0.4889,0.4,0.5111,2.1541,346.7115,56.6095,4.287,0.3263,0.2086,0.1515,-6.893,0.9373,0.5418,0.3584,0.1194,0.213,0,0,0,361.7074,4.1225,0.1722,-6.0216,0.0765,0.0052,0,1,0,0,B0,42
COc1ccc(N(c2ccccc2)c2cc3ccc4cc(N(C(=O)c5c(OC)cc(O)c(OC)c5O)c5ccccc5)cc5ccc(c2)c3c45)cc1,1,0.46,0.5574,0.54,0.4426,3.1568,428.8078,80.08,4.12,0.4908,0.3001,0.2487,-6.8535,0.9212,0.492,0.3929,0.0733,0.1574,0,1,0,450.9814,4.0825,0.4119,-6.3206,0.059,0.0063,0,1,0,0,B0,42
CCCCc1cccc(CC(C)(C)C)c1,1,0.6316,0.4643,0.3684,0.5357,1.7993,291.375,54.0029,3.8075,0.6658,0.2467,0.2251,-5.5624,1.9699,0.2115,0.2296,0.4762,0.3328,0,1,0,276.8239,3.8496,0.2908,-6.299,0.0303,0.8638,0,0,0,0,B0,42
COc1ccc(C(=O)c2ccccc2)c(O)c1Cc1c(OC)ccc(C(=C(c2ccccc2)c2ccc(C=C(C#N)C#N)cc2)c2ccccc2)c1O,1,0.4545,0.3725,0.5455,0.6275,3.189,414.728,61.3311,4.5255,0.3185,0.3716,0.2007,-6.8511,0.9041,0.3901,0.3707,0.0832,0.1759,1,1,1,429.9695,4.3927,0.1757,-6.6482,0.0322,0.0053,0,1,0,0,B0,42
OCCc1ccc(O)cc1O,1,0.7097,0.6207,0.2903,0.3793,2.0799,270.5222,33.5439,3.8749,0.3776,0.2222,0.1731,-5.7413,0.4066,0.739,0.3039,0.3436,0.3116,0,0,0,254.6484,3.558,0.1448,-5.8624,0.7637,0.067,0,0,0,0,B0,42
CCCCCCc1cccc(O)c1C,1,0.641,0.5135,0.359,0.4865,1.8403,274.797,54.672,3.7343,0.5454,0.2526,0.2546,-3.9634,1.1679,0.2542,0.2445,0.3852,0.3392,0,0,0,277.7158,3.5809,0.1979,-3.3423,0.0355,0.289,0,0,0,0,B0,42
CCCC(=O)C(=O)NC(C)(C)C,1,0.7143,0.56,0.2857,0.44,2.3627,379.3536,100.2748,2.9348,1.0858,0.2709,0.2238,-5.5676,0.7259,0.4299,0.3784,0.5291,0.3349,0,0,0,332.7179,3.0778,0.1624,-5.954,0.0624,0.9437,0,0,0,0,B0,42
C[n+]1cn(Cc2cc(C(C)(C)C)ccc2O)cc1Cl,1,0.7273,0.5111,0.2727,0.4889,3.0982,317.1583,69.2445,4.0247,0.5492,0.2911,0.2636,-7.4864,1.0271,0.5564,0.3598,0.3886,0.3577,1,0,0,306.5162,4.1141,0.3857,-7.4252,0.1925,0.0154,1,1,1,1,B0,42
COc1cc(-c2ccccc2)ccc1C1CCNCC1,1,0.6809,0.4314,0.3191,0.5686,1.8814,311.2077,37.5233,4.2503,0.1876,0.2206,0.1895,-7.0542,0.9588,0.3858,0.3544,0.2444,0.3142,0,1,0,274.0831,4.2694,0.3007,-6.4675,0.0738,0.0227,0,1,0,0,B0,42
Cc1cc(/C=C/c2ccc(O[C@@H]3[C@@H](O)[C@H](O[C@H]4O[C@H](CN)[C@@H](O)[C@H](O)[C@H]4O)[C@@H](N)C[C@H]3N)cc2)n2c1C=C1C=CC=[N+]1[B-]2(F)F,1,0.4458,0.6341,0.5542,0.3659,5.6996,427.0406,125.656,4.7366,0.3906,0.2227,0.1931,-6.9484,0.8964,0.5578,0.3903,0.2538,0.3333,0,0,0,492.4677,4.5882,0.2029,-6.8798,0.4004,0.0423,0,1,0,0,B0,42
CCC[NH+]=c1cc2oc3cc(NCCC(=O)NC(C)C(=O)OC)c4ccccc4c3nc-2cc1C,1,0.1143,0.7683,0.8857,0.2317,3.8003,548.5496,90.0036,4.1382,0.4775,0.3298,0.1102,-6.9708,0.7947,0.4077,0.3912,0.1113,0.2063,0,1,0,547.5104,4.3926,0.3713,-6.6396,0.0186,0.0101,0,1,0,0,B0,42
CC(C)(C)c1cc(Nc2ccccc2O)cc(-c2c(S(=O)(=O)O)cc3cc(S(=O)(=O)O)c(N=Nc4ccc(S(=O)(=O)O)cc4O)c(O)c3c2O)c1O,1,0.4194,0.5714,0.5806,0.4286,3.6752,567.0107,122.8621,3.4661,1.015,0.3165,0.2687,-7.1499,1.0475,0.3797,0.4062,0.2172,0.3121,0,1,0,495.6936,3.2891,0.1635,-7.1765,0.0699,0.0064,0,1,0,0,B0,42
N#C/C(=C\c1cc(-c2cccs2)c(/C=C/c2ccc(N(c3ccccc3)c3ccccc3)cc2)cc1-c1cccs1)c1ccc(O)cc1,1,0.3115,0.6812,0.6885,0.3188,3.0415,421.7842,47.1895,4.5892,0.197,0.3849,0.2318,-7.1465,1.1294,0.455,0.3893,0.1586,0.2446,0,1,0,438.9216,4.6371,0.2381,-7.5224,0.1445,0.0052,0,1,0,0,B0,42
Cc1c(C(=O)C=Cc2cccc(CCCCCCCCCBr)c2)nnn1-c1ccnc2cc(Cl)ccc12,1,0.3243,0.6835,0.6757,0.3165,2.7741,378.6948,75.2221,4.3996,0.4002,0.2179,0.1609,-6.9735,1.0345,0.523,0.4194,0.1998,0.316,0,0,0,301.0918,4.379,0.2228,-7.1757,0.0414,0.0038,0,1,0,0,B0,42
CCCCCCCCOC(=O)c1c(Cl)c(O)c(O)c(O)c1OCC(CC)CCCC,1,0.6889,0.5636,0.3111,0.4364,3.2023,343.5766,76.82,3.7319,0.6505,0.3037,0.2487,-6.8461,0.729,0.4905,0.3954,0.1163,0.2332,0,1,0,362.3318,3.4521,0.1944,-6.7328,0.0586,0.004,0,1,0,0,B0,42
CCn1c2ccccc2c2cc(N3CC(C)(C)CNC3=O)ccc21,1,0.5476,0.6615,0.4524,0.3385,2.5055,396.2303,60.0761,4.2272,0.266,0.3893,0.2509,-7.3708,1.0656,0.5097,0.3673,0.2238,0.316,1,0,0,405.8306,4.3743,0.3414,-7.5002,0.1744,0.013,1,1,1,1,B0,42
CCc1ccc(OC)cc1C,1,0.6053,0.5676,0.3947,0.4324,1.5613,288.4537,51.9936,3.4771,0.4258,0.2891,0.2221,-4.4371,0.8052,0.4369,0.3537,0.4355,0.3359,0,0,0,289.7968,3.6189,0.2689,-3.1464,0.0517,0.7263,0,0,0,0,B0,42
C=C(C)c1ccc(C=Cc2cccs2)cn1,1,0.4318,0.7547,0.5682,0.2453,2.5777,320.0954,54.4305,4.2278,0.3298,0.1153,0.1683,-7.1519,1.607,0.5633,0.3442,0.3052,0.3459,0,0,0,314.6521,4.2745,0.0718,-7.2601,0.3304,0.0341,0,1,0,0,B0,42
CCCCc1cc(O)c(CO)cc1/N=N/c1ccc(-c2cc(C(c3cc(CC)cc(C(C)(C)C)c3O)C3CCCCC3)c(O)c(C(C)(C)C)c2)cc1F,1,0.6585,0.4853,0.3415,0.5147,4.0655,499.199,119.2826,4.511,0.4569,0.3218,0.2775,-7.0701,1.0366,0.3282,0.3794,0.2655,0.3606,0,1,0,517.0394,4.4526,0.2625,-7.0128,0.0177,0.0074,0,1,0,0,B0,42
COc1ccc(-c2cccc(F)c2)cc1,1,0.3704,0.5429,0.6296,0.4571,1.3115,319.3592,56.9556,3.9933,0.4315,0.3043,0.1669,-4.646,1.6196,0.4753,0.3225,0.2813,0.3273,1,0,0,314.58,4.1109,0.4043,-3.4668,0.177,0.0803,1,0,0,0,B0,42
Cc1cccc(N=NO[C@H]2C[C@@H]3CC[C@@]2(C)C3(C)C)c1,1,0.623,0.5778,0.377,0.4222,4.5978,366.8029,53.3201,3.7692,0.9059,0.5115,0.3887,-7.0765,0.7614,0.2848,0.3621,0.2636,0.3111,0,1,0,347.7129,3.745,0.3776,-6.5855,0.0185,0.008,0,1,0,0,B0,42
COC(=O)c1sc(S(C)(=O)=O)nc1C#N,1,0.6935,0.6957,0.3065,0.3043,2.9444,321.6143,85.9895,3.5597,0.8162,0.2334,0.2397,-5.893,0.8544,0.6232,0.3608,0.3485,0.3283,0,0,0,319.7768,3.6868,0.3562,-5.5785,0.8907,0.2678,0,0,0,0,B0,42
CCOC(=O)C=Cc1ccc(N[C@@H]2C[C@H]2NCc2ccc(C)o2)cc1-c1ccc(C(C)(C)C)cc1,1,0.5738,0.6,0.4262,0.4,3.462,460.7795,130.1307,3.774,0.9588,0.316,0.2025,-7.2488,0.8534,0.4122,0.3771,0.1298,0.2533,0,1,0,408.6996,4.1108,0.2451,-6.5958,0.0989,0.0033,0,1,0,0,B0,42
CCCC1=C2Nc3nc[nH]c3C(=O)NC2(O)C=CC1=O,1,0.3542,0.7833,0.6458,0.2167,4.3508,292.417,57.7534,4.0805,0.4055,0.273,0.2701,-7.2215,0.8345,0.5533,0.3699,0.2939,0.3138,1,0,0,380.0572,4.1243,0.3043,-7.1991,0.3883,0.1323,1,1,1,1,B0,42
COc1ccc(-c2ccc(OC3CC(O)=N3)cc2)c2ccc(-c3ccc(C(C)(C)C)cc3)cc12,1,0.6471,0.52,0.3529,0.48,3.0246,359.0289,64.0357,4.4501,0.3268,0.2765,0.1961,-6.8381,0.9827,0.4307,0.3621,0.2141,0.2957,1,1,1,346.8702,4.6184,0.4234,-6.307,0.0575,0.0053,1,1,1,1,B0,42
CCN(CC)C(=O)c1ccc(C(=O)c2cccc(C)c2)cc1C(=O)OC,1,0.5455,0.4186,0.4545,0.5814,2.0622,329.5741,35.1091,4.1617,0.3855,0.3843,0.1572,-7.0283,0.8421,0.6078,0.355,0.1096,0.1927,1,0,0,315.3344,3.8882,0.3805,-6.5817,0.2229,0.0037,1,1,1,1,B0,42
CC1(C)c2ccccc2-c2ccc(C3CCN(/C=N/C(=O)c4ccccc4)CC3)cc21,1,0.6364,0.5323,0.3636,0.4677,2.6555,349.4775,36.2666,4.195,0.4598,0.1497,0.1811,-7.7141,0.9084,0.462,0.369,0.1844,0.2828,0,1,0,354.8091,4.3474,0.2149,-7.6739,0.2,0.0055,0,1,0,0,B0,42
O=C(CCCCCCCc1oc2ccccc2c1C(=O)c1ccc(O)cc1)ON1C(=O)CCC1=O,1,0.6,0.4211,0.4,0.5789,2.664,379.9207,66.5262,4.3517,0.2497,0.3901,0.2314,-7.1378,0.9765,0.4243,0.4022,0.1303,0.2339,1,1,1,404.8023,4.3265,0.2999,-6.6418,0.1869,0.0057,1,1,1,1,B0,42
CC=CCCCCCCCC(=O)OCCCCCC,1,0.6341,0.1875,0.3659,0.8125,2.1108,360.0009,110.5632,3.0013,0.9455,0.1888,0.1835,-6.693,1.0114,0.1901,0.2165,0.0997,0.1798,0,1,0,392.4111,2.817,0.2341,-6.7371,0.0397,0.0154,0,1,0,0,B0,42
CCN=Nc1cccc(F)c1,1,0.3462,0.6744,0.6538,0.3256,2.6836,326.1462,60.5909,2.0615,2.0209,0.5916,0.3459,-4.5179,1.014,0.5081,0.3739,0.3723,0.3145,0,0,0,358.2551,3.0169,0.4983,-4.3821,0.4918,0.0084,0,0,0,0,B0,42
COC(=O)c1cccc2c(C)c3c(c(C)c12)-c1cc2nc4ccccc4nc2cc1-3,1,0.4286,0.5435,0.5714,0.4565,2.6696,393.1326,64.6878,4.1795,0.4288,0.3699,0.1247,-7.0774,0.9338,0.4594,0.3793,0.1331,0.2246,1,1,1,422.4352,4.1229,0.3553,-6.3755,0.0486,0.005,0,1,0,0,B0,42
CC(C)(C)c1c[c]([Ge]([c]2ccccc2)([c]2ccccc2)[c]2ccccc2)cc(-c2ccc3c4ccc5c6c(ccc(c7cccc2c73)c64)C(=O)OC5=O)c1O,1,0.6087,0.4681,0.3913,0.5319,3.636,468.1462,88.0896,4.4756,0.3206,0.3662,0.2649,-7.023,1.1979,0.4087,0.3696,0.245,0.3254,0,1,0,490.699,4.5471,0.2965,-7.3144,0.0301,0.0049,0,1,0,0,B0,42
CC(C)(c1ccccc1)[13c]1[13cH][13cH][13c](O)[13cH][13cH]1,1,0.5926,0.0,0.4074,1.0,1.68,287.5536,35.6238,3.8986,0.6031,0.2392,0.1779,-6.5293,2.0511,0.4362,0.3311,0.3546,0.3319,0,1,0,285.7291,3.8284,0.2423,-6.7717,0.4958,0.0238,0,1,0,0,B0,42
CC(=O)Nc1ccccc1C=Cc1ccc(O)cc1,1,0.5581,0.4884,0.4419,0.5116,1.91,331.7691,26.527,4.2019,0.4201,0.0575,0.1053,-7.5079,0.964,0.5988,0.3651,0.171,0.2731,0,0,0,319.1353,4.0711,0.1497,-7.5266,0.7274,0.0053,0,0,0,0,B0,42
O=C(C(=O)c1ccsc1)c1ccc(CCl)cc1,1,0.5676,0.6333,0.4324,0.3667,2.2262,296.1867,33.9551,3.5757,1.0943,0.0908,0.1422,-7.5683,0.9997,0.6658,0.3455,0.2504,0.3239,0,0,0,278.0194,3.7423,0.1951,-7.6439,0.2634,0.0083,0,1,0,0,B0,42
CCCc1cc(S)c(O)c(C(C)(C)C)c1,1,0.6667,0.3333,0.3333,0.6667,2.6026,304.0756,71.6312,3.8629,0.4472,0.3443,0.2991,-6.5175,1.7282,0.4134,0.362,0.4873,0.365,1,1,1,308.083,3.6733,0.3184,-5.9929,0.4458,0.5695,0,0,0,0,B0,42
CCOC(=O)c1cc([N+](=O)[O-])c(O)cc1O,1,0.5385,0.3056,0.4615,0.6944,2.1573,314.261,30.4634,3.8232,0.4403,0.1467,0.1554,-6.0446,1.0727,0.5794,0.3843,0.221,0.2812,0,0,0,329.9295,3.6504,0.1834,-5.619,0.2563,0.011,0,1,0,0,B0,42
CC(=O)C=Nc1ccccc1/N=C/c1c(O)cccc1F,1,0.5682,0.6667,0.4318,0.3333,2.8832,352.8724,44.1406,4.0404,0.6387,0.0995,0.0987,-7.485,1.0045,0.5655,0.3582,0.179,0.2727,0,0,0,350.943,3.9066,0.1299,-7.4215,0.2321,0.0046,0,1,0,0,B0,42
CCC1(CC)c2ccc(/C=C/C3=C(C(C)(C)C)C(=C(C#N)C#N)OC3(C)C)cc2-c2ccc(N(c3ccccc3)c3ccccc3)cc21,1,0.2143,0.68,0.7857,0.32,3.5273,503.1991,67.4189,4.5488,0.2976,0.4023,0.2487,-7.0336,1.0759,0.3861,0.3671,0.1632,0.2729,0,1,0,463.332,4.7083,0.299,-7.2171,0.063,0.0058,0,1,0,0,B0,42
CCCCc1c(N)cccc1C(=O)OC,1,0.5429,0.4444,0.4571,0.5556,1.9731,288.5151,49.3278,3.7758,0.4732,0.3091,0.256,-5.9151,1.0658,0.3415,0.3351,0.115,0.205,0,1,0,300.8358,3.8401,0.3121,-5.0889,0.0669,0.0062,1,1,1,1,B0,42
CCCC(c1cc(-c2ccc(/C=C/C(=O)c3c(O)cc(C)oc3=O)cc2)cc(C(C)(C)C)c1O)c1cc(C(C)(C)C)cc(C(C)(C)C)c1O,1,0.4783,0.5323,0.5217,0.4677,3.804,451.1836,72.2758,4.4958,0.2797,0.2838,0.2046,-7.3858,1.0764,0.3894,0.394,0.1957,0.341,0,1,0,463.5682,4.6295,0.3256,-7.4616,0.0236,0.0077,0,1,0,0,B0,42
CCc1cc(CC)c(-c2cc(C)ccc2O)c(CC)c1,1,0.66,0.5641,0.34,0.4359,2.2221,309.1646,67.6033,4.0011,0.4463,0.3445,0.26,-7.2964,1.4624,0.3872,0.3487,0.3049,0.3542,1,1,1,280.9754,3.8567,0.3618,-7.3924,0.0595,0.0123,0,1,0,0,B0,42
CCCCC1=CC(=O)C=C(C)C1=O,1,0.7234,0.6389,0.2766,0.3611,2.5619,427.7278,112.4828,3.5127,0.9712,0.193,0.2272,-5.0269,0.7207,0.4513,0.3384,0.4385,0.3356,0,1,0,393.8635,3.4905,0.1685,-5.1109,0.378,0.246,0,1,0,0,B0,42
CC(C)(C)c1ccc(-c2cc(-c3cc4sc(/C=C(\C#N)C(=O)O)cc4s3)sc2-c2ccc(N(c3ccccc3)c3ccc(C#N)cc3)cc2)cc1,1,0.3438,0.6667,0.6562,0.3333,3.3298,465.7672,32.6041,4.514,0.2724,0.22,0.1937,-7.1617,1.0702,0.4634,0.3695,0.1756,0.285,0,1,0,461.6282,4.5955,0.1346,-7.3754,0.0735,0.0074,0,1,0,0,B0,42
Cc1sc2ccccc2c1C(C)(C)C,1,0.5429,0.6667,0.4571,0.3333,2.3167,324.1012,88.3445,3.9632,0.563,0.1715,0.203,-4.8609,1.7475,0.3129,0.3034,0.4779,0.3395,0,0,0,293.379,3.6039,0.0556,-3.7198,0.022,0.9529,0,0,0,0,B0,42
Clc1ccccc1-c1ccccc1,0,0.2941,0.6,0.7059,0.4,1.1883,284.8774,32.4207,3.9773,0.5048,0.1266,0.1409,-4.146,1.1425,0.6303,0.3452,0.4072,0.3323,0,0,0,291.0728,3.9396,0.1791,-3.9274,0.2557,0.1007,0,0,0,0,B0,42
CC=C(C)C(=O)OCCCCl,1,0.7805,0.3667,0.2195,0.6333,2.6027,413.4374,119.3622,2.8228,0.9579,0.1124,0.1267,-4.822,0.507,0.3663,0.3603,0.4439,0.3176,0,0,0,373.8511,3.0321,0.137,-4.8846,0.1016,0.3291,0,0,0,0,B0,42
O=C(c1ccccc1)N1CCOC2(CCNCC2)C1,1,0.7447,0.4186,0.2553,0.5814,2.751,291.0689,47.174,4.0797,0.3008,0.2241,0.2345,-7.2442,0.7494,0.3983,0.3765,0.2533,0.2938,0,1,0,302.248,4.0309,0.2924,-7.5391,0.0256,0.0156,1,1,1,1,B0,42
COC1C(C)=CCCC1(C)C,1,0.8,0.5676,0.2,0.4324,3.5603,396.4625,141.3794,3.4521,0.5845,0.2595,0.2279,-4.5503,1.1314,0.1387,0.226,0.5143,0.3382,0,0,0,346.1382,3.5344,0.1653,-3.4898,0.0071,0.811,0,0,0,0,B0,42
CCCCCCn1c2ccc(/C=C(\C#N)CCC)cc2c2cc(/C=N/c3ccc4c(c3)c3ccccc3n4CC)ccc21,1,0.2154,0.5217,0.7846,0.4783,3.0454,395.573,53.6224,4.4638,0.291,0.1551,0.1353,-7.0141,1.0816,0.3284,0.3598,0.1371,0.2432,0,1,0,378.3744,4.607,0.2328,-7.4456,0.0648,0.0032,0,1,0,0,B0,42
COC(=O)C=Cc1c(I)c(C)c2n1[B-](F)(F)[N+]1=C(C)C(I)=C(C)C1=C2c1cc(OC)cc(OC)c1,1,0.3143,0.6667,0.6857,0.3333,3.8223,585.319,37.762,4.5979,0.2826,0.2226,0.154,-6.6659,0.8528,0.4937,0.4283,0.2183,0.3247,0,1,0,580.4846,4.5778,0.2561,-6.3189,0.2201,0.0045,0,1,0,0,B0,42
CCCCc1c(C#N)ccc2c1C(=O)c1c(F)c(F)c(F)c(F)c1C2=O,1,0.6429,0.7414,0.3571,0.2586,2.8153,405.3139,79.794,4.1864,0.3847,0.3869,0.1835,-7.1242,1.0538,0.4867,0.376,0.231,0.2893,1,1,1,394.7636,4.2565,0.3704,-7.3638,0.3965,0.0104,1,1,1,1,B0,42
CO[Si](CCCSC(=O)c1ccccc1O)(OC)C1CC=C(C)CC1,1,0.4231,0.6964,0.5769,0.3036,3.8246,311.8919,58.9275,3.9918,0.7329,0.2878,0.2486,-7.091,0.8067,0.4054,0.4034,0.1767,0.2898,1,1,1,289.1646,3.8737,0.3522,-6.7334,0.341,0.0339,0,1,0,0,B0,42
CCCCc1cc(N(CC(=O)OCCCN2CCCCC2)c2ccc(-c3ccccc3)cc2)cc2c1-c1ccccc1C2(C)C,1,0.6762,0.6301,0.3238,0.3699,2.8627,408.2451,65.8966,4.2117,0.4789,0.3984,0.2504,-7.3686,1.17,0.4594,0.3747,0.0462,0.1106,1,1,1,419.2541,4.3533,0.622,-7.2777,0.049,0.0027,1,1,1,1,B0,42
O=C(c1ccccc1)c1cc(O)cc(F)c1,1,0.5625,0.2222,0.4375,0.7778,1.7488,315.5004,24.935,4.0284,0.3786,0.1924,0.1496,-6.4817,1.5374,0.5154,0.3305,0.2222,0.2739,0,0,0,311.9238,4.0108,0.2599,-5.0842,0.3295,0.0288,1,1,1,1,B0,42
Cc1ccc(-c2ccc(O)cc2O)c(C)c1,1,0.6,0.5667,0.4,0.4333,1.8411,292.9974,24.1219,4.0065,0.3824,0.1909,0.184,-6.4224,1.645,0.5189,0.3551,0.3199,0.3234,0,0,0,297.279,4.0634,0.3995,-7.1404,0.2754,0.0237,1,1,1,1,B0,42
CC(C)c1c(/C=C/C(=O)O)ccc2ccccc12,1,0.5714,0.5526,0.4286,0.4474,2.1301,317.9455,37.223,3.9279,0.6255,0.1762,0.1892,-7.5146,1.0445,0.4269,0.345,0.2364,0.3149,0,1,0,322.6692,4.0249,0.1923,-7.1856,0.3071,0.0058,0,1,0,0,B0,42
C#CCc1ccc(-c2nc3ccccc3o2)cc1,1,0.4878,0.569,0.5122,0.431,2.0884,308.4099,18.494,4.1269,0.3,0.3197,0.2175,-7.7502,1.2462,0.5126,0.3574,0.271,0.3049,1,0,0,300.6304,4.0731,0.3486,-7.8843,0.4182,0.0084,1,1,1,1,B0,42
COC(=O)[C@@H]1CCCN1C(=CCCC=C(C)C)c1ccc(C(C)(C)C)cc1,1,0.5432,0.6452,0.4568,0.3548,3.1585,354.385,77.9165,4.1776,0.7087,0.1589,0.17,-7.393,1.0135,0.3279,0.3841,0.1562,0.252,0,1,0,343.6383,4.1335,0.2046,-6.7936,0.05,0.0043,0,1,0,0,B0,42
Cc1ccc(-c2nc(-c3ccccc3)c(-c3ccccc3)n2C(=O)OCc2ccccc2)cc1,1,0.5283,0.587,0.4717,0.413,2.1809,390.9269,82.5492,4.3184,0.236,0.4454,0.202,-7.1794,0.9974,0.3373,0.3658,0.109,0.1964,1,1,1,359.8074,4.3342,0.439,-6.5935,0.0532,0.0033,1,1,1,1,B0,42
CN(C)c1ccc(C(=O)c2ccc(Cl)c(Br)c2)cc1,1,0.4571,0.3429,0.5429,0.6571,1.9049,324.3961,59.5443,4.3441,0.3658,0.1459,0.1556,-7.1712,1.2525,0.6371,0.3245,0.2436,0.3107,0,0,0,340.0349,4.1708,0.0944,-6.0665,0.4847,0.0078,0,1,0,0,B0,42
CN(CCO)N1CCCC1=O,1,0.7447,0.625,0.2553,0.375,3.197,425.6829,124.9311,3.1338,0.9926,0.2592,0.2152,-5.8491,0.565,0.5962,0.3768,0.5529,0.3119,0,0,0,400.8702,3.2804,0.2432,-5.9129,0.6289,0.5991,0,0,0,0,B0,42
COc1ccc(-c2cc3ccc(O)c4ccc5cccc2c5c34)cc1,1,0.525,0.6078,0.475,0.3922,2.0119,369.0034,23.2581,4.1484,0.3509,0.2165,0.1152,-7.1351,1.0191,0.5233,0.365,0.1557,0.247,0,0,0,389.8324,4.2147,0.3255,-6.4886,0.0807,0.0044,1,1,1,1,B0,42
C=C(C)C1CCC(C)(OCC)CC1,1,0.825,0.4242,0.175,0.5758,3.0617,355.14,147.0118,3.408,0.8196,0.1666,0.1993,-4.0698,1.1913,0.1201,0.2002,0.4037,0.3439,0,0,0,359.5331,3.7082,0.1337,-3.5642,0.0104,0.2037,0,0,0,0,B0,42
CC(=Cc1ccccc1)c1ccc2nn(C)c(-c3ccc(C)s3)c2c1,1,0.34,0.7167,0.66,0.2833,2.5399,389.5712,70.0867,2.6793,1.3787,0.1822,0.2016,-7.3737,1.5266,0.4917,0.3628,0.2463,0.3231,0,1,0,383.1214,2.5622,0.2502,-6.2008,0.3389,0.0163,0,1,0,0,B0,42
COC(=O)c1c(O)ccc(OC)c1-c1ccc(OC)cc1,1,0.5854,0.5116,0.4146,0.4884,1.9072,339.8297,36.1292,4.145,0.3127,0.1946,0.1297,-6.9741,0.8515,0.5585,0.3859,0.1676,0.2707,0,0,0,328.0364,4.254,0.2513,-6.3183,0.3076,0.0131,1,1,1,1,B0,42
NC(=O)c1cc(C=C(C=O)N2CCC(=O)CC2)ccc1O,1,0.75,0.3542,0.25,0.6458,2.9236,352.6887,48.5018,4.1021,0.4939,0.1513,0.1536,-7.4397,0.8075,0.5632,0.4022,0.3,0.3245,0,0,0,364.3122,3.9322,0.1669,-7.6327,0.5714,0.0222,0,0,0,0,B0,42
CN(C)c1cc(-c2ncc3ccccn23)ccc1C1CC1,1,0.4255,0.7879,0.5745,0.2121,2.6193,367.4383,61.9441,4.216,0.3313,0.3586,0.1951,-7.419,1.1675,0.4643,0.3733,0.3382,0.3438,1,1,1,363.1033,4.2634,0.2534,-6.1318,0.4032,0.0146,1,1,1,1,B0,42
CCN(CC(=O)OCCOC(=O)c1ccccc1O)c1ccc2c(-c3ccc(C)cc3)c3ccc(=[NH2+])cc-3oc2c1,1,0.4247,0.6463,0.5753,0.3537,3.0667,508.6953,69.2322,4.5683,0.327,0.2882,0.198,-6.9446,1.0471,0.4971,0.3961,0.0517,0.1653,0,1,0,508.0456,4.6888,0.3577,-5.746,0.1013,0.0036,0,1,0,0,B0,42
CC(C)(C)ON1CCCCC1,1,0.8163,0.7105,0.1837,0.2895,2.6242,431.7289,141.6158,3.3036,0.6936,0.2336,0.1716,-4.6074,1.062,0.3369,0.3414,0.5921,0.2962,0,0,0,391.4303,3.4632,0.183,-3.7616,0.0822,0.4353,0,0,0,0,B0,42
N#CC(=Cc1cc(I)cc(I)c1O)C(=O)O,1,0.6136,0.6042,0.3864,0.3958,2.9352,288.4578,57.9385,4.0063,0.5377,0.143,0.1523,-6.9492,0.874,0.7036,0.299,0.3639,0.3532,0,0,0,311.4484,3.728,0.0969,-6.9787,0.4843,0.8473,0,0,0,0,B0,42
COc1ccc(C2=C3C(C)=CC(C)=[N+]3[B-](F)(F)n3c(/C=C/c4ccc(NC(=O)NC5CC(C)(C)NC(C)(C)C5)cc4)cc(C)c32)cc1,1,0.4024,0.6786,0.5976,0.3214,3.7062,631.4991,64.5173,4.8493,0.1936,0.4669,0.2788,-6.7712,0.833,0.5413,0.4124,0.1506,0.2577,0,0,0,612.278,4.5943,0.4357,-6.3755,0.1632,0.0063,0,1,0,0,B0,42
C#CCOC(=O)C(=Cc1ccc(O)cc1)C(=O)ON1C(=O)C(C=Cc2cc(Cl)c(C(C)(C)C)cc2Cl)N=C1C,1,0.5926,0.5507,0.4074,0.4493,4.1213,439.3495,116.8613,4.4047,0.2798,0.2866,0.2248,-7.2734,1.2222,0.5434,0.3801,0.203,0.3212,0,0,0,437.3804,4.4427,0.3213,-7.1906,0.2932,0.0037,0,1,0,0,B0,42
C/C(C=C1Sc2ccccc2N1N1CCCCC1)=c1/s/c(=C2\SC(=S)N(CC(=O)O)C2=O)n(CC(=O)O)c1=O,1,0.2571,0.7639,0.7429,0.2361,3.5806,500.6382,76.1727,4.2488,0.3204,0.1839,0.1892,-7.3561,1.1118,0.5021,0.3802,0.1711,0.3022,0,0,0,497.2853,3.895,0.0642,-8.0606,0.2359,0.013,0,1,0,0,B0,42
CCCCC(CC)COc1cc2snnc2c(F)c1F,1,0.6458,0.6308,0.3542,0.3692,3.3269,292.887,47.5334,3.7713,0.7033,0.2185,0.2626,-7.1294,1.063,0.4148,0.3827,0.1949,0.2812,0,1,0,314.0809,3.8492,0.2795,-6.8091,0.0645,0.0102,1,1,1,1,B0,42
CC[N+]1(c2ccc(C(=O)c3ccc(O)cc3O)cc2)CN2C(C)=CC(C)=C(C(=O)[O-])C2=N1,1,0.4839,0.6,0.5161,0.4,4.2553,394.8618,77.0257,4.1988,0.5993,0.3177,0.2585,-7.3936,0.9147,0.5487,0.3912,0.1491,0.2632,1,0,0,398.1822,4.251,0.3316,-7.2177,0.3663,0.0145,1,1,1,1,B0,42
C=C(c1ccc(-c2ccc(C(=C)c3ccc(N(CC)C(C)=O)cc3)cc2)cc1)c1ccc(N(CC)CC)cc1,1,0.2647,0.6341,0.7353,0.3659,2.521,414.5819,84.0308,4.6027,0.3619,0.4152,0.1355,-7.466,1.2738,0.4278,0.3459,0.1356,0.2337,1,1,1,401.5423,4.3039,0.3962,-7.5567,0.0983,0.0036,1,1,1,1,B0,42
Cn1sc(Cl)c(Cl)c1=O,1,0.7838,0.6071,0.2162,0.3929,3.4258,299.3234,65.5498,3.5683,0.8597,0.1377,0.1766,-5.231,0.9415,0.7143,0.3049,0.5993,0.3262,0,0,0,341.8288,3.5971,0.4421,-5.6742,0.7543,0.8684,0,0,0,0,B0,42
CN1C(C)(C)CC(OC(F)(F)F)CC1(C)C,1,0.8293,0.5588,0.1707,0.4412,3.0749,421.2553,168.2564,3.3517,0.8554,0.1425,0.1789,-6.1175,1.5706,0.2249,0.3179,0.5569,0.3102,0,0,0,400.9725,3.4026,0.2447,-6.1109,0.058,0.8654,0,0,0,0,B0,42
O=C(c1ccc(-c2ccc(O)c(Cl)c2)cc1)n1nnc2c1c1ccccc1n2S(=O)(=O)c1ccccc1,1,0.4697,0.6508,0.5303,0.3492,2.6499,407.435,90.364,4.337,0.3843,0.2766,0.2368,-7.3189,1.0132,0.5641,0.4082,0.1807,0.2879,1,0,0,348.455,4.4938,0.3147,-7.5186,0.0778,0.0076,1,1,1,1,B0,42
Cc1nc2c(-c3ccc(CCOC(=O)c4ccccc4O)s3)ccc(-c3ccc(N(c4ccccc4)c4ccccc4)cc3)c2s1,1,0.4737,0.625,0.5263,0.375,2.8458,432.0183,81.7628,4.3907,0.3217,0.3085,0.1949,-7.0172,0.9934,0.389,0.3888,0.0769,0.1874,0,1,0,448.8839,4.3879,0.3336,-6.6226,0.0613,0.0029,0,1,0,0,B0,42
CC1=NC(C=Cc2cc(C)ccc2C)C(=O)N1CC(=O)NCC1(c2ccccc2)CCN(C)CC1,1,0.507,0.5147,0.493,0.4853,3.5198,407.9847,100.0961,4.3062,0.4131,0.3029,0.2719,-7.2238,0.9946,0.5402,0.3818,0.1917,0.2872,1,0,0,402.3062,4.4756,0.452,-7.2777,0.095,0.0055,1,1,1,1,B0,42
c1ccc(Cc2ccccc2)cc1,0,0.4706,0.0,0.5294,1.0,1.0284,277.3093,23.8547,4.0455,0.3963,0.17,0.1288,-4.138,1.1761,0.3803,0.3259,0.4,0.3213,0,0,0,270.749,3.9595,0.2623,-3.398,0.1437,0.1627,0,0,0,0,B0,42
COc1ccc(-c2c(C)cc(C)c(B(c3cc4c(c(C(C)(C)C)c3O)CC(C)(C)O4)c3c(C)cc(C)cc3C)c2C)cc1,1,0.7324,0.5781,0.2676,0.4219,3.4188,493.8012,124.1637,4.2862,0.4728,0.3915,0.2401,-6.7609,0.9503,0.4614,0.4025,0.2208,0.3116,0,1,0,378.0759,4.3991,0.4125,-6.2086,0.2118,0.0059,1,1,1,1,B0,42
COc1ccc(C(=O)Oc2ccc(O)c(N)c2-c2ccc(C(C)(C)C)cc2)cc1,1,0.5217,0.52,0.4783,0.48,2.1811,327.3699,32.1347,4.3326,0.3235,0.2654,0.1831,-7.0069,0.8694,0.569,0.3483,0.1373,0.2509,1,0,0,348.6258,4.2478,0.2431,-6.3558,0.0958,0.0058,0,1,0,0,B0,42
COc1c(Cl)c2oc(C)c(C)c2c2oc(=O)cc(C)c12,1,0.381,0.6735,0.619,0.3265,2.8908,335.3544,34.7557,4.1032,0.3183,0.2154,0.2286,-6.802,0.8588,0.6597,0.3443,0.2848,0.3313,0,0,0,335.7703,3.8509,0.113,-6.2926,0.3852,0.0147,0,1,0,0,B0,42
COc1ccc(C=C(C(=O)Oc2ccccc2)[N+](=O)[O-])cc1OC,1,0.5556,0.3404,0.4444,0.6596,2.2631,345.4336,27.8009,4.2595,0.3604,0.1502,0.1403,-6.8122,0.7584,0.4975,0.3885,0.1244,0.2116,0,1,0,357.2435,4.1807,0.1001,-6.4248,0.0827,0.0108,0,1,0,0,B0,42
N#Cc1ccc(OCc2ccccc2)cc1-n1cc2ccccc2c/c1=N/S(=O)(=O)C(=O)c1ccc2c(c1)OC(=O)c1ccc(cc1)C(=O)O2,1,0.5854,0.6479,0.4146,0.3521,4.5675,403.4557,66.9436,4.1868,0.6733,0.4121,0.258,-7.0086,0.9703,0.4144,0.3948,0.1575,0.2775,1,1,1,430.9026,4.1896,0.5001,-6.5401,0.0699,0.0063,0,1,0,0,B0,42
O=[N+]([O-])CCCS(=O)(=O)[O-],1,0.7805,0.75,0.2195,0.25,3.7711,496.3644,161.806,2.9422,1.0165,0.2071,0.1737,-5.8393,0.7385,0.7837,0.2868,0.6459,0.3428,0,0,0,495.6214,2.769,0.1929,-6.1005,0.5039,0.9501,0,0,0,0,B0,42
CCC1=C(C)c2cc3[nH]c(c(C)c3CC)c(NN)c3nc(cc4[nH]c(cc1n2)c(CC)c4C)C(CC)=C3C,1,0.3684,0.7656,0.6316,0.2344,5.5098,441.2519,170.4856,4.4307,0.2344,0.3716,0.2599,-7.0155,0.9774,0.4226,0.4165,0.2647,0.3121,0,1,0,558.7648,4.4748,0.321,-7.0954,0.0305,0.0111,0,1,0,0,B0,42
CCOC(=O)C=CN1c2ccccc2C(C)(C)c2ccccc21,1,0.5714,0.5349,0.4286,0.4651,2.5842,449.4546,65.1289,4.1715,0.5457,0.0998,0.0999,-7.3848,1.0171,0.3797,0.3661,0.0976,0.2106,0,1,0,409.3909,4.1699,0.2119,-6.7447,0.0135,0.0025,0,1,0,0,B0,42
Oc1cc(O)c2c(c1)OC(c1ccc(O)c(O)c1)C(O)[C@H]2c1c(O)cc(O)c2c1OC(c1cc(O)c(O)c(-c3ccccc3)c1C(F)(F)F)C(O)C2,1,0.2857,0.7381,0.7143,0.2619,4.8495,298.1401,82.6141,4.6774,0.4587,0.2947,0.2428,-7.2247,1.0495,0.4724,0.3999,0.2375,0.3232,1,1,1,346.1726,4.5756,0.3509,-7.1684,0.0848,0.0093,1,1,1,1,B0,42
CCCCC(CC)C[N+](=O)[O-],1,0.6875,0.5357,0.3125,0.4643,3.0783,418.7686,170.671,3.0382,1.0126,0.2202,0.2293,-4.8683,0.977,0.41,0.349,0.4912,0.3425,0,0,0,352.8686,2.4344,0.1861,-4.8524,0.0759,0.8934,0,0,0,0,B0,42
CCN(CC)c1ccc2cc(-c3cc(-c4c(C(=O)O)cccc4C(F)(F)F)c4ccc(=[N+](CC)CC)cc-4o3)c(=O)oc2c1F,1,0.439,0.7471,0.561,0.2529,3.5563,575.2685,81.8792,4.7623,0.6764,0.2586,0.1844,-7.1674,1.0276,0.4526,0.405,0.1165,0.2056,0,1,0,568.3386,4.612,0.3025,-5.974,0.128,0.0046,0,1,0,0,B0,42
Brc1cc2c(cc1N1CCCCC1)OCCCO2,1,0.6905,0.6279,0.3095,0.3721,2.222,312.6762,47.3484,3.9323,0.8034,0.1306,0.169,-7.4252,1.0696,0.4217,0.3955,0.4091,0.3242,0,1,0,314.5734,3.9861,0.1914,-7.8928,0.3603,0.5954,0,0,0,0,B0,42
COC1=Cc2c3ccccc3cc[n+]2[B-](F)(F)O1,1,0.3864,0.7209,0.6136,0.2791,3.7877,432.2981,74.812,4.2144,0.8139,0.2822,0.1921,-7.1063,1.1219,0.4161,0.3419,0.271,0.3083,0,1,0,430.7989,4.0523,0.3951,-6.4817,0.1226,0.0286,0,1,0,0,B0,42
O=C(O)C(=O)CC(=O)c1ccc(C2CC(c3cccc4ccccc34)=NN2c2ccccc2)cc1-c1ccccc1,1,0.4722,0.6769,0.5278,0.3231,3.0476,415.4642,85.7891,5.1545,0.342,0.3702,0.2515,-7.2192,1.0185,0.4251,0.395,0.1272,0.2129,1,1,1,416.8414,4.8463,0.3614,-7.3933,0.0454,0.0062,1,1,1,1,B0,42
CCCCCCc1cccc(C(C)=O)c1O,1,0.5789,0.5,0.4211,0.5,1.8644,283.8777,47.9851,3.7553,0.5975,0.2781,0.2796,-6.7853,1.3931,0.3054,0.3039,0.1957,0.2833,0,1,0,284.0062,3.6102,0.3088,-7.3585,0.0456,0.0065,0,1,0,0,B0,42
CCCOC(=O)C=Cc1ccc(O)c(-c2ccc(Br)c(Cl)c2)c1,1,0.6716,0.4,0.3284,0.6,2.2921,354.7056,54.098,4.2325,0.5103,0.3539,0.3114,-7.1336,0.908,0.5472,0.3748,0.1233,0.2613,1,0,0,344.7578,4.3087,0.3437,-6.5388,0.0961,0.003,1,1,1,1,B0,42
CCOC(=O)CCCCCc1cccc(-c2ccccc2)c1,1,0.5789,0.4773,0.4211,0.5227,1.6403,315.2725,50.6248,3.9976,0.51,0.3841,0.237,-7.2595,1.2657,0.262,0.2981,0.0764,0.1764,1,1,1,295.4746,3.9855,0.4074,-6.7184,0.0163,0.0042,1,1,1,1,B0,42
COC(=O)NCC(=O)NC(C)CCc1ccccc1,1,0.35,0.55,0.65,0.45,2.2222,255.5855,33.3493,3.8144,0.3177,0.425,0.3154,-7.1085,0.7518,0.4451,0.393,0.1705,0.2469,0,1,0,234.6059,3.82,0.3623,-7.7999,0.1345,0.0184,0,1,0,0,B0,42
Cc1cccc(C(=O)CCCOCCN2C(=O)C3=C(c4ccncc4)NC(=O)C3=C2c2ccnc(O)c2)c1O,1,0.4583,0.72,0.5417,0.28,3.2468,479.941,85.9124,4.3461,0.3495,0.3394,0.2484,-6.8968,0.9871,0.4437,0.4044,0.1628,0.2494,0,1,0,451.8233,4.4033,0.3177,-6.5666,0.0436,0.0095,0,1,0,0,B0,42
CC(c1ccccc1)c1cc(COP(=O)(O)O)cc(C(C)c2ccccc2)c1O,1,0.6875,0.4474,0.3125,0.5526,3.2198,307.4691,36.1467,4.1412,0.5495,0.2884,0.2569,-7.185,0.9386,0.455,0.3697,0.163,0.277,1,1,1,278.3723,3.9418,0.2819,-6.635,0.0162,0.0078,0,1,0,0,B0,42
CC(=O)c1c(O)ccc(N(C)C)c1O,1,0.6923,0.4333,0.3077,0.5667,2.4453,296.6658,33.5385,4.0252,0.3953,0.1934,0.179,-5.4786,0.6649,0.6569,0.3588,0.2765,0.3151,0,0,0,302.0917,3.6728,0.1254,-5.7193,0.4548,0.014,0,1,0,0,B0,42
CCOC(=O)C(C(=O)C(C)(C)C)=C(F)c1ccc([N+](=O)[O-])cc1,1,0.6078,0.1951,0.3922,0.8049,2.6421,346.3791,58.791,4.0717,0.4099,0.2042,0.2571,-6.981,0.781,0.5168,0.3729,0.1326,0.2243,0,0,0,345.3971,3.8964,0.3481,-6.5344,0.2186,0.0037,1,1,1,1,B0,42
CN1C(C)(C)CC(OC(C)(C)C)CC1(C)C,1,0.8305,0.5455,0.1695,0.4545,2.891,392.5861,150.8364,3.3269,0.8445,0.168,0.1937,-6.6791,1.1352,0.2245,0.3138,0.5036,0.3344,0,0,0,400.0278,3.4439,0.1717,-6.2923,0.0502,0.7539,0,0,0,0,B0,42
COC(=O)c1cc(C(=O)OCCOc2ccc(C(=O)c3ccccc3)c(O)c2)n2ncc3ccccc3c12,1,0.3846,0.4928,0.6154,0.5072,2.6431,365.8695,64.9912,4.1318,0.5912,0.2473,0.2082,-7.0997,0.9259,0.4497,0.3695,0.0927,0.2015,0,1,0,378.3945,4.1824,0.2656,-6.5933,0.0515,0.0037,1,1,1,1,B0,42
COC(=O)c1ccc(N(c2ccccc2)c2ccc(-c3ncc(-c4ccncc4)s3)cc2)cc1,1,0.2826,0.6226,0.7174,0.3774,2.3478,379.7743,40.6052,4.3943,0.1292,0.3352,0.1327,-7.1162,0.9408,0.4365,0.3459,0.1277,0.2365,1,1,1,374.922,4.4053,0.2766,-6.4082,0.0934,0.0068,1,1,1,1,B0,42
O=CC(=Cc1ccccc1)C1=CC(c2ccccc2)C=C1c1ccccc1,1,0.5,0.6,0.5,0.4,3.0764,340.4352,41.5801,4.1006,0.5923,0.3323,0.2895,-7.4415,1.4243,0.4743,0.3474,0.2513,0.3003,1,1,1,348.5884,4.2356,0.316,-7.6425,0.0915,0.0222,1,1,1,1,B0,42
Nc1cc(-c2ccc(C(=O)O)cc2C(=O)O)ccc1F,1,0.6515,0.6136,0.3485,0.3864,1.9601,316.2993,34.4309,4.1191,0.2616,0.3289,0.2574,-7.4086,0.9979,0.5893,0.3525,0.2231,0.3185,1,0,0,316.1503,4.257,0.3433,-7.3608,0.3188,0.0115,1,1,1,1,B0,42
COc1ccc(-c2ccc3c(c2)SCc2c-3oc(=O)c3c(=N)n4[nH]c(C(=N)N)cc4c(C#N)c23)cc1,1,0.4186,0.747,0.5814,0.253,3.5809,422.3874,86.084,4.2749,0.5,0.2698,0.2445,-6.7869,0.8718,0.524,0.3811,0.1474,0.2302,0,0,0,391.3826,4.5345,0.2749,-6.0122,0.3088,0.0053,1,1,1,1,B0,42
CCC(C[N+](=O)[O-])c1ccccc1,1,0.4324,0.6316,0.5676,0.3684,2.5992,301.4474,38.8604,3.4191,0.5641,0.1212,0.144,-5.0918,0.7527,0.4588,0.3573,0.2791,0.3057,0,1,0,305.7843,3.2525,0.2309,-5.1733,0.1232,0.1035,0,1,0,0,B0,42
CCCCCCCCCC(=O)Oc1ccc(OCC(CC)CCCC)c(C2C3CCC(C3)N(C)C2C)c1,1,0.6988,0.3803,0.3012,0.6197,4.6491,402.4531,61.5978,4.4946,0.4529,0.3701,0.2858,-6.8114,0.8763,0.2785,0.36,0.0984,0.237,1,1,1,384.0824,4.6782,0.3616,-6.292,0.0735,0.0046,1,1,1,1,B0,42
COc1nc(OC)nc(-c2c(C)cc(C)c(N(C)C)c2C)n1,1,0.7292,0.78,0.2708,0.22,2.7821,349.3032,57.0901,4.1581,0.3418,0.5136,0.2791,-6.5438,0.7784,0.5493,0.3654,0.3309,0.3351,1,0,0,345.3651,4.079,0.5151,-5.9734,0.347,0.0362,1,1,1,1,B0,42
COc1ccc(-c2c(OC)cc(C(=O)c3ccccc3)cc2OC)cc1,1,0.5854,0.3143,0.4146,0.6857,1.8039,320.1178,29.4889,4.1312,0.2879,0.3713,0.1034,-6.8885,0.8556,0.4956,0.356,0.1261,0.2109,1,1,1,345.2816,3.9601,0.2722,-6.3013,0.0504,0.004,1,1,1,1,B0,42
CCCCc1cccc2c1c1ccccc1n2-c1ccc(C=Cc2ccc(C(C)C)s2)cc1,1,0.5263,0.75,0.4737,0.25,2.5643,380.2158,65.9854,4.5656,0.2285,0.2871,0.2458,-7.0975,1.6348,0.4745,0.3948,0.2483,0.2983,1,1,1,377.8286,4.613,0.2616,-7.3122,0.0583,0.0309,1,1,1,1,B0,42
CC(C)CCCCCN1CCC(=O)CC1,1,0.6226,0.3548,0.3774,0.6452,2.049,456.5029,155.0641,3.2902,0.7487,0.1617,0.2117,-5.9382,1.5565,0.2358,0.3123,0.4823,0.3461,0,1,0,382.336,2.7996,0.2161,-6.4714,0.0411,0.9701,0,0,0,0,B0,42
COc1cc(C(C)(C)c2cc(C(C)(C)C)c(O)c(C(C)(C)C)c2)ccc1N,1,0.6579,0.4412,0.3421,0.5588,2.504,332.9004,65.841,4.1263,0.3938,0.3056,0.2181,-6.8644,0.8464,0.5963,0.3448,0.246,0.3379,1,0,0,346.032,4.0745,0.2138,-6.2924,0.2365,0.0054,0,1,0,0,B0,42
Cc1cc(CCC[Si](C)(O[Si](C)(C)C)O[Si](C)(C)C)c(O)c(C(=O)c2ccc(C(=O)NC(C)(C)C)c3c2ccc2c4ccccc4c4ccccc4c23)c1C,1,0.5156,0.6316,0.4844,0.3684,3.5973,453.077,81.3503,4.4139,0.4516,0.3211,0.2445,-6.8479,0.9192,0.3583,0.3818,0.1395,0.2585,0,1,0,420.0022,4.4303,0.077,-6.55,0.0381,0.0047,0,1,0,0,B0,42
Cc1cccc(NC(=S)NCc2cccc(-c3ccccc3)c2)n1,1,0.2,0.5962,0.8,0.4038,1.9042,328.0369,47.9917,4.1067,0.3403,0.3365,0.2795,-7.3315,1.0348,0.5306,0.3955,0.1999,0.283,1,0,0,307.331,4.1451,0.3434,-7.3359,0.1566,0.0046,1,1,1,1,B0,42
COc1ccc(C(C(=O)NC(C)(C)C)c2ccc(C3=C4C=CC(c5ccc([N+](=O)[O-])cc5)=[N+]4[B-](F)(F)n4cccc43)cc2F)cc1,1,0.2921,0.7381,0.7079,0.2619,4.1317,534.879,27.026,4.8181,0.2122,0.208,0.195,-7.0768,1.1268,0.4453,0.4147,0.1515,0.2798,0,1,0,529.9618,4.8715,0.3738,-6.8902,0.0239,0.0069,0,1,0,0,B0,42
[C-]#[N+]c1ccc(N(CCCC)c2ccc3nc4c5ccccc5c(=O)c(-c5ccccc5)c-4oc3c2)cc1,1,0.254,0.7262,0.746,0.2738,2.8738,461.5307,89.2494,4.3441,0.4496,0.3812,0.158,-7.1266,1.0448,0.4117,0.3765,0.1637,0.2442,0,1,0,439.7012,4.4432,0.4543,-7.4799,0.093,0.0096,0,1,0,0,B0,42
CCCCCCCC/C=C\CCCc1nc(N(CC)c2ccc(C)cc2)cc(=O)[nH]1,1,0.4828,0.6923,0.5172,0.3077,2.7733,416.5526,60.5113,4.3689,0.3011,0.201,0.1532,-7.0808,1.0003,0.3447,0.3572,0.2235,0.2928,0,1,0,384.706,4.3136,0.2987,-7.3504,0.096,0.009,1,1,1,1,B0,42
CCCN1c2ccccc2Sc2cc(C=CNC(=O)C3CCCNC3)ccc21,1,0.5224,0.6212,0.4776,0.3788,3.2207,403.1038,71.7524,4.2903,0.5082,0.2595,0.218,-7.7805,0.9741,0.481,0.399,0.1112,0.2385,1,1,1,380.6254,4.3093,0.2789,-8.0922,0.1666,0.005,1,1,1,1,B0,42
Cc1cc(O)cc(C(=O)O)c1O,1,0.6552,0.4286,0.3448,0.5714,2.061,277.1091,18.5838,3.9737,0.458,0.1796,0.1565,-5.5254,0.4883,0.7294,0.2944,0.3769,0.3401,0,0,0,276.3561,3.7138,0.1938,-5.6204,0.3527,0.031,0,1,0,0,B0,42
CC(C)(C)OC(=O)C(=O)c1ccc(N2c3ccccc3C(C)(C)c3ccccc32)cc1,1,0.449,0.66,0.551,0.34,2.3432,346.1665,37.9973,3.9061,0.542,0.4574,0.1794,-7.1501,1.0004,0.4046,0.3724,0.146,0.2242,1,1,1,355.0397,3.9208,0.4417,-6.3482,0.0333,0.0042,1,1,1,1,B0,42
O=[N+]([O-])ONN=Cc1ccc(-c2ccccc2)cc1O,1,0.5849,0.5745,0.4151,0.4255,2.6854,348.3391,31.3913,4.1883,0.3906,0.1421,0.1316,-7.1337,0.9702,0.7104,0.3345,0.1838,0.2672,0,0,0,334.1782,4.2144,0.1252,-6.4141,0.2268,0.0138,0,1,0,0,B0,42
CCN(CC)CCCOOC(=O)c1[nH]c(C)c(C(C)=O)c1C,1,0.4545,0.6897,0.5455,0.3103,2.6844,341.2144,80.1164,3.3796,1.035,0.3541,0.2836,-6.7444,0.6696,0.5214,0.3932,0.2364,0.2822,0,0,0,310.7752,3.4008,0.376,-6.6587,0.2012,0.0128,0,1,0,0,B0,42
COC(=O)c1c(COC(=O)c2ccc(N)cc2)cc(Cl)c(O)c1Cl,1,0.66,0.5238,0.34,0.4762,2.3671,314.1822,37.2763,4.0486,0.4314,0.2697,0.2156,-7.0821,0.8327,0.7621,0.2925,0.1317,0.2381,1,0,0,315.1467,4.2221,0.3661,-6.498,0.4642,0.0047,1,1,1,1,B0,42
CCN(CC)c1ccc2cc(C(=O)N3CCCCC3NC)c(=O)oc2c1,1,0.4,0.6557,0.6,0.3443,3.1084,385.2808,55.1819,4.3517,0.333,0.3541,0.2508,-7.6975,0.8892,0.5845,0.3951,0.1652,0.2476,1,0,0,400.6002,4.2736,0.3886,-8.1032,0.7414,0.0207,1,0,0,0,B0,42
C[n+]1ccc(C(=O)c2ccccc2)cc1,1,0.3704,0.3182,0.6296,0.6818,2.0379,341.9779,71.5756,4.0308,0.3388,0.1916,0.1403,-5.7965,1.2028,0.5094,0.3052,0.3278,0.3277,0,0,0,324.6618,3.9568,0.172,-5.5533,0.5046,0.0193,0,0,0,0,B0,42
COc1ccc(-c2coc3cc4ccoc4cc23)cc1,1,0.4894,0.66,0.5106,0.34,2.2171,343.0713,29.8732,4.0667,0.7198,0.3825,0.2028,-7.0717,1.0358,0.4706,0.3365,0.1858,0.2719,1,1,1,333.7916,4.1782,0.334,-6.4897,0.1536,0.0122,1,1,1,1,B0,42
Cc1c(S(=O)(=O)Cl)sc(=S)n1O,1,0.5897,0.7805,0.4103,0.2195,3.6013,292.9146,51.9828,3.761,0.5844,0.2779,0.2716,-5.6128,0.7569,0.7611,0.2781,0.5277,0.3385,0,0,0,303.9326,3.6674,0.1456,-5.9759,0.6079,0.9609,0,0,0,0,B0,42
Brc1ccccc1CCC1CCNCC1,1,0.625,0.6389,0.375,0.3611,2.0852,363.384,121.3378,4.0077,0.2517,0.3705,0.2939,-6.9731,1.4467,0.3184,0.3395,0.447,0.3256,1,1,1,265.2558,3.8595,0.4174,-7.0058,0.0409,0.988,0,0,0,0,B0,42
CCC(=O)c1cc2c(cc1Br)OCCCO2,1,0.7037,0.45,0.2963,0.55,2.312,277.9137,40.8386,3.9168,0.6738,0.1462,0.1935,-7.1564,1.0101,0.391,0.3634,0.3081,0.3196,0,1,0,293.6197,3.9692,0.1641,-7.2945,0.1439,0.1998,0,1,0,0,B0,42
CC(C)(C)C1=Cc2ccccc2C1=Cc1c(F)c(F)nc(F)c1F,1,0.381,0.7333,0.619,0.2667,3.1045,369.4243,51.8901,4.1551,0.5137,0.1759,0.2533,-7.2481,1.4978,0.5053,0.3539,0.2937,0.3396,0,0,0,398.515,4.1725,0.1466,-7.4758,0.1163,0.0336,0,1,0,0,B0,42
COc1cc(N)c(C)c(C(C)(C)C)c1N,1,0.7297,0.6471,0.2703,0.3529,2.6163,271.0687,38.7621,3.7364,0.5543,0.2411,0.2232,-5.8038,1.046,0.5285,0.3817,0.3474,0.3448,0,0,0,297.4658,3.7351,0.3204,-5.044,0.192,0.0456,0,1,0,0,B0,42
Cn1ccc2cc(CO)c(C(=O)c3ccccc3)cc21,1,0.6383,0.2564,0.3617,0.7436,2.1715,339.3081,36.9946,3.9965,0.2937,0.2439,0.1952,-7.454,1.0304,0.4498,0.3469,0.1603,0.2288,0,1,0,317.6088,3.876,0.326,-7.3739,0.3364,0.0107,1,1,1,1,B0,42
CN(C)c1ccc(C#Cc2cc(C#Cc3ccc(C(F)(F)F)cc3)c3ccc4c(C#Cc5ccc(N(C)C)cc5)cc(C(C)(C)C)c5ccc2c3c45)cc1,1,0.1707,0.6863,0.8293,0.3137,3.3359,491.9334,58.563,4.4519,0.4346,0.4417,0.125,-6.8651,1.5251,0.518,0.3376,0.3737,0.3591,0,0,0,432.8868,4.661,0.4565,-6.0211,0.145,0.0608,0,1,0,0,B0,42
C=CC(C)(CCC=C(C)C)OC(=O)c1cc(C(=O)OCC)c2ccc(N=S=O)ccc1-2,1,0.4038,0.45,0.5962,0.55,3.6823,345.4071,58.212,3.5047,1.2464,0.2611,0.2451,-7.042,0.8521,0.3654,0.3862,0.1095,0.21,0,1,0,407.3358,3.6111,0.3232,-6.5848,0.2042,0.0063,0,1,0,0,B0,42
N#CC(=Cc1ccc(CCN)o1)C(=O)O,1,0.4792,0.62,0.5208,0.38,2.6863,314.5186,42.7172,3.9275,0.3951,0.0959,0.1253,-5.6963,0.4983,0.7692,0.2691,0.3159,0.3446,0,0,0,335.1238,3.811,0.0687,-5.6354,0.8142,0.029,0,0,0,0,B0,42
O=C(O)CCCOc1ccc(C(=O)c2ccccc2)c(O)c1,1,0.6,0.225,0.4,0.775,1.8073,336.5538,39.2786,3.8911,0.3962,0.3648,0.2647,-7.1005,0.9661,0.4758,0.3709,0.1677,0.2629,1,1,1,333.0271,4.0586,0.372,-6.5952,0.0799,0.0165,1,1,1,1,B0,42
COc1cccc2oc([C@H]3C[C@@](C)(OC)[C@@H](O)[C@H](C)O3)cc(=O)c12,1,0.569,0.7385,0.431,0.2615,3.9346,334.0832,61.3442,3.8997,0.462,0.3023,0.2736,-6.784,0.6665,0.5576,0.3764,0.2205,0.2779,1,0,0,319.4934,3.7973,0.2642,-6.3541,0.383,0.0214,0,1,0,0,B0,42
CCC(C)(C)CCCc1ccc(Oc2ccc(C)cc2)cc1,1,0.6905,0.6579,0.3095,0.3421,1.8916,308.6656,40.9444,4.1631,0.403,0.3889,0.2169,-6.9515,1.4171,0.2984,0.317,0.2946,0.3311,1,1,1,302.8769,4.2242,0.4152,-7.6716,0.0508,0.0403,1,1,1,1,B0,42
CCCc1cc(Cl)cc(C(=O)c2ccccc2)c1O,1,0.6512,0.1842,0.3488,0.8158,1.9038,302.5474,42.8826,4.0305,0.341,0.317,0.2424,-7.4678,1.0073,0.4792,0.3863,0.1671,0.2529,1,1,1,348.1462,4.0637,0.3492,-7.3907,0.2632,0.0036,1,1,1,1,B0,42
Cn1c2cccc(Cl)c2c2c(-c3ccccc3)cc3sc(-c4ccc(-c5ccc(C=C(C#N)C(=O)O)s5)s4)cc3c21,1,0.274,0.7403,0.726,0.2597,3.2045,472.1973,53.165,4.4965,0.2213,0.2081,0.2003,-7.523,1.1554,0.5744,0.3854,0.158,0.2577,0,0,0,464.5106,4.5356,0.2367,-7.8734,0.1006,0.0053,0,1,0,0,B0,42
CCNc1cc2oc3c/c(=[NH+]\CC)c(C)cc-3c(-c3ccc(F)cc3C(=O)OC(=O)OC(C)(C)C)c2cc1C,1,0.3553,0.72,0.6447,0.28,3.5191,445.9496,86.6788,4.5263,0.3411,0.3714,0.2528,-6.9297,0.9373,0.418,0.371,0.1317,0.2375,0,1,0,499.0382,4.9326,0.3399,-6.0065,0.0613,0.005,0,1,0,0,B0,42
CO[Si](OC)(OC)c1ccc(-c2sc(CNC(N)=O)cc2O)s1,1,0.7123,0.6909,0.2877,0.3091,3.4385,332.0613,71.9735,3.7653,0.7245,0.3014,0.2613,-7.0432,0.7513,0.6944,0.33,0.1612,0.2689,0,0,0,331.6608,4.007,0.1662,-6.9216,0.4858,0.0063,0,1,0,0,B0,42
CCC1(C)CC(NC(=O)c2ccccc2)C(C)C(C)(c2ccc(C=O)cc2)N1,1,0.7206,0.3455,0.2794,0.6545,3.7953,348.6884,68.4514,4.3455,0.3973,0.1282,0.1344,-7.5357,0.9128,0.4939,0.4053,0.1594,0.2799,0,1,0,329.4602,4.3842,0.204,-7.539,0.1101,0.0052,0,1,0,0,B0,42
COC(=O)c1cc2ccc(F)nc2nc1-c1ccccc1,1,0.6,0.5745,0.4,0.4255,2.2296,340.7003,30.8071,4.1402,0.242,0.3818,0.1627,-7.0706,0.928,0.4921,0.3651,0.1348,0.2197,1,1,1,325.8225,4.0478,0.4193,-6.3477,0.1478,0.0076,1,1,1,1,B0,42
CCCCCCCCCCCCOc1ccc(OC(=O)c2ccc(O)cc2)c(C(F)(F)F)c1,1,0.6571,0.3542,0.3429,0.6458,2.236,334.9355,58.7581,4.3288,0.2761,0.3872,0.256,-7.0551,0.9556,0.4093,0.3628,0.1026,0.1979,1,1,1,358.0036,4.3056,0.2942,-6.615,0.1228,0.0031,1,1,1,1,B0,42
C[N+](C)=c1ccc2c(-c3ccccc3C(C)(C)C)c3ccc4cc(N)ccc4c3oc-2c1,1,0.3276,0.7333,0.6724,0.2667,2.8458,556.5497,73.6139,4.3433,0.3414,0.2831,0.2395,-7.3068,1.0452,0.5275,0.3933,0.2744,0.3383,0,0,0,530.8529,4.4114,0.2951,-6.0637,0.3114,0.0084,0,1,0,0,B0,42
COC(=O)c1c(C)cc(O)c(C)c1O,0,0.5833,0.0,0.4167,1.0,2.233,295.2236,40.2487,4.0414,0.3866,0.1749,0.1418,-5.6076,0.8125,0.6408,0.3603,0.3652,0.3466,0,0,0,298.3045,3.9344,0.2131,-6.5124,0.4407,0.0191,0,1,0,0,B0,42
COC(=O)c1cc(O)cc(C(=O)c2cc(-c3ccc(C)cc3)c(C#N)c(=O)[nH]2)c1,1,0.5094,0.566,0.4906,0.434,2.4921,362.3691,29.0132,4.124,0.445,0.1609,0.1654,-7.0307,0.8453,0.6084,0.3575,0.1757,0.2664,0,0,0,342.7691,4.2981,0.1984,-6.2457,0.2797,0.0136,0,1,0,0,B0,42
CCc1ccc(C(C)(C)C)cc1,1,0.5,0.4615,0.5,0.5385,1.449,277.5928,52.5123,3.7795,0.6192,0.248,0.1808,-4.0278,1.1157,0.3394,0.2771,0.5964,0.3184,0,0,0,296.258,3.8195,0.2873,-3.2279,0.0731,0.8702,1,0,0,0,B0,42
CC(=O)C#Cc1ccc(C=C(C#N)C(=O)O)cc1C,1,0.5306,0.5,0.4694,0.5,2.8124,335.5778,36.2219,4.2059,0.4886,0.1212,0.1439,-7.1692,0.8672,0.5453,0.3727,0.2384,0.3133,0,0,0,344.8204,4.2595,0.2179,-7.209,0.3661,0.0135,0,1,0,0,B0,42
CCCCC(CC)COc1ccc(-c2ccc(COC)cc2)c(-c2nn[nH]n2)c1,1,0.6702,0.4923,0.3298,0.5077,2.8459,328.0523,60.9195,4.2626,0.3873,0.3937,0.2712,-6.9588,0.9318,0.4434,0.3642,0.1562,0.2689,1,1,1,351.7066,4.2492,0.3211,-6.6552,0.0903,0.0145,1,1,1,1,B0,42
COC(=O)c1cccc(N2CCCc3ccc4cccnc4c32)c1,1,0.5172,0.6296,0.4828,0.3704,2.2253,341.9887,30.3527,4.107,0.4414,0.3706,0.1575,-7.1019,0.9336,0.5083,0.3914,0.1379,0.238,1,0,0,353.7903,4.2246,0.3815,-6.2015,0.1942,0.0046,1,1,1,1,B0,42
COC(=O)c1cccc2c1N(C)/C(=C/C=C(/C=CNC(=O)OC1CC(C)(C)NC(C)(C)C1)c1cccc(C(F)(F)F)c1)C2(C)C,1,0.5761,0.6795,0.4239,0.3205,3.6646,428.4286,121.746,4.3828,0.412,0.3635,0.2371,-6.9538,0.9292,0.388,0.3986,0.1524,0.2769,0,1,0,467.1284,4.5078,0.2723,-6.3293,0.0164,0.0078,0,1,0,0,B0,42
O=C([O-])C(=Cc1cccc(-c2ccccc2)c1)c1ccnc2ncnn12,1,0.6786,0.717,0.3214,0.283,2.7419,395.9204,74.0368,4.2052,0.4348,0.17,0.1644,-7.24,1.0128,0.5596,0.3637,0.2253,0.2844,0,0,0,365.4175,4.2686,0.1341,-7.4396,0.1592,0.0141,0,1,0,0,B0,42
CCN1CCC[C@@H](COc2ncccc2-c2ccc(C(C)(C)C)cc2)C1,1,0.7213,0.6452,0.2787,0.3548,2.6594,330.8957,68.9827,3.8112,0.782,0.3547,0.2275,-7.3996,1.0442,0.45,0.3823,0.2826,0.3259,1,1,1,323.4776,4.0483,0.3272,-6.7047,0.078,0.0069,1,1,1,1,B0,42
Cc1cc(O)c(-c2ccc(O)c(C=Nc3ccc(C(=O)O)cc3)c2)c(C(C)(C)C)c1,1,0.3846,0.6,0.6154,0.4,2.5823,373.8796,57.9637,4.3582,0.3225,0.1985,0.1665,-7.3467,1.1224,0.5143,0.3843,0.2472,0.3438,0,0,0,384.065,4.4009,0.2285,-7.2008,0.1399,0.008,0,1,0,0,B0,42
O=C(N1CCC2(CCCNC2)CC1)n1cccc1,1,0.8182,0.4773,0.1818,0.5227,3.3745,284.0234,45.3902,3.7992,0.6934,0.273,0.2888,-7.0361,0.7672,0.48,0.3837,0.4039,0.3509,0,1,0,332.3162,3.8388,0.2656,-7.3891,0.3695,0.0268,1,1,1,1,B0,42
CCOC(=O)c1c(C#N)ccc(Nc2c(O)cc(C)oc2=O)c1O,1,0.6615,0.5439,0.3385,0.4561,2.7942,404.149,83.3609,3.9168,0.5109,0.1497,0.1597,-7.1404,0.9161,0.4833,0.3874,0.1084,0.213,0,1,0,380.3261,3.949,0.2807,-6.6214,0.5086,0.0071,1,0,0,0,B0,42
CCOCN1/C(=C/c2c(O)c(=O)c2=O)C(C)(C)c2ccccc21,1,0.3208,0.7188,0.6792,0.2812,2.8864,419.8418,54.254,4.2592,0.3944,0.1647,0.2215,-7.1309,1.0302,0.4929,0.3879,0.1393,0.2103,0,1,0,438.6907,4.2805,0.1606,-6.6219,0.1636,0.0137,0,1,0,0,B0,42
CCCCCOC(=O)c1cccc(O)c1O,1,0.5946,0.2353,0.4054,0.7647,1.8627,293.0032,39.5783,3.8389,0.3838,0.2936,0.2573,-6.5437,1.1809,0.4138,0.3834,0.1356,0.2265,1,1,1,317.7834,3.758,0.3007,-6.5717,0.0851,0.0062,0,1,0,0,B0,42
COc1ccc(CNS(=O)(=O)c2ccccc2[N+](=O)[O-])cc1Cl,1,0.6667,0.6346,0.3333,0.3654,1.9643,314.285,45.1168,3.9504,0.4783,0.2469,0.259,-6.7262,0.662,0.6542,0.3411,0.2331,0.3121,0,0,0,317.567,4.0309,0.1902,-6.6401,0.1972,0.0313,0,1,0,0,B0,42
CCCCCCOc1c2cc(-c3cnc(C(=O)O)nc3)sc2c(C(C)(C)C)c2cc(-c3ccc4c(c3)[C@H]3CCC[C@H]3N4c3ccc(C)cc3)sc12,1,0.0811,0.75,0.9189,0.25,4.2021,559.5835,127.1375,4.4322,0.6235,0.3996,0.2841,-7.0611,1.0368,0.3155,0.3757,0.1373,0.2451,0,1,0,519.2181,4.5666,0.3449,-6.5839,0.042,0.0045,0,1,0,0,B0,42
CCCCc1cccc(C(=O)OC=Cc2ccc(N(c3ccccc3)c3ccccc3)cc2)c1,1,0.5686,0.5741,0.4314,0.4259,2.3237,376.4353,42.5088,4.39,0.4911,0.2374,0.2005,-7.3302,1.042,0.3541,0.3517,0.0881,0.1734,0,1,0,414.064,4.5449,0.2756,-6.7412,0.0236,0.0028,1,1,1,1,B0,42
CN(c1cccc(Cl)c1)N1CCCCC1,1,0.6389,0.6842,0.3611,0.3158,2.3813,282.5601,39.0053,3.9362,0.4278,0.1918,0.2352,-6.4304,1.8996,0.5399,0.3825,0.472,0.3261,0,0,0,312.3693,3.862,0.2574,-6.1813,0.2616,0.9876,1,0,0,0,B0,42
CC(C)CCCc1ccc(C#N)cc1,1,0.6,0.5484,0.4,0.4516,1.7389,270.293,31.8582,3.531,0.5571,0.1607,0.2147,-4.4061,1.1964,0.3206,0.3212,0.377,0.3542,0,0,0,267.7851,3.2856,0.2936,-4.8801,0.1217,0.0297,0,0,0,0,B0,42
CSc1nnc(N=Nc2c(C(C)Br)[nH]c3ccccc23)s1,1,0.3061,0.7857,0.6939,0.2143,3.6759,471.864,38.5134,3.7705,0.7792,0.3436,0.2869,-7.2357,1.0492,0.5,0.4012,0.2906,0.3386,0,1,0,433.548,3.767,0.4724,-7.1809,0.0744,0.0103,0,1,0,0,B0,42
COc1c(C#N)c(-c2ccc(C#N)cc2)c(C(=O)c2ccc(O)cc2)c(C#N)c1-c1ccc(C#N)cc1,1,0.35,0.4634,0.65,0.5366,2.8444,476.0317,104.5937,4.4291,0.2542,0.2803,0.2421,-7.0098,0.9299,0.542,0.3761,0.1529,0.2574,0,0,0,437.6326,4.4368,0.2508,-6.4158,0.1908,0.0075,0,1,0,0,B0,42
CCON=Nc1ccc(N(C)C)cc1,1,0.4074,0.5484,0.5926,0.4516,2.659,383.8958,48.9437,1.1065,2.2716,0.5196,0.3393,-4.8241,0.7549,0.4092,0.3576,0.3139,0.3078,0,0,0,375.2689,2.9922,0.4492,-4.4449,0.076,0.0983,0,0,0,0,B0,42
CC(C)(C)[C@@H](OC(=O)C=Cc1ccc(O)c(O)c1)[C@H](O)[C@@H](O)C=O,1,0.3529,0.4255,0.6471,0.5745,3.7937,314.3338,51.805,4.0235,0.4943,0.2093,0.1855,-7.1507,0.7359,0.515,0.3977,0.2688,0.3511,0,0,0,315.6659,4.0001,0.1549,-6.4114,0.0378,0.0193,0,1,0,0,B0,42
CC1=CC(C)C(C)C(c2cccc3ccccc23)C1,1,0.7105,0.6429,0.2895,0.3571,3.2645,370.5377,89.3899,3.9506,0.3324,0.2682,0.2382,-7.2407,1.1763,0.2873,0.3036,0.3123,0.3227,1,1,1,279.8972,4.2019,0.1537,-6.6783,0.0144,0.0488,0,1,0,0,B0,42
CC(C)(C)c1ccc(-c2cc(C(=O)c3nc4ccc(=O)cc-4n(-c4ccccc4)n3)ccc2O)cc1,1,0.5085,0.6087,0.4915,0.3913,2.6351,365.7697,57.8753,4.3502,0.1933,0.265,0.1877,-7.3526,0.9626,0.4456,0.3796,0.1877,0.2972,1,1,1,363.2094,4.2188,0.3416,-7.0589,0.0639,0.0077,1,1,1,1,B0,42
O=C(NCCc1ccc(Cl)cc1)C1CCCNC1,1,0.7368,0.3778,0.2632,0.6222,2.3046,265.036,35.3028,3.8823,0.2772,0.3602,0.3359,-7.5294,0.9115,0.5422,0.4057,0.3711,0.3648,0,0,0,221.8779,3.7776,0.3329,-8.9617,0.3447,0.2126,0,1,0,0,B0,42
CCCCCCCCc1nc2cc(C(=O)OC)ccn2c1C(=O)c1ccc(O)c(OC)c1O,1,0.4648,0.625,0.5352,0.375,2.8038,343.179,39.1409,4.3166,0.4588,0.3457,0.2166,-6.9216,0.8373,0.4869,0.3839,0.0852,0.1744,1,1,1,371.9276,4.168,0.1754,-6.6222,0.102,0.004,0,1,0,0,B0,42
O=c1oc(N2CC3CNCCC32)cc2ccsc12,1,0.6364,0.7167,0.3636,0.2833,4.0161,282.6733,29.311,4.1203,0.3207,0.3369,0.2956,-7.2195,0.9332,0.4292,0.3893,0.3278,0.3395,0,1,0,312.3928,4.2191,0.1764,-7.4907,0.3986,0.0597,0,1,0,0,B0,42
CCCCCCOc1ccc(C#Cc2ccc(-c3ccc(-c4ccc(C#CC(C)(C)C)s4)c4nsnc34)s2)cc1OCCCCCC,1,0.1273,0.6515,0.8727,0.3485,3.3813,461.2889,53.0141,4.5272,0.253,0.3594,0.2048,-6.7735,1.0078,0.3312,0.3539,0.1975,0.2724,0,1,0,447.7792,4.5393,0.2877,-6.516,0.0205,0.0098,0,1,0,0,B0,42
C#CCC(=O)N(CC)CC(=O)N[C@@H](CC(=O)O)C(=O)N[C@@H](CC1CCCCC1)C(N)=O,1,0.7222,0.3182,0.2778,0.6818,3.4457,379.0542,96.8635,3.1635,1.1239,0.2829,0.2292,-7.4788,0.6935,0.5139,0.4122,0.3105,0.3229,0,0,0,370.7833,2.8235,0.2533,-8.528,0.63,0.0994,0,0,0,0,B0,42
CCCCCCCCc1ccc(C=CC=Cc2ccc(C#N)cc2)c(OC)c1,1,0.6027,0.5833,0.3973,0.4167,2.3161,375.9546,50.03,4.4921,0.3136,0.2612,0.1996,-6.9185,0.934,0.3616,0.3277,0.182,0.2482,1,1,1,374.5703,4.5511,0.2609,-6.7492,0.0739,0.0073,1,1,1,1,B0,42
COc1ccc(C(=O)Cc2ccccc2)c(F)c1,1,0.6226,0.2821,0.3774,0.7179,1.5968,293.6509,33.9628,4.1309,0.3332,0.2945,0.2476,-7.1376,1.1403,0.278,0.286,0.1901,0.2646,1,1,1,290.1982,4.0796,0.3845,-6.3711,0.0418,0.0072,1,1,1,1,B0,42
O=C1N(Cc2ccc(N(c3ccccc3)c3ccccc3)cc2)CCCC12CCNCC2,1,0.6727,0.5102,0.3273,0.4898,2.8425,386.1045,58.0662,4.3232,0.2779,0.3848,0.2697,-7.5816,1.0412,0.4437,0.3999,0.2625,0.3173,1,1,1,383.8556,4.2442,0.3649,-7.6258,0.1323,0.0115,1,1,1,1,B0,42
CCCCCc1cc(C(C)(C)C)c(O)c(C(C)(C)C)c1,1,0.6129,0.037,0.3871,0.963,2.1389,304.6697,72.8807,3.5902,0.6759,0.3267,0.2855,-6.79,1.3665,0.3601,0.328,0.4183,0.359,0,1,0,297.623,3.7479,0.2469,-7.1724,0.0815,0.3168,0,1,0,0,B0,42
O=C(c1ccc(O)cc1)c1ccccc1OP(Oc1ccccc1C(=O)c1ccc(O)cc1)Oc1cccc(O)c1C(=O)c1ccc(O)cc1,1,0.7021,0.1765,0.2979,0.8235,2.8736,397.4823,62.7227,4.3823,0.3177,0.2114,0.1558,-7.123,1.0356,0.437,0.3987,0.1344,0.2415,0,1,0,402.2214,4.3623,0.2761,-6.3701,0.0641,0.0074,1,1,1,1,B0,42
O=C1CCC(c2ccccc2)=C1O,1,0.6667,0.6364,0.3333,0.3636,2.1977,295.2726,45.8745,3.9832,0.3269,0.1631,0.0978,-5.2734,0.7388,0.4943,0.3517,0.2977,0.2977,0,1,0,318.0491,3.9312,0.2758,-5.022,0.4975,0.0174,1,1,1,1,B0,42
CC(C)(C)c1ccc(O)c(SSc2ccc3c(c2)c2ccccc2n3-c2ccccc2)c1,1,0.5556,0.4884,0.4444,0.5116,2.5135,344.3843,56.126,4.3103,0.1853,0.3702,0.245,-7.4701,1.2386,0.4893,0.3807,0.2651,0.3264,1,1,1,353.2292,4.3015,0.3931,-7.1773,0.1467,0.0053,1,1,1,1,B0,42
CCCCCCOc1ccc(OC(=O)CCCCC)c(C(F)(F)F)c1,1,0.6438,0.4898,0.3562,0.5102,2.1018,307.4115,52.0185,3.5617,0.7584,0.4124,0.265,-6.919,0.7796,0.2606,0.3021,0.0826,0.1514,0,1,0,321.5779,4.0292,0.3721,-6.8101,0.0806,0.0036,1,1,1,1,B0,42
COC(=O)c1c(C)c(O)c(O)c(C)c1C#N,1,0.7119,0.5152,0.2881,0.4848,2.7428,323.1233,45.2966,3.8994,0.4926,0.1338,0.1215,-6.3015,0.9859,0.6277,0.3594,0.3555,0.3368,0,0,0,326.4564,3.7304,0.1645,-6.2893,0.6491,0.0327,0,0,0,0,B0,42
CC1(C)/C(=C/C=C/c2cc(C(=O)c3ccccc3)[o+]c3c4c5c(cc23)CCCN5CCC4)N(CCCCCC(=O)O)c2ccc(S(=O)(=O)[O-])cc21,1,0.1705,0.6854,0.8295,0.3146,3.8464,666.6389,56.0235,4.3782,0.452,0.1965,0.1786,-6.9231,1.0384,0.3247,0.3618,0.1776,0.2704,0,1,0,669.2093,4.682,0.2027,-7.3799,0.1501,0.0073,0,1,0,0,B0,42
O=C(c1ccccc1)c1ccccc1O,0,0.5517,0.0,0.4483,1.0,1.4097,308.0404,18.7051,4.0671,0.2768,0.1621,0.1154,-5.3845,0.8931,0.5304,0.3255,0.2496,0.2927,0,0,0,314.2883,4.039,0.2719,-5.1101,0.405,0.0156,1,1,1,1,B0,42
CCCCC1(CCCC)c2ccccc2-c2ccc(-c3ccc(-c4ccc(C(=O)O)cc4O)cc3)cc21,1,0.4643,0.5283,0.5357,0.4717,2.513,376.9911,58.6002,4.4558,0.2276,0.4459,0.2852,-7.33,1.0236,0.4115,0.3639,0.13,0.2291,1,1,1,365.2763,4.4639,0.5069,-7.3517,0.0531,0.0042,1,1,1,1,B0,42
CC(C)(C)c1cc(-c2ccccc2)c([N+](=O)[O-])c(O)c1O,1,0.6379,0.475,0.3621,0.525,2.3797,328.8969,34.2925,4.1567,0.3731,0.2165,0.1842,-7.357,1.026,0.5245,0.3719,0.2441,0.3349,0,0,0,322.763,4.1045,0.2445,-7.1795,0.1929,0.0073,0,1,0,0,B0,42
Nc1ccc(-c2ccccc2)s1,1,0.3636,0.6875,0.6364,0.3125,1.9186,277.122,30.4195,3.7487,0.7938,0.1495,0.1459,-4.5521,1.2502,0.5465,0.3675,0.3334,0.3243,0,0,0,313.0912,3.608,0.1772,-4.8594,0.6113,0.0374,0,0,0,0,B0,42
CN(C)c1ccc(/N=N/c2ccc(OC(=O)CC[Si](C)(C)C)cc2)cc1,1,0.5227,0.566,0.4773,0.434,2.6033,423.6954,28.844,4.1899,0.5506,0.7504,0.2462,-7.0787,1.0449,0.4485,0.3933,0.1278,0.2061,0,1,0,399.8403,3.8468,0.5067,-5.9877,0.0731,0.0048,1,1,1,1,B0,42
CC(=O)C(c1cccc(C(=O)c2ccccc2)c1)c1c2ccccc2cc2ccc(C(C)(C)C)cc12,1,0.661,0.52,0.339,0.48,2.9136,391.6036,74.4289,4.37,0.4788,0.3872,0.1426,-7.6161,0.9543,0.3497,0.346,0.192,0.2819,1,1,1,359.9761,4.3095,0.2257,-7.21,0.0305,0.0043,0,1,0,0,B0,42
CNC1(C(N)=O)CCN(OC[C@H]2O[C@@H](n3cc(C)c(=O)[nH]c3=O)C[C@@H]2O)CC1,1,0.459,0.6618,0.541,0.3382,4.1488,294.9456,71.7132,3.5693,1.0097,0.2874,0.3177,-7.1178,0.6194,0.5047,0.4307,0.2556,0.3097,0,0,0,277.1143,3.5324,0.2604,-7.0438,0.4154,0.0275,0,1,0,0,B0,42
CCC(=O)/C=C/c1ccc(OC)cc1,1,0.5152,0.0,0.4848,1.0,1.8663,301.6907,30.0715,3.8995,0.4861,0.0679,0.0807,-4.877,0.6748,0.6187,0.2643,0.1844,0.2671,0,0,0,302.5412,3.5853,0.1323,-4.7938,0.6673,0.0111,0,0,0,0,B0,42
COc1ccc(-c2cccc(C(=O)O)c2CO)cc1,1,0.5263,0.5556,0.4737,0.4444,1.8127,304.4707,26.7517,3.8978,0.4967,0.2198,0.1923,-7.1012,0.9137,0.4322,0.3533,0.13,0.2031,0,1,0,302.885,4.0609,0.2338,-6.5957,0.1059,0.0094,0,1,0,0,B0,42
Cc1cc2nnn(C=CC(=O)c3cccc(O)c3)c2cc1O,1,0.6667,0.56,0.3333,0.44,2.8561,341.8302,28.054,4.229,0.3145,0.1221,0.1214,-7.3006,0.9724,0.5863,0.3574,0.1877,0.2817,0,0,0,330.0424,4.1558,0.1327,-7.2395,0.1403,0.0151,0,1,0,0,B0,42
CCN1CCC(COC(=O)c2ccc(/C=C/C3=[O+][B-](F)(F)OC(/C=C/c4ccc(OC)c5ccccc45)=C3)c3ccccc23)CC1,1,0.3913,0.6364,0.6087,0.3636,3.5788,464.5851,63.879,4.4255,0.3603,0.2692,0.1776,-6.9374,0.9111,0.3576,0.3713,0.0968,0.2081,0,1,0,472.3054,4.621,0.2227,-6.549,0.0513,0.003,0,1,0,0,B0,42
CC(C)=CCc1c(O)cc(O)c(C=Cc2ccc(-c3ccccc3)c(F)c2)c1O,1,0.6622,0.5435,0.3378,0.4565,2.6528,357.6261,52.0361,4.4165,0.3248,0.2962,0.2161,-7.4142,1.0283,0.4665,0.3836,0.1963,0.3227,1,1,1,353.0776,4.2418,0.3202,-7.5124,0.0579,0.0046,1,1,1,1,B0,42
COC(=O)c1cc([N+](=O)[O-])ccc1C(=O)c1cc(S(=O)(=O)O)ccc1O,1,0.6377,0.3409,0.3623,0.6591,2.2722,328.1392,44.7084,3.8394,0.8081,0.1474,0.1866,-7.1268,0.8658,0.6952,0.3463,0.1547,0.2558,0,0,0,338.17,3.6914,0.1224,-6.4679,0.3284,0.0125,0,1,0,0,B0,42
COC(=O)c1c(C(=O)Oc2nnc(Cl)nn2)cc(OC)c(O)c1OC,1,0.6935,0.5227,0.3065,0.4773,3.0324,330.0679,50.4625,3.819,0.6141,0.1667,0.1387,-6.8581,0.7162,0.6441,0.3751,0.3136,0.3477,0,0,0,363.4006,3.9802,0.0537,-6.3496,0.6651,0.0211,0,0,0,0,B0,42
C=CC1=C2C=CC(=[N+](C)C)C=C2P(=O)([O-])c2c1ccc(N(C)C)c2O,1,0.5882,0.7931,0.4118,0.2069,4.6596,519.0941,151.865,4.0961,0.5038,0.1789,0.1974,-7.2223,1.055,0.6661,0.3521,0.2425,0.2899,0,0,0,590.5514,4.0295,-0.0104,-6.113,0.5512,0.0151,0,0,0,0,B0,42
CCCCc1cc[nH]c1N=NN1CCCCC1,1,0.6667,0.7167,0.3333,0.2833,3.2087,369.4925,46.918,3.681,0.6371,0.4988,0.3468,-7.1847,1.0109,0.3893,0.3684,0.308,0.3188,0,1,0,349.3994,3.7433,0.6171,-8.0785,0.1255,0.0158,0,1,0,0,B0,42
COc1ccc(-c2c(OC)cc(C3=[O+][B-](F)(F)OC(c4cccs4)=C3)cc2OC)cc1,1,0.25,0.7636,0.75,0.2364,3.2886,421.5888,50.6583,4.3365,0.3557,0.3577,0.1163,-6.8606,0.8542,0.5657,0.3585,0.1739,0.2612,0,0,0,421.8599,4.3075,0.3518,-6.2956,0.1185,0.0094,0,1,0,0,B0,42
O=Cc1ccc(-c2ccc(-c3nc4c5cccnc5c5ncccc5c4n3CCC=CC(=O)O)s2)s1,1,0.2951,0.7647,0.7049,0.2353,3.1855,427.7021,49.5471,4.294,0.5472,0.4078,0.3094,-7.329,0.9955,0.4504,0.4293,0.1706,0.2654,0,1,0,426.6614,4.5055,0.302,-7.328,0.056,0.006,0,1,0,0,B0,42
COc1ccc(C=Nc2ccccc2)c(OCC(=O)c2ccccc2)c1,1,0.2,0.537,0.8,0.463,2.0039,350.4549,35.2014,4.2374,0.3729,0.1319,0.1453,-6.9383,0.8647,0.4961,0.3417,0.098,0.1627,0,1,0,348.8448,4.227,0.2409,-6.5639,0.0764,0.0037,0,1,0,0,B0,42
CC(C)(C)CC=Cc1cc2sc3cc(/C=C(\C#N)C(=O)O)sc3c2s1,1,0.5147,0.678,0.4853,0.322,3.5084,438.6338,51.5381,4.2457,0.3637,0.1361,0.1387,-7.249,0.965,0.525,0.3744,0.1931,0.2906,0,0,0,421.8622,4.3454,0.16,-7.063,0.1553,0.0054,0,1,0,0,B0,42
COc1ccc(-c2ccc(O)cc2)cc1,1,0.4167,0.3846,0.5833,0.6154,1.3306,298.2584,15.2681,4.0011,0.4455,0.1842,0.1353,-5.0313,1.5557,0.4881,0.3112,0.211,0.2613,0,1,0,290.4646,4.1433,0.2317,-5.1806,0.4323,0.0117,0,1,0,0,B0,42
CCCCCCCCc1cc(C(C)(C)C)c(O)c(C(C)(C)C)c1,0,0.5897,0.0,0.4103,1.0,2.1672,318.3495,53.6267,3.5187,0.7259,0.3345,0.2898,-6.7729,1.3544,0.356,0.3343,0.416,0.3496,0,1,0,294.4989,3.8343,0.2435,-7.1849,0.0547,0.2003,0,1,0,0,B0,42
CCN(CC)c1ccc(C(C)(C)C)c(O)c1,1,0.5128,0.4839,0.4872,0.5161,2.2768,285.6204,53.3433,3.6127,0.6936,0.349,0.255,-6.8345,1.4955,0.3505,0.333,0.4107,0.3596,0,1,0,314.7339,3.5707,0.3157,-7.0928,0.2588,0.0122,0,1,0,0,B0,42
CCCCC(CC)Cn1c(C=C(C#N)C(=O)O)ccc1/C=N/N(C(C)=CC(OCC)OCC)c1ccccc1,1,0.2754,0.6341,0.7246,0.3659,4.1244,457.2465,89.1382,4.4033,0.3018,0.2385,0.199,-6.9084,1.088,0.4058,0.3882,0.0759,0.1712,0,1,0,470.8171,4.4701,0.359,-6.3603,0.2377,0.0062,0,1,0,0,B0,42
COC1C2CCC(C2)C1(C)C,1,0.7561,0.5625,0.2439,0.4375,4.4754,376.0588,155.0791,3.4568,0.6528,0.2417,0.1955,-4.6516,1.1928,0.1414,0.2328,0.6059,0.2993,0,0,0,437.9981,3.6839,0.2063,-3.5093,0.0263,0.5567,0,0,0,0,B0,42
CCCCCCc1cc(OC)c(O)cc1Br,1,0.5962,0.5814,0.4038,0.4186,2.0117,281.2862,52.9238,3.9018,0.537,0.2981,0.2824,-6.7396,1.0242,0.2942,0.3028,0.2544,0.3003,0,1,0,305.3566,3.8042,0.2448,-6.6482,0.0297,0.1426,0,1,0,0,B0,42
COC(=O)C(=Cc1ccc(O)cc1)N(C)c1ccc(-c2ccc(C(C)(C)C)cc2)cc1,1,0.623,0.5227,0.377,0.4773,2.4162,432.6005,66.8492,4.3536,0.5722,0.1826,0.1694,-7.0844,1.0727,0.5417,0.398,0.1568,0.2566,0,0,0,399.0226,4.4526,0.2271,-5.9774,0.1698,0.0046,0,1,0,0,B0,42
F[B-]1(F)OC(c2ccccc2)=Cc2cccc[n+]21,0,0.3721,0.7674,0.6279,0.2326,3.4672,401.6464,20.2754,4.4003,0.1476,0.326,0.1637,-7.1624,1.4973,0.5332,0.3569,0.3912,0.3334,1,0,0,413.9703,4.4281,0.4895,-5.9964,0.3037,0.0818,1,1,1,1,B0,42
CC(C)(C)c1ccc(-c2cc(-c3nc(-c4ccccc4)nc(-c4ccccc4)n3)ccc2CCCCc2cc(C(C)(C)C)c(O)c(C(C)(C)C)c2)cc1,1,0.6818,0.5769,0.3182,0.4231,2.91,410.3977,69.7809,4.4786,0.3415,0.4107,0.2477,-6.9515,1.1087,0.3022,0.3228,0.2171,0.3122,1,1,1,375.8959,4.3294,0.4788,-7.2172,0.0407,0.0039,1,1,1,1,B0,42
COc1ccc(-c2cc(=O)[nH]c(=O)n2[C@H]2C[C@H](O)[C@@H](OC(=O)CC3CCCCN3CCCC#N)S2)cc1,1,0.7273,0.5584,0.2727,0.4416,4.3284,379.6423,117.4053,4.2809,0.3532,0.4281,0.3087,-7.0549,0.932,0.4885,0.4123,0.1716,0.2812,1,1,1,376.4376,4.3384,0.4372,-7.1699,0.4228,0.0216,1,1,1,1,B0,42
CN1C(C)(C)CC(C#N)CC1(C)C,1,0.8033,0.625,0.1967,0.375,3.2268,404.6122,125.323,3.3397,0.8424,0.1274,0.1634,-5.0625,1.0855,0.2805,0.3561,0.5908,0.331,0,0,0,387.918,2.8366,0.0785,-4.7995,0.0223,0.7729,0,0,0,0,B0,42
C=CC(CCCc1ccc(C(=O)/C=C/c2ccc(N(C)CCO)cc2)cc1)OC(C)=O,1,0.4348,0.6333,0.5652,0.3667,3.0286,473.3227,83.1878,4.1636,0.8567,0.2073,0.1718,-6.9575,1.0757,0.4686,0.3815,0.1019,0.2201,0,1,0,420.0112,4.5012,0.1667,-7.2328,0.0413,0.0063,0,1,0,0,B0,42
CCCCCCOCCCC,1,0.625,0.0667,0.375,0.9333,1.644,288.0457,147.8395,3.6149,0.6996,0.1942,0.1909,-3.4693,0.7437,0.208,0.2056,0.4305,0.3372,0,0,0,338.6911,3.8077,0.2217,-2.9024,0.0295,0.1601,0,0,0,0,B0,42
Fc1ccccc1Oc1nc(Oc2ccccc2)nc(-c2ccc3c(c2)c2ccccc2n3-c2ccccc2)n1,1,0.1702,0.7059,0.8298,0.2941,2.4744,340.3693,41.3642,4.5029,0.3193,0.3933,0.1759,-6.9644,1.0447,0.4368,0.3731,0.1971,0.3195,1,1,1,355.825,4.2264,0.4155,-6.3733,0.0726,0.0102,1,1,1,1,B0,42
CC(=O)c1c(O)cccc1OCCCCCCCCO,1,0.661,0.2632,0.339,0.7368,2.0431,272.8557,29.2063,3.6329,0.5777,0.228,0.219,-6.7865,1.1462,0.4404,0.3868,0.2019,0.2954,0,1,0,280.2578,3.5326,0.2344,-6.6042,0.0464,0.0083,0,1,0,0,B0,42
CC1=C(CCCC(C)(C)O)C(=O)N2B(O)c3cscc3C=C12,1,0.32,0.75,0.68,0.25,4.0612,357.9335,82.5,3.9386,0.392,0.3458,0.2541,-6.8938,0.7311,0.5788,0.3778,0.2967,0.3274,1,0,0,374.2783,4.2051,0.2464,-6.9398,0.3926,0.0277,0,1,0,0,B0,42
CCCCc1cccc2ccc(-c3ccc(OC(=O)N4CCC(NC5CCC5)CC4)cn3)nc12,1,0.6849,0.6567,0.3151,0.3433,2.6136,322.4643,74.2556,4.0691,0.4288,0.4697,0.2267,-7.214,0.9386,0.3899,0.3915,0.1334,0.2258,1,1,1,373.7428,4.0806,0.5251,-6.6366,0.0764,0.0058,1,1,1,1,B0,42
O=C(O)c1cc(Cl)ccc1Cl,1,0.5641,0.4667,0.4359,0.5333,1.4874,264.3149,38.5923,3.8671,0.4123,0.2136,0.1646,-5.062,0.6795,0.7193,0.2774,0.483,0.3327,0,0,0,277.2022,3.5783,0.2325,-4.8991,0.4446,0.5295,0,0,0,0,B0,42
COC(=O)c1c(C)c2n(c1C)[B-](F)(F)[N+]1=C3C=NC=CN3[B-](F)(F)[N+]1=C2,1,0.431,0.7333,0.569,0.2667,4.9219,476.6934,62.0968,4.4151,0.286,0.3966,0.1762,-6.7893,1.0128,0.6099,0.3763,0.3116,0.3492,0,0,0,468.8224,4.4681,0.5186,-6.4932,0.7428,0.0091,0,0,0,0,B0,42
CCOC(=O)C(C(=O)OCCN1c2ccccc2CCc2cccc(N(C)C)c21)N1CCC(C)CC1,1,0.6818,0.5345,0.3182,0.4655,3.2752,425.1244,87.7988,4.1502,0.5806,0.4126,0.1939,-7.2135,0.9649,0.4862,0.3899,0.0817,0.1818,0,1,0,365.4164,4.3309,0.2161,-6.0383,0.1633,0.0043,0,1,0,0,B0,42
Cn1ccc(C(=O)c2ccccc2)n1,1,0.5682,0.5357,0.4318,0.4643,1.8842,308.0868,48.5519,3.7757,1.2008,0.2552,0.2161,-5.7008,0.7102,0.5456,0.3118,0.2593,0.2977,0,0,0,316.187,4.0128,0.245,-5.7368,0.4821,0.0085,0,1,0,0,B0,42
CCCCC(=O)C1=C(C(C)C)NC(=S)N[C@H]1C=Cc1ccc(Br)cc1,1,0.3214,0.697,0.6786,0.303,3.4675,324.3768,63.8238,4.2372,0.4587,0.2019,0.2054,-7.1874,0.8939,0.4303,0.3631,0.1924,0.2875,0,1,0,320.7514,4.1378,0.1594,-7.0658,0.0746,0.0069,0,1,0,0,B0,42
CC(=O)c1cccc2c1C(=O)c1ccccc1C2=O,1,0.5,0.4706,0.5,0.5294,1.8747,393.8061,55.6105,3.8912,0.4265,0.1905,0.1746,-7.3709,0.9857,0.4775,0.3482,0.2359,0.2989,0,1,0,344.4677,3.7959,0.1603,-7.2615,0.3251,0.0102,0,1,0,0,B0,42
CCOC1=CC(=CC=CC=C2C(=O)c3ccccc3C2=O)C=C(c2ccccc2)O1,1,0.2727,0.6897,0.7273,0.3103,3.0054,446.3071,51.101,4.2849,0.2798,0.1792,0.1463,-7.1011,1.0017,0.4583,0.4042,0.1697,0.2536,0,1,0,466.3279,4.2549,0.1981,-6.6197,0.0872,0.0126,0,1,0,0,B0,42
CCc1c(F)c(F)c(C#Cc2ccc(OC)cc2)c(F)c1F,1,0.2258,0.6579,0.7742,0.3421,2.5105,352.8087,87.9117,4.135,0.4291,0.3501,0.1793,-6.9236,1.4109,0.4856,0.359,0.2802,0.3159,1,1,1,349.9166,4.1596,0.428,-6.6443,0.4258,0.0379,1,1,1,1,B0,42
CC(C)(C)c1ccc(-n2c3ccccc3c3cc4c5ccccc5n5c6cccc(C#N)c6c(c32)c45)cc1,1,0.5088,0.7018,0.4912,0.2982,2.7719,368.8037,47.2566,4.3335,0.3442,0.3871,0.2087,-7.4648,1.05,0.4816,0.3652,0.3363,0.3466,1,1,1,394.7432,4.3653,0.4111,-7.5075,0.1669,0.0064,1,1,1,1,B0,42
O=C(CCCCC1CCNCC1)NC1=CC(=O)C(=O)c2ccccc21,1,0.48,0.62,0.52,0.38,2.513,399.0937,80.9552,4.0859,0.4197,0.1431,0.1793,-7.1074,0.9162,0.4647,0.403,0.2771,0.3266,0,1,0,410.316,4.1266,0.1624,-6.1341,0.3911,0.0488,0,1,0,0,B0,42
Cc1ccccc1OC1CC2CCC1(C)C2(C)C,1,0.625,0.5,0.375,0.5,3.8835,341.3562,99.2399,3.8175,0.5825,0.1121,0.155,-7.0584,0.9702,0.147,0.2544,0.3936,0.3537,0,1,0,277.4208,3.747,0.2251,-6.3889,0.0055,0.8303,0,0,0,0,B0,42
COc1ccc(N(c2ccccc2)c2ccc(-c3ccc(/C=c4\s/c(=C(\C#N)C(=O)O)n(C)c4=O)s3)cc2)cc1O,1,0.2063,0.6849,0.7937,0.3151,3.0626,481.5771,34.3406,4.4383,0.2518,0.1731,0.1898,-6.8066,0.8865,0.5554,0.3829,0.0957,0.2071,0,0,0,482.785,4.4764,0.1469,-6.3486,0.0655,0.0069,0,1,0,0,B0,42
COC(=O)C=Cc1ccc(N(C)C)cc1,1,0.2121,0.25,0.7879,0.75,1.8876,345.2281,26.6133,4.0224,0.3984,0.0759,0.1102,-5.4619,0.8134,0.5251,0.3476,0.2106,0.3028,0,0,0,351.3076,3.819,0.1017,-5.002,0.7753,0.0145,0,0,0,0,B0,42
CCCc1ccc(C#Cc2ccccc2)cc1,1,0.3667,0.5357,0.6333,0.4643,1.7412,300.9824,30.1754,3.976,0.6115,0.2974,0.2301,-7.0242,1.8854,0.3452,0.3123,0.3753,0.3263,1,1,1,304.0881,4.2485,0.3873,-7.9314,0.136,0.0637,1,1,1,1,B0,42
CCC(=O)S(=O)(=O)c1ccc(C)cc1,1,0.6667,0.5806,0.3333,0.4194,2.2523,281.6814,43.8739,3.8765,0.5196,0.1745,0.1711,-5.5876,0.7037,0.5492,0.3409,0.2862,0.3204,0,0,0,285.3232,3.6947,0.1847,-6.0938,0.381,0.0151,0,1,0,0,B0,42
COc1cc(C(C#N)=CC(C)(C)C)c(OC)cc1C(C#N)=Cc1ccc(-c2nnc(C)o2)cc1,1,0.1429,0.6825,0.8571,0.3175,3.0372,370.2545,35.8967,4.4165,0.2118,0.3273,0.283,-6.7953,0.7828,0.495,0.3702,0.1566,0.2629,1,1,1,361.3834,4.3734,0.388,-6.3236,0.0516,0.0053,1,1,1,1,B0,42
CCCCC(CC)COc1cc2ccc(F)c3c4ccccc4c4cccc1c4c23,1,0.6515,0.614,0.3485,0.386,2.8556,403.0931,53.3061,4.2098,0.481,0.3786,0.2556,-6.8497,1.5217,0.385,0.3728,0.1741,0.2736,1,1,1,440.3796,4.2323,0.5314,-6.7316,0.0157,0.0294,0,1,0,0,B0,42
Cn1c2nc(C(=O)C3(C)CCNCC3)nc(=O)c-2[n+]([O-])c2c(C#N)cccc21,1,0.6338,0.7361,0.3662,0.2639,3.6899,422.268,98.1596,3.9295,0.7275,0.3394,0.2839,-7.2397,0.7422,0.568,0.3987,0.2398,0.2833,0,0,0,426.4648,4.2517,0.3101,-7.4003,0.532,0.1502,0,0,0,0,B0,42
CCOC(=O)c1cc(-c2ccnc3nc(-c4ccccc4)nn23)cc(C(F)(F)F)c1,1,0.3091,0.6364,0.6909,0.3636,2.4106,330.6713,28.2535,4.1064,0.3261,0.3881,0.1311,-7.1461,0.9947,0.3916,0.3532,0.1157,0.2073,1,1,1,334.4778,3.9969,0.5011,-6.5836,0.0445,0.0037,1,1,1,1,B0,42
CC1(C)CC(=O)C2=C(C1)Oc1ccc3ccc(OCCCNCCNc4ccnc5cc(Cl)cc(-c6ccccc6)c45)cc3c1C2C(=O)C1CCNCC1,1,0.4095,0.7429,0.5905,0.2571,3.9856,371.7449,81.1846,4.7316,0.3903,0.3147,0.2407,-7.2634,1.0889,0.4249,0.4132,0.1704,0.2954,1,1,1,381.7447,4.4054,0.3752,-8.0421,0.0853,0.0058,1,1,1,1,B0,42
CN(C)c1cccc(O)c1C(=O)Oc1c(F)c(F)c(F)c(F)c1F,1,0.6512,0.5641,0.3488,0.4359,2.6505,346.1519,46.6877,4.097,0.6639,0.2365,0.1628,-7.0819,1.0367,0.575,0.3541,0.1223,0.2284,0,0,0,368.9322,4.2639,0.2183,-6.0132,0.2026,0.008,0,1,0,0,B0,42
COc1c(Br)cccc1Nc1nc2cc3c(C)c(C(N)=O)c(=O)oc3cc2n1CCOC1CCC(C)CC1O,1,0.4545,0.7766,0.5455,0.2234,4.046,341.0566,72.8964,4.1136,0.36,0.3199,0.2494,-6.8962,0.8747,0.4174,0.4203,0.1006,0.1975,1,1,1,380.4357,4.1339,0.2801,-6.5508,0.0272,0.0048,1,1,1,1,B0,42
CN(CCO)Cc1ccccc1,1,0.6286,0.4615,0.3714,0.5385,1.5655,259.0365,31.2178,3.6767,0.5001,0.2486,0.2183,-5.5441,0.726,0.397,0.354,0.4098,0.328,0,1,0,277.3458,3.4893,0.2786,-5.4195,0.2069,0.8062,0,0,0,0,B0,42
Cc1c(C(N)=O)c(=O)oc2cc3c(cc12)nc(Nc1cccc(Br)c1)n3Cc1cc(O)cc(OC(C)C)c1,1,0.3372,0.747,0.6628,0.253,2.9266,341.2555,57.7125,4.1455,0.5924,0.3727,0.2845,-7.0007,0.9183,0.3574,0.3943,0.1335,0.2477,1,1,1,325.5481,4.4499,0.5131,-6.5421,0.0047,0.006,1,1,1,1,B0,42
c1ccc(-c2ccccc2)cc1,0,0.1,0.4375,0.9,0.5625,1.0,273.2734,18.3934,4.1847,0.242,0.2373,0.1549,-4.1003,1.1141,0.5249,0.3334,0.4566,0.3253,0,0,0,283.6671,4.2074,0.2631,-3.6757,0.2932,0.0808,0,0,0,0,B0,42
CCOC(=O)c1ccc(-c2cc(O)cc(C#N)c2-c2ccc(OC)cc2)cc1,1,0.541,0.4314,0.459,0.5686,2.1714,367.4568,52.1637,4.0409,0.4677,0.2594,0.1944,-7.0251,0.9159,0.5342,0.3687,0.0969,0.1958,1,0,0,366.6392,4.1827,0.2836,-6.6004,0.0758,0.0035,1,1,1,1,B0,42
CC(C)(C)c1cc(Sc2cc(C(C)(C)C)c(O)cc2C(C)(C)C)c(-c2ccc(N(c3ccccc3)c3ccccc3)cc2)cc1O,1,0.5682,0.45,0.4318,0.55,2.9377,389.2847,64.5054,4.4168,0.2054,0.3255,0.201,-7.058,1.0892,0.4891,0.3878,0.2496,0.3388,1,1,1,401.772,4.4874,0.3428,-7.0219,0.1224,0.0067,1,1,1,1,B0,42
CCCCOCCOC(=O)c1ccc(CCCC)cc1,1,0.4412,0.3333,0.5588,0.6667,1.7479,295.8047,50.5704,3.6957,0.6458,0.1983,0.2571,-7.1966,0.8787,0.3064,0.2994,0.0864,0.1978,0,1,0,286.8572,3.6945,0.2992,-7.7911,0.084,0.0022,0,1,0,0,B0,42
COC(=O)[C@H](CO)c1ccc(Cl)cc1,1,0.5714,0.6098,0.4286,0.3902,2.312,264.8394,30.2009,3.7827,0.4222,0.1579,0.159,-5.5584,0.7817,0.5662,0.3558,0.2211,0.2875,0,0,0,258.8406,3.3167,0.1995,-6.0632,0.1016,0.0699,0,1,0,0,B0,42
CN(C)c1ccc(C(C)(C)C)cc1,1,0.5,0.5455,0.5,0.4545,1.6522,287.7301,32.3651,3.5389,0.6265,0.2009,0.1364,-4.1804,1.1548,0.4259,0.3175,0.6505,0.2909,0,0,0,325.2306,3.5854,0.1656,-3.5748,0.1284,0.9892,0,0,0,0,B0,42
CCN(c1ccc(/N=N/c2ccc(C#N)cc2)cc1)c1cc(C)c(O)c(C)c1OC,1,0.52,0.6875,0.48,0.3125,2.8571,444.9452,68.0123,4.6699,0.2862,0.3134,0.2745,-6.9053,0.8872,0.4827,0.3891,0.1956,0.2908,0,1,0,431.6486,4.5887,0.2833,-6.5951,0.0956,0.0057,0,1,0,0,B0,42
CCOC(=O)C=CC=Cc1ccc(-c2ncc(-c3ccc(OC)cc3)n2C)cc1,1,0.5152,0.44,0.4848,0.56,2.4472,361.4068,54.4585,4.4972,0.2842,0.236,0.197,-6.9463,0.8982,0.5403,0.3652,0.1083,0.198,0,0,0,357.6956,4.2681,0.2186,-6.6311,0.0781,0.0028,0,1,0,0,B0,42
C=CC(=O)NCc1cc(-c2cccc(S(=O)(=O)c3cccc(N4c5ccccc5Sc5ccccc54)c3)c2)ccc1O,1,0.4655,0.5821,0.5345,0.4179,2.7657,447.8185,76.5321,3.8376,0.7904,0.2864,0.2137,-7.207,1.0668,0.5309,0.433,0.2037,0.3103,0,0,0,405.1492,4.159,0.189,-8.3418,0.0618,0.0068,0,1,0,0,B0,42
CC(C)(C)c1cc(C(C(C)(C)C)S(=O)(=O)c2ccccc2)cc(C(C)(C)C)c1O,1,0.6216,0.2821,0.3784,0.7179,3.135,305.533,53.7393,4.2645,0.4343,0.2924,0.2086,-7.2615,0.9539,0.4183,0.3705,0.2744,0.3353,1,1,1,311.1552,4.0942,0.1811,-7.1077,0.0261,0.0085,0,1,0,0,B0,42
COC(=O)c1c2c3c(c4[o+]c(C(C)(C)C)cc(N5CCCCC5)c14)CCCN3CCC2,1,0.6167,0.6875,0.3833,0.3125,3.2844,419.857,79.9045,4.2131,0.6086,0.3247,0.2669,-7.3492,1.0454,0.4164,0.3909,0.2296,0.3255,1,1,1,447.2658,4.3192,0.3381,-7.0162,0.043,0.0074,0,1,0,0,B0,42
COc1ccccc1C(=O)c1ccccc1OCC[Si](C=Cc1ccc(-c2ccco2)cc1)(c1ccccc1)c1ccccc1N(C)C,1,0.6933,0.5147,0.3067,0.4853,3.5456,382.5399,76.6222,4.4693,0.3107,0.1886,0.1743,-6.7993,1.0059,0.4448,0.4007,0.1174,0.2264,0,1,0,364.9899,4.3138,0.047,-5.9672,0.058,0.0037,0,1,0,0,B0,42
CCOC(=O)Cc1ccc2c(c(C)cc(=O)n2C)c1C(=O)OC,1,0.6226,0.66,0.3774,0.34,2.4315,364.9106,36.1216,3.9165,0.6515,0.4461,0.2119,-7.007,0.8963,0.518,0.3646,0.1535,0.2486,1,0,0,366.9096,3.8467,0.4887,-6.6086,0.5033,0.008,1,0,0,0,B0,42
CCOC(=O)N=Cc1cc(S(=O)(=O)[O][Na])ccc1O,1,0.375,0.6226,0.625,0.3774,3.3567,286.49,58.3486,3.9301,0.4842,0.2057,0.1583,-7.0967,0.7826,0.6776,0.3289,0.2521,0.303,0,0,0,310.8357,3.9878,0.156,-6.9487,0.718,0.1613,0,0,0,0,B0,42
CCCCC(CC)COc1cc(O)cc(N)c1Cl,1,0.6393,0.56,0.3607,0.44,2.9477,269.8485,42.1667,3.6452,0.6618,0.2721,0.2331,-6.9573,0.8206,0.5264,0.3773,0.1357,0.2435,0,0,0,295.5883,3.7637,0.1786,-6.6827,0.1328,0.0133,0,1,0,0,B0,42
COc1c(C)cc(Cc2cc(C)cc(C(C)(C)C)c2O)c(-c2nc3c4ccccc4c4ccccc4c3[nH]2)c1C(C)(C)C,1,0.5077,0.5397,0.4923,0.4603,3.0682,526.9222,157.3597,4.4214,0.3785,0.4608,0.255,-6.7434,0.8676,0.3694,0.3769,0.2284,0.3157,0,1,0,418.3908,4.4811,0.3723,-6.549,0.032,0.0044,1,1,1,1,B0,42
CCCCc1cc(OC)sc1-c1ccc(/C=C(\C#N)C(=O)O)s1,1,0.2807,0.629,0.7193,0.371,3.0685,435.7243,53.9331,4.1777,0.4499,0.1341,0.1521,-6.8944,0.9168,0.494,0.3722,0.1061,0.197,0,1,0,403.707,4.0736,0.2242,-6.6467,0.1027,0.0035,0,1,0,0,B0,42
CCC(C)(C)c1cc(-c2c3ccccc3nc3cc4c(cc23)[Si](C)(C)O[Si](C)(C)O[Si]4(C)C)ccc1O,1,0.3704,0.6491,0.6296,0.3509,3.7056,488.2619,97.9938,4.2631,0.2585,0.3496,0.2304,-7.2127,1.0823,0.3881,0.349,0.1696,0.2616,0,1,0,468.689,4.1655,0.3829,-7.3238,0.0692,0.0051,0,1,0,0,B0,42
CCCCCCCC[S+](C)C,1,0.625,0.5263,0.375,0.4737,2.6534,201.6655,98.8001,3.5557,0.7906,0.1892,0.2006,-3.4812,0.7738,0.33,0.3124,0.608,0.2828,0,0,0,260.0974,3.4827,0.2046,-3.0555,0.1715,0.943,0,0,0,0,B0,42
COc1ccc(COC(=O)c2ccccc2O)cc1,0,0.5897,0.0,0.4103,1.0,1.5373,307.8245,26.4862,3.8554,0.401,0.2924,0.2484,-7.0829,0.9379,0.3569,0.3453,0.0925,0.1894,1,1,1,292.6,3.8765,0.2881,-6.5907,0.0931,0.0061,1,1,1,1,B0,42
O=C(c1ccccc1)c1ccc(CO)cc1,1,0.4194,0.3182,0.5806,0.6818,1.4024,302.5036,33.1609,4.0356,0.3181,0.2916,0.268,-6.6235,1.5128,0.5613,0.2898,0.238,0.288,1,0,0,282.3378,3.8932,0.1959,-7.3743,0.4436,0.0223,0,1,0,0,B0,42
N#C/C(=C\c1ccc(-c2nc[nH]c2-c2ccccc2)cc1)C(=O)O,1,0.4694,0.5926,0.5306,0.4074,2.365,372.8844,41.1565,4.2768,0.2253,0.1693,0.211,-7.3813,0.9953,0.5624,0.3459,0.18,0.2749,0,0,0,363.4551,4.2776,0.1581,-7.4834,0.1104,0.0103,0,1,0,0,B0,42
CCCCc1c(C)cc(C)c(B(C=C(C)C)c2c(C)cc(C)cc2C)c1C,1,0.7451,0.7,0.2549,0.3,3.2018,357.3422,40.1611,4.1304,0.571,0.2141,0.2112,-6.8939,1.509,0.3712,0.3579,0.3413,0.3359,0,1,0,376.663,4.0671,0.3441,-6.9387,0.0882,0.0252,1,1,1,1,B0,42
CN(NC1CC(C)(C)NC(C)(C)C1)C(=O)OC(C)(C)C,1,0.6538,0.5526,0.3462,0.4474,3.0965,392.1302,129.1438,3.0282,0.9652,0.2051,0.2135,-6.5967,0.7228,0.51,0.4062,0.4123,0.3626,0,0,0,363.0918,2.8935,0.1618,-6.0118,0.1771,0.5232,0,0,0,0,B0,42
CCc1ccc(-c2c(-c3ccc(OC)cc3)[n+]3c4ccccc4c(-c4ccc(OC)cc4)c(-c4ccc(OC)cc4)c3c3ccccc23)cc1,1,0.1429,0.6809,0.8571,0.3191,2.7969,433.9614,62.3808,4.3976,0.3696,0.4315,0.1909,-6.9924,1.0824,0.4125,0.3404,0.1347,0.2404,0,1,0,428.1428,4.3455,0.4552,-6.6926,0.0402,0.007,0,1,0,0,B0,42
F[B-]1(F)n2c(nc3c4ccccc4c4cccc(C(F)(F)F)c4c32)-c2cc(-c3ccccc3)cc[n+]21,1,0.4643,0.7833,0.5357,0.2167,3.2874,528.8396,91.6136,4.8792,0.35,0.4058,0.2648,-7.3889,1.2823,0.4831,0.3984,0.2589,0.3115,0,1,0,475.416,4.5189,0.5173,-7.3042,0.2141,0.0159,0,1,0,0,B0,42
CC(C)(C)c1cc(C(c2ccc([N+](=O)[O-])cc2)c2cc(C(C)(C)C)c(O)c(C(C)(C)C)c2)cc(-c2csc(/N=N/c3ccc(O)c4ncccc34)n2)c1O,1,0.4722,0.5286,0.5278,0.4714,4.0591,501.9169,95.5013,4.3722,0.4971,0.1712,0.197,-7.1282,1.0085,0.5106,0.4042,0.2142,0.3302,0,0,0,488.4706,4.5078,0.1668,-6.8547,0.0304,0.0089,0,1,0,0,B0,42
CCOC(OCC)(c1ccccc1)c1cc(-c2cnn(-c3ccccc3)c2)c(O)c(C(C)(C)C)c1,1,0.6567,0.3922,0.3433,0.6078,2.8942,341.4287,71.914,4.3069,0.497,0.3049,0.1863,-7.1297,1.0274,0.3902,0.3719,0.1997,0.2967,1,1,1,335.6149,4.3286,0.3344,-6.5964,0.0266,0.0038,1,1,1,1,B0,42
CCCCCCC(CCCC1CCNCC1)N1C(=O)c2cccc3c(-c4ccc(OC)c5cccc(C)c45)ccc(c23)C1=O,1,0.2188,0.6769,0.7812,0.3231,3.3995,385.545,98.0143,4.298,0.3014,0.3338,0.2361,-6.8399,0.9605,0.2819,0.3649,0.1676,0.2497,1,1,1,433.5222,4.2901,0.398,-6.5766,0.0346,0.0092,0,1,0,0,B0,42
CN(C)c1ccc(C#Cc2ccc(C=C(C#N)C(=O)c3ccc(C(C)(C)c4ccc(C(=O)c5ccccc5)cc4)cc3)cc2)cc1,1,0.4074,0.549,0.5926,0.451,2.7841,428.1624,44.1719,4.5168,0.2437,0.1634,0.1341,-7.201,1.1966,0.4136,0.3818,0.1361,0.2236,0,1,0,411.4505,4.2999,0.0182,-6.0307,0.1965,0.0053,0,1,0,0,B0,42
COc1ccccc1C(=O)/C=C/c1ccc(Cl)cc1,1,0.3421,0.4318,0.6579,0.5682,1.6841,343.363,45.5458,4.3009,0.3301,0.0874,0.1562,-7.039,1.2414,0.5406,0.3715,0.1763,0.2889,0,0,0,331.1605,4.2403,0.1537,-6.1372,0.1009,0.0035,0,1,0,0,B0,42
C=CC(O)c1c[nH]c2ccccc12,1,0.5714,0.5882,0.4286,0.4118,2.8326,281.9702,29.152,3.7539,0.474,0.2029,0.2068,-5.4358,1.251,0.4991,0.3673,0.4015,0.337,0,1,0,294.0271,3.44,0.1693,-5.2114,0.1067,0.0178,0,1,0,0,B0,42
CCOC(=O)C(=Cc1ccc(OC)c(OC)c1)c1nn(-c2c(Cl)ccc(C(=O)OC)c2Cl)nc1C#N,1,0.7,0.5775,0.3,0.4225,3.0217,419.9695,104.3043,4.1749,0.4823,0.3195,0.2378,-6.8133,0.798,0.6062,0.3829,0.1023,0.2075,1,0,0,379.5964,4.6531,0.201,-6.6597,0.3091,0.0035,0,1,0,0,B0,42
COc1ccc(-c2cc(C=C(c3ccccc3)C3CCCNC3)ccc2Cl)cc1,1,0.6719,0.5938,0.3281,0.4062,2.7524,342.4745,41.2448,4.2216,0.3754,0.2029,0.2019,-7.444,1.0936,0.4839,0.3838,0.1796,0.2792,0,1,0,352.0871,4.0637,0.3113,-7.0734,0.044,0.0106,1,1,1,1,B0,42
O=C(c1ccccc1)c1ccc(-c2ccc([N+](=O)[O-])cc2)cc1,1,0.5,0.1111,0.5,0.8889,1.5977,347.2244,30.1129,4.246,0.2129,0.1347,0.1841,-7.4444,1.0643,0.6173,0.3678,0.1677,0.2414,0,0,0,329.7786,4.1386,0.0644,-7.3048,0.0997,0.005,0,1,0,0,B0,42
O=C(C=CN1c2c(sc3ccccc23)Sc2sc3ccccc3c21)c1ccc(O)cc1O,1,0.6111,0.5882,0.3889,0.4118,3.221,408.8195,74.3072,4.2999,0.3878,0.199,0.2004,-7.4423,0.9792,0.5628,0.3947,0.1877,0.2807,0,0,0,410.967,4.4785,0.3595,-8.2676,0.3773,0.0067,1,1,1,1,B0,42
Cc1ccc(COc2ccc(C=C(c3ccccc3)c3ccccc3)cc2)cc1,1,0.5111,0.5385,0.4889,0.4615,1.8064,352.5324,30.243,4.2713,0.5355,0.1338,0.1095,-7.0154,1.4053,0.3626,0.3177,0.2277,0.298,0,1,0,348.4543,4.225,0.1654,-6.6664,0.0459,0.016,0,1,0,0,B0,42
COc1ccc(C=Cc2cc(C=Cc3ccc(OC)cc3)nc(C=Cc3ccc(CCC(C)C)cc3)n2)cc1,1,0.3721,0.5769,0.6279,0.4231,2.7386,362.8039,25.9736,4.7158,0.2258,0.308,0.1829,-6.715,0.8975,0.3736,0.3583,0.1704,0.2659,1,1,1,349.6644,4.653,0.3455,-7.7889,0.0526,0.0122,1,1,1,1,B0,42
CCOC(=O)C(C)(c1ccc(O)cc1)c1ccc(O)c(N(C)C)c1,1,0.6731,0.58,0.3269,0.42,2.9838,328.3654,49.0206,3.9929,0.4539,0.3191,0.2002,-7.1101,1.0562,0.614,0.349,0.1326,0.2325,1,0,0,338.5239,4.0892,0.1823,-6.0029,0.4759,0.0057,0,1,0,0,B0,42
CC(C)=CCc1ccc(C)cc1,1,0.619,0.44,0.381,0.56,1.8292,268.1009,21.1483,3.8609,0.5468,0.1007,0.1473,-4.2087,1.21,0.3535,0.3043,0.5029,0.3346,0,0,0,277.9606,3.8742,0.1616,-4.7603,0.0272,0.2112,0,0,0,0,B0,42
CC(C)(C)c1ccc(-c2cccc(-c3nc(-c4ccccc4)c4ccccn34)c2)cc1,1,0.375,0.6,0.625,0.4,2.1742,342.6705,14.9403,4.2704,0.3226,0.3265,0.1561,-7.1982,1.4914,0.4564,0.3915,0.3037,0.3346,1,1,1,323.2751,4.1844,0.3217,-7.2699,0.1858,0.0347,1,1,1,1,B0,42
CCOC(=O)C=Cc1ccccc1,0,0.4516,0.0,0.5484,1.0,1.5849,289.512,33.5371,3.8497,0.4995,0.0853,0.1055,-4.7298,0.717,0.2529,0.2898,0.1655,0.2655,0,0,0,298.0048,3.7128,0.1586,-4.3411,0.0754,0.009,0,0,0,0,B0,42
CCCCc1ccccc1-c1c(-c2ccccc2)c(-c2ccccc2)n2c(c1OC)c(C=O)c1cc(OC)ccc12,1,0.3051,0.7162,0.6949,0.2838,2.7723,382.5875,44.5512,4.0687,0.6679,0.2234,0.1854,-6.6608,0.9718,0.4251,0.3893,0.132,0.212,0,1,0,378.7618,4.1003,0.2774,-6.4517,0.1061,0.0094,1,1,1,1,B0,42
CCCC(C)c1cccc(C(C)c2ccccc2)c1O,1,0.6571,0.2903,0.3429,0.7097,2.8284,270.0233,41.6671,4.0048,0.4044,0.2939,0.2384,-7.2795,1.5397,0.2981,0.329,0.2741,0.3136,0,1,0,309.4502,3.9503,0.2308,-7.2943,0.0184,0.0144,0,1,0,0,B0,42
C=CC=Cc1cc(C)ccc1C,1,0.6452,0.6389,0.3548,0.3611,2.3648,295.7826,29.7837,3.7441,0.536,0.3691,0.3126,-4.1544,1.1122,0.3853,0.3375,0.468,0.338,0,0,0,300.082,3.9252,0.4412,-4.7859,0.1231,0.0531,1,0,0,0,B0,42
COc1ccc(-c2cc(C(=O)Cc3cc(OC)ccc3C(=O)c3ccccc3)c(O)cc2O)cc1,1,0.5833,0.463,0.4167,0.537,2.3232,354.1715,59.9473,4.2957,0.4018,0.2218,0.163,-7.0253,0.853,0.4033,0.3573,0.0704,0.1326,0,1,0,368.931,4.1091,0.2975,-6.6047,0.0488,0.005,1,1,1,1,B0,42
COc1ccc(CO)cc1-c1ccc(C(C)(C)C)cc1,1,0.569,0.4737,0.431,0.5263,1.7847,298.5936,36.2417,4.0868,0.3136,0.3884,0.2753,-7.0216,0.903,0.3775,0.3575,0.1971,0.2739,1,1,1,269.0539,3.8716,0.2491,-6.7089,0.0895,0.0053,0,1,0,0,B0,42
O=C(c1ccccc1)c1ccccc1-c1ccc(F)s1,1,0.675,0.4857,0.325,0.5143,2.0144,331.0687,28.651,4.1708,0.4496,0.2832,0.1872,-7.5193,1.4232,0.4889,0.3447,0.2215,0.2791,1,1,1,320.1492,4.1238,0.1334,-7.6815,0.1848,0.0195,0,1,0,0,B0,42
Cn1sc(Cl)c(C(F)(F)F)c1=O,1,0.7692,0.6562,0.2308,0.3438,3.4088,287.7439,57.844,3.7951,0.5999,0.1389,0.1774,-5.1061,0.7871,0.6705,0.3388,0.5724,0.3251,0,0,0,342.8711,3.6367,0.3517,-4.8089,0.4964,0.9419,0,0,0,0,B0,42
CCCCc1cccc(CC)c1,1,0.56,0.4,0.44,0.6,1.4536,281.6993,49.2033,3.9091,0.5397,0.251,0.2271,-3.8543,1.0729,0.3049,0.2619,0.4905,0.3276,0,0,0,278.7521,3.8519,0.2997,-3.0972,0.0865,0.8385,0,0,0,0,B0,42
C=CC(=O)Oc1cc(O)c(C(=O)c2ccccc2)c(OC)c1,1,0.6491,0.4,0.3509,0.6,2.1984,348.5868,31.5641,4.2294,0.3369,0.206,0.2092,-6.9521,0.8709,0.5771,0.3634,0.1442,0.2355,0,0,0,345.9078,4.3493,0.1112,-6.3369,0.1432,0.0128,0,1,0,0,B0,42
CCOC(=O)c1ccc(-c2c(C)cccc2N)cc1F,1,0.5778,0.3556,0.4222,0.6444,2.0016,333.1251,32.743,3.8439,0.4532,0.243,0.1519,-7.242,0.9813,0.344,0.3674,0.1076,0.2286,0,1,0,307.212,3.8796,0.3915,-6.5895,0.0438,0.003,1,1,1,1,B0,42
Cc1ccc(O)c2cc(O)c(O)cc12,1,0.5909,0.5926,0.4091,0.4074,2.1785,300.4559,36.2654,3.9897,0.2011,0.1806,0.1268,-5.043,0.9382,0.6704,0.3072,0.2972,0.3089,0,0,0,307.6044,3.9672,0.1944,-4.9607,0.4154,0.0176,0,0,0,0,B0,42
O=C(c1ccc(C(F)(F)F)cc1)c1ccc(OCC2CO2)cc1O,1,0.7018,0.2708,0.2982,0.7292,2.5817,309.6297,35.1486,4.0651,0.3376,0.297,0.23,-7.2158,0.8704,0.5301,0.366,0.1608,0.2467,1,0,0,301.0082,4.0093,0.3067,-6.5869,0.0578,0.0053,1,1,1,1,B0,42
O=C1c2ccccc2-c2ccc(-c3ccc(N4CCCCC4)s3)cc21,1,0.5357,0.7321,0.4643,0.2679,2.2589,385.5202,65.0295,4.1222,0.5456,0.3094,0.1725,-7.715,1.1855,0.493,0.3939,0.2622,0.2913,1,1,1,410.9584,4.1734,0.251,-7.7949,0.3229,0.0175,1,1,1,1,B0,42
CCc1ccc(-c2ccco2)cc1,1,0.5385,0.6571,0.4615,0.3429,1.6162,302.4741,55.2123,3.6725,0.7286,0.1631,0.2012,-4.149,1.1802,0.4447,0.3337,0.3577,0.3488,0,0,0,307.9236,3.8217,0.2451,-3.304,0.2096,0.0559,0,0,0,0,B0,42
O=C(OCc1ccc(O)c(O)c1)c1ccccc1O,1,0.575,0.303,0.425,0.697,1.8532,307.7694,41.7084,3.9058,0.3705,0.3056,0.2678,-7.2872,0.9491,0.5012,0.3915,0.1381,0.2439,1,0,0,308.4904,4.0356,0.2224,-6.6225,0.1508,0.008,0,1,0,0,B0,42
Cc1ccccc1C(=O)C(=O)OC(C)(C)C,1,0.6364,0.5,0.3636,0.5,1.9361,290.6936,30.4159,3.9202,0.5038,0.3423,0.2642,-6.2676,1.1227,0.3051,0.3185,0.2766,0.3126,1,1,1,291.3173,3.7992,0.3257,-6.1784,0.0649,0.0346,0,1,0,0,B0,42
CCCCN1c2ccccc2Sc2cc(-c3ccc(OC(=O)C[C@@H](CC(=O)O)C(=O)O)o3)ccc21,1,0.4533,0.6912,0.5467,0.3088,3.2992,389.1872,82.269,3.9598,0.544,0.3278,0.2422,-7.1406,1.1276,0.4989,0.3704,0.116,0.2362,1,1,1,385.9721,4.1613,0.2703,-6.625,0.0415,0.0061,1,1,1,1,B0,42
CCOC(=O)c1n[nH]c(-c2ccccn2)n1,1,0.5116,0.561,0.4884,0.439,2.4147,316.3068,32.9233,3.9495,0.3512,0.2475,0.2296,-6.2887,1.2406,0.4382,0.3786,0.1488,0.2153,0,1,0,307.4638,3.8506,0.2679,-5.5415,0.2433,0.0075,1,1,1,1,B0,42
COc1ccc(-c2cccc3c(-c4ccccc4)c4ccccc4c(-c4ccc(O)c(OC)c4)c23)cc1,1,0.5227,0.5769,0.4773,0.4231,2.1925,501.1479,139.3801,4.2514,0.3257,0.2881,0.2276,-6.9127,0.9188,0.5108,0.373,0.093,0.1821,0,0,0,429.3438,4.2452,0.3225,-6.2198,0.0929,0.0048,0,1,0,0,B0,42
COc1c([N+](=O)[O-])ccc(C(=O)c2cccs2)c1O,1,0.6607,0.4,0.3393,0.6,2.3907,320.8094,30.5295,4.0611,0.3678,0.1391,0.112,-7.0408,0.937,0.5929,0.3748,0.1488,0.2561,0,0,0,327.8711,4.0562,-0.1016,-6.3497,0.1304,0.0118,0,1,0,0,B0,42
CCCCCCCCCOCC,1,0.6471,0.2353,0.3529,0.7647,1.6426,301.7971,157.3265,3.5971,0.6943,0.1813,0.2002,-3.5849,0.8598,0.2014,0.2041,0.3472,0.3191,0,0,0,338.6911,3.8012,0.2217,-3.2011,0.0198,0.0928,0,0,0,0,B0,42
C=CC(=O)Oc1ccc(F)cc1F,1,0.7,0.625,0.3,0.375,2.0518,307.6749,44.2016,3.9115,0.3889,0.2632,0.2224,-5.0714,0.5638,0.5321,0.3686,0.3031,0.3179,1,0,0,326.0309,3.8275,0.2914,-4.8956,0.5349,0.0146,1,0,0,0,B0,42
CC(C)(C)c1ccc(-c2c3c([o+]c4c2Cc2cc(N)ccc2-4)-c2ccc(N)cc2C3)cc1,1,0.4186,0.6383,0.5814,0.3617,3.1233,485.849,103.4061,4.389,0.3043,0.2652,0.202,-7.3466,0.9875,0.5083,0.3737,0.2939,0.3327,0,0,0,455.4477,4.3915,0.3476,-7.3556,0.1899,0.0104,0,1,0,0,B0,42
CCCCc1ccccc1C1=C2C=CC=[N+]2[B-](F)(F)n2cc(CCC)cc21,1,0.5538,0.7407,0.4462,0.2593,3.6129,488.0747,79.7886,4.6211,0.3458,0.3481,0.2358,-7.0825,1.628,0.4632,0.3762,0.3072,0.3249,0,1,0,443.9601,4.4806,0.2694,-7.5723,0.0616,0.0329,0,1,0,0,B0,42
CC(=O)[C@H]1O[C@@H](n2c(-c3ccco3)nc3c(N)ncnc32)[C@H](O)[C@@H]1O,1,0.3051,0.7253,0.6949,0.2747,3.9476,307.7759,46.8325,3.8892,0.7166,0.2362,0.2547,-7.4598,0.8929,0.5901,0.3848,0.2113,0.2861,0,0,0,307.1889,4.0349,0.2269,-7.4503,0.4853,0.0468,0,1,0,0,B0,42
CN(C)C(=O)c1ccccc1C(c1ccc(O)cc1)c1ccc(O)cc1,1,0.6842,0.3429,0.3158,0.6571,2.1573,322.513,32.6965,4.2535,0.2994,0.2361,0.1664,-7.3374,1.0868,0.5674,0.363,0.1742,0.2532,0,0,0,338.3884,4.2272,0.3141,-6.1347,0.1607,0.0071,1,1,1,1,B0,42
CCOC(=O)/C=C/C1=[N+]2C(=C(c3c(C)cc(C)cc3C)c3ccc(/C=C/C(=O)C(=O)CCC4CCNCC4)n3[B-]2(F)F)C=C1,1,0.2667,0.6962,0.7333,0.3038,4.0953,590.016,77.9668,4.9025,0.2155,0.6097,0.2336,-7.118,0.973,0.3868,0.3881,0.1474,0.2743,0,1,0,597.0748,4.9413,0.5634,-6.5257,0.1204,0.0046,0,1,0,0,B0,42
COC(=O)c1cc(/C2=c3\cc/c4[n]3[Zn][n]3c(ccc3/C(c3ccc(C)cc3)=C3/C=CC(=N3)/C=4C(C)C)/C(c3ccc(C)cc3)=C3/C=CC2=N3)ccc1C,1,0.4848,0.6923,0.5152,0.3077,5.7414,502.0914,111.2653,4.4356,0.3053,0.374,0.2301,-6.9005,1.004,0.3841,0.4104,0.2146,0.3211,0,1,0,494.6998,4.6781,0.1949,-6.3423,0.0675,0.0059,0,1,0,0,B0,42
CCCCCCn1c2cc(/C=C(\C#N)c3ccccc3)ccc2c2cc(C#N)c(C(=O)OC)cc21,1,0.2281,0.6216,0.7719,0.3784,2.6783,406.8584,45.4942,4.4996,0.2499,0.2176,0.2154,-7.0573,0.9756,0.3614,0.3578,0.0657,0.1327,0,1,0,403.7248,4.4877,0.2449,-6.6545,0.0169,0.0034,0,1,0,0,B0,42
Fc1c(F)c(F)c(C2CCNCC2)c(F)c1F,1,0.7692,0.6364,0.2308,0.3636,2.6491,277.6793,60.4351,3.8367,0.7758,0.2696,0.243,-6.9135,1.4138,0.351,0.3325,0.5162,0.3185,0,0,0,277.5424,3.8712,0.3124,-7.2205,0.1412,0.423,0,1,0,0,B0,42
COc1ccc(C#Cc2ccc(C#Cc3ccc(P(=O)(CCCO)c4ccccc4)cc3)cc2)cc1,1,0.3659,0.6415,0.6341,0.3585,3.2451,391.2771,72.3894,4.413,0.4399,0.429,0.246,-6.7873,1.0803,0.4271,0.3649,0.1275,0.2263,1,1,1,375.6392,4.3662,0.4152,-6.5779,0.1141,0.0042,1,1,1,1,B0,42
CCC(c1cc(C=Cc2cc(C)c3n2[B-](F)(F)[N+]2=CC=CC2=C3)c(O)c(C(C)(C)C)c1)c1cc(C(C)(C)C)c(O)c(C(C)(C)C)c1,1,0.2462,0.6066,0.7538,0.3934,4.6327,581.5577,95.8882,4.7985,0.2836,0.3468,0.241,-7.0736,1.009,0.4113,0.3956,0.3039,0.3492,0,1,0,612.4822,4.8186,0.2591,-6.9452,0.11,0.0077,0,1,0,0,B0,42
COc1cc(C(=O)CCN2CCCCC2)cc(C(C)(C)C)c1O,1,0.7529,0.2093,0.2471,0.7907,2.207,296.9259,38.0058,3.6834,0.7068,0.3102,0.2611,-7.0344,0.8674,0.4548,0.3765,0.252,0.3157,0,1,0,313.1304,3.7758,0.356,-7.1919,0.0617,0.0061,0,1,0,0,B0,42
CCCCCCCCCCCc1cc(O)c(O)c(CCCC)c1,1,0.6,0.4444,0.4,0.5556,2.1334,318.0851,64.15,3.5142,0.7398,0.3394,0.2858,-6.8592,0.7863,0.4115,0.3527,0.2993,0.3426,0,1,0,290.4483,3.8295,0.2322,-7.133,0.1339,0.0042,0,1,0,0,B0,42
O=C1Cc2ccc(C(F)(F)F)cc2C2(CCNCC2)N1,1,0.7121,0.3902,0.2879,0.6098,3.3185,293.2564,51.8016,4.0945,0.3669,0.2161,0.2003,-7.1435,0.7265,0.455,0.3704,0.3852,0.3588,0,1,0,304.1147,4.3181,0.4768,-7.08,0.1075,0.0404,1,1,1,1,B0,42
CC1=CC(C)(C)N(C)c2cc3c(cc21)C(c1ccc(NC(=O)c2ccc([C@H](O)[C@H](O)CO)cc2C(F)(F)F)cc1C(=O)[O-])=c1cc2c(cc1O3)=[N+](C)C(C)(C)C=C2C,1,0.3265,0.783,0.6735,0.217,4.863,609.5403,65.5359,4.9496,0.3133,0.3248,0.2689,-6.8805,0.8593,0.4289,0.4061,0.157,0.2885,0,1,0,571.1468,4.8648,0.4657,-6.7197,0.0147,0.0064,0,1,0,0,B0,42
Nc1ncnc2c1nc(-c1ccco1)n2[C@@H]1O[C@H](Nc2ccc(Br)cc2)[C@@H](O)[C@H]1O,1,0.3594,0.7653,0.6406,0.2347,3.9287,325.6368,64.1691,4.4708,0.3013,0.263,0.2393,-7.1869,0.9693,0.5677,0.4212,0.2473,0.3194,1,0,0,303.3195,4.5972,0.2421,-7.2739,0.2194,0.0079,0,1,0,0,B0,42
COc1ccc(N(C(=O)OC(C)(C)C)c2ccc(OC)cc2)cc1,1,0.5778,0.5,0.4222,0.5,1.9475,376.7977,47.3644,4.3304,0.258,0.3683,0.1415,-6.9288,0.9385,0.4974,0.3518,0.1548,0.2363,1,1,1,359.1241,4.1428,0.4198,-6.3323,0.1032,0.005,1,1,1,1,B0,42
O=C(Cc1ccccc1)c1cn(Cc2ccccc2)c2ccccc2c1=O,1,0.3111,0.561,0.6889,0.439,1.8804,350.2947,40.42,4.2184,0.1951,0.4662,0.1794,-7.4079,1.0618,0.4969,0.391,0.2443,0.3019,1,1,1,331.2113,4.1837,0.3321,-7.4014,0.1641,0.0048,1,1,1,1,B0,42
CC(C)(C)c1cc(Sc2cc(C(C)(C)C)c(O)c(C(C)(C)C)c2C(F)(F)F)cc(C(C)(C)C)c1O,1,0.6757,0.4242,0.3243,0.5758,3.0578,341.4258,103.8671,4.4398,0.4011,0.3208,0.2057,-7.1038,0.9329,0.5732,0.3692,0.3773,0.3691,1,0,0,353.1839,4.3206,0.3935,-6.8022,0.16,0.0109,1,1,1,1,B0,42
CCCCCCCCCCCCSC(C)(CCc1cc(C(C)(C)C)c(O)c(C(C)(C)C)c1)SCCCc1csc2ccccc12,1,0.6901,0.3333,0.3099,0.6667,3.7009,430.0629,71.0368,4.4442,0.3928,0.3054,0.2445,-6.6948,1.5399,0.3681,0.3797,0.267,0.3349,0,1,0,384.9988,4.4116,0.4007,-6.9539,0.3538,0.0304,1,1,1,1,B0,42
COc1ccc(-c2cc(C)cc(C(=O)c3ccc(C)c(C#N)c3)c2O)cc1,1,0.614,0.5385,0.386,0.4615,2.2262,338.8889,33.7018,4.2447,0.2665,0.2505,0.1984,-6.9651,0.8938,0.5369,0.3699,0.133,0.2285,1,0,0,340.9877,4.471,0.383,-6.3803,0.1138,0.0061,1,1,1,1,B0,42
CC(O)C(=O)c1c(N(C)C)ccc2c1C(=O)/C(=C1/Nc3ccccc3C1=O)N2,1,0.6,0.7414,0.4,0.2586,3.4178,392.0798,64.8509,4.1405,0.2849,0.206,0.1504,-7.2358,1.0216,0.5639,0.3678,0.2237,0.2883,0,0,0,421.3216,4.0669,0.0731,-6.181,0.4445,0.0207,0,1,0,0,B0,42
CCCC(=O)c1c(O)c(C)c(OC)c([Si](C)(C)C(C)(C)C)c1O,1,0.75,0.4186,0.25,0.5814,3.0435,327.0677,75.6203,3.5775,0.6841,0.3407,0.2991,-6.8175,0.6061,0.3673,0.3769,0.2547,0.3107,0,1,0,357.7922,3.4344,0.2568,-6.6586,0.0282,0.0054,0,1,0,0,B0,42
CC1(C)CC(OC(=O)C(=O)c2pc3ccccc3s2)CC(C)(C)N1,1,0.6833,0.5306,0.3167,0.4694,3.6616,330.3817,68.6033,4.0028,0.4706,0.2162,0.2345,-7.2024,0.8558,0.4788,0.3973,0.1574,0.2372,0,1,0,330.6876,4.0403,0.1652,-6.389,0.0876,0.0072,0,1,0,0,B0,42
COC(=O)C(C=Cc1[nH]c(-c2ccc([N+](=O)[O-])cc2)nc1C=Cc1ccccc1)=C(c1ccccc1)C(C)C,1,0.3833,0.6212,0.6167,0.3788,3.1373,413.5795,98.8934,4.4597,0.2763,0.3233,0.2107,-7.0314,1.0007,0.4554,0.4002,0.1152,0.2315,1,1,1,428.6165,4.6002,0.215,-6.3727,0.023,0.0067,0,1,0,0,B0,42
CCn1c2ccc(-c3ccccc3)cc2c2cc(-c3ccccc3)ccc21,1,0.4286,0.6486,0.5714,0.3514,1.792,344.5,12.0929,4.3149,0.193,0.4048,0.1279,-7.2771,1.4996,0.4668,0.3581,0.2778,0.328,1,1,1,333.9827,4.3552,0.4425,-7.5465,0.3289,0.0325,1,1,1,1,B0,42
CC(C)(C)C=Nc1ccc2oc(=O)ccc2c1,1,0.4545,0.5897,0.5455,0.4103,2.6987,313.4415,27.621,3.7603,1.1313,0.1865,0.1872,-7.2451,1.0201,0.4952,0.375,0.3046,0.3184,0,1,0,327.2418,3.8638,0.278,-7.1821,0.5406,0.0217,1,0,0,0,B0,42
Cc1c(C)c(-c2ccc3c(c2)c2ccccc2n3C(C)(C)C)c(C)c(C)c1-c1ccc2c(c1)c1cccc(C(C)(C)C)c1n2-c1ccccc1,1,0.3462,0.6667,0.6538,0.3333,3.0926,341.358,30.395,4.3991,0.2412,0.4867,0.1746,-6.9718,1.4712,0.4201,0.3653,0.3617,0.3721,1,1,1,345.3647,4.3722,0.4874,-7.2762,0.0822,0.0536,1,1,1,1,B0,42
CC(C)(C)C(=O)c1cc(-c2ccc(O)c(Cl)c2)ccc1Cl,1,0.6176,0.3784,0.3824,0.6216,2.1301,290.8372,32.3907,4.0547,0.4942,0.1726,0.1504,-7.3305,0.992,0.632,0.3229,0.2237,0.3113,0,0,0,301.2972,4.2246,0.3085,-7.2342,0.2887,0.0051,1,1,1,1,B0,42
CCN(CC)c1ccc(C(=O)NNC(=O)C2CCCNC2)c(N(C)C)c1,1,0.6719,0.566,0.3281,0.434,2.9891,435.4275,114.1908,3.9698,0.7691,0.4848,0.2936,-7.5007,0.9221,0.6193,0.3925,0.2141,0.3032,0,0,0,355.0378,3.9815,0.3518,-7.2682,0.785,0.0198,1,0,0,0,B0,42
CCCCc1cccc(C)c1O,1,0.5833,0.5185,0.4167,0.4815,1.7598,266.552,48.5378,3.6567,0.5329,0.2894,0.2482,-3.9899,1.1824,0.2852,0.2702,0.5114,0.3442,0,0,0,278.1678,3.5702,0.237,-3.3188,0.0384,0.9648,0,0,0,0,B0,42
C=COC(=O)c1ccc(Cl)cc1,1,0.5882,0.3214,0.4118,0.6786,1.9656,281.6955,27.2609,3.8555,0.4083,0.1142,0.1729,-4.9829,0.6069,0.5563,0.3719,0.3052,0.3326,0,0,0,295.1566,3.6269,0.2254,-4.962,0.1566,0.0152,0,0,0,0,B0,42
CC(C)(C)c1ccc(O)c(Nc2cc3c(cc4ccc5cccc6ccc3c4c56)[nH]2)c1,1,0.5273,0.625,0.4727,0.375,2.6457,389.7514,47.7254,4.2751,0.431,0.5577,0.3197,-7.3967,0.9905,0.5186,0.4238,0.249,0.3059,1,0,0,398.202,4.4344,0.5716,-7.2436,0.1997,0.0044,1,1,1,1,B0,42
CCOCCC1(Oc2ccc(-c3cc(C)cc(C(C)(C)C)c3O)cc2)C(=O)NC(=O)NC1=O,1,0.4655,0.6154,0.5345,0.3846,2.9464,357.1271,69.2029,4.2647,0.4125,0.4266,0.243,-7.0526,0.9269,0.4821,0.3892,0.1588,0.2748,1,1,1,357.8615,4.3906,0.4701,-6.5872,0.1376,0.0065,1,1,1,1,B0,42
Fc1cccc(Cl)c1C=Cc1ccsc1,1,0.6557,0.75,0.3443,0.25,2.2848,294.3729,36.3976,4.2084,0.3166,0.1644,0.2303,-7.2497,1.8812,0.6752,0.3329,0.3656,0.3495,0,0,0,303.0819,4.0443,0.1666,-7.67,0.1709,0.6347,0,0,0,0,B0,42
COc1cc2c3ccccc3cc3c4cc(C)cc5c6ccccc6cc(c(c1)c23)c54,1,0.4667,0.5758,0.5333,0.4242,2.2575,396.21,51.9151,4.1696,0.3342,0.4028,0.1593,-6.8533,1.3541,0.3834,0.365,0.2874,0.3357,1,1,1,401.3844,4.204,0.3624,-6.4376,0.0255,0.0536,1,1,1,1,B0,42
COc1ccccc1N(c1ccc(-c2sc(-c3ccc(C=C(C#N)C(=O)O)cc3)c3c2OCCO3)cc1)C(C)(C)c1ccc(O)cc1,1,0.4304,0.6267,0.5696,0.3733,3.3007,462.9389,38.553,4.4591,0.2697,0.1368,0.14,-6.9411,0.9641,0.4171,0.3975,0.1316,0.2434,0,1,0,465.9906,4.3803,0.0106,-6.3312,0.0484,0.0067,0,1,0,0,B0,42
COC=CC1=[N+](C)c2c(C(C)(C)C)cccc2C1(C)C,1,0.7121,0.6957,0.2879,0.3043,3.1916,372.0188,106.5083,4.2306,0.327,0.1287,0.1454,-6.8271,1.2869,0.4253,0.3741,0.3337,0.3526,0,1,0,349.6432,4.0848,0.2099,-6.4213,0.0511,0.064,0,1,0,0,B0,42
CN(C)C(=O)c1cc2n(c1)[B-](F)(F)[N+]1=CC=CC1=C2c1ccccc1,1,0.4035,0.7581,0.5965,0.2419,3.5623,490.6442,49.7941,4.4422,0.6601,0.3072,0.176,-7.3684,1.1244,0.5882,0.3317,0.2132,0.2838,0,0,0,496.5364,4.3126,0.2398,-6.1505,0.6511,0.0089,0,0,0,0,B0,42
CC1(C)C2=C(c3ccc(O)c(Cc4ccc(Cl)cc4)c3)CCCN2c2ccccc21,1,0.597,0.5932,0.403,0.4068,2.598,351.7556,59.6493,4.1604,0.4207,0.399,0.262,-7.5623,1.1719,0.5738,0.3732,0.2474,0.3324,1,0,0,357.365,4.1053,0.28,-7.4447,0.35,0.0047,1,1,1,1,B0,42
COc1ccc(C(=O)c2ccc(O)cc2)c(OCC=Cc2ccc(N(C)C)cc2)c1,1,0.6167,0.4259,0.3833,0.5741,2.2404,404.8457,48.8262,4.4922,0.223,0.1997,0.1441,-6.8888,0.9426,0.5567,0.3934,0.0918,0.178,0,0,0,437.9224,4.5417,0.1422,-5.9961,0.1843,0.0038,0,1,0,0,B0,42
COc1ccc(-c2nc(-c3ccccc3)nc(-c3cccc(C(F)(F)F)c3)n2)cc1,1,0.6102,0.5588,0.3898,0.4412,2.0386,335.5912,16.3477,4.3077,0.1971,0.3791,0.1266,-6.8427,0.9018,0.4832,0.3352,0.1665,0.2665,1,1,1,342.6443,4.2888,0.4087,-6.2156,0.0569,0.0106,1,1,1,1,B0,42
Clc1nc(Cl)nc(-c2ccc3ccccc3c2)n1,1,0.5882,0.6071,0.4118,0.3929,2.0131,316.957,30.9844,4.1086,0.3479,0.2587,0.1733,-7.2845,1.0744,0.698,0.3315,0.2478,0.3127,1,0,0,310.0641,3.9019,0.1953,-7.3328,0.4247,0.0095,0,1,0,0,B0,42
O=[N+]([O-])c1cc(-c2ccccc2)ccc1Br,1,0.6061,0.4324,0.3939,0.5676,1.6945,311.3662,26.1109,4.2156,0.2585,0.2191,0.2342,-7.1482,1.2209,0.7162,0.3183,0.2025,0.2661,0,0,0,298.803,4.2776,0.2065,-7.0911,0.5704,0.023,0,0,0,0,B0,42
COc1c(Cl)cccc1Cl,1,0.6296,0.6087,0.3704,0.3913,1.6071,278.1266,24.4887,3.5946,0.4328,0.1346,0.131,-3.7873,0.9241,0.5453,0.3483,0.534,0.33,0,0,0,298.3296,3.4853,0.1768,-3.505,0.1313,0.7322,0,0,0,0,B0,42
CCCCCCC(F)(F)F,1,0.6471,0.5833,0.3529,0.4167,1.9251,229.9238,149.7479,4.0573,0.6678,0.2836,0.2024,-3.3071,0.6115,0.3628,0.3295,0.638,0.2713,0,0,0,239.5412,4.0465,0.3027,-2.8257,0.0721,0.2367,0,0,0,0,B0,42
c1ccc(-c2ccc(N(c3ccccc3)c3ccccc3)cc2)cc1,1,0.2353,0.4667,0.7647,0.5333,1.3629,359.7265,19.1358,4.352,0.1772,0.3774,0.0816,-7.3522,1.5137,0.4742,0.3513,0.3004,0.3218,1,1,1,356.1554,4.3397,0.4083,-7.6208,0.1202,0.051,1,1,1,1,B0,42
CNC1CCN(C(=O)Oc2ccc(C(C(=C(C#N)C#N)c3ccc(N(C)C)cc3)=c3ccc(=C(C#N)C#N)cc3)cc2)CC1,1,0.4286,0.6613,0.5714,0.3387,3.528,456.1999,110.7848,4.3626,0.276,0.3672,0.2783,-6.9308,1.2081,0.4996,0.4214,0.1236,0.2197,0,1,0,445.3216,4.3615,0.1415,-5.9819,0.3272,0.0069,0,1,0,0,B0,42
CCCCCCC=CC(=O)O,1,0.5882,0.3793,0.4118,0.6207,2.0118,345.6521,107.5197,3.1335,1.0554,0.0973,0.1186,-4.8776,0.8044,0.3924,0.2896,0.5533,0.3372,0,0,0,380.7975,2.9932,0.1433,-4.8919,0.1222,0.9521,0,0,0,0,B0,42
O=C(O)CN1C(=O)C(=Cc2ccc(N(c3ccc(C=C(c4ccccc4)c4ccccc4)cc3)c3cccc(Cl)c3)cc2)SC1=S,1,0.1579,0.6986,0.8421,0.3014,2.7502,461.8057,33.1506,4.4615,0.3072,0.171,0.1816,-7.133,1.0738,0.4956,0.4159,0.173,0.2639,0,1,0,451.547,4.4606,0.1502,-7.499,0.0658,0.0054,0,1,0,0,B0,42
COc1ccc(C=CC#N)cc1,1,0.4483,0.4643,0.5517,0.5357,1.989,308.026,21.5897,3.802,0.4423,0.1311,0.1352,-4.8432,0.5935,0.6003,0.3212,0.2443,0.2851,0,0,0,307.3552,3.7002,0.1842,-5.0683,0.6669,0.0143,0,0,0,0,B0,42
COc1ccc(-c2nc(Oc3ccc(-c4nc5ccc(Cl)cc5o4)cc3)nc(Oc3ccc(-c4nc5ccc(Cl)c(C(C)(C)C)c5o4)cc3)n2)cc1,1,0.4,0.6533,0.6,0.3467,3.164,438.061,114.3123,4.5252,0.298,0.3223,0.2131,-6.7088,0.8914,0.4797,0.3818,0.2568,0.3408,0,1,0,452.944,4.5173,0.3645,-6.2963,0.0705,0.0119,0,1,0,0,B0,42
COc1ccc2n1[B-](F)(F)[N+]1=C2Nc2cccc3cccc1c23,1,0.3469,0.7895,0.6531,0.2105,3.6725,477.5828,79.2688,4.648,0.32,0.2657,0.2163,-7.0746,1.0608,0.4821,0.3758,0.2732,0.3272,0,1,0,487.3638,4.6754,0.2985,-6.6302,0.1576,0.0087,0,1,0,0,B0,42
COC#Cc1cc(OC)c(-c2ccc(/C=C(\C#N)C(=O)O)s2)s1,1,0.413,0.537,0.587,0.463,3.4643,410.1568,47.5564,4.2853,0.3226,0.0797,0.0945,-6.8334,0.7626,0.5884,0.3539,0.1403,0.2325,0,0,0,395.7624,4.4049,0.12,-6.3566,0.208,0.0082,0,1,0,0,B0,42
Cc1ccc(C#Cc2c(F)c(C#Cc3ccc(C)cc3)c(C#Cc3ccc(C)cc3)c(-c3ccc(C(=O)c4ccc(F)cc4)cc3)c2F)cc1,1,0.45,0.4884,0.55,0.5116,2.9654,363.8167,44.8629,4.5524,0.3426,0.4143,0.154,-7.0713,1.4856,0.444,0.3719,0.2083,0.2996,1,1,1,367.0562,4.4644,0.3498,-7.4298,0.1817,0.0172,1,1,1,1,B0,42
Cc1cc(COc2ccc(C=Cc3ccc([N+](=O)[O-])c(C#N)c3)cc2)ccc1O,1,0.678,0.6032,0.322,0.3968,2.3806,367.7037,60.2015,4.4401,0.2572,0.2443,0.1962,-7.1421,0.9662,0.5595,0.3706,0.1636,0.2648,0,0,0,366.5539,4.3946,0.2353,-6.5637,0.0469,0.0071,0,1,0,0,B0,42
CC(C)COC(=O)CCCNC(=O)OC(C)(C)C,1,0.537,0.4242,0.463,0.5758,2.006,429.6171,149.9801,2.8858,0.9602,0.2915,0.2605,-6.5572,0.6878,0.2319,0.3305,0.2721,0.3298,0,1,0,446.7236,2.8016,0.2513,-6.6431,0.0444,0.0129,0,1,0,0,B0,42
COc1ccc(/C=C/C2=C(c3cccc(OC)c3)C(C=CC#N)=[O+][B-](F)(F)O2)cc1,1,0.1698,0.6923,0.8302,0.3077,3.5034,440.6054,63.5772,4.6755,0.2248,0.3114,0.1391,-6.8497,0.9088,0.636,0.365,0.1505,0.2452,0,0,0,442.185,4.6568,0.2562,-6.3541,0.2396,0.0094,0,1,0,0,B0,42
COC(=O)C(C)=Cc1ccccc1,1,0.6061,0.3103,0.3939,0.6897,1.8626,288.0856,36.7036,3.8881,0.6427,0.0586,0.086,-4.9582,0.6011,0.3668,0.3345,0.1984,0.2571,0,0,0,293.8842,3.9144,0.0565,-4.8238,0.089,0.0076,0,0,0,0,B0,42
CC(C)=CCCC(C)=CC=CN(Cl)Cl,1,0.8444,0.4545,0.1556,0.5455,3.5987,273.6638,112.5004,3.1983,1.1769,0.1582,0.1896,-6.5616,1.6527,0.5737,0.3689,0.4122,0.3069,0,0,0,342.5647,3.6528,0.0761,-6.3336,0.525,0.5503,0,0,0,0,B0,42
CCOc1ccc2c(c1)C1CCCC1N2c1ccc(C)cc1,1,0.5373,0.6727,0.4627,0.3273,2.7796,339.351,52.3461,4.2398,0.4202,0.3959,0.2555,-7.2988,1.2281,0.3715,0.3858,0.295,0.3356,1,1,1,348.9565,4.2777,0.3325,-6.7114,0.0469,0.0418,1,1,1,1,B0,42
CCC(c1ccc(-c2ccsc2Cl)c(OC)c1)C(C)(C)C,1,0.6441,0.7143,0.3559,0.2857,3.0998,298.6193,71.1709,4.2164,0.3617,0.159,0.194,-6.73,1.3065,0.4476,0.3931,0.2902,0.3273,0,1,0,314.8414,4.1448,0.1841,-6.683,0.0198,0.3297,0,1,0,0,B0,42
Nc1cc(/[As]=[As]/c2ccc(O)c(NCNc3ccc4c5c(cccc35)-c3nc5cc([N+](=O)[O-])ccc5nc3-4)c2)ccc1O,1,0.4085,0.5857,0.5915,0.4143,3.7736,414.1223,85.7259,4.4437,0.3849,0.1853,0.1995,-7.1339,1.0789,0.611,0.4045,0.1643,0.2771,0,0,0,431.1916,4.4691,0.1567,-7.2673,0.6164,0.0051,0,0,0,0,B0,42
COc1cc(C=Cc2ccccc2C)cc(OC)c1OC,1,0.3667,0.575,0.6333,0.425,1.8818,325.427,36.2166,4.3081,0.2336,0.1842,0.1752,-7.0438,1.1569,0.3906,0.3449,0.2256,0.3028,0,1,0,331.3454,4.1296,0.11,-6.5472,0.0468,0.0064,0,1,0,0,B0,42
O=C(COc1ccc(-c2cc(=O)c3c(O)cccc3o2)cc1)c1ccc(O)cc1O,1,0.48,0.4314,0.52,0.5686,2.376,381.7336,83.3884,4.1944,0.51,0.1879,0.1495,-7.1831,0.8785,0.5975,0.362,0.124,0.2143,0,0,0,353.1844,4.1864,0.2617,-6.5936,0.2089,0.0079,1,1,1,1,B0,42
Cc1ncc(COP(=O)(O)O)c(Cc2ccccc2)c1O,1,0.4364,0.6538,0.5636,0.3462,2.4824,283.2174,50.4939,3.7658,0.5775,0.2747,0.2574,-7.0656,0.9135,0.456,0.3806,0.2059,0.2883,0,1,0,248.9983,3.7886,0.3604,-6.6042,0.0998,0.0109,0,1,0,0,B0,42
CCC1CCCCN1C(=O)OC(C)(C)C,1,0.7593,0.325,0.2407,0.675,2.4136,399.8478,111.6375,3.1473,0.9127,0.1745,0.1831,-5.9118,1.7217,0.2323,0.3422,0.3667,0.3335,0,1,0,392.0367,3.1623,0.1735,-7.2593,0.0592,0.2287,0,1,0,0,B0,42
CC(C)(C)OC(=O)C(C)(C)C,1,0.6875,0.4737,0.3125,0.5263,2.034,409.5725,114.3962,2.961,0.9315,0.18,0.1585,-4.7691,0.7851,0.2066,0.2493,0.4922,0.3335,0,0,0,393.1038,2.9347,0.3973,-4.697,0.0216,0.2946,0,0,0,0,B0,42
CCCCc1cccc(C(=O)Oc2ccc(OCC)cc2)c1O,1,0.6522,0.3953,0.3478,0.6047,1.9009,319.1446,34.9284,3.9181,0.494,0.427,0.2832,-7.1305,1.0516,0.351,0.3556,0.0933,0.1835,1,1,1,319.6934,3.8742,0.3958,-6.6094,0.0441,0.0038,1,1,1,1,B0,42
CCCCCCc1ccsc1-c1ccc2c3n4c(c2c1)-c1ccccc1O[B-]41Oc2ccccc2C2=[N+]1C(=C3)c1ccc(-c3sccc3CCc3ccccc3)cc12,1,0.0694,0.7527,0.9306,0.2473,4.9648,687.925,78.3457,4.9975,0.1711,0.4165,0.2715,-7.0991,1.265,0.5117,0.3703,0.2088,0.2647,0,0,0,683.4356,5.0679,0.3751,-8.5192,0.3516,0.0053,0,1,0,0,B0,42
O=C1NC(=O)/C(=C\c2ccc(-c3ccc(-c4ccc(N(Oc5ccccc5)c5cccc(-c6ccccc6)c5)cc4)c4nsnc34)s2)N1,1,0.2836,0.7975,0.7164,0.2025,3.3083,473.9072,51.617,4.3894,0.5485,0.2273,0.2126,-6.9123,1.0018,0.3749,0.3724,0.1732,0.2576,0,1,0,484.091,4.4468,0.3172,-6.3948,0.0295,0.0122,0,1,0,0,B0,42
CCCCOC1CCNCC1,0,0.75,0.0,0.25,1.0,2.1961,419.7976,135.155,3.5131,0.7466,0.2778,0.2419,-5.0903,1.3592,0.2552,0.2809,0.5286,0.3283,0,0,0,325.2147,3.125,0.2298,-4.7163,0.042,0.7314,0,0,0,0,B0,42
N#Cc1cc(O)cc(-c2ccc(C(=O)Oc3ccccc3)cc2)c1,1,0.5682,0.3256,0.4318,0.6744,1.9474,344.3814,33.7543,4.2228,0.4672,0.2474,0.1777,-7.193,0.9794,0.5122,0.3546,0.1297,0.2192,0,0,0,310.828,4.0215,0.1263,-6.3721,0.0665,0.0084,0,1,0,0,B0,42
Cn1nc2ccc(C(=O)c3ccccc3)cc2c1-c1cc2ccccc2s1,1,0.3704,0.54,0.6296,0.46,2.3417,345.6934,28.0851,4.1053,0.3283,0.3572,0.1671,-7.6971,1.0274,0.4619,0.3682,0.1626,0.2554,1,1,1,356.7284,4.1559,0.3219,-7.494,0.3904,0.0035,1,1,1,1,B0,42
N#CC(=Cc1cc(O)c(O)c([N+](=O)[O-])c1-c1ccccc1)[N+](=O)[O-],1,0.6296,0.6481,0.3704,0.3519,3.133,368.4332,80.3021,4.0056,0.7888,0.1345,0.1756,-7.337,1.0254,0.6197,0.3701,0.2152,0.2998,0,0,0,389.347,4.1563,0.1296,-7.2992,0.131,0.0231,0,1,0,0,B0,42
CCOC(=O)c1cc2cccc(C(C)(C)C)c2c(C#N)c1O,1,0.6207,0.5283,0.3793,0.4717,2.4941,366.9267,42.3238,3.7118,0.4646,0.2782,0.2192,-7.1472,0.9799,0.3748,0.3802,0.1267,0.2497,0,1,0,342.4793,3.5611,0.3162,-6.6,0.0753,0.0034,0,1,0,0,B0,42
COC(=O)c1ccc2cc(O)c(O)cc2c1,1,0.4688,0.2903,0.5312,0.7097,1.8977,335.3273,50.7951,4.0269,0.4328,0.1801,0.14,-6.4001,1.2892,0.5597,0.3646,0.1866,0.2789,0,0,0,309.234,4.0837,0.2393,-4.9979,0.3551,0.0251,0,0,0,0,B0,42
COc1cc(O)c(O)c(C(=O)C2CC2)c1,1,0.6905,0.3333,0.3095,0.6667,2.1711,285.1122,24.9463,3.9324,0.3961,0.2386,0.2167,-5.6883,0.8157,0.5251,0.3616,0.2976,0.341,0,0,0,267.5596,3.8783,0.2867,-6.2077,0.1594,0.0648,0,1,0,0,B0,42
CC(CCc1ccccc1)CN(CC(=O)[O-])CC(=O)[O-],1,0.5556,0.5,0.4444,0.5,3.497,295.2818,62.4077,3.8028,0.4605,0.3463,0.2629,-7.2114,0.689,0.4903,0.3949,0.2202,0.2799,1,1,1,241.0238,3.6851,0.2702,-8.3564,0.2353,0.1043,0,1,0,0,B0,42
CCCCCCCCCCCCc1ccc(O)c(Cc2cc(CCCCOC)ccc2O)c1,1,0.5849,0.2,0.4151,0.8,2.3671,321.5217,60.5235,4.2649,0.4451,0.4568,0.2735,-6.9931,0.9987,0.4232,0.3542,0.1496,0.2583,1,1,1,337.7104,4.3074,0.3625,-6.3753,0.0437,0.0036,1,1,1,1,B0,42
CCCCc1cc(C(c2ccc(O)cc2)c2cc(C(C)(C)C)c(O)c(C(C)(C)C)c2)cc(C(C)(C)C)c1O,1,0.6727,0.3158,0.3273,0.6842,3.2979,344.1693,83.1568,4.2537,0.5014,0.384,0.224,-7.0882,1.0737,0.4494,0.3708,0.2503,0.3339,1,1,1,371.788,4.3694,0.4291,-7.0351,0.1149,0.0055,1,1,1,1,B0,42
O=C(O)c1ccc(N=Cc2cc(N=NOS(=O)(=O)O)ccc2O)cc1,1,0.3673,0.6909,0.6327,0.3091,2.9883,444.2687,53.4028,3.8895,0.8849,0.1277,0.1478,-7.154,1.0848,0.524,0.392,0.1898,0.298,0,0,0,437.6992,4.0533,0.138,-6.4282,0.0952,0.0158,0,1,0,0,B0,42
CCOC(=O)/C(C#N)=C/c1ccc(B2OC(C)(C)C(C)(C)O2)c(-c2ccc(C(C)(C)C)cc2)c1,1,0.5694,0.3729,0.4306,0.6271,2.9669,377.6311,63.3364,3.7855,0.8339,0.2141,0.1848,-7.1177,0.9325,0.4756,0.387,0.124,0.2417,0,1,0,373.6968,3.9558,0.2992,-6.5732,0.0833,0.0031,1,1,1,1,B0,42
C=C(C)c1ccc(C=Cc2cnc3ccccc3n2)cc1,1,0.381,0.6429,0.619,0.3571,2.2134,353.2358,40.0264,4.3173,0.3094,0.374,0.2763,-7.4965,1.2606,0.5303,0.3396,0.1979,0.2988,1,0,0,344.8356,4.1503,0.3532,-7.5784,0.2625,0.0044,1,1,1,1,B0,42
CCCCn1c(-c2ccc(-c3ccc(C=C(CC)C(=O)O)s3)s2)nc2c(-c3cccs3)sc(-c3cccs3)c21,1,0.1846,0.7313,0.8154,0.2687,3.4144,447.8821,52.9269,4.2359,0.7041,0.4126,0.292,-7.0055,1.0758,0.3908,0.3953,0.1305,0.2137,0,1,0,442.9664,4.2856,0.196,-7.3154,0.0591,0.0035,0,1,0,0,B0,42
Cc1ccc(C=CCC(C)C)cc1,1,0.6216,0.6429,0.3784,0.3571,1.909,280.684,34.8799,3.5582,0.6355,0.1013,0.1195,-4.2427,1.2244,0.2936,0.3054,0.4091,0.3379,0,0,0,283.952,3.4756,0.1303,-4.9943,0.0452,0.5391,0,0,0,0,B0,42
Cc1cc(C(=O)O)c(Cl)c(C)c1N,1,0.7317,0.6571,0.2683,0.3429,2.3142,264.3282,22.8936,3.8236,0.3813,0.2177,0.1625,-5.1947,0.6287,0.7011,0.3058,0.3536,0.3398,0,0,0,282.4586,3.5545,0.3035,-5.0973,0.3744,0.0105,0,1,0,0,B0,42
CC1=CCCC(C)(C)C1CCC(=O)c1ccc(S(=O)(=O)NC(=O)c2ccccc2)cc1,1,0.6066,0.4815,0.3934,0.5185,2.9199,340.0665,58.5699,4.3464,0.3965,0.3135,0.2348,-7.3729,0.8737,0.3787,0.3793,0.1822,0.2925,1,1,1,328.4041,4.388,0.2748,-7.2571,0.0261,0.0068,1,1,1,1,B0,42
CCCN1CCCC[C@H]1C(=O)NCCCC(=O)O,1,0.6825,0.4717,0.3175,0.5283,2.4507,401.2921,87.5082,3.1206,0.8824,0.2956,0.2612,-7.1302,0.9678,0.4874,0.4276,0.3522,0.3044,0,1,0,349.1964,2.7869,0.1785,-7.916,0.1979,0.2524,0,1,0,0,B0,42
CCCCCCCCCCCCOc1ccc(OC(=O)c2ccc(O)cc2CCCC)cc1O,1,0.6667,0.4615,0.3333,0.5385,2.3798,334.4215,72.7197,4.2483,0.4482,0.3688,0.2589,-7.0952,0.9871,0.4607,0.3912,0.129,0.2459,1,1,1,373.1505,4.2719,0.4738,-6.3559,0.1875,0.004,1,1,1,1,B0,42
COc1cc(C=Cc2nc3ccccc3s2)c(C(C)(C)C)cc1C=Cc1nc(C)nc(C)n1,1,0.16,0.6667,0.84,0.3333,3.0314,389.2806,56.2945,4.3175,0.4617,0.5232,0.3089,-6.6765,1.0663,0.4751,0.3655,0.2192,0.3159,1,1,1,414.3981,4.3106,0.4876,-6.2956,0.0438,0.0115,1,1,1,1,B0,42
CC(C)(C)c1cc(SC[Si](C)(C)c2ccc3c(c2)c2cccc4cnc3n42)cc(C(C)(C)C)c1O,1,0.5556,0.4643,0.4444,0.5357,3.3186,373.9037,91.6947,4.1287,0.496,0.4319,0.2748,-7.3893,1.0162,0.6117,0.3565,0.2741,0.3488,1,0,0,417.519,4.0394,0.4765,-7.0762,0.3028,0.0048,1,1,1,1,B0,42
O=C(C=CC=Cc1cc2c3c(c1)CCCN3CCC2)c1ccccc1,1,0.4468,0.625,0.5532,0.375,2.4585,376.9885,52.1818,4.2248,0.5653,0.1494,0.1517,-7.5323,1.1165,0.4221,0.3538,0.2173,0.2779,0,1,0,412.5687,4.2545,0.2572,-7.553,0.2187,0.0118,1,1,1,1,B0,42
CN(C)c1ccc2c(-c3ccc(Cl)c(O)c3)cc(=O)oc2c1,1,0.5,0.6538,0.5,0.3462,2.275,398.581,51.0237,4.274,0.2946,0.2244,0.1663,-7.1971,1.1047,0.7043,0.2997,0.2126,0.2902,0,0,0,388.1922,4.3345,0.3776,-6.0546,0.6043,0.0056,1,0,0,0,B0,42
CCOC(=O)c1ccc(-c2cccc(C(F)(F)F)c2)cc1,1,0.4565,0.325,0.5435,0.675,1.6511,329.7368,35.7179,3.9535,0.4706,0.3528,0.1804,-7.3417,1.2228,0.3594,0.3554,0.1136,0.2102,1,1,1,302.5763,4.0977,0.4314,-6.6719,0.0152,0.0049,1,1,1,1,B0,42
CC1(C)c2cc(C(=O)c3ccccc3)ccc2N2CC(=O)NC21C,1,0.463,0.6122,0.537,0.3878,3.133,352.7259,25.6313,4.0499,0.2783,0.2856,0.2134,-7.2925,0.9661,0.5277,0.3463,0.1866,0.2576,1,0,0,339.4102,4.1202,0.1045,-7.4956,0.3335,0.0144,0,1,0,0,B0,42
Cc1cc(O)c(C=CC2=[N+](C)c3ccccc3C2(C)C)c(C(C)(C)C)c1,1,0.6286,0.6383,0.3714,0.3617,2.9064,498.4508,101.7306,4.3825,0.4519,0.1659,0.1534,-7.3878,1.2296,0.3816,0.3534,0.3388,0.3644,0,1,0,473.6848,4.3633,0.2284,-7.4045,0.0773,0.0053,0,1,0,0,B0,42
CCOC(=O)c1c(O)ccc(C#Cc2ccc3c(c2)sc2c4ccc(C#Cc5ccccc5)cc4sc32)c1O,1,0.48,0.5714,0.52,0.4286,3.1115,413.8339,71.8859,4.464,0.3037,0.2791,0.2136,-7.0681,1.0425,0.4798,0.3873,0.0574,0.1342,1,1,1,430.9462,4.3111,0.1996,-6.521,0.067,0.0046,0,1,0,0,B0,42
CCCCC(=O)c1ccccc1C(=O)O,1,0.6389,0.5405,0.3611,0.4595,1.6786,288.4728,41.0823,3.9704,0.3708,0.3434,0.2327,-5.4143,1.0277,0.3433,0.3368,0.2489,0.3038,0,1,0,300.6284,3.9057,0.2836,-5.103,0.0734,0.0661,1,1,1,1,B0,42
CCCCN1c2ccc(/C=C(\C#N)C(=O)O)cc2Sc2cc(-n3c4ccc(C(=O)OCC)cc4c4cc(C(C)(C)C)ccc43)ccc21,1,0.1549,0.6234,0.8451,0.3766,3.0962,447.1072,40.7154,4.4738,0.2741,0.2865,0.2324,-6.8714,1.0447,0.3747,0.3899,0.0866,0.1909,0,1,0,444.5852,4.5225,0.2489,-6.5805,0.0386,0.0033,0,1,0,0,B0,42
CCc1cc(C(c2cc(OC)cc(OC)c2)C2CCCCC2)c(O)c(C(C)(C)C)c1,1,0.75,0.2609,0.25,0.7391,3.0301,329.3797,62.8892,4.2774,0.3984,0.385,0.2849,-6.9608,0.8545,0.349,0.3682,0.2163,0.3072,1,1,1,337.9519,4.4103,0.3126,-6.4316,0.0332,0.0078,1,1,1,1,B0,42
CCCCCCCC[C@H](N)C(=O)N(C)[C@@H](C)C=CC=C(C#N)C#N,1,0.7377,0.6533,0.2623,0.3467,3.8128,433.5629,85.8826,2.7777,1.0253,0.1384,0.1571,-6.6265,0.7418,0.3791,0.3799,0.2341,0.2883,0,1,0,550.3766,2.5478,0.2147,-6.2219,0.2299,0.0073,0,1,0,0,B0,42
O=C(O)N=Nc1cccnc1,1,0.3793,0.6316,0.6207,0.3684,2.7922,322.6763,43.4015,2.4283,2.0295,0.3058,0.2546,-5.4997,0.6501,0.6559,0.3562,0.397,0.3193,0,0,0,335.106,3.7319,0.3892,-5.6257,0.6121,0.0872,0,0,0,0,B0,42
CC(C)(Cc1cc(/C=C/c2ccc(-n3c4ccccc4c4ccccc43)cc2)cc(/C=C/c2ccc(-n3c4ccccc4c4ccccc43)cc2)c1)OC=O,1,0.4186,0.5217,0.5814,0.4783,3.0389,379.1683,51.8972,4.6241,0.2706,0.4059,0.2594,-7.0787,1.1124,0.3639,0.3598,0.1766,0.2719,1,1,1,357.4382,4.6117,0.425,-6.787,0.0229,0.0117,1,1,1,1,B0,42
CN(C)c1ccc2c(c1)OC(=O)c1ccc(cc1)C(=O)O2,1,0.5952,0.5263,0.4048,0.4737,3.5525,400.3848,56.262,4.2876,0.1958,0.4601,0.2606,-7.1617,1.1023,0.5871,0.3646,0.2762,0.3018,1,0,0,380.1603,4.3098,0.4685,-6.043,0.4132,0.0198,1,1,1,1,B0,42
CCCCn1c(=O)c2c(nc(/C=C/C(=O)OCOC)n2C)n(C)c1=O,1,0.1961,0.6667,0.8039,0.3333,2.8005,370.0026,33.1393,3.9802,0.5222,0.1563,0.1412,-7.0583,0.7644,0.5391,0.3856,0.2311,0.2824,0,0,0,391.1528,3.6925,0.02,-6.8725,0.5755,0.0308,0,0,0,0,B0,42
O=C(ONN=Cc1ccccc1O)c1ccc(O)cc1,1,0.5349,0.5217,0.4651,0.4783,2.431,319.9964,35.3873,4.0164,0.591,0.0785,0.1057,-7.2867,0.9696,0.6698,0.3421,0.2079,0.294,0,0,0,336.3389,4.0066,0.144,-6.408,0.4918,0.0143,0,1,0,0,B0,42
CCCCCCc1cc(C(C)(C)c2ccc(CCCC)cc2)cc(O)c1O,1,0.6316,0.4419,0.3684,0.5581,2.3019,313.0402,43.9144,4.121,0.4426,0.4578,0.2732,-7.1806,1.0236,0.4231,0.3704,0.2947,0.3518,1,1,1,310.1853,4.0773,0.3398,-8.2517,0.1881,0.0038,1,1,1,1,B0,42
CCCCCCOc1ccc(C2CC(c3ccc(-c4ccc(C=C(C(=O)O)[N+](=O)[O-])s4)s3)=NN2c2ccc(-c3nc4ccc(C)cc4s3)cc2)cc1,1,0.2065,0.6733,0.7935,0.3267,3.8123,546.8464,108.8184,5.1542,0.3943,0.29,0.2314,-7.3082,1.1256,0.3681,0.3917,0.1174,0.2319,0,1,0,513.3037,5.0394,0.3948,-7.1965,0.0141,0.0039,0,1,0,0,B0,42
COc1ccc(/C=C/C(=O)S(=O)(=O)NC(C)(C)C)cc1,1,0.6,0.439,0.4,0.561,2.5718,306.069,62.7978,3.4709,0.9987,0.1135,0.1592,-6.7932,0.6825,0.5536,0.3896,0.208,0.2961,0,0,0,305.9892,3.5012,0.183,-6.4316,0.3037,0.0211,0,1,0,0,B0,42
CCCCCCN(CCCCCC)c1cc(O)c(OC)c(-c2ccccc2)c1,1,0.6167,0.5273,0.3833,0.4727,2.3018,350.3909,60.8731,4.3666,0.2792,0.3548,0.2464,-6.999,0.9889,0.3672,0.3513,0.1191,0.2233,1,1,1,361.6286,4.2268,0.254,-6.6728,0.0458,0.0026,1,1,1,1,B0,42
CC(C)c1cc(Nc2cc(C(C)(C)C)c(O)c(C(C)(C)C)c2)cc(C(C)(C)C)c1O,1,0.6364,0.2857,0.3636,0.7143,2.5967,318.3236,54.4872,4.2506,0.4141,0.2757,0.1992,-7.278,0.9046,0.5297,0.3895,0.3737,0.3792,1,0,0,305.7274,4.176,0.2033,-7.1046,0.0324,0.0119,0,1,0,0,B0,42
CN1C(=O)c2c(-c3ccccc3O)c3cc4ccccc4cc3c3c(Cl)ccc1c23,1,0.3929,0.6545,0.6071,0.3455,2.545,389.1059,43.0003,4.1106,0.3385,0.2537,0.1821,-7.3302,1.0415,0.596,0.3829,0.2016,0.2815,1,0,0,417.9598,4.0452,0.3011,-7.3532,0.3118,0.0048,1,1,1,1,B0,42
CC(=O)Oc1c2ccc(=[NH2+])c(-c3ccc(C(C)(C)C)cc3)c-2oc2cc3n(c12)CCCCCC=C3,1,0.5432,0.7324,0.4568,0.2676,3.9703,492.6119,105.0161,4.7272,0.2755,0.4164,0.2699,-7.3211,1.1179,0.2877,0.3519,0.1445,0.2479,0,1,0,506.5626,4.7601,0.3844,-6.6122,0.0303,0.0085,0,1,0,0,B0,42
CC(CO)COC1CC(O)C(CO)O1,1,0.6863,0.6304,0.3137,0.3696,3.9062,476.6606,173.8671,3.0954,0.884,0.1859,0.2209,-6.3097,0.818,0.4739,0.3678,0.4688,0.3556,0,1,0,428.3676,2.9625,0.4525,-6.819,0.1427,0.654,0,0,0,0,B0,42
C(=NC1CCNCC1)c1ccccc1Oc1ccccc1,1,0.5556,0.6222,0.4444,0.3778,2.3479,327.1685,46.2283,4.2641,0.2934,0.1579,0.2019,-7.4367,1.0402,0.3895,0.3576,0.1941,0.2714,0,1,0,311.8471,4.2497,0.1751,-6.5432,0.078,0.0092,0,1,0,0,B0,42
Cc1ccc(C=C(C#N)OC(C)(C)C)cc1,1,0.587,0.6047,0.413,0.3953,2.485,303.6548,29.1771,4.123,0.5799,0.0573,0.0938,-6.7454,1.304,0.3357,0.3453,0.2519,0.3175,0,1,0,298.2033,4.0903,0.1118,-6.3963,0.0728,0.0154,0,1,0,0,B0,42
CCc1ccc(-n2c3ccccc3c3cc4c(cc32)c2ccccc2n4C(=O)C(=CC=C(c2ccccc2)c2ccccc2N(C)C)C(=O)OC)s1,1,0.5231,0.6269,0.4769,0.3731,3.4399,419.3746,91.3707,4.5161,0.3127,0.2234,0.1719,-6.902,1.0351,0.406,0.3816,0.1051,0.1808,0,1,0,404.2952,4.6127,0.3126,-5.9767,0.1018,0.0036,1,1,1,1,B0,42
C#CCN1CCN(C(C)Oc2ccccc2OC)CC1,1,0.6897,0.6667,0.3103,0.3333,2.7561,272.001,29.5723,3.4728,0.8249,0.3482,0.2671,-7.1801,1.0281,0.4288,0.3876,0.2891,0.321,0,1,0,280.1696,3.5677,0.3038,-7.2723,0.1943,0.0211,0,1,0,0,B0,42
CN1CCNC(n2c3ccccc3c3ccc(-c4ccc(P(=O)(c5ccccc5)c5ccccc5)cc4)cc32)C1,1,0.5,0.6296,0.5,0.3704,3.3947,382.8756,69.5288,4.2675,0.5571,0.3095,0.2375,-7.3707,1.1592,0.4644,0.3704,0.1873,0.2957,1,1,1,321.0537,4.3158,0.4663,-7.5435,0.0846,0.0106,1,1,1,1,B0,42
CCCCCCC1CCNCC1,0,0.7391,0.0,0.2609,1.0,1.9983,315.5614,163.8602,3.5156,0.7497,0.3844,0.2916,-4.0751,1.125,0.1545,0.2076,0.6498,0.2647,0,0,0,338.0549,3.851,0.3065,-3.3291,0.0171,0.9789,1,0,0,0,B0,42
CN(C)c1c(C#N)ccc(O)c1O,1,0.6667,0.6,0.3333,0.4,2.6922,321.9904,42.4701,3.9147,0.3457,0.1679,0.1345,-5.6143,0.559,0.7609,0.2842,0.3227,0.322,0,0,0,324.6423,3.6615,0.2178,-5.9582,0.88,0.0202,0,0,0,0,B0,42
COc1cccc2c1C(=O)c1c(O)c3c(c(O)c1C2=O)CC(O)(C(=O)CO)CC3OC1CC(NC(=O)c2ccc3sccc3c2O)C(O)C(C)O1,1,0.33,0.7111,0.67,0.2889,4.7893,429.0616,117.1151,4.6205,0.3381,0.3528,0.2906,-6.6187,0.8419,0.3383,0.3883,0.1718,0.3,0,1,0,399.7901,4.4916,0.4306,-6.0423,0.1972,0.0162,1,1,1,1,B0,42
COc1ccc(C#Cc2ccc(-c3nc(-c4cc(C(C)(C)C)c(O)c(C(C)(C)C)c4)cs3)cc2C#N)cc1,1,0.5254,0.5738,0.4746,0.4262,2.8302,415.2424,70.7398,4.3893,0.376,0.2476,0.2048,-6.7105,0.8688,0.513,0.3737,0.1824,0.2863,0,0,0,393.4501,4.3843,0.2631,-6.3343,0.1854,0.0078,1,1,1,1,B0,42
CC(C)(C)c1ccccc1C#CCC(=O)O,1,0.6571,0.5897,0.3429,0.4103,2.5498,286.5484,40.4283,3.8786,0.4907,0.2927,0.2147,-6.7067,1.2558,0.422,0.3705,0.3913,0.3621,0,1,0,293.0903,3.6173,0.325,-7.1892,0.0428,0.0706,0,1,0,0,B0,42
NC1=NC(=O)/C(=C\c2ccc(C3CCNCC3)s2)S1,1,0.5735,0.7115,0.4265,0.2885,3.013,309.3842,52.8535,4.1147,0.5313,0.136,0.2058,-7.2668,0.833,0.5475,0.4054,0.3039,0.3252,0,0,0,379.0202,4.1537,0.1086,-7.4976,0.3612,0.1786,0,1,0,0,B0,42
CCCCc1cc(Cl)cc(Cl)c1O,1,0.6739,0.5185,0.3261,0.4815,1.9597,282.8355,58.9165,3.7287,0.5592,0.2771,0.2593,-4.3742,1.6962,0.4763,0.358,0.4402,0.3294,0,0,0,324.7265,3.7418,0.3344,-3.0873,0.1664,0.6214,0,0,0,0,B0,42
COC(=O)c1cc2[nH]c1C=c1cc(C(F)(F)F)c([nH]1)=Cc1ccc([nH]1)C=C1CCC(=C2)N1,1,0.6667,0.7241,0.3333,0.2759,6.1244,370.8948,75.9118,4.3489,0.2442,0.2822,0.1938,-7.1136,0.8547,0.4696,0.3836,0.1501,0.2353,1,1,1,387.9212,4.4119,0.2783,-7.5711,0.2054,0.0153,1,1,1,0,B0,42
CCOC(=O)/C(C)=C/C1=C(c2ccc(C)cc2)C2=Nc3c(-c4ccc(C)cc4)c(Br)c(-c4ccc(C)cc4)n3[B-](F)(F)[N+]2=C1CO,1,0.1818,0.6986,0.8182,0.3014,3.7508,638.2675,63.0035,4.7783,0.2162,0.171,0.189,-6.9991,1.065,0.4157,0.3915,0.1463,0.2713,0,1,0,627.435,4.8335,0.1118,-6.5238,0.0596,0.0032,0,1,0,0,B0,42
CC(C)[Si](C#Cc1ccc(C#CC(=O)OC(C)(C)C)c2nc3cc4c(cc3nc12)C1c2ccccc2C4c2ccccc21)(C(C)C)C(C)C,1,0.2941,0.697,0.7059,0.303,4.3891,426.8481,77.8199,4.4158,0.3101,0.2256,0.1878,-6.9467,0.9488,0.3936,0.3638,0.1754,0.2952,0,1,0,453.2884,4.4613,0.1266,-6.3658,0.0327,0.0063,0,1,0,0,B0,42
COC(=Cc1cc(O)c(O)cc1-c1ccc(OC)c(N(C)C)c1)C(=O)O,1,0.6731,0.5686,0.3269,0.4314,2.7409,403.433,98.5146,4.191,0.5194,0.198,0.1642,-6.7303,0.7948,0.6333,0.3643,0.16,0.2605,0,0,0,390.1744,4.2022,0.1411,-6.0516,0.2327,0.0144,0,1,0,0,B0,42
c1ccc(N(c2ccccc2)N2CCC(NCc3ccccn3)CC2)cc1,1,0.6744,0.4815,0.3256,0.5185,2.4062,419.3175,61.5277,4.2182,0.3281,0.3918,0.2687,-7.6613,0.9696,0.4807,0.3777,0.2581,0.3067,1,1,1,380.2467,4.0867,0.4042,-7.6491,0.1299,0.0079,1,1,1,1,B0,42
c1ccc(-n2ncc(C3CCNCC3)n2)nc1,1,0.4884,0.6122,0.5116,0.3878,2.8198,341.6957,91.0619,4.0991,0.4344,0.2356,0.2272,-7.4426,0.9248,0.6388,0.363,0.3409,0.3204,0,0,0,287.0992,4.1631,0.3502,-7.5161,0.8406,0.0533,0,0,0,0,B0,42
CCCCCCC(CCCCCC)N1C(=O)c2cccc3c(-c4ccc([Si](C)(C)C)cc4C#N)c(C(C)(C)C)cc(c23)C1=O,1,0.4118,0.7532,0.5882,0.2468,3.2592,422.9182,71.0984,4.3998,0.3368,0.515,0.2147,-6.8738,0.998,0.3634,0.3787,0.2281,0.3126,0,1,0,414.0242,4.323,0.4161,-5.9302,0.0709,0.0091,1,1,1,1,B0,42
COc1c(C(=O)CCC(=O)O)cc(C)c(O)c1C,1,0.7273,0.3095,0.2727,0.6905,2.254,294.0577,40.0208,3.6739,0.5444,0.2448,0.2,-6.8631,0.7048,0.4409,0.3745,0.3143,0.3359,0,1,0,294.5887,3.8561,0.3522,-6.6495,0.103,0.022,1,1,1,1,B0,42
COC(=O)c1c(OC)ccc2c3ccc(OC)cc3n(-c3ccc(-c4nnc(COC(C)=O)o4)cc3)c12,1,0.5,0.6923,0.5,0.3077,2.6399,349.4741,38.5068,4.3391,0.3393,0.4239,0.2441,-6.9131,0.7657,0.439,0.3806,0.1295,0.2289,1,1,1,334.0719,4.3253,0.3171,-6.5889,0.024,0.004,1,1,1,1,B0,42
CCCC(=O)OCCC(C)Cc1c(O)c2ccccc2oc1=O,1,0.6667,0.5918,0.3333,0.4082,2.8672,350.3564,59.4847,4.0988,0.4416,0.3565,0.2449,-7.1419,1.0545,0.3802,0.3747,0.104,0.2335,1,1,1,341.769,3.9305,0.3162,-6.6407,0.0949,0.0057,1,1,1,1,B0,42
C[N+]1=C(C=C2C(=O)C(C(=O)c3ccccc3)=C2[O-])C(C)(C)c2cc(-c3ccccc3)ccc21,1,0.3906,0.6333,0.6094,0.3667,2.9849,481.5007,121.4403,4.6598,0.3675,0.1303,0.1329,-7.3181,1.019,0.5269,0.373,0.1027,0.1874,0,0,0,512.2223,4.5351,0.0337,-7.5688,0.1912,0.0043,0,1,0,0,B0,42
Oc1ccc2c3ncccc3c3nccnc3c2n1,1,0.3333,0.6341,0.6667,0.3659,2.6612,339.6851,38.0536,3.973,0.5904,0.239,0.1676,-7.4639,1.1016,0.5956,0.3797,0.2876,0.3073,0,0,0,363.2913,3.9954,0.2662,-7.3963,0.1999,0.0123,1,1,1,1,B0,42
CCCCC(CC)COc1cccc(SCc2cc(C(C)(C)C)cc(CC(=O)c3ccccc3O)c2O)c1,1,0.6582,0.5672,0.3418,0.4328,3.1923,354.3168,103.1151,4.424,0.2363,0.318,0.2165,-6.9107,0.9813,0.4208,0.3784,0.068,0.1838,1,1,1,404.0654,4.2268,0.3797,-6.6268,0.1185,0.0049,1,1,1,1,B0,42
CC(C)(C)c1c(Br)cc(C#N)c(O)c1C(C)(C)C,1,0.7273,0.4706,0.2727,0.5294,2.9841,278.0917,40.3292,4.0871,0.4619,0.2699,0.2307,-7.0199,0.8102,0.5286,0.3517,0.3658,0.3444,0,0,0,296.1036,3.8499,0.1852,-6.8668,0.0958,0.0483,0,1,0,0,B0,42
CCCCc1c(C)nn2c(N=Nc3ccc([N+](=O)[O-])cc3-c3ccccc3)c(-c3ccccc3)[nH]c12,1,0.4328,0.7353,0.5672,0.2647,2.9658,423.661,57.2628,3.7326,0.7621,0.3182,0.2942,-7.1355,1.0362,0.4815,0.4191,0.1673,0.2552,0,1,0,434.001,4.1632,0.2748,-7.1405,0.0112,0.0117,0,1,0,0,B0,42
CCC1(C)CC(NC(=O)c2ccc(C3=Cc4cccc(C(F)(F)F)c4P3(=O)c3ccccc3)cc2)C(C)C(C)(CC)N1C,1,0.64,0.4058,0.36,0.5942,4.7498,427.5563,123.7587,4.2537,0.536,0.414,0.2454,-7.2045,1.0428,0.3999,0.3715,0.1423,0.2678,0,1,0,412.2095,4.3256,0.5101,-7.1603,0.0941,0.0047,1,1,1,1,B0,42
CCCCC(CC)COc1cc(/C=C2\SC(=O)NC2=O)ccc1N(c1ccccc1)C(C)(C)C,1,0.5625,0.6829,0.4375,0.3171,3.3586,447.279,58.5351,4.3694,0.2717,0.1887,0.1765,-6.9546,0.9246,0.3522,0.37,0.1347,0.2417,0,1,0,431.5301,4.6177,0.1892,-6.7385,0.0626,0.0114,0,1,0,0,B0,42
COC(=O)c1ccccc1N=NCCC(=O)O,1,0.5,0.52,0.5,0.48,2.4833,382.35,53.2218,3.6815,0.6173,0.3901,0.3276,-7.0374,0.835,0.4424,0.3804,0.1833,0.2625,0,1,0,364.2695,3.6324,0.3642,-6.5375,0.1478,0.0186,0,1,0,0,B0,42
CCCCC(CC)CC1NC(=O)c2ccccc2N1,1,0.6458,0.6346,0.3542,0.3654,3.32,288.0889,50.2924,3.7795,0.6313,0.1348,0.1281,-7.0737,0.8116,0.352,0.3631,0.1787,0.2646,0,1,0,321.6066,3.9021,0.1228,-7.1247,0.1619,0.0115,0,1,0,0,B0,42
O=C([O-])/C=C/c1ccc(SC=Cc2ccc(C=CSC=C3CCCC3)cc2)c(O)c1,1,0.4889,0.5926,0.5111,0.4074,3.6715,354.8768,33.4156,4.4972,0.2681,0.1522,0.1463,-7.4269,1.014,0.4649,0.4064,0.2004,0.2881,0,1,0,372.4148,4.3251,0.173,-7.2117,0.1435,0.0066,0,1,0,0,B0,42
CC(C)(C)c1cc(-c2ccccc2)cc(C(C)(C)C)c1O,0,0.4615,0.0,0.5385,1.0,1.9562,294.5249,49.1407,4.2305,0.2963,0.271,0.1812,-7.2331,1.4725,0.4257,0.3556,0.3448,0.3545,1,1,1,282.6862,4.2153,0.2278,-7.4094,0.0735,0.0145,0,1,0,0,B0,42
CCC(C)(CCc1ccccc1N(C)C)C(=O)O,1,0.7045,0.617,0.2955,0.383,2.7957,288.3713,62.7799,3.6221,0.9131,0.2963,0.2636,-7.0333,0.8452,0.3645,0.3485,0.283,0.3292,0,1,0,290.5569,3.2235,0.3048,-5.8942,0.2561,0.0134,0,1,0,0,B0,42
CC(=O)OCc1ccc(N(C)C)cc1,1,0.6,0.3667,0.4,0.6333,1.6634,301.446,30.8812,3.84,0.5608,0.1534,0.1017,-5.2702,0.8102,0.2527,0.3009,0.1921,0.2631,0,1,0,321.1807,3.7151,0.1511,-5.5877,0.0694,0.0063,0,1,0,0,B0,42
O=C(O)CC(=O)OCCN1CCCCC1,1,0.7544,0.3,0.2456,0.7,2.0034,452.0896,112.7794,2.9774,1.1462,0.208,0.2206,-6.0958,1.0145,0.61,0.3668,0.4087,0.3259,0,0,0,452.8774,3.1856,0.3294,-6.1484,0.2581,0.2321,0,1,0,0,B0,42
Nc1ccccc1C(=O)On1cccc1,1,0.6364,0.4375,0.3636,0.5625,2.5131,311.5361,28.5388,4.007,0.3253,0.2122,0.1815,-5.5453,0.6401,0.4946,0.3711,0.1791,0.2683,0,1,0,325.6073,3.9811,0.2684,-5.6223,0.3004,0.0064,1,1,1,1,B0,42
N#Cc1nn(-c2c(Cl)ccc(C(F)(F)F)c2Cl)nc1N1CCCC1,1,0.3261,0.7903,0.6739,0.2097,2.9513,344.7417,51.1099,4.11,0.3035,0.4823,0.2613,-7.5824,1.0724,0.7093,0.3594,0.2842,0.3204,1,0,0,346.7879,4.1726,0.438,-7.8392,0.6498,0.013,1,0,0,0,B0,42
COC(=O)c1ccc(Cl)cc1,1,0.4828,0.36,0.5172,0.64,1.2223,271.1141,17.4496,3.6716,0.4954,0.1093,0.1068,-4.9213,0.6211,0.6242,0.3328,0.2955,0.3141,0,0,0,270.4606,3.63,0.1926,-4.7423,0.2526,0.0766,0,0,0,0,B0,42
CC(=Cc1ccc(C(C)C)c(C(C)(C)C)c1)c1nc2ccccc2o1,1,0.413,0.5789,0.587,0.4211,2.6103,374.7026,49.5873,3.7309,1.2503,0.2051,0.1875,-7.4061,1.2044,0.4166,0.3654,0.2902,0.3668,0,1,0,334.7034,3.589,0.0777,-6.3012,0.0937,0.0066,0,1,0,0,B0,42
CCNC1(C(N)=O)CCN(Cc2cc3oc(=O)c4c5ccc(N)cc5c5ccc6cccc7c(c2)c3c4c5c67)CC1,1,0.4868,0.5147,0.5132,0.4853,3.1398,489.1359,139.629,4.3004,0.4784,0.4143,0.2922,-7.0401,0.9348,0.5,0.3913,0.0805,0.1615,0,1,0,418.8435,4.3823,0.4833,-6.6407,0.0499,0.0041,1,1,1,1,B0,42
CCOC(=O)C=Cc1cccc(-c2ccc3ccc4cccc5ccc2c3c45)c1O,1,0.5763,0.4167,0.4237,0.5833,2.4002,385.588,39.8772,4.328,0.274,0.2261,0.204,-7.2065,0.9998,0.3519,0.3647,0.0893,0.163,0,1,0,387.7197,4.2249,0.1948,-6.5891,0.0325,0.003,0,1,0,0,B0,42
COc1cc(C=Nc2ccccc2C(=O)Oc2ccc(Cl)cc2)ccc1O,1,0.6491,0.2745,0.3509,0.7255,2.1511,359.7204,34.4644,4.0618,0.6534,0.1063,0.1033,-7.0143,0.8629,0.5944,0.3845,0.1274,0.2447,0,0,0,356.397,4.0332,0.0655,-6.4283,0.0953,0.0048,0,1,0,0,B0,42
COc1ccc(-c2cnc(-c3ccc(OC(=O)c4cc(C(=O)c5ccccc5)c(C(=O)Oc5ccccc5)cc4O)cc3)s2)cc1,1,0.5246,0.5179,0.4754,0.4821,2.6663,418.2266,97.9297,4.4687,0.1722,0.2443,0.1954,-6.8114,0.9366,0.3996,0.3791,0.1501,0.2615,0,1,0,407.5561,4.347,0.2836,-6.354,0.0643,0.0096,1,1,1,1,B0,42
CCOC(=O)C1=C(C)NC(C)=C(C(=O)OCC)C1c1ccccc1/C=C/C(=O)OC(C)(C)C,0,0.6875,0.0,0.3125,1.0,2.5926,382.0409,84.6036,4.3371,0.3021,0.326,0.3249,-7.0874,0.8058,0.3459,0.3734,0.1105,0.2252,1,1,1,368.8949,4.3325,0.4167,-6.6117,0.0256,0.0038,1,1,1,1,B0,42
CCOC(=O)c1c(O)ccc(F)c1O,1,0.5641,0.3548,0.4359,0.6452,2.1742,289.2152,30.0169,3.9592,0.3299,0.1899,0.1489,-5.3273,0.6615,0.5816,0.3779,0.1909,0.2795,0,0,0,285.8714,3.787,0.3399,-5.5752,0.2859,0.0063,0,1,0,0,B0,42
CCOC(=O)/C=C/c1ccc(-c2ccccc2C2=c3cc4c(cc3C(C)(C)c3cc5c(cc32)C(C)=CC(C)(C)N5CC)=[N+](CC)CCC4)cc1,1,0.3176,0.6835,0.6824,0.3165,3.6656,649.4611,93.5128,5.1467,0.2913,0.2604,0.2163,-7.1734,1.0057,0.3856,0.4151,0.079,0.2079,0,1,0,632.6862,4.9359,0.2517,-6.6011,0.1179,0.0036,0,1,0,0,B0,42
Cc1cc(-c2ccc(C(C)(C)C)c(-c3ccc(C(C)(C)C)cc3)c2)c(C)c(O)c1O,1,0.6383,0.5676,0.3617,0.4324,2.4795,406.6118,66.8655,4.2553,0.4657,0.2811,0.2455,-7.262,1.0072,0.4715,0.3817,0.3883,0.3826,1,1,1,386.5148,4.0569,0.3336,-7.0885,0.0322,0.0067,1,1,1,1,B0,42
O=C(C1=C2C=CC(N3CCOCC3)=[N+]2[B-](F)(F)n2c1cc(O)c2N1CCOCC1)N1CCCCC1,1,0.5915,0.7465,0.4085,0.2535,3.8,507.1334,93.0257,4.9495,0.3692,0.2889,0.2617,-7.4592,0.9047,0.5043,0.3877,0.3519,0.3503,0,0,0,549.7298,4.9397,0.4177,-7.7818,0.2972,0.0237,0,1,0,0,B0,42
CCCCCCCC[N+]1=C(C2CCNCC2)C(C)(C)c2cc(C(=O)O)ccc21,1,0.4928,0.6667,0.5072,0.3333,2.9758,414.4503,121.2161,4.4604,0.4796,0.3237,0.2255,-7.1262,0.7817,0.3481,0.3495,0.1449,0.2414,1,1,1,392.8436,4.324,0.2887,-7.4977,0.0555,0.0038,1,1,1,1,B0,42
O=Cc1c(O)cccc1C(F)(F)F,1,0.6562,0.5833,0.3438,0.4167,2.4138,294.6495,26.7482,3.8234,0.3356,0.1161,0.1818,-5.1321,0.4602,0.6031,0.332,0.3806,0.3349,0,0,0,297.1938,3.6505,0.23,-5.0763,0.4831,0.0166,0,1,0,0,B0,42
Cc1cc(C2(c3ccccc3)OS(=O)(=O)c3ccccc32)c(C)cc1O,1,0.15,0.6531,0.85,0.3469,3.2022,322.5845,66.3276,4.161,0.5056,0.1234,0.1366,-7.2952,1.0058,0.5158,0.3406,0.1751,0.2363,0,0,0,353.621,4.0067,0.2534,-7.3105,0.1706,0.0053,1,1,1,1,B0,42
CCN(CC)c1ccc2c(c1)OC(C(C)(C)C)=C/C2=C\C=C1/C(=O)N(CCCS(=O)(=O)O)C(=O)N(CCC(C)C)C1=O,1,0.2083,0.7722,0.7917,0.2278,3.4151,536.659,77.1082,4.644,0.4574,0.2058,0.1825,-6.792,0.9013,0.3959,0.3748,0.181,0.2914,0,1,0,560.961,4.6335,0.0621,-7.0976,0.2738,0.0074,0,1,0,0,B0,42
CCCCCCCCc1ccc(N2CNC(=O)C23CCNCC3)s1,1,0.6724,0.52,0.3276,0.48,3.4034,386.8611,93.8966,3.7344,0.727,0.2913,0.2745,-6.9123,0.7677,0.3947,0.3948,0.2592,0.3072,0,1,0,378.5844,3.9108,0.2181,-7.5956,0.2265,0.0531,0,1,0,0,B0,42
CCCCc1c(-c2c(C(=O)OC)c3ccc(OC)cc3oc2=O)nn(-c2cccc(C)c2)c1C(=O)OCC,1,0.3797,0.6835,0.6203,0.3165,2.8275,402.5525,83.4787,4.3603,0.3059,0.3872,0.1938,-6.8244,0.881,0.4055,0.3839,0.1117,0.2346,1,1,1,420.8016,4.3278,0.3989,-6.5946,0.0304,0.0031,0,1,0,0,B0,42
CCCCCCc1cc(Cl)c(O)cc1N,1,0.7037,0.561,0.2963,0.439,2.1857,275.5967,47.9539,3.8905,0.5076,0.3155,0.2692,-6.421,1.4351,0.5394,0.3727,0.3458,0.3259,0,0,0,301.8062,3.8568,0.2553,-6.6168,0.1659,0.0785,1,1,1,1,B0,42
COC1=C(C(C)C)NC(=S)N[C@H]1C=Cc1ccc(Cl)cc1,1,0.3,0.7308,0.7,0.2692,3.5266,302.0228,43.2196,4.2334,0.4692,0.1933,0.2087,-6.9416,0.8551,0.5058,0.403,0.3026,0.3624,0,0,0,302.1172,4.1398,0.1786,-6.5199,0.0941,0.0108,0,1,0,0,B0,42
CC(C)CCOc1ccc(C(C)(C)C)cc1,1,0.625,0.5676,0.375,0.4324,1.6596,269.3792,41.4355,3.3041,0.6474,0.1883,0.2035,-6.5087,1.6266,0.2284,0.2969,0.3643,0.3473,0,1,0,284.1424,3.2861,0.2726,-6.544,0.0155,0.9024,0,0,0,0,B0,42
C#CC=Cc1cc(/C=C/c2ccc(N(C)C)cc2)ncn1,1,0.2286,0.7442,0.7714,0.2558,2.9736,406.4138,34.9478,4.3422,0.2302,0.2732,0.2305,-7.5718,1.1936,0.6047,0.3241,0.2716,0.3068,1,0,0,391.9886,4.4233,0.2984,-6.7259,0.2152,0.0209,1,1,1,1,B0,42
CCCCc1nccc(-c2cc3c4c(c2)C(C)(C)c2cccc5c2N4c2c(cccc2C3(C)C)C5(C)C)c1N(C)C,1,0.5192,0.7736,0.4808,0.2264,3.3373,386.7257,68.1335,4.2732,0.3731,0.4827,0.2148,-6.6616,1.6047,0.4261,0.3952,0.264,0.2963,1,1,1,381.1214,4.3142,0.5626,-6.7197,0.0759,0.0159,1,1,1,1,B0,42
CN(C)CC(=O)OC1C2(C)CCC(C2)C1(C)C,1,0.7541,0.3333,0.2459,0.6667,4.474,399.1264,118.5109,3.2093,0.8569,0.1771,0.2151,-6.8503,0.8628,0.1747,0.2982,0.3092,0.3038,0,1,0,380.7044,3.1842,0.0184,-6.0586,0.0399,0.3579,0,1,0,0,B0,42
CCc1cc(C(=O)O)c(C(=O)O)c(-c2ccc(OC)cc2)c1C(=O)O,1,0.6364,0.6042,0.3636,0.3958,2.2199,322.0641,49.8914,4.0979,0.4163,0.3509,0.2619,-6.9461,0.8243,0.5418,0.3381,0.1341,0.2077,1,0,0,336.4763,3.9858,0.342,-6.6109,0.1024,0.0097,1,1,1,1,B0,42
CC(C)(C)c1cccc(O)c1,0,0.5556,0.0,0.4444,1.0,1.7359,256.7186,13.1053,3.4772,0.5135,0.25,0.2079,-4.7448,0.9661,0.44,0.3492,0.6012,0.3169,0,0,0,277.059,3.5026,0.1636,-3.6452,0.0638,0.9222,0,0,0,0,B0,42
CC1(C)CC(NC(=O)CCOc2cc3oc(=O)c4c5ccc(N)cc5c5ccc6cccc7c(c2)c3c4c5c67)CC(C)(C)N1,1,0.3919,0.6364,0.6081,0.3636,3.1776,467.4311,124.7715,4.2635,0.3582,0.4603,0.3002,-6.8842,0.9516,0.5162,0.4082,0.1397,0.241,0,0,0,452.936,4.1801,0.4861,-6.0325,0.1023,0.0045,0,1,0,0,B0,42
CCCCCCCCCC(C)(C)c1cc(C(C)(C)C)c(-c2ccccc2)cc1O,1,0.6667,0.5435,0.3333,0.4565,2.3807,335.5174,57.509,4.18,0.4522,0.2954,0.2097,-7.0108,1.5467,0.3542,0.3562,0.3045,0.3392,1,1,1,362.3837,4.2489,0.3134,-7.3963,0.0519,0.0079,1,1,1,1,B0,42
CCOC(=O)N1CCCC12CCCCN2,1,0.72,0.3333,0.28,0.6667,3.7939,418.7178,119.4174,3.0349,1.0491,0.2382,0.2388,-5.9237,0.9685,0.3002,0.356,0.3053,0.3122,0,1,0,393.9248,3.2737,0.1606,-5.9,0.0423,0.139,0,1,0,0,B0,42
O=C(O)c1cc(Cl)ccc1O,1,0.48,0.3667,0.52,0.6333,1.5961,272.7338,30.7764,3.8861,0.428,0.1996,0.1423,-5.7025,0.4976,0.797,0.2408,0.4301,0.3482,0,0,0,279.3194,3.5248,0.24,-6.079,0.7484,0.0231,0,0,0,0,B0,42
O=C(c1ccc(O)cc1)c1ccccc1ONc1nc2ccc(F)cc2s1,1,0.5588,0.566,0.4412,0.434,2.4185,361.3819,62.3717,4.25,0.371,0.2537,0.1854,-7.1997,0.9268,0.5546,0.3792,0.1278,0.2144,1,0,0,394.5137,4.2749,0.3681,-6.4069,0.1696,0.0065,1,1,1,1,B0,42
Oc1ccc(O)c(-c2ccccc2)c1,1,0.5652,0.4062,0.4348,0.5938,1.6073,291.853,21.4009,4.0672,0.3803,0.1773,0.1363,-5.1744,0.8664,0.6885,0.2861,0.2757,0.2957,0,0,0,301.2201,4.0281,0.2173,-5.1919,0.62,0.0171,0,0,0,0,B0,42
COC(=O)C1(NC(=O)c2cccc(C(F)(F)F)c2)CCNCC1,1,0.6071,0.54,0.3929,0.46,2.4111,319.888,53.2861,4.0683,0.2692,0.3329,0.2654,-7.0499,0.754,0.584,0.3739,0.2125,0.2932,1,0,0,283.0978,3.8732,0.3436,-6.3865,0.343,0.0199,0,1,0,0,B0,42
O[13c]1ccc[13c](-c2ncc3cc(N(c4ccccc4)c4ccccc4)ccc3n2)[13cH]1,1,0.5091,0.6364,0.4909,0.3636,2.1902,372.8835,39.1167,4.3475,0.3131,0.3356,0.1912,-7.3824,1.084,0.4679,0.3495,0.15,0.2274,1,1,1,377.2102,4.2439,0.2285,-7.4741,0.0921,0.0057,0,1,0,0,B0,42
CC(C)(C)C=Cc1ccc(C=C(C#N)C(=O)O)s1,1,0.4,0.6275,0.6,0.3725,3.0395,309.4136,58.2766,4.121,0.4845,0.1144,0.1736,-7.2055,0.8841,0.515,0.3731,0.1972,0.2822,0,0,0,361.4626,4.0328,0.093,-7.386,0.3943,0.0063,0,1,0,0,B0,42
COc1ccc(Cl)cc1Cl,1,0.4848,0.4483,0.5152,0.5517,1.3291,280.9474,32.8122,3.592,0.402,0.1357,0.1321,-3.7907,0.9283,0.5631,0.3504,0.5381,0.3229,0,0,0,280.7415,3.6151,0.2212,-3.3604,0.3141,0.7558,0,0,0,0,B0,42
COc1cc(CO)cc(Br)c1OC,1,0.6364,0.6364,0.3636,0.3636,1.8959,274.0052,24.3219,3.8442,0.4023,0.3694,0.2947,-5.3457,0.6715,0.4666,0.3362,0.3259,0.3233,0,1,0,267.7343,3.5248,0.2299,-4.9249,0.1848,0.8702,0,0,0,0,B0,42
CC(=O)CC(=O)OCN(C)C,1,0.7442,0.44,0.2558,0.56,2.6266,411.2935,121.0024,2.6315,1.097,0.1897,0.1677,-5.5122,0.6003,0.4773,0.3787,0.4572,0.3205,0,1,0,375.3035,2.9977,0.2305,-5.7612,0.6356,0.4114,0,0,0,0,B0,42
CCCCCCCN1CCCC2(CC=CCC2)C1c1ccccc1,1,0.6964,0.4386,0.3036,0.5614,3.7908,323.1433,55.1473,3.7083,0.6682,0.1803,0.2255,-7.1249,1.1645,0.3906,0.3866,0.2574,0.2899,0,1,0,342.0844,3.9959,0.2737,-7.4744,0.2962,0.1507,1,1,1,1,B0,42
Cc1ccc(N=N[C@H](C)O)s1,1,0.5,0.725,0.5,0.275,4.1359,411.4057,25.9911,3.0519,1.3762,0.3152,0.3152,-5.295,1.2031,0.4099,0.3708,0.5025,0.346,0,0,0,363.3297,3.0197,0.2148,-5.191,0.0664,0.8802,0,0,0,0,B0,42
CC(C)c1cc(-c2ccccc2O)ccc1Cl,1,0.5946,0.475,0.4054,0.525,1.8481,289.9337,59.5468,4.1611,0.319,0.2051,0.1855,-7.2217,1.4957,0.5289,0.362,0.3711,0.3682,0,0,0,294.6691,4.1621,0.1654,-7.0683,0.1028,0.0236,0,1,0,0,B0,42
CCC(=O)c1ccccc1C(=O)O,1,0.5938,0.5,0.4062,0.5,1.6667,286.8483,38.7467,3.8947,0.3982,0.2712,0.1639,-5.1659,0.7426,0.4846,0.326,0.2709,0.3075,0,1,0,287.4335,3.6342,0.2697,-4.824,0.4727,0.0115,0,0,0,0,B0,42
c1csc(-c2ccc(NCC3CCCNC3)s2)c1,1,0.619,0.5965,0.381,0.4035,3.1245,300.3268,40.8719,4.1324,0.4181,0.2418,0.2425,-7.5602,1.0056,0.3646,0.3909,0.342,0.3416,0,1,0,307.0744,4.0482,0.0737,-7.3977,0.1476,0.4422,0,1,0,0,B0,42
Oc1ccc(C=C(c2ccccc2)c2ccc(Br)cc2)cc1,1,0.4706,0.5455,0.5294,0.4545,1.8326,355.2933,37.8603,3.8437,1.1516,0.0906,0.1439,-7.336,1.5269,0.5125,0.3384,0.2814,0.3223,0,0,0,338.6054,4.0326,0.0956,-7.6427,0.2887,0.011,0,1,0,0,B0,42
COC(=O)C=C(C=C1CCC(=Cc2ccccc2)C1=O)c1ccccc1N1CCCCC1,1,0.58,0.4561,0.42,0.5439,2.7463,402.6678,59.4964,4.2145,0.5253,0.2187,0.2197,-7.4009,1.0499,0.4385,0.4002,0.1569,0.2671,0,1,0,420.551,4.315,0.2799,-7.0373,0.0299,0.0043,0,1,0,0,B0,42
C1=Cc2nc1c(-c1ccccc1)c1ccc([nH]1)c(-c1cccs1)c1nc(c(-c3cccs3)c3ccc([nH]3)c2-c2cccs2)C=C1,1,0.1765,0.7407,0.8235,0.2593,5.0959,605.9691,61.2348,3.7107,0.4811,0.0732,0.0734,-7.1511,1.1177,0.4221,0.3986,0.2178,0.2741,0,1,0,561.496,3.7391,0.0573,-7.4866,0.0205,0.0098,0,1,0,0,B0,42
COc1cc2c(-c3ccccc3)c(-c3ccccc3)c3cccc4c(C(C)(C)C)c(-c5ccccc5)c(c1)[n+]2c34,1,0.1795,0.6842,0.8205,0.3158,2.9118,357.9928,39.9683,4.374,0.4248,0.4036,0.1562,-6.7527,1.3622,0.4215,0.3623,0.2351,0.3076,1,1,1,383.1852,4.3002,0.3753,-7.1174,0.0378,0.0367,1,1,1,1,B0,42
CCC1=C(CC)C(C)=[N+]2C1=Cc1c(C)c3cc4c(c(C)c3n1[B-]2(F)F)=[N+]1C(=Cc2c(CC)c(OC)c(C)n2[B-]1(F)F)C=4C,1,0.3623,0.7922,0.6377,0.2078,4.9064,627.297,107.3943,4.9515,0.2006,0.4712,0.2309,-6.7667,1.1706,0.4663,0.3856,0.2681,0.315,0,1,0,684.7036,4.7447,0.5732,-6.6754,0.1625,0.0093,0,1,0,0,B0,42
COc1ccccc1C(=O)c1cnn(OC)n1,1,0.6441,0.4737,0.3559,0.5263,2.7005,321.8344,46.0494,4.0615,0.46,0.2921,0.2321,-7.2343,0.9825,0.4661,0.3664,0.2164,0.2754,1,1,1,319.7638,4.0235,0.0594,-6.1934,0.403,0.0957,0,1,0,0,B0,42
CC(=O)Oc1nc2c(C(F)(F)F)cc(N(C)C)cc2s1,1,0.6833,0.7308,0.3167,0.2692,2.8617,331.9854,49.9984,4.2474,0.4108,0.3705,0.1858,-6.8457,0.9721,0.4218,0.3843,0.2545,0.3077,1,1,1,337.5606,4.1118,0.2767,-5.8656,0.0949,0.0134,1,1,1,1,B0,42
COOC(=O)c1cccc(O)c1F,1,0.5938,0.3333,0.4062,0.6667,2.5661,293.2689,30.3567,3.8105,0.5923,0.2213,0.1565,-5.4057,0.5644,0.4615,0.3501,0.1677,0.2556,0,1,0,299.8535,3.6599,0.3459,-5.4594,0.2013,0.0098,0,1,0,0,B0,42
COc1cc(OC)c(C(=O)c2ccc(OC)c(OC)c2O)c(-c2cccc(C(F)(F)F)c2)c1,1,0.6857,0.38,0.3143,0.62,2.464,320.5252,28.8151,4.2884,0.5024,0.2377,0.1877,-6.9403,0.8282,0.5341,0.3798,0.1303,0.2399,0,0,0,362.771,4.3346,0.1457,-6.3213,0.0324,0.0051,0,1,0,0,B0,42
O=C(Cc1n[nH]c(-c2ccccn2)n1)c1ccc(O)cc1,1,0.4286,0.5682,0.5714,0.4318,2.4125,338.0289,54.5038,4.0098,0.3322,0.2904,0.2352,-7.3602,1.049,0.5972,0.3634,0.2059,0.2688,1,0,0,304.3538,4.0345,0.2985,-7.4825,0.3328,0.0245,1,1,1,1,B0,42
CC(=O)c1ccc2oc3nc4oc5ccc(N6c7ccccc7Sc7ccccc76)cc5c4cc3c2c1,1,0.3091,0.6667,0.6909,0.3333,2.89,364.2291,34.3358,4.1872,0.4813,0.279,0.1755,-7.2752,1.2702,0.4609,0.3759,0.1764,0.2661,1,1,1,361.6017,4.1242,0.2452,-7.4805,0.1249,0.0035,0,1,0,0,B0,42
CCCCc1ccc2[nH]c(=S)sc2c1C(=O)c1ccc(Cl)cc1,1,0.717,0.5741,0.283,0.4259,2.5253,326.4456,53.621,4.1087,0.3914,0.3173,0.2968,-7.4416,1.0481,0.5312,0.3751,0.2615,0.351,1,0,0,336.3478,4.3278,0.1391,-7.6445,0.0928,0.0024,0,1,0,0,B0,42
COc1ccc(O)cc1Oc1ccc(Cl)cc1,1,0.5789,0.5676,0.4211,0.4324,1.6219,298.0508,23.1266,4.0627,0.5566,0.1765,0.1349,-6.8549,0.9026,0.619,0.3496,0.2172,0.2959,0,0,0,285.4912,4.2498,0.2229,-6.2189,0.3514,0.0108,0,1,0,0,B0,42
COC(=O)c1c(N=NCc2cc(C)cc(-c3cc(C)cc(C(C)(C)C)c3O)c2O)cnn1C,1,0.76,0.5873,0.24,0.4127,3.2626,426.6152,50.2766,4.2993,0.3784,0.2859,0.2086,-6.9537,0.9683,0.4772,0.3942,0.2476,0.3444,0,1,0,421.78,4.3575,0.4364,-6.6386,0.0506,0.0062,0,1,0,0,B0,42
CC=C(C)C(=O)c1c(Cl)cccc1Cl,1,0.6667,0.5143,0.3333,0.4857,2.3375,284.316,38.5668,3.8918,0.5144,0.0934,0.1428,-6.2152,2.1495,0.4775,0.3452,0.3636,0.3305,0,1,0,303.8,3.773,0.1304,-7.3566,0.2054,0.1912,0,1,0,0,B0,42
COCc1cc2c(-c3ccc(C(=O)O)cc3C(=O)O)c3cc(CCC(=O)O)c(=O)cc-3oc2cc1O,1,0.1356,0.7101,0.8644,0.2899,2.8555,493.2884,52.1067,4.4878,0.3573,0.3209,0.237,-7.1863,0.8945,0.4029,0.3639,0.1154,0.2291,0,1,0,479.2612,4.5001,0.3756,-5.9931,0.0731,0.007,0,1,0,0,B0,42
CN(C)c1ccc(-c2nc(-c3ccc(/C=C(\C#N)C(=O)O)s3)n(C(C)(C)C)c2-c2ccc(N(C)C)cc2)cc1,1,0.2419,0.7222,0.7581,0.2778,3.0798,465.8271,61.709,4.4258,0.2043,0.1231,0.1296,-6.9796,1.1038,0.4798,0.3848,0.2109,0.3046,0,1,0,469.1112,4.5063,0.1413,-6.0949,0.0549,0.0065,0,1,0,0,B0,42
CCCCc1ccnc(C(CCN(C)C)[N+](=O)[O-])c1,1,0.7119,0.6897,0.2881,0.3103,3.2085,313.8594,51.0331,3.578,0.6323,0.2388,0.2778,-6.7181,0.787,0.5793,0.3789,0.2616,0.3176,0,0,0,333.0566,3.7527,0.0994,-6.1068,0.3505,0.0791,0,1,0,0,B0,42
CC(S)C=Nc1ccccc1/N=C/c1ccccc1O,1,0.3226,0.6735,0.6774,0.3265,3.3927,328.1931,46.0641,4.0437,0.6352,0.1071,0.1092,-7.4844,1.1164,0.5414,0.3773,0.2255,0.2947,0,0,0,335.9909,4.1395,0.1101,-7.2611,0.7901,0.0075,0,0,0,0,B0,42
CC(C)(C)c1ccc(-c2ccccc2-c2ccccc2)cc1,1,0.4,0.32,0.6,0.68,1.5057,327.76,22.3654,4.2459,0.2001,0.3964,0.1342,-7.3298,1.5326,0.518,0.3407,0.3709,0.3484,1,0,0,316.2715,4.2351,0.3674,-7.4536,0.0804,0.0688,1,1,1,1,B0,42
N#CC(=CC(=O)c1ccccc1)c1ccc(N(c2ccccc2)c2ccccc2)cc1,1,0.3846,0.5,0.6154,0.5,2.2064,406.0202,41.0909,4.2021,0.7437,0.3087,0.2162,-7.4098,1.0789,0.4637,0.366,0.1613,0.2327,1,1,1,407.9375,4.4097,0.2627,-7.5553,0.0804,0.0052,1,1,1,1,B0,42
CCNC(=O)c1ccc2c(c1)-c1cc(-c3c4ccccc4cc4ccccc34)ccc1S2=O,1,0.3636,0.6226,0.6364,0.3774,3.0581,385.4748,61.306,4.2615,0.2643,0.2934,0.17,-7.1472,0.953,0.4635,0.3743,0.1016,0.2155,1,1,1,391.4113,4.2011,0.2773,-6.6522,0.1244,0.004,1,1,1,1,B0,42
CC(C)c1sc(-c2ccc(N(C)C)cc2)c2c1OCCO2,1,0.5,0.7381,0.5,0.2619,2.6818,333.2788,47.2943,4.3521,0.271,0.3296,0.1678,-7.2692,1.2255,0.5086,0.377,0.3306,0.3474,1,0,0,337.7278,4.4091,0.3289,-6.1585,0.2753,0.0208,1,1,1,1,B0,42
CCc1cc(Br)c(O)c(Br)c1,1,0.68,0.5333,0.32,0.4667,2.1367,269.8852,28.9435,3.8113,0.5394,0.267,0.2397,-4.2771,1.4324,0.4244,0.3447,0.4649,0.3381,0,0,0,276.9936,3.604,0.1817,-3.4193,0.2621,0.4754,0,0,0,0,B0,42
COc1ccc(N(c2ccc(OC)cc2)c2ccc(-c3nnc(-c4ccc(C=C(C(=O)O)C(=O)c5c(O)cccc5F)cc4)o3)cc2)cc1,1,0.3968,0.6349,0.6032,0.3651,2.9343,423.6289,72.8512,4.4638,0.4429,0.2818,0.2361,-6.9448,0.9727,0.4919,0.4074,0.1223,0.2518,0,1,0,388.317,4.1122,0.2382,-6.3431,0.1125,0.0068,0,1,0,0,B0,42
CCCCC(CC)COc1c(C)cc(C(C)(C)C)c(O)c1C(C)(N=Nc1cccnc1)c1cc(C)cc(C(C)(C)C)c1O,1,0.7176,0.6087,0.2824,0.3913,4.1682,472.1835,131.5482,4.3308,0.4773,0.3376,0.2532,-6.8144,0.9569,0.3398,0.3757,0.1722,0.3027,0,1,0,472.4887,4.2202,0.2775,-6.6161,0.0237,0.0059,0,1,0,0,B0,42
CC(=O)N(Cc1ccccn1)c1c2ccccc2c2c3c(cccc13)C(=O)N(C(=O)c1ccccc1)C2=O,1,0.2712,0.7302,0.7288,0.2698,2.69,418.0811,77.6041,4.2226,0.2172,0.3775,0.1786,-7.3219,1.0225,0.4888,0.3634,0.167,0.2667,1,1,1,416.4586,4.2003,0.3542,-7.4676,0.0934,0.0052,1,1,1,1,B0,42
CCNC1CCCN(C(=O)OCC)C1,1,0.72,0.2821,0.28,0.7179,2.488,428.284,109.0435,3.0769,1.0626,0.2115,0.2068,-5.5567,0.8238,0.4155,0.3918,0.3054,0.3204,0,1,0,542.8584,3.1641,0.2536,-6.1075,0.0693,0.0703,0,1,0,0,B0,42
CN(C)c1ccsc1C1C(=O)NC(=O)NC1=O,1,0.7273,0.7381,0.2727,0.2619,3.0152,334.5165,52.7747,3.8424,0.8524,0.2185,0.2078,-7.1633,0.9796,0.816,0.2366,0.356,0.3422,0,0,0,317.7937,3.9225,0.2007,-6.7306,0.8205,0.1666,0,0,0,0,B0,42
CCC1=C(C)C2=C(c3ccc(C(=O)O)cc3)c3c(C)c(N(C(=O)Nc4nc(-c5ccccc5)c(Cl)s4)C4CCCCC4)c(C)n3[B-](F)(F)[N+]2=C1C,1,0.4831,0.7647,0.5169,0.2353,3.84,571.4985,90.6444,4.7873,0.2719,0.4193,0.2841,-7.1134,1.1331,0.4158,0.4212,0.1273,0.2445,0,1,0,614.396,4.7528,0.4133,-7.2311,0.0936,0.0055,0,1,0,0,B0,42
COC(=O)c1c(O)cc(F)c(C(C)(C)C)c1N(C)C,1,0.7167,0.5,0.2833,0.5,2.6912,297.29,49.2689,4.0909,0.4437,0.3166,0.238,-6.7238,0.7537,0.521,0.3904,0.3087,0.3576,1,0,0,296.2889,3.9394,0.3912,-6.0317,0.2286,0.0202,1,1,1,1,B0,42
CCc1ccc2cc3c(C)cc(=O)oc3cc2c1,1,0.3953,0.5,0.6047,0.5,2.076,327.8413,29.1847,4.1064,0.282,0.1708,0.1552,-7.5136,1.0383,0.419,0.3593,0.2978,0.3477,0,1,0,334.3742,4.0907,0.2334,-7.134,0.3037,0.0096,0,1,0,0,B0,42
CCCC1(CCC)c2ccccc2-c2ccc(N3c4ccc(C(=O)c5cc(C)c(O)c(C)c5-c5ccccc5)cc4C4CCCC43)cc21,1,0.5096,0.725,0.4904,0.275,3.8524,534.6419,135.9911,4.4249,0.4078,0.3845,0.2686,-7.2637,1.0507,0.3827,0.3781,0.1201,0.2249,0,1,0,423.7953,4.4722,0.3739,-7.2074,0.0707,0.0046,0,1,0,0,B0,42
Cc1[nH]ccc1-c1cc(-c2nnc(-c3ccn4c(C)nc(Cl)c4c3)o2)c(O)c(C(C)(C)C)c1C(C)(C)C,1,0.4923,0.6562,0.5077,0.3438,3.525,390.5712,91.6052,4.0294,0.7089,0.2879,0.1712,-7.2973,0.9965,0.5374,0.4077,0.2631,0.3423,1,0,0,370.2904,4.4086,0.18,-7.209,0.0419,0.0095,0,1,0,0,B0,42
CC=Cc1cccc2ccccc12,1,0.4333,0.5,0.5667,0.5,1.7668,300.6096,26.3242,4.0596,0.369,0.1162,0.1411,-4.2348,1.217,0.3933,0.3354,0.3238,0.3111,0,0,0,306.6096,3.9068,0.1834,-4.529,0.1123,0.0634,0,0,0,0,B0,42
CCCCCCOc1ccc(N(c2ccc(CC)cc2)c2ccc(OCCCCCC)cc2)cc1,1,0.4894,0.5349,0.5106,0.4651,2.0702,425.8334,70.8323,4.5905,0.3042,0.477,0.2046,-7.1016,1.305,0.3207,0.3267,0.2287,0.2894,0,1,0,409.6136,4.715,0.4816,-6.3783,0.0611,0.0136,1,1,1,1,B0,42
CC(=O)Oc1c(C)c(C#N)cc2ccccc12,1,0.6154,0.6098,0.3846,0.3902,2.2505,326.9961,38.5317,4.1275,0.4585,0.3556,0.2754,-7.1391,1.0844,0.3723,0.3665,0.179,0.2633,1,1,1,311.705,4.0041,0.2498,-6.2825,0.0165,0.0119,0,1,0,0,B0,42
CC(C)(C)c1ccc(N(c2ccc(C#Cc3ccccc3)cc2)c2ccc(/C=C(\C#N)C(=O)O)cc2)cc1,1,0.1628,0.4717,0.8372,0.5283,2.6133,425.9446,24.677,4.4666,0.1801,0.1739,0.1344,-7.3313,1.1057,0.4672,0.371,0.1638,0.2716,0,1,0,421.7031,4.5571,0.2371,-7.3895,0.088,0.006,0,1,0,0,B0,42
COC(=O)C(=O)c1ccc(OC)c(O)c1,1,0.6053,0.3125,0.3947,0.6875,1.9823,309.4446,33.8681,3.9534,0.3268,0.1933,0.179,-5.5685,0.579,0.6848,0.3284,0.253,0.2947,0,0,0,300.5994,3.822,0.2033,-5.6945,0.8574,0.0416,0,0,0,0,B0,42
NC(N)=NCCCCOC(=O)O,1,0.7857,0.5366,0.2143,0.4634,2.4224,389.0087,119.9661,2.6801,1.1455,0.2758,0.2727,-5.6075,0.5813,0.6395,0.3644,0.4521,0.324,0,0,0,405.8848,2.9213,0.22,-5.6413,0.4419,0.0806,0,1,0,0,B0,42
O=C(O)CCNC(=O)C1CCNCC1,1,0.7442,0.3438,0.2558,0.6562,2.035,392.0091,111.0021,3.1022,1.0911,0.1825,0.1871,-5.9935,0.7263,0.5744,0.3921,0.4986,0.329,0,0,0,382.3663,3.1465,0.301,-6.3086,0.1342,0.6483,0,0,0,0,B0,42
CCCCC1=C(Cc2ccc(O)c(Sc3cc(C(C)(C)CC(C)(C)C)ccc3O)c2)c2ccccc2B2Nc3ccccc3C=C21,1,0.4412,0.5821,0.5588,0.4179,3.7892,434.3113,108.4445,4.3716,0.5097,0.3742,0.2255,-6.9616,1.0543,0.4379,0.4102,0.2004,0.2985,0,1,0,481.6322,4.3989,0.3949,-7.0009,0.3448,0.0051,0,1,0,0,B0,42
CCCC=Cc1cc(Cl)c(C=C(C#N)C(=O)O)s1,1,0.5938,0.6545,0.4062,0.3455,3.2917,303.3885,58.8233,3.9389,0.5828,0.125,0.1184,-7.1447,0.8082,0.6258,0.3775,0.2087,0.2863,0,0,0,374.2,3.9089,0.1204,-7.2046,0.1261,0.0047,0,1,0,0,B0,42
CC1(C)CC(N2CCCCCCN(C3CC(C)(C)NC(C)(C)C3)c3nc(NCO)nc2n3)CC(C)(C)N1,1,0.7119,0.3265,0.2881,0.6735,4.5578,326.553,81.3889,3.8434,0.6264,0.2861,0.2278,-7.112,1.0269,0.4538,0.41,0.246,0.2994,1,1,1,364.1063,4.2276,0.3297,-8.0723,0.0863,0.0077,1,1,1,1,B0,42
N#Cc1ccc2nc3c4cccnc4c4ncccc4c3nc2c1,1,0.3939,0.6905,0.6061,0.3095,2.437,364.2594,33.3913,3.9943,0.5064,0.3584,0.1052,-7.3425,1.0454,0.5904,0.3622,0.2605,0.3,1,0,0,373.7166,4.2342,0.3258,-7.4282,0.2508,0.018,1,1,1,1,B0,42
Oc1cc(-c2cc(F)cc(-c3ccccc3)c2)ccc1Cl,1,0.5517,0.4524,0.4483,0.5476,1.8381,336.9112,38.1402,4.2033,0.2779,0.2676,0.1948,-7.25,1.5403,0.6419,0.3396,0.2793,0.3307,1,0,0,307.4469,4.1484,0.3018,-7.592,0.2916,0.0103,1,1,1,1,B0,42
CCCCc1ccc(OC)cc1C=CC(=O)c1ccc(OCOC)cc1O,1,0.6721,0.4211,0.3279,0.5789,2.3853,360.5433,49.5018,4.1892,0.3982,0.1895,0.1232,-6.8839,0.8852,0.465,0.364,0.0994,0.1954,0,1,0,388.6304,4.1784,0.3588,-6.5368,0.0731,0.0033,1,1,1,1,B0,42
CN(C)c1ccc2ccc3[n+](c2c1)[B-](F)(F)OC1=C3C(=O)c2ccc(N3CCOCC3)c3cccc1c23,1,0.2059,0.7765,0.7941,0.2235,3.5423,545.9572,110.9163,4.6097,0.4042,0.3951,0.1354,-7.2532,1.0837,0.5032,0.3722,0.2497,0.3063,0,0,0,539.3904,4.8405,0.3804,-6.0955,0.1759,0.0102,0,1,0,0,B0,42
C=CC=CCCCCCCCCCC,1,0.6471,0.2174,0.3529,0.7826,2.234,197.2147,84.4416,3.9453,0.7235,0.4005,0.3017,-4.23,1.5519,0.2613,0.2478,0.3813,0.3161,0,0,0,275.9858,4.1711,0.3403,-4.5532,0.0462,0.2532,0,0,0,0,B0,42
CCCCCCc1cc(C=CC(=O)OCC)sc1/C=C(\C#N)C(=O)O,1,0.4179,0.6491,0.5821,0.3509,2.8971,430.346,63.9169,4.012,0.5107,0.1649,0.1776,-6.9189,0.8367,0.4314,0.3715,0.1425,0.2408,0,1,0,413.2465,3.9395,0.3221,-6.6555,0.0474,0.0033,1,1,1,1,B0,42
O=C(c1nnc(-c2ccccc2)o1)c1ccccc1O,1,0.5897,0.5143,0.4103,0.4857,2.0204,338.1691,21.968,4.1854,0.398,0.2681,0.1925,-7.4669,1.056,0.5772,0.3624,0.2205,0.2901,1,0,0,328.56,3.9724,0.2387,-7.5397,0.2831,0.0168,0,1,0,0,B0,42
Cc1cccc(C)c1Nc1ccccn1,1,0.5946,0.6744,0.4054,0.3256,1.7689,324.5259,28.6516,3.8113,0.67,0.3112,0.2744,-4.973,1.6646,0.4424,0.3697,0.3546,0.3299,1,0,0,329.8822,3.5165,0.3233,-4.7429,0.2334,0.0119,0,0,0,0,B0,42
CC(C)(C)c1ccc(-c2cc(NC(=O)C(N)=O)ccn2)cc1,1,0.6842,0.6735,0.3158,0.3265,2.0944,321.0655,35.0712,4.0854,0.3773,0.2076,0.1495,-7.2552,0.9533,0.6261,0.3574,0.2675,0.3393,0,0,0,311.6629,4.0746,0.2071,-7.3746,0.4785,0.009,0,1,0,0,B0,42
N#C/C(=C/c1cc(-c2ccccc2C(=O)c2ccccc2)c(-c2ccc(N(c3ccccc3)c3ccccc3)cc2)s1)C(=O)O,1,0.4127,0.5862,0.5873,0.4138,2.7835,446.5701,39.0729,4.5341,0.2018,0.1692,0.1816,-7.1528,1.0866,0.4556,0.3789,0.1542,0.2457,0,1,0,456.2208,4.4805,-0.0163,-7.507,0.0964,0.0075,0,1,0,0,B0,101
COC(=O)c1ccc(C2=C3C(C)=CC(C)=[N+]3[B-](F)(F)n3c(/C=C/c4c[nH]c(O)n4)cc(C)c32)cc1,1,0.2,0.6812,0.8,0.3188,3.9132,572.0853,36.8784,4.8294,0.203,0.6195,0.2948,-7.0986,0.8852,0.5387,0.3947,0.1256,0.2393,0,0,0,568.426,4.7833,0.586,-6.3427,0.1517,0.008,0,1,0,0,B0,101
CCC(=O)OC(C)(C=Cc1ccc(Cl)cc1)CCC=C(C)C,1,0.6615,0.413,0.3385,0.587,3.1795,338.6108,64.3863,4.1824,0.5056,0.1733,0.2001,-7.1311,1.0823,0.3252,0.3823,0.1757,0.2844,0,1,0,333.817,4.1351,0.157,-6.7045,0.0277,0.0035,0,1,0,0,B0,101
O=C1Nc2cc(O)ccc2C1=C1CCNCC1,1,0.7,0.3784,0.3,0.6216,2.7216,315.3798,35.7131,3.9726,0.5879,0.209,0.1857,-7.4747,0.8376,0.6145,0.332,0.336,0.3198,0,0,0,320.4551,4.0349,0.2492,-7.5542,0.5213,0.0297,0,0,0,0,B0,101
CC(C)(C)OC(=O)NC(c1ccc(O)cc1)c1ccc2oc(-c3ccc(C#N)cc3)nc2c1,1,0.2656,0.6579,0.7344,0.3421,2.878,332.0253,30.7222,4.4171,0.2191,0.4123,0.2186,-7.0958,0.8574,0.4611,0.3995,0.133,0.2409,1,1,1,323.525,4.4624,0.4063,-6.3728,0.0738,0.0122,1,1,1,1,B0,101
CC(C)(C)NCCCCCOc1ccc(C(=O)Oc2ccc(O)cc2)cc1Cl,1,0.6964,0.5091,0.3036,0.4909,2.1454,316.2535,46.7178,4.2503,0.4735,0.3545,0.2458,-7.0395,0.9036,0.564,0.3842,0.1328,0.2274,1,0,0,331.2189,4.1087,0.3329,-6.5907,0.1252,0.0036,1,1,1,1,B0,101
O=C(O)C[C@H](CC(=O)c1ccc(-c2ccc(C=Cc3ccc(-n4c5ccccc5c5ccccc54)cc3)s2)s1)C(=O)O,1,0.3962,0.7391,0.6038,0.2609,3.2598,437.6875,40.8725,4.3597,0.4382,0.2606,0.2212,-7.1668,1.0758,0.4325,0.4187,0.1679,0.2711,0,1,0,434.1669,4.434,0.2805,-7.2137,0.0977,0.0081,0,1,0,0,B0,101
CC(C)=Cc1coc2c(C#N)c(O)ccc2c1=O,1,0.7321,0.6327,0.2679,0.3673,2.9832,338.4142,28.7236,4.1571,0.456,0.1563,0.2234,-7.4053,1.0345,0.5731,0.3645,0.2199,0.2919,0,0,0,365.0468,4.1673,0.1746,-7.4317,0.4254,0.0162,0,1,0,0,B0,101
O=C(c1ccc([N+](=O)[O-])cc1)c1n[nH]c(-c2ccccn2)n1,1,0.5833,0.4884,0.4167,0.5116,2.4383,354.8067,80.2492,4.1741,0.1984,0.1969,0.2347,-7.2311,1.0578,0.6955,0.3546,0.2209,0.283,0,0,0,325.7658,4.0793,0.1048,-7.2666,0.2402,0.0277,0,1,0,0,B0,101
CCCCC(=O)c1ccc(OC)c(C(C)(C)C)c1O,1,0.7073,0.3721,0.2927,0.6279,2.287,286.0975,50.3091,3.6957,0.5989,0.3056,0.2815,-6.9011,0.8075,0.278,0.2978,0.11,0.1839,0,1,0,305.3102,3.8117,0.2225,-6.5444,0.0364,0.0041,0,1,0,0,B0,101
CCCCc1cccc2oc3c(F)c(F)c4c(=O)c5c(O)ccc(O)c5c(=O)c4c3[nH]c12,1,0.3889,0.7143,0.6111,0.2857,3.2017,383.0995,50.2157,4.3724,0.2901,0.3994,0.237,-7.3085,1.0405,0.4367,0.3942,0.1752,0.2629,1,1,1,362.4584,4.1639,0.4983,-7.5167,0.1144,0.0047,1,1,1,1,B0,101
Cn1c(=O)c(/N=N/c2ccc(CC(=O)NC3CCCC3)c3ccccc23)c(O)c2ccccc21,1,0.4426,0.6825,0.5574,0.3175,2.6709,443.8962,77.2327,3.8009,1.0235,0.275,0.2735,-7.4816,0.9063,0.4335,0.393,0.1959,0.3006,0,1,0,410.1889,3.3459,0.3666,-7.3499,0.0577,0.0056,0,1,0,0,B0,101
COc1ccc(C(c2ccccc2)(c2ccccc2)c2ccccc2)c(OC)c1,1,0.6327,0.4773,0.3673,0.5227,2.0017,331.3172,24.1359,4.2803,0.2483,0.3613,0.1222,-6.9194,1.3439,0.433,0.3453,0.2249,0.2814,1,1,1,331.8714,4.2317,0.3396,-6.3814,0.0474,0.0163,1,1,1,1,B0,101
CC1(C)c2ccccc2N(c2ccc(-c3ccccc3S(=O)(=O)O)cc2)c2ccc(Cl)cc21,1,0.537,0.7333,0.463,0.2667,2.3333,353.9144,46.1692,3.8217,0.5685,0.3644,0.2433,-7.3203,1.0433,0.5504,0.3801,0.2045,0.2899,1,0,0,368.8741,3.9931,0.3169,-7.5551,0.1827,0.0045,1,1,1,1,B0,101
CC1CCC=C2CCC(c3ccccc3)CC21C,1,0.75,0.4773,0.25,0.5227,3.4527,340.9695,94.004,4.1646,0.466,0.1829,0.195,-7.3398,1.0364,0.3625,0.3693,0.4264,0.3457,0,1,0,278.0545,4.238,0.0904,-7.556,0.0355,0.5325,0,0,0,0,B0,101
CCCCc1ccc(N(c2ccccc2)c2ccc(CCC3CCCCC3)cc2)cc1,1,0.5833,0.5405,0.4167,0.4595,2.0736,374.72,50.5872,4.3619,0.2214,0.3844,0.1912,-7.4134,1.3538,0.3396,0.3568,0.2973,0.2938,1,1,1,384.6628,4.2954,0.3501,-8.5481,0.0737,0.0395,1,1,1,1,B0,101
COC(=O)[C@@H]1CC[C@@H](c2ccc(N)cc2)CN1,1,0.7073,0.5,0.2927,0.5,2.9941,270.9386,40.3107,4.0194,0.3294,0.1925,0.1867,-7.1724,0.7125,0.5585,0.3738,0.2165,0.3047,0,0,0,270.4111,3.8542,0.3014,-6.3596,0.3597,0.0156,0,1,0,0,B0,101
CCCCC(CC)COc1cc(C(=O)CS(C)=O)c(O)c(OC)c1OC,1,0.6324,0.5862,0.3676,0.4138,3.4764,309.8494,43.7159,3.6523,0.7014,0.293,0.2566,-6.6862,0.6396,0.4222,0.3774,0.0871,0.1743,0,1,0,334.3613,3.7465,0.2434,-6.7199,0.1923,0.007,0,1,0,0,B0,101
COc1c(C#N)c(-c2ccc(-c3cccc(C(=O)c4ccc(O)c(C)c4)c3)cc2)c(OC)c(C#N)c1-c1ccc(C#N)cc1,1,0.48,0.5091,0.52,0.4909,2.9463,483.2657,120.3306,4.4343,0.3756,0.218,0.1807,-6.8594,0.9451,0.4389,0.3912,0.1082,0.2161,0,1,0,422.7305,4.3659,0.2495,-6.35,0.0336,0.0068,0,1,0,0,B0,101
CC(C)(C)c1ccc(-c2ccc3c(=O)c4c(O)cc(-c5ccc(N(c6ccccc6)c6ccccc6)cc5)cc4sc3c2)cc1,1,0.3617,0.6038,0.6383,0.3962,2.7146,408.9931,48.0092,4.5506,0.2033,0.3399,0.2286,-7.0834,1.1358,0.4287,0.3735,0.1924,0.2916,1,1,1,407.0008,4.4338,0.287,-7.2579,0.0977,0.0047,1,1,1,1,B0,101
CCCCCS(=O)(=O)[O-],1,0.6667,0.5385,0.3333,0.4615,2.915,474.015,193.5739,3.1488,1.036,0.2475,0.1842,-5.5951,0.7197,0.5905,0.3626,0.6901,0.295,0,0,0,462.7068,3.0494,0.152,-5.6089,0.3221,0.9719,0,0,0,0,B0,101
CCN(CC)Cc1ccc2c(Cl)ccc(C(=O)O)c2n1,1,0.3913,0.7213,0.6087,0.2787,2.2445,311.8614,53.191,4.029,0.3985,0.4042,0.2467,-7.3379,0.9534,0.6124,0.3597,0.2094,0.2961,1,0,0,308.2241,3.9443,0.3122,-7.52,0.2511,0.0049,1,1,1,1,B0,101
CC(C)(C)N=Nc1cc(-c2ccc(C(C)(C)C)cc2)c(C=O)s1,1,0.6667,0.625,0.3333,0.375,3.1857,475.3088,56.4908,4.1625,0.4388,0.1614,0.1424,-7.223,1.0495,0.5214,0.3867,0.272,0.3264,0,0,0,450.4549,4.0057,0.2002,-7.2126,0.1083,0.0146,0,1,0,0,B0,101
O=C(C1=C(c2ccccc2)c2ccccc2[Si]1(c1ccccc1)c1ccccc1)N1C2CCCC1CNC2,1,0.58,0.6604,0.42,0.3396,4.51,400.5062,89.2749,4.2837,0.2097,0.2751,0.1949,-7.543,1.0877,0.469,0.3769,0.1937,0.2763,1,1,1,418.695,4.1712,0.3733,-7.5924,0.4645,0.0064,1,1,1,1,B0,101
O=c1c2cc(O)ccc2c(=O)c2c1c(F)c(F)c1sc3ccccc3[nH]c12,1,0.2045,0.7167,0.7955,0.2833,2.8311,399.2022,34.1433,4.0793,0.4482,0.269,0.1719,-7.4508,0.9809,0.5025,0.3761,0.2166,0.2992,1,0,0,406.3205,4.1363,0.2711,-7.512,0.1728,0.005,1,1,1,1,B0,101
CC(C)(C)c1cc(-c2nc[nH]c2-c2ccccc2-c2ccccc2)c(O)c(C(C)(C)C)c1O,1,0.6825,0.4082,0.3175,0.5918,2.8372,354.0473,70.3844,4.3577,0.3236,0.3234,0.2227,-7.2949,1.0261,0.4522,0.3607,0.25,0.3341,1,1,1,381.4777,4.4228,0.3067,-7.2081,0.0733,0.0063,1,1,1,1,B0,101
CC1(C)CC(OC(=O)C(=O)c2cccc(-c3ccc(C(C)(C)C)cc3)c2Br)CC(C)(C)N1,1,0.6949,0.5741,0.3051,0.4259,2.8519,335.3194,84.6699,4.3522,0.2833,0.2967,0.2315,-7.2044,0.8843,0.433,0.3813,0.1909,0.2854,1,1,1,334.9619,4.3026,0.263,-6.3544,0.0321,0.0072,1,1,1,1,B0,101
O=C(c1nc2nc3ccccc3nc2s1)c1c2ccccc2cc2ccccc12,1,0.6341,0.525,0.3659,0.475,2.5612,358.0548,20.3143,4.1881,0.3294,0.3422,0.1051,-7.3711,1.0321,0.5818,0.3835,0.1825,0.2536,1,0,0,405.0672,4.263,0.1998,-7.5137,0.4004,0.0048,0,1,0,0,B0,101
CC(C)=Cc1ccc([N+](=O)[O-])cc1,1,0.3871,0.4118,0.6129,0.5882,1.9706,314.6741,23.869,3.9299,0.5842,0.0554,0.0788,-4.6931,1.0335,0.5837,0.3709,0.2165,0.2673,0,0,0,318.7014,3.991,0.0209,-5.0092,0.5172,0.0144,0,0,0,0,B0,101
COC(OC)c1cc(C)c(-c2ccc(C(C)(C)C)cc2C(F)(F)F)c2nsnc12,1,0.566,0.7255,0.434,0.2745,3.0876,352.8687,79.1481,4.1787,0.5113,0.3129,0.1855,-6.7498,0.8382,0.5024,0.3646,0.3297,0.3455,1,0,0,373.2941,4.1199,0.3256,-6.3649,0.0402,0.0139,1,1,1,1,B0,101
CCCCC(CC)COc1ccccc1C(=O)c1cc(OC)c(OC)cc1OC,1,0.5645,0.5085,0.4355,0.4915,2.6093,321.0306,32.4577,4.2491,0.3272,0.3761,0.1716,-6.8256,0.7572,0.351,0.3661,0.0476,0.1088,1,1,1,349.0373,4.2171,0.2785,-6.6296,0.0769,0.0046,1,1,1,1,B0,101
O=C(C=Cc1c2ccccc2cc2ccccc12)c1ccccc1O,1,0.5,0.4444,0.5,0.5556,2.0342,371.3928,32.0009,4.2936,0.2271,0.1582,0.1402,-7.4224,1.0576,0.5138,0.3922,0.1814,0.2803,0,0,0,380.6725,4.1468,0.2327,-7.41,0.1814,0.0056,0,1,0,0,B0,101
Cc1ccc(NC(C)(C)C)c(O)c1C,1,0.6154,0.5,0.3846,0.5,2.3317,339.9732,113.5848,3.4583,0.8734,0.2343,0.2082,-4.7191,1.215,0.4563,0.3761,0.4091,0.3646,0,0,0,276.5126,3.4866,0.212,-5.3529,0.5634,0.0365,0,0,0,0,B0,101
CN(C)c1cc(C(=O)c2cccc(Cl)c2)ccc1Br,1,0.5745,0.4474,0.4255,0.5526,2.0695,320.7025,63.4223,4.1962,0.4314,0.0863,0.127,-7.2299,1.2657,0.6105,0.3374,0.2392,0.3027,0,0,0,280.6644,4.3625,0.1454,-6.06,0.4899,0.0068,0,1,0,0,B0,101
CC(C)(C)Sc1ccc(C(=O)c2ccccc2)cc1Cl,1,0.5897,0.3684,0.4103,0.6316,2.0626,283.4132,47.5238,4.1606,0.2965,0.1204,0.1599,-7.1356,1.4589,0.5247,0.3717,0.2586,0.3088,0,0,0,262.259,3.8503,0.1735,-6.9864,0.2916,0.0208,0,1,0,0,B0,101
Cc1cc(C=CC(N)=O)n2c1C=C1C=CC=[N+]1[B-]2(F)F,1,0.3333,0.7143,0.6667,0.2857,4.4374,507.5801,68.0201,4.4048,0.298,0.2529,0.2727,-7.2228,0.8165,0.6701,0.3217,0.4145,0.3628,0,0,0,539.8767,4.2621,0.3328,-7.2473,0.6294,0.0076,0,0,0,0,B0,101
CCCC(=O)c1cc(OC)c(OC)c(OC)c1,1,0.5938,0.3529,0.4062,0.6471,1.7919,304.4661,47.9102,3.9041,0.3385,0.2957,0.2247,-6.7496,0.653,0.4013,0.3518,0.2187,0.2692,1,1,1,325.1823,3.9807,0.306,-6.4165,0.0602,0.021,1,1,1,1,B0,101
C=CC(=O)OC(COc1ccc(C(=O)c2ccccc2)c(O)c1)COc1ccc(-c2cc(Cl)sc2C)c(O)c1,1,0.7308,0.2712,0.2692,0.7288,3.3045,461.7381,58.1031,4.1703,0.5007,0.2393,0.2302,-7.0295,0.9449,0.5212,0.3973,0.1206,0.2342,0,0,0,431.3864,4.3091,0.2099,-6.6039,0.1059,0.0074,0,1,0,0,B0,101
CC1c2ccccc2-c2cc3[nH]c(-c4ccc(O)cc4)nc3cc21,1,0.186,0.6364,0.814,0.3636,2.787,338.7991,17.9236,4.0251,0.3635,0.5219,0.2833,-7.453,1.0187,0.5313,0.3398,0.2222,0.2805,1,0,0,333.354,4.2492,0.3905,-7.514,0.1682,0.0044,1,1,1,1,B0,101
CCCCCCNc1cccc2c(=O)[nH][nH]c(=O)c12,1,0.5417,0.6897,0.4583,0.3103,2.315,321.6469,65.7926,4.1757,0.3454,0.3195,0.2645,-7.3853,1.0273,0.4794,0.4034,0.3076,0.3307,1,1,1,354.8866,4.0076,0.3156,-7.6079,0.2763,0.0663,1,1,1,1,B0,101
CC[C@H](C)[C@H](NC(=O)[C@H](C)Nc1ccc2c(C)cc(=O)oc2c1)C(=O)N[C@@H](CC(C)C)C(=O)O,1,0.625,0.5584,0.375,0.4416,3.515,337.9195,77.4897,4.2719,0.5534,0.2546,0.2232,-6.9488,0.7349,0.4563,0.4006,0.1371,0.248,1,1,1,318.6386,4.4525,0.3143,-6.5823,0.1208,0.0202,1,1,1,1,B0,101
COc1ccc(-c2ccccc2C(=O)c2ccccc2)cc1,1,0.4571,0.3235,0.5429,0.6765,1.4965,326.3288,23.0415,4.2068,0.2426,0.3586,0.1034,-7.1641,1.1855,0.3643,0.3193,0.1353,0.2175,1,1,1,324.6249,4.0584,0.3329,-6.4635,0.0397,0.0036,1,1,1,1,B0,101
Oc1ccc(C=Cc2ccccc2)cc1Cc1ccc(Cl)cc1,1,0.6,0.4762,0.4,0.5238,1.8798,348.3113,26.7722,4.0929,0.5681,0.2622,0.2292,-7.3482,1.5235,0.4999,0.3878,0.2618,0.3273,1,1,1,328.4683,3.9203,0.2845,-7.5598,0.0626,0.0105,1,1,1,1,B0,101
COc1c(C)[n+](C)cc2ccc3c[n+](C)c(C)c(C)c3c12,1,0.6176,0.7105,0.3824,0.2895,3.6115,370.4077,51.1866,4.0855,0.2398,0.3313,0.1881,-6.8426,1.2431,0.3942,0.3539,0.3198,0.351,1,1,1,366.3193,3.9833,0.2675,-6.4919,0.1112,0.1114,1,1,1,1,B0,101
Cc1cc(-c2ccc(C=C(C(=O)O)C(CCC(C)CC(C)(C)C)C(=O)O)s2)c2nsnc2c1-c1ccc(N(c2ccccc2)c2ccccc2)cc1,1,0.3797,0.7284,0.6203,0.2716,4.1869,493.3926,71.105,4.5368,0.4193,0.2091,0.1877,-7.0783,0.9816,0.385,0.3774,0.1359,0.2479,0,1,0,492.8894,4.5478,0.1407,-6.9173,0.0458,0.0073,0,1,0,0,B0,101
CCOc1ccc(OC)cc1,1,0.5357,0.4615,0.4643,0.5385,1.149,281.3956,28.6036,3.4645,0.4133,0.1967,0.1322,-4.5039,0.7708,0.4687,0.3317,0.3384,0.2795,0,0,0,296.5863,3.5232,0.2175,-3.1162,0.051,0.0285,0,0,0,0,B0,101
COn1cc(F)c(=O)[nH]c1=O,1,0.6098,0.7561,0.3902,0.2439,2.8725,270.7282,37.656,3.7845,0.6063,0.1982,0.1484,-5.8339,0.6813,0.7654,0.2377,0.4736,0.3354,0,0,0,282.4495,3.7983,0.2786,-5.7709,0.8508,0.3565,0,0,0,0,B0,101
CCC(=O)OCCCc1ccc(N(c2ccc(/C=C/c3cccc(N(C)C)c3)cc2)c2ccc(/C=C(\C#N)C(=O)O)cc2)cc1,1,0.459,0.5373,0.541,0.4627,2.8912,447.2084,48.6961,4.4464,0.2588,0.3676,0.2385,-6.8187,1.0781,0.4211,0.3751,0.0895,0.1943,0,1,0,447.896,4.4335,0.2826,-7.2211,0.0586,0.0037,0,1,0,0,B0,101
COc1cc(CCl)c(C#N)c(OC)c1O,1,0.6744,0.6667,0.3256,0.3333,2.6687,295.7893,23.5414,3.9091,0.3658,0.1949,0.1626,-6.0658,0.8876,0.6491,0.3522,0.2829,0.3154,0,0,0,290.9057,3.8054,0.1912,-6.2469,0.4552,0.0216,0,1,0,0,B0,101
CCCCOC(=O)C=Cc1ccc(OCC)c(OCCCC)c1,1,0.6,0.0769,0.4,0.9231,2.0003,347.3183,42.2614,4.1478,0.4764,0.2189,0.157,-6.9155,0.9022,0.3556,0.3643,0.1004,0.2184,0,1,0,357.8554,4.148,0.2945,-6.7056,0.0543,0.0029,1,1,1,1,B0,101
CCN(C=Cc1cc(C(C)(C)C)c(O)c(C(C)(C)C)c1)c1ccc2cc(/C=C/c3ccccc3)c(=O)oc2c1,1,0.3833,0.6515,0.6167,0.3485,3.1045,452.2405,69.9413,4.4022,0.3963,0.395,0.2108,-7.2059,1.0843,0.4286,0.3649,0.1888,0.2876,0,1,0,463.5332,4.6102,0.3479,-7.3934,0.0888,0.004,0,1,0,0,B0,101
CCn1c2ccccc2c2c(-c3ccccc3)c(/C=C/c3cc(/C=C/c4ccc5c(c4)c4ccccc4n5-c4ccc(O)c(OC)c4)ncn3)ccc21,1,0.4638,0.6897,0.5362,0.3103,3.2399,493.7225,130.2897,4.5668,0.3545,0.3974,0.2552,-6.8654,0.9504,0.4715,0.3994,0.1168,0.2229,0,1,0,444.8166,4.4881,0.3467,-6.5083,0.1301,0.0043,0,1,0,0,B0,101
O=C(NCCC1CCCCN1)c1[nH]ncc1-c1ccnc2ccccc12,1,0.6154,0.6,0.3846,0.4,3.0328,339.2773,59.6686,4.141,0.2685,0.2572,0.1927,-7.4293,0.8963,0.5145,0.4096,0.1906,0.2837,1,0,0,352.6278,3.9544,0.2962,-7.3859,0.5153,0.0296,1,0,0,0,B0,101
CCOC(=O)C(=Cc1ccccc1O)c1c(C)sc2cccc(Cl)c12,1,0.678,0.5536,0.322,0.4464,2.6394,388.0312,47.8263,3.9761,0.6464,0.1487,0.1843,-7.5026,1.0769,0.5285,0.3789,0.0973,0.184,0,0,0,400.5231,3.9275,0.0577,-7.0325,0.0574,0.003,0,1,0,0,B0,101
CCCCCCCc1ccc(F)cc1,1,0.6061,0.5185,0.3939,0.4815,1.3944,292.0716,58.5856,3.9647,0.5072,0.2354,0.2529,-3.8942,1.0893,0.2701,0.2451,0.4358,0.3234,0,0,0,280.2757,3.9763,0.2911,-3.4054,0.0574,0.6229,0,0,0,0,B0,101
COc1ccccc1C(=O)c1ccccc1,0,0.5667,0.0,0.4333,1.0,1.3335,305.5149,24.1856,4.0868,0.3441,0.2076,0.1641,-6.3665,1.6041,0.3079,0.3026,0.1938,0.2603,0,1,0,308.4693,4.058,0.2624,-6.0647,0.0907,0.0158,1,1,1,1,B0,101
COc1ccc(-c2sc3ccccc3c2CC=O)cc1,1,0.6078,0.6596,0.3922,0.3404,2.1732,340.0621,26.856,4.291,0.2867,0.1624,0.1987,-7.1544,1.229,0.414,0.3364,0.1434,0.2296,0,1,0,347.6492,4.2496,0.1379,-6.6859,0.08,0.0083,0,1,0,0,B0,101
CCCCCCN1CCCC2(CCNCC2)C1=O,1,0.6923,0.3902,0.3077,0.6098,2.9064,374.0898,141.5412,3.3214,0.8076,0.2686,0.273,-6.8137,0.8499,0.2274,0.3108,0.4637,0.3432,0,1,0,342.2131,3.2104,0.2506,-7.1489,0.0318,0.793,0,0,0,0,B0,101
CCCCn1c2ccccc2c(=O)c2cc3c(cc21)c(=O)c1cc(-c2ccc(C=C(C#N)c4ccccc4)s2)ccc1n3CCCC,1,0.2154,0.6623,0.7846,0.3377,3.0462,422.4891,64.9845,4.4978,0.1806,0.3797,0.3057,-6.9659,1.1064,0.4071,0.3778,0.1403,0.2287,0,1,0,463.385,4.6329,0.281,-7.3079,0.1448,0.0041,0,1,0,0,B0,101
CC1(C)CCCC2(C)C1CCC(C)(O)C2CCc1ccc(C#N)c(F)c1,1,0.7656,0.5645,0.2344,0.4355,3.8793,346.7956,77.8704,3.8957,0.7032,0.3364,0.3098,-7.1123,0.7285,0.3063,0.3525,0.2883,0.3601,1,1,1,366.3844,4.1582,0.2936,-7.5787,0.0298,0.0067,1,1,1,1,B0,101
CCCC=Cc1cc(OC)c(O)cc1Br,1,0.7111,0.375,0.2889,0.625,2.4195,289.4276,42.7669,3.9992,0.5416,0.1717,0.1415,-6.7661,1.1496,0.3442,0.3553,0.2541,0.292,0,1,0,326.8287,3.9064,0.0135,-6.4357,0.0171,0.4413,0,1,0,0,B0,101
O=C(N=Nc1cccc(Cl)c1)c1ccccc1,1,0.5789,0.5897,0.4211,0.4103,2.0462,326.0549,25.134,3.63,0.8743,0.8497,0.1396,-7.3917,1.1028,0.6384,0.3607,0.2316,0.2825,0,0,0,360.2175,3.4708,0.5016,-7.2795,0.318,0.0088,0,1,0,0,B0,101
CCc1ccc2c3c1CCCC3N(c1ccccc1)C2c1cc2c(cc1Cl)-c1ccccc1C2(C)C,1,0.4943,0.7531,0.5057,0.2469,3.6214,372.5881,58.6309,4.1115,0.6235,0.6531,0.2631,-7.4792,1.2084,0.5242,0.3677,0.3007,0.3414,1,0,0,413.4043,4.1489,0.5909,-7.6681,0.2034,0.0364,1,1,1,1,B0,101
CC(C)CC(=O)OCC=CC1=Cc2c3ccc(F)cc3cc[n+]2[B-](F)(F)O1,1,0.6029,0.6066,0.3971,0.3934,3.7896,416.2242,74.1251,4.5459,0.3531,0.2223,0.1944,-7.0553,0.9252,0.2848,0.3521,0.0896,0.1941,0,1,0,464.9074,4.3446,0.488,-6.5413,0.0383,0.004,0,1,0,0,B0,101
COc1ccc(C(=O)O)cc1,1,0.4444,0.3043,0.5556,0.6957,1.171,270.793,19.8087,3.7035,0.5144,0.2457,0.2049,-5.2806,0.6844,0.5978,0.2914,0.2706,0.2919,0,0,0,285.6429,3.8089,0.2238,-5.363,0.149,0.0559,0,1,0,0,B0,101
COc1cc(F)cc(/C=C/c2cc(C)c3n2[B-](F)(F)[N+]2=CC=CC2=C3)c1,1,0.2586,0.8,0.7414,0.2,3.9153,560.1655,5.0634,4.5495,0.2293,0.1664,0.1652,-6.7897,1.4208,0.4979,0.3728,0.3205,0.3687,0,1,0,588.4726,4.6533,0.2823,-6.4956,0.2752,0.0419,0,1,0,0,B0,101
CCCCc1ccc(-c2ccc(C(=O)c3ccccc3)cc2)cc1,1,0.5385,0.4,0.4615,0.6,1.5526,319.3886,32.449,4.1598,0.3503,0.3876,0.1518,-7.2407,1.6482,0.3923,0.3254,0.2109,0.2835,1,1,1,315.257,4.1952,0.3027,-8.5312,0.0562,0.0151,1,1,1,1,B0,101
N#Cc1occ2c1C=C(C=O)CC(C=O)=C2,1,0.5143,0.82,0.4857,0.18,4.1964,387.9782,99.5219,3.704,0.8329,0.0473,0.0559,-6.5067,1.307,0.5836,0.368,0.3489,0.3391,0,0,0,416.1771,3.8172,0.1262,-5.9389,0.5507,0.0549,0,0,0,0,B0,101
CCCCCCCCOC(=O)/C(C#N)=C/c1ccc(C(C)(C)C)cc1,1,0.5,0.2727,0.5,0.7273,2.1995,364.2485,60.9309,4.129,0.4339,0.1305,0.1229,-7.0554,0.9329,0.3696,0.3769,0.1147,0.1975,0,1,0,348.6324,4.0807,0.2101,-6.6211,0.0567,0.0022,0,1,0,0,B0,101
CCCC(=O)c1c(O)cc(OC)c(Cc2c(O)c(C)c(O)c(C(=O)CC#N)c2O)c1O,1,0.7,0.1667,0.3,0.8333,3.181,332.0018,64.508,4.1959,0.4023,0.2235,0.2156,-6.8184,0.6757,0.482,0.3856,0.166,0.2542,0,1,0,354.8796,4.0852,0.2141,-6.6094,0.0702,0.0127,0,1,0,0,B0,101
Cc1cc2cc(C(C)C)ccc2cc1O,1,0.6216,0.5833,0.3784,0.4167,1.9453,286.5672,24.7945,3.6744,0.5249,0.2523,0.1977,-5.4791,2.0285,0.3324,0.3128,0.4322,0.3661,0,1,0,266.6974,3.4567,0.2523,-3.5821,0.1442,0.0233,0,0,0,0,B0,101
C=C(C)C(=O)OCCCCC(=O)O,1,0.6579,0.3667,0.3421,0.6333,2.0391,383.8832,115.8946,2.9043,1.0952,0.2849,0.2587,-5.3941,0.63,0.4627,0.3821,0.3773,0.3083,0,1,0,373.9663,3.123,0.4642,-5.8882,0.1369,0.0123,0,1,0,0,B0,101
COc1ccc(-c2ccc(-c3ccc(-c4ccccc4)c4nsnc34)cc2)cc1,1,0.3333,0.5263,0.6667,0.4737,2.0806,361.5997,44.374,4.353,0.2207,0.3089,0.1494,-7.052,1.0249,0.481,0.3566,0.1779,0.2682,1,1,1,367.2719,4.2139,0.3056,-6.4849,0.1181,0.0112,1,1,1,1,B0,101
CCCCCCCCCCC=O,0,0.6471,0.0,0.3529,1.0,1.8911,388.6508,139.3561,3.3975,0.9152,0.1234,0.1672,-3.8146,1.1005,0.1913,0.1862,0.4798,0.3241,0,0,0,356.725,3.4391,0.1881,-4.5598,0.0337,0.2217,0,0,0,0,B0,101
O=C(O)CCOc1ccc(C(=O)OCCOc2ccccc2)c(O)c1,1,0.6735,0.1316,0.3265,0.8684,1.9398,316.9933,40.3074,4.0331,0.3536,0.3127,0.2331,-7.0337,1.003,0.4639,0.3977,0.1374,0.2289,1,1,1,353.3085,4.1183,0.381,-6.0123,0.1541,0.0086,1,1,1,1,B0,101
Cc1ccc(C=CC(=O)NC2CCNCC2)cc1,1,0.587,0.5333,0.413,0.4667,2.0734,296.128,58.0032,4.2013,0.3248,0.1486,0.2065,-7.2199,0.7638,0.4941,0.3891,0.329,0.3785,0,1,0,275.9212,4.2172,0.1467,-7.3239,0.3578,0.0234,0,1,0,0,B0,101
CC(Br)c1ccc(C#N)c(N)c1,1,0.5,0.6471,0.5,0.3529,3.1344,344.4085,108.9476,3.7176,0.3465,0.199,0.1687,-5.3702,0.9124,0.5353,0.3583,0.4026,0.3489,0,0,0,297.3448,3.391,0.2166,-5.3825,0.487,0.2492,0,1,0,0,B0,101
COC(=O)c1cccc(CSc2ccc3c4c(cccc24)C(=O)N(c2ccc(N)cc2)C3=O)c1,1,0.5455,0.6667,0.4545,0.3333,2.3867,436.8902,101.8157,4.6494,0.3039,0.3958,0.2835,-7.0265,0.8639,0.4768,0.3939,0.0982,0.1785,0,1,0,413.4644,4.7101,0.4373,-6.4773,0.1138,0.0048,1,1,1,1,B0,101
O=[N+]([O-])c1ccc(C=CC=CC=CN2CCCCC2)cc1,1,0.4634,0.5818,0.5366,0.4182,2.6813,371.3262,48.3634,4.3048,0.2948,0.1167,0.0879,-7.4612,1.1591,0.5979,0.3855,0.1344,0.2305,0,0,0,386.714,4.1454,0.1435,-6.685,0.2601,0.0111,0,1,0,0,B0,101
Oc1ccccc1C=Nc1ccc2c(c1)OCO2,1,0.4889,0.5714,0.5111,0.4286,2.2551,320.8881,24.5812,3.8999,1.1648,0.1935,0.1896,-7.4082,1.0152,0.5485,0.3787,0.2649,0.2916,0,0,0,326.7472,4.141,0.1852,-7.5073,0.3215,0.0125,0,1,0,0,B0,101
CCCCCCN1c2ccc(C(C)(C)C)cc2Sc2ccc(-c3ccccc3)c(N(C)C)c21,1,0.5769,0.6949,0.4231,0.3051,2.6428,391.3265,75.7668,4.3168,0.2881,0.3828,0.1836,-6.9809,1.6495,0.4809,0.3938,0.2605,0.2979,1,1,1,391.7134,4.231,0.3946,-6.0198,0.0791,0.028,1,1,1,1,B0,101
COC(=O)c1cc(-c2ccccc2O)ccc1C(C)(C)C,1,0.5676,0.325,0.4324,0.675,2.0485,328.8979,40.4521,4.1533,0.2624,0.2134,0.1486,-7.1238,0.9533,0.449,0.3743,0.1593,0.2814,0,1,0,296.5484,4.117,0.2737,-6.353,0.0667,0.0048,1,1,1,1,B0,101
CC(C)(C)OC(=O)NC1(CCl)CCNCC1,1,0.6591,0.3784,0.3409,0.6216,2.8595,429.9795,130.8493,3.0475,0.8972,0.2633,0.2497,-6.5416,0.7791,0.4573,0.3876,0.4227,0.3737,0,1,0,366.1674,2.882,0.3281,-5.9445,0.0424,0.7062,0,0,0,0,B0,101
c1ccc(N=Nc2cccs2)cc1,1,0.3214,0.7667,0.6786,0.2333,2.4974,370.3789,25.8166,1.2962,2.0005,0.5915,0.3608,-4.4324,1.1975,0.5361,0.3624,0.3177,0.307,0,0,0,368.577,2.6723,0.4453,-4.757,0.3606,0.0109,0,0,0,0,B0,101
c1ccc(N=c2cc3ccccc3cn2-c2ccccc2)cc1,1,0.5,0.7436,0.5,0.2564,2.2351,356.9127,47.4484,4.1521,0.6072,0.3872,0.1691,-7.1926,1.6948,0.4918,0.3535,0.3113,0.3178,1,1,1,359.9653,4.2327,0.4233,-7.5946,0.2642,0.034,1,1,1,1,B0,101
COc1ccc(-c2cc(C(C)(C)C)ccc2O)cc1,1,0.4242,0.3636,0.5758,0.6364,1.7529,306.9392,43.9128,4.2125,0.2764,0.2299,0.1821,-7.0816,0.993,0.4381,0.3431,0.1984,0.2741,0,1,0,301.1208,4.0584,0.2356,-6.4671,0.1124,0.0048,0,1,0,0,B0,101
CCNc1nc(Nc2ccc(N)cc2)nc(Nc2ccc(OC)cc2Cl)n1,1,0.3953,0.6308,0.6047,0.3692,2.2875,342.3785,65.425,4.3012,0.3534,0.2711,0.2027,-6.7943,0.8084,0.6423,0.3608,0.1869,0.2886,1,0,0,354.5047,4.4205,0.2611,-6.4826,0.6881,0.0105,1,0,0,0,B0,101
CC(O)c1ccc(/C=C(\C#N)C(=O)O)cc1,1,0.45,0.5,0.55,0.5,2.6348,307.9261,32.9038,3.8551,0.5749,0.1308,0.1752,-6.8399,1.1059,0.5314,0.3594,0.2942,0.353,0,0,0,299.1736,3.5397,0.1168,-7.2639,0.5091,0.0454,0,0,0,0,B0,101
CC(C)(C)c1ccc(-c2ccccc2C=CC=Cc2ccccc2B(O)O)cc1,1,0.6429,0.5116,0.3571,0.4884,2.6338,351.0264,28.1097,4.4612,0.2462,0.1374,0.1483,-7.5781,1.352,0.487,0.335,0.2883,0.3223,0,1,0,368.456,4.4192,0.2214,-7.938,0.0679,0.0055,0,1,0,0,B0,101
CCC=CCCc1cc(Cl)cc(Cl)c1,1,0.7907,0.6552,0.2093,0.3448,2.2355,302.8452,65.0219,3.953,0.5152,0.2176,0.1988,-6.0449,1.8431,0.3888,0.3703,0.4919,0.3488,0,1,0,294.9967,4.0086,0.1809,-6.3413,0.0127,0.8416,0,0,0,0,B0,101
O=C1CCC(N(c2ccccc2)c2ccc(-c3ccncc3)cc2)C1=O,1,0.5,0.6939,0.5,0.3061,2.8775,384.585,39.9724,4.3075,0.2524,0.3578,0.1396,-7.5197,0.9623,0.4912,0.3701,0.2798,0.309,1,1,1,366.4779,4.3113,0.3625,-7.602,0.1903,0.0105,1,1,1,1,B0,101
CCOC(=O)C1CC(=O)Oc2c1c1nc3ccccc3nc1c1c(N(C)C)cccc21,1,0.5846,0.6613,0.4154,0.3387,3.3426,401.1776,63.8121,4.1668,0.3811,0.3472,0.1379,-6.933,0.9252,0.4232,0.3842,0.0994,0.1794,1,1,1,387.2033,3.9028,0.1535,-6.0509,0.1947,0.004,0,1,0,0,B0,101
O=C(O)c1ccc(-c2cccc(-n3c4ccccc4c4ccccc43)c2)c(O)c1,1,0.5,0.5,0.5,0.5,2.0406,349.0745,39.4851,4.2451,0.3435,0.3166,0.2026,-7.5075,0.9803,0.4306,0.3762,0.1751,0.2602,1,1,1,358.0288,4.2328,0.3154,-7.3459,0.1693,0.0065,1,1,1,1,B0,101
CCCCn1c2ccc(-c3ccc(C(F)(F)F)cc3)cc2c2ccc3c4ccccc4n(-c4c(C)ccc(C(=O)OC)c4C)c3c21,1,0.3636,0.6986,0.6364,0.3014,2.8884,334.4818,31.6423,4.4286,0.432,0.4716,0.2061,-6.9801,1.1061,0.3574,0.3618,0.0824,0.1639,1,1,1,319.8661,4.613,0.4467,-6.7113,0.0316,0.0025,1,1,1,1,B0,101
CC(C)(c1ccc(O)c(O)c1)c1cccc(O)c1C#N,1,0.62,0.4865,0.38,0.5135,2.5818,303.4139,45.2159,3.9885,0.6258,0.1873,0.1761,-7.4105,1.0184,0.6396,0.3416,0.3046,0.3456,0,0,0,324.6514,3.9913,0.2727,-7.2083,0.3796,0.0133,1,1,1,1,B0,101
C[Si](C)(C)C#Cc1cc(C#CCN2CCOCC2)c2ccc3c(C#C[Si](C)(C)C)cc(C(=O)c4ccccc4)c4ccc1c2c34,1,0.3019,0.5439,0.6981,0.4561,3.4721,444.7233,67.4572,4.3887,0.2583,0.3393,0.1509,-7.4514,1.0618,0.4167,0.3551,0.1426,0.2315,0,1,0,485.1438,4.5129,0.2824,-7.6128,0.0387,0.0034,0,1,0,0,B0,101
CCC(=O)c1ccc(O)c(C)c1,1,0.6304,0.3824,0.3696,0.6176,1.8069,282.1038,44.2422,3.7363,0.5039,0.2531,0.2044,-5.0636,0.5598,0.4941,0.3523,0.3241,0.3191,0,1,0,281.9852,3.6305,0.248,-5.1423,0.1286,0.0305,0,1,0,0,B0,101
CCCCCCOC(=O)Cc1ccc(N(c2ccc(OCCCC)cc2)c2ccc(OCCCC)cc2)cc1,1,0.4808,0.4,0.5192,0.6,2.344,418.0967,57.0596,4.4816,0.1408,0.4475,0.2067,-6.8944,1.0914,0.3428,0.3504,0.1062,0.215,1,1,1,390.8,4.4036,0.5299,-6.3314,0.0456,0.0029,1,1,1,1,B0,101
CCCCn1c2ccc(-c3ccc(C=O)c(OC)c3)cc2c2cc(S(=O)[O-])ccc21,1,0.4815,0.7344,0.5185,0.2656,3.2127,377.0937,45.7811,4.4522,0.2381,0.2036,0.1964,-6.7933,0.8662,0.4973,0.3744,0.139,0.2256,0,1,0,395.4879,4.5164,0.1905,-6.5845,0.1033,0.0103,0,1,0,0,B0,101
Cc1ccc2cc(C#Cc3ccc([C@@H]4CCN5CC[C@H](COC(=O)/C=C/c6ccc(N(C)C)cc6)[C@H]45)cc3)cc(Br)c2n1,1,0.5875,0.5904,0.4125,0.4096,4.0399,432.3337,58.7144,4.4973,0.3673,0.3272,0.2076,-6.9994,1.0901,0.446,0.4143,0.1796,0.2914,0,1,0,417.1777,4.5203,0.1954,-5.9508,0.1834,0.0039,0,1,0,0,B0,101
CON=Nc1cc(C(F)(F)F)c[nH]1,1,0.4595,0.7826,0.5405,0.2174,3.7175,342.5954,55.2578,3.5423,1.2905,0.349,0.3277,-4.866,0.5854,0.4462,0.3929,0.3987,0.3312,0,0,0,353.8664,3.5385,0.3521,-5.0128,0.0667,0.0765,0,1,0,0,B0,101
CC(C)(C)c1cc2c3c(c1O)CCCN3CCC2,1,0.5818,0.5946,0.4182,0.4054,2.5352,294.5794,51.2929,3.9562,0.6175,0.2469,0.2332,-7.2111,0.8386,0.3801,0.3674,0.4468,0.337,0,1,0,325.065,4.0454,0.229,-7.1464,0.2292,0.0157,0,1,0,0,B0,101
Cc1c(O)cc(C(C)(C)C)cc1-c1ccc(C(C)(C)C)cc1,1,0.5556,0.4516,0.4444,0.5484,2.1339,317.6133,44.1532,4.116,0.5381,0.2951,0.2032,-7.1497,1.431,0.4236,0.3693,0.4503,0.3831,1,1,1,302.8223,4.0447,0.3144,-7.3055,0.0728,0.015,1,1,1,1,B0,101
CC1=CC(C)=[N+]2C1=C(C(c1ccccc1)(c1ccccc1)c1ccccc1)c1c(C)cc(C)n1[B-]2(F)F,1,0.4182,0.7308,0.5818,0.2692,3.3492,554.384,60.1813,4.8453,0.1545,0.3326,0.2405,-7.1574,1.5254,0.4015,0.3563,0.3087,0.3189,0,1,0,527.0482,4.9523,0.4476,-7.1193,0.2315,0.0516,0,1,0,0,B0,101
CCCCc1cnc2c(ccc3ncc(CCCC)nc32)n1,1,0.697,0.6944,0.303,0.3056,2.5651,341.1454,48.983,4.2529,0.28,0.4445,0.2181,-7.2237,1.1371,0.4782,0.3875,0.2399,0.2726,1,1,1,365.5062,4.1598,0.4526,-7.45,0.2437,0.0095,1,1,1,1,B0,101
COC(=O)C1=C(C(C)C)NC(=S)N[C@H]1OC,1,0.4694,0.7021,0.5306,0.2979,3.6803,447.767,154.8326,3.1001,0.9666,0.1785,0.2116,-7.1287,0.7222,0.5361,0.3801,0.4237,0.3508,0,0,0,403.4632,2.8458,0.1991,-6.5937,0.1871,0.4501,0,1,0,0,B0,101
C=C(C(=O)c1c(O)c(C)c(OC)c(-c2ccccc2)c1OC)c1ccccc1O,1,0.6522,0.5472,0.3478,0.4528,2.6292,319.9928,34.0835,4.1476,0.2827,0.2498,0.1655,-6.9677,0.9969,0.4604,0.3808,0.1378,0.2645,0,1,0,350.7484,4.0941,0.2805,-6.437,0.045,0.0091,1,1,1,1,B0,101
Cc1ccc2c(C3CCCC3)cc3ccc(C#N)cc3c2c1,1,0.3953,0.65,0.6047,0.35,2.21,356.2721,45.331,4.2809,0.2636,0.3323,0.1399,-7.6487,1.0531,0.4238,0.3832,0.3311,0.3372,1,1,1,377.5088,4.2119,0.3314,-7.495,0.1656,0.0091,1,1,1,1,B0,101
CCN1c2ccc(C=C3SC(=S)N(Cc4c(O)cccc4O)C3=O)cc2Sc2cc(C=C3SC(=S)N(CC(=O)O)C3=O)c(-c3ccccc3)cc21,1,0.3182,0.7547,0.6818,0.2453,3.4256,476.7984,51.5783,4.4251,0.3889,0.2447,0.2168,-7.1754,1.0439,0.4011,0.405,0.1297,0.2483,0,1,0,497.9057,4.5245,0.1659,-7.4944,0.1311,0.0059,0,1,0,0,B0,101
CC(C)(C)c1ccc(-c2cc(C(=O)c3ccncn3)cc(-c3cccc(O)c3)c2)cc1,1,0.7,0.4667,0.3,0.5333,2.385,335.5669,29.7842,4.4641,0.2322,0.2096,0.1665,-7.4287,1.0022,0.5201,0.3785,0.1858,0.2946,0,0,0,333.4984,4.1781,0.1539,-7.3672,0.0461,0.0047,0,1,0,0,B0,101
CCCCc1cnc2c(c1)C(C)(C)c1cccnc1-2,1,0.4444,0.65,0.5556,0.35,2.5126,364.5012,83.1201,3.7702,0.7537,0.3939,0.2946,-7.3344,1.2238,0.3276,0.3162,0.298,0.3234,0,1,0,314.1157,3.379,0.4222,-7.5391,0.1045,0.0084,0,1,0,0,B0,101
CN(C)c1ccc2c(c1)S(=O)(=O)C1=CC(=[N+](C)C)C=CC1=C2c1cc(C(C)(C)C)cc(O)c1Sc1c(O)cc(C(C)(C)C)cc1C(C)(C)C,1,0.4265,0.6333,0.5735,0.3667,4.0331,468.5858,95.2748,4.4191,0.3723,0.3,0.2389,-7.0091,1.1327,0.4862,0.396,0.2722,0.3526,0,1,0,589.905,4.2416,0.1267,-6.0307,0.2812,0.0084,0,1,0,0,B0,101
C1CCN(C2CCNCC2)C1,1,0.7885,0.5,0.2115,0.5,2.1419,454.9971,137.4909,2.3124,2.0126,0.2419,0.1928,-5.8995,0.8958,0.4736,0.4165,0.6951,0.2561,0,0,0,453.4562,2.6095,0.1809,-5.3027,0.6549,0.8743,0,0,0,0,B0,101
NC(CS)c1ccc(O)c(Br)c1,1,0.7143,0.6341,0.2857,0.3659,3.0755,262.3923,25.2463,3.8145,0.4315,0.1875,0.1643,-5.4696,0.9089,0.7531,0.2938,0.4308,0.3589,0,0,0,266.6688,3.7778,0.3137,-4.9167,0.9131,0.9111,0,0,0,0,B0,101
CCCCc1cc(-c2ccc(OC)cc2)c(O)c(C(C)(C)C)c1,1,0.6222,0.4651,0.3778,0.5349,2.0191,317.6828,36.4798,4.1288,0.4086,0.4043,0.275,-7.017,0.981,0.351,0.3389,0.214,0.3089,1,1,1,308.6704,4.1103,0.3901,-6.691,0.0582,0.0034,1,1,1,1,B0,101
COc1cccc2c1CC1NC(=O)CN21,1,0.439,0.6889,0.561,0.3111,3.2269,300.073,40.985,3.9976,0.3205,0.2992,0.2778,-5.8563,0.7902,0.5119,0.3635,0.2921,0.3242,1,0,0,294.1434,4.0397,0.3906,-5.8514,0.3062,0.3107,1,1,1,1,B0,101
COc1c(Cl)ccc2c1NC(=O)CC(=O)N2,1,0.5526,0.7551,0.4474,0.2449,2.5916,298.7192,27.498,4.0444,0.3348,0.2037,0.1434,-6.8565,0.9343,0.5656,0.3771,0.3238,0.3247,0,0,0,288.389,3.8416,0.2294,-6.408,0.3283,0.0507,0,1,0,0,B0,101
CC1=[N+]2C(=C(CCl)c3ccc(C)n3[B-]2(F)F)C=C1c1cc2n(c1)[B-](F)(F)[N+]1=CC=CC1=C2c1c(C)cc(C)cc1C,1,0.2821,0.8427,0.7179,0.1573,4.7476,578.1805,28.4381,4.8196,0.1894,0.4281,0.1226,-7.0036,1.563,0.5515,0.3986,0.3337,0.3465,0,0,0,589.5228,4.8462,0.4294,-7.4414,0.1933,0.0381,0,1,0,0,B0,101
CCCCCCOC(=O)C(=Cc1ccc(OC)cc1)C(=O)OCCCc1ccc(OC)c(C)c1OC,1,0.6562,0.3077,0.3438,0.6923,2.5585,415.727,75.7023,4.3783,0.3487,0.1924,0.184,-6.7817,0.7724,0.3596,0.3751,0.1093,0.2011,0,1,0,417.083,4.3823,0.4071,-6.5947,0.0477,0.0028,1,1,1,1,B0,101
CCC=C1C=C(C(=O)O)NC(C(=O)O)C1,1,0.6212,0.72,0.3788,0.28,3.7967,391.6625,110.7125,3.6702,0.7852,0.0841,0.1028,-5.829,0.709,0.4872,0.3885,0.3405,0.3457,0,1,0,453.8586,3.568,0.0581,-6.1216,0.4697,0.16,0,1,0,0,B0,101
COC(=O)C(NC(=O)c1ccc(C(C)(C)C)cc1OC)c1ccc2oc(-c3ccc(C#N)cc3)nc2c1,1,0.3143,0.6667,0.6857,0.3333,3.0104,359.1384,67.8667,4.3841,0.3451,0.3769,0.2368,-6.7853,0.6882,0.435,0.4131,0.1756,0.295,1,1,1,375.6525,4.5568,0.3924,-6.3232,0.067,0.0068,1,1,1,1,B0,101
CC(C)(C)c1ccc2c3ccccc3cc3c4cccc5c6ccccc6cc(c1c23)c54,1,0.4,0.5556,0.6,0.4444,2.3738,429.7865,58.0472,4.3344,0.2888,0.4256,0.1484,-7.3347,1.3996,0.4252,0.3758,0.3828,0.359,0,1,0,437.359,4.3477,0.3407,-7.4379,0.0274,0.0666,0,1,0,0,B0,101
c1ccc2c(c1)Cc1cc(-c3ccncn3)ccc1-2,1,0.5577,0.6,0.4423,0.4,2.0595,315.2439,26.3131,4.3443,0.2702,0.3717,0.2229,-7.4736,1.1223,0.5339,0.3641,0.2867,0.3159,1,0,0,322.9418,4.278,0.4508,-7.45,0.2301,0.0078,1,1,1,1,B0,101
COC(=O)c1ccc(-c2ccc(-c3ccsc3Cl)cc2)cc1,1,0.5897,0.4722,0.4103,0.5278,1.9687,334.8335,36.5628,4.2445,0.2441,0.3056,0.1581,-7.2976,1.2385,0.5845,0.367,0.1292,0.2296,1,0,0,320.5984,4.2441,0.2789,-6.4775,0.2593,0.004,1,1,1,1,B0,101
CN1C(=CC(c2ccc(O)cc2)C(c2ccccc2)c2ccccc2)C(C)(C)c2ccccc21,1,0.5417,0.6042,0.4583,0.3958,3.0397,461.7932,120.8805,4.2737,0.5329,0.1439,0.1363,-7.5321,1.2564,0.4475,0.3826,0.2642,0.3211,0,1,0,396.6684,4.4517,0.0949,-7.377,0.1068,0.0056,0,1,0,0,B0,101
CCCCN1CCCCC1C(=O)NC=C/C=C/c1ccc(C#N)cc1,1,0.6667,0.5079,0.3333,0.4921,3.1131,345.1297,58.673,4.1858,0.3692,0.1628,0.1483,-7.5112,0.9622,0.5144,0.3919,0.1423,0.2412,0,0,0,379.176,4.1639,0.2453,-8.1074,0.6306,0.006,0,0,0,0,B0,101
CCCCc1c(C#Cc2ccccc2)ccc(C=CC(=O)OC)c1O,1,0.6818,0.5625,0.3182,0.4375,2.5332,363.2208,47.5803,4.251,0.3033,0.1711,0.1501,-7.0698,0.9893,0.4335,0.3905,0.0968,0.1907,0,1,0,378.1928,4.2758,0.2091,-6.6023,0.2613,0.0039,0,1,0,0,B0,101
COc1ccc2nccc(-c3ccccc3)c2c1,1,0.5333,0.587,0.4667,0.413,1.605,315.8607,19.5475,4.2262,0.1556,0.2896,0.177,-7.0201,1.1566,0.4285,0.3299,0.2649,0.3229,1,1,1,322.8508,4.1823,0.3168,-6.2876,0.2126,0.0166,1,1,1,1,B0,101
CC(C)(C)C=C(C#N)C(=O)O,1,0.6383,0.6341,0.3617,0.3659,2.9263,397.0414,116.7648,2.9199,0.9973,0.137,0.1299,-5.6831,0.6164,0.6812,0.2957,0.5786,0.3453,0,0,0,447.238,2.7578,0.1384,-5.9883,0.2268,0.3202,0,1,0,0,B0,101
CCCCCCOc1ccc(-c2nc(-c3ccc(OC)c(C)c3O)nc(-c3c(C(F)(F)F)cc(OCCCCCC)c(C)c3O)n2)c(O)c1C,1,0.6806,0.3462,0.3194,0.6538,3.3233,537.5297,131.8653,4.4154,0.2895,0.2922,0.2394,-6.5916,0.8557,0.3358,0.372,0.1687,0.2662,0,1,0,478.618,4.5647,0.3981,-6.2745,0.0279,0.0042,0,1,0,0,B0,101
COC(=O)c1c(O)ccc(Oc2ccccc2)c1C=Cc1ccc2ccccc2n1,1,0.5636,0.451,0.4364,0.549,2.3978,368.3255,29.1319,4.3583,0.301,0.3333,0.2802,-7.1354,0.9724,0.48,0.3958,0.1361,0.2432,1,1,1,391.4914,4.3367,0.2176,-6.3693,0.0709,0.0049,0,1,0,0,B0,101
CC(C)(C)Nc1ccc([N+](=O)[O-])c(-c2ccccc2)c1[N+](=O)[O-],1,0.6585,0.6863,0.3415,0.3137,2.408,359.4019,57.4117,3.6895,0.8288,0.2046,0.179,-7.2871,1.0421,0.5858,0.3829,0.2045,0.29,0,0,0,356.6383,3.7809,0.2035,-7.2772,0.2784,0.0136,0,1,0,0,B0,101
C=Cc1ccc(C(C)CC=O)cc1,1,0.7027,0.5938,0.2973,0.4062,2.821,288.1552,27.6216,3.3302,0.4904,0.2584,0.1845,-4.5992,1.312,0.3627,0.3189,0.3945,0.3318,0,0,0,283.4751,3.3792,0.2774,-4.9588,0.1425,0.1862,0,0,0,0,B0,101
CC(C)(O)c1ccc2c(c1)c1cc(-c3ccc4sc5ccccc5c4c3)ccc1n2-c1ccc(-c2nc(-c3ccccc3)nc(-c3ccccc3)n2)cc1,1,0.2041,0.6552,0.7959,0.3448,2.9331,429.6157,64.5438,4.5528,0.2904,0.3974,0.3005,-7.1173,1.105,0.3959,0.3831,0.1766,0.2885,0,1,0,416.5489,4.5086,0.3857,-7.2389,0.0314,0.0051,1,1,1,1,B0,101
Cc1ccccc1C(=O)Nc1ccc(C(=O)C(=O)OCCC(C)C)cc1,1,0.5846,0.56,0.4154,0.44,1.9438,310.5484,32.5835,4.0464,0.4491,0.2868,0.2017,-7.0616,0.8864,0.4286,0.4023,0.0974,0.2149,1,1,1,319.1899,4.1906,0.2225,-6.6457,0.1932,0.0048,0,1,0,0,B0,101
CCCCCC=Cc1ccc([N+](=O)[O-])cc1,1,0.5143,0.5116,0.4857,0.4884,1.9191,325.7487,41.5267,4.0582,0.493,0.0929,0.1159,-6.4631,1.5406,0.4295,0.3894,0.1801,0.2628,0,1,0,324.2531,3.8092,0.1017,-7.1293,0.185,0.0222,0,1,0,0,B0,101
CC1=CCCC(C)(C)C1C=CC(=O)c1ccc(-c2ccc(-c3ccc(C=C(C#N)C(=O)O)s3)s2)s1,1,0.4912,0.5574,0.5088,0.4426,3.8276,470.1372,42.0174,4.421,0.2457,0.2534,0.2447,-7.3975,0.9143,0.4281,0.4128,0.1614,0.2737,0,1,0,495.4622,4.4603,0.1587,-7.1958,0.0363,0.0072,0,1,0,0,B0,101
COc1ccc(-c2cccc(C=CC(=O)Oc3cccc(F)c3O)c2O)cc1,1,0.62,0.5192,0.38,0.4808,2.3115,348.8198,41.6292,4.1954,0.4775,0.1692,0.184,-7.0314,0.8922,0.484,0.3773,0.1418,0.2516,0,1,0,371.4266,4.0908,0.0674,-6.3718,0.1841,0.0063,0,1,0,0,B0,101
O=C(C=Cc1cc(=O)oc2cc(O)ccc12)c1ccc(O)c(CN2CCOCC2)c1,1,0.6329,0.5902,0.3671,0.4098,2.6092,384.0825,65.1059,4.3767,0.2903,0.1687,0.171,-7.5349,0.8861,0.5863,0.3991,0.2175,0.3012,0,0,0,388.3425,4.4284,0.1514,-7.4962,0.2248,0.0165,0,1,0,0,B0,101
COc1nc2c(-c3ccc(C(C)(C)C)cc3)cc(O)cc2[nH]1,1,0.6333,0.5455,0.3667,0.4545,2.4905,332.1712,46.2814,4.2144,0.2354,0.266,0.1913,-6.9049,0.9091,0.4894,0.3431,0.2194,0.2963,1,1,1,316.2465,4.2233,0.2527,-6.3578,0.0772,0.0054,1,1,1,1,B0,101
CCOC(=O)c1cc(C(C)c2ccccc2)cc(C(C)c2cccc(F)c2)c1O,1,0.6557,0.1739,0.3443,0.8261,3.0363,376.0216,86.7113,4.4344,0.3966,0.3307,0.221,-7.1518,0.9712,0.3213,0.3632,0.059,0.1381,1,1,1,360.0575,4.0275,0.3223,-6.6268,0.0074,0.0042,1,1,1,1,B0,101
Cn1c(=O)c(N=Nc2ccc(Nc3ccccc3)cc2)c(O)c2ccccc21,1,0.3019,0.7021,0.6981,0.2979,2.3639,451.7995,23.3811,2.894,1.6219,0.1835,0.2141,-7.3963,0.999,0.5082,0.3952,0.2008,0.2743,0,0,0,431.6643,2.2956,0.3271,-7.5423,0.0869,0.0072,0,1,0,0,B0,101
CC[N+]1=C(C=CC(=O)c2ccc(O)c(Cl)c2)C(C)(C)c2c1ccc1ccccc21,1,0.52,0.6333,0.48,0.3667,2.722,437.9863,80.6073,4.5269,0.4342,0.1892,0.1549,-7.4019,0.9853,0.5361,0.3875,0.1243,0.2174,0,0,0,467.2364,4.4579,0.2182,-7.4368,0.1005,0.0037,0,1,0,0,B0,101
CC(C)(C)c1c2ccccc2cc2ccccc12,1,0.4828,0.5152,0.5172,0.4848,1.8596,343.0095,35.5509,4.2547,0.1862,0.3569,0.1552,-7.3336,1.3983,0.3517,0.324,0.3843,0.3432,1,1,1,343.6834,4.1163,0.4062,-7.2716,0.0515,0.0666,1,1,1,1,B0,101
O=C(C=Cc1ccc(O)c(O)c1)OCCC(CN1CCCCC1)N1CCCCC1,1,0.5938,0.4151,0.4062,0.5849,3.0043,339.7368,61.6062,4.1363,0.6371,0.2044,0.1781,-7.4989,0.9493,0.5097,0.3933,0.1817,0.3021,0,0,0,360.9399,4.2118,0.1725,-7.2628,0.1847,0.0101,0,1,0,0,B0,101
C=C(C)C1=P(c2ccccc2)(c2cccc(C(C)(C)C)c2)C(C#N)=CC(/C=C/c2ccccc2)=C1,1,0.463,0.7097,0.537,0.2903,3.9304,446.8569,71.9359,4.4263,0.3252,0.2635,0.2239,-7.4477,1.2134,0.4717,0.3755,0.2731,0.3318,0,1,0,459.1792,4.3558,0.3805,-7.5278,0.1532,0.0045,0,1,0,0,B0,101
CCCCCCCCCCCCC,1,0.3333,0.3846,0.6667,0.6154,1.1444,185.0897,91.6585,4.0819,0.6073,0.2007,0.2214,-3.5757,0.8652,0.2387,0.2112,0.5287,0.2867,0,0,0,246.6184,4.1535,0.2308,-3.141,0.0265,0.606,0,0,0,0,B0,101
CC[Si](CC)(CC)c1cc2cc(-c3ccc(C(C)(C)C)cc3)c3cccc4ccc(c1C(=O)COC(=O)c1ccc(O)cc1)c2c43,1,0.5556,0.6269,0.4444,0.3731,3.1068,413.5413,62.213,4.1543,0.5758,0.2825,0.1816,-7.0457,1.0145,0.418,0.3858,0.1015,0.2146,1,1,1,407.5763,4.4253,0.2697,-6.5525,0.0368,0.0028,1,1,1,1,B0,101
Nc1nc(-c2ccc(Nc3ccccc3C(=O)c3ccccc3)cc2)c(N=Nc2ccc(Br)cc2)s1,1,0.2833,0.5517,0.7167,0.4483,2.5853,440.2958,55.9026,4.1882,0.5901,0.2821,0.2626,-7.263,0.9759,0.5105,0.42,0.1588,0.2581,0,0,0,446.8746,4.3981,0.2007,-7.4404,0.1319,0.0059,0,1,0,0,B0,101
O=C(N=Nc1c(F)cccc1F)c1cc(Br)ccc1O,1,0.6111,0.5435,0.3889,0.4565,2.6765,365.5792,49.6857,3.9824,0.5659,0.236,0.235,-7.4915,1.0501,0.6557,0.3687,0.2101,0.2932,0,0,0,363.5579,3.5021,0.2954,-7.3028,0.4958,0.0059,0,1,0,0,B0,101
O=C(NCC#CCc1ccccc1)c1ccccc1,1,0.6486,0.45,0.3514,0.55,1.8883,304.4348,36.5303,4.0133,0.365,0.3661,0.2834,-7.6114,0.9979,0.5474,0.3638,0.2369,0.3057,1,0,0,284.977,4.1371,0.2759,-7.5334,0.4506,0.0078,0,1,0,0,B0,101
COc1ccc(-c2ccc(C(=O)c3ccccc3)c(NC(=O)c3ccc(N(c4ccc(OC)cc4)c4ccc(OC)cc4)cc3)c2)cc1,1,0.5455,0.4681,0.4545,0.5319,2.4167,398.1702,38.7879,4.4477,0.3649,0.2775,0.2053,-6.8236,0.9488,0.4434,0.3992,0.0855,0.1885,1,1,1,401.6495,4.4287,0.3365,-6.3468,0.1268,0.0055,1,1,1,1,B0,101
COc1ccc(-c2cc3c(c(C#N)c2O)C(C)(C)C(=O)C=C3)cc1,1,0.5741,0.6667,0.4259,0.3333,2.8436,371.3245,51.9941,4.2432,0.2812,0.2176,0.1755,-6.8667,0.9139,0.6046,0.331,0.152,0.2299,0,0,0,365.0647,4.2416,0.2246,-6.2664,0.3326,0.0067,0,1,0,0,B0,101
c1ccc(Oc2ccccc2-c2ccccc2)cc1,1,0.5,0.5,0.5,0.5,1.3631,310.2962,26.1311,4.2709,0.2104,0.3669,0.1913,-7.2035,1.4332,0.4524,0.3446,0.2943,0.3074,1,1,1,312.5669,4.1813,0.3453,-6.3026,0.0578,0.0554,1,1,1,1,B0,101
COc1cc(C=CC(=O)OCC=CC2=NC3C(=O)NC(N)=NC3N2[C@H]2C[C@H](O)[C@@H](CO)O2)cc(-c2ccc(C(C)(C)C)cc2)c1O,1,0.4787,0.6633,0.5213,0.3367,4.8394,390.4324,106.2807,4.8061,0.3903,0.3675,0.2329,-6.6545,0.9069,0.4229,0.3954,0.2566,0.3344,1,1,1,437.4525,4.7421,0.4731,-6.6276,0.1649,0.0084,0,1,0,0,B0,101
COc1c(O)cccc1C(C)(C)C,0,0.4615,0.0,0.5385,1.0,2.0555,279.4726,55.0144,3.6174,0.5522,0.2013,0.1905,-5.1026,0.748,0.3393,0.3167,0.3834,0.3643,0,1,0,276.1639,3.5387,0.248,-5.1305,0.0373,0.0284,0,1,0,0,B0,101
COC(=O)c1cc(O)cc(Cl)c1OC(=O)O,1,0.6389,0.4444,0.3611,0.5556,2.3228,302.1515,38.6306,3.9089,0.4861,0.167,0.1459,-6.5274,1.001,0.6414,0.3522,0.3219,0.3433,0,0,0,291.9867,3.9771,0.194,-6.2793,0.3077,0.0354,0,1,0,0,B0,101
O=C(OCN1C(=O)C(=Cc2ccc(N(c3ccccc3)c3ccc(C=C(c4ccccc4)c4ccccc4)cc3)cc2)SC1=S)c1ccccc1,1,0.2105,0.64,0.7895,0.36,2.8557,445.5555,62.9396,4.4809,0.2276,0.1121,0.0989,-7.0244,1.0592,0.3457,0.3686,0.0905,0.1854,0,1,0,457.7139,4.4483,0.0829,-6.6202,0.0249,0.0036,0,1,0,0,B0,101
CCCCc1cc(C=CC(=O)c2ccc(OC)cc2)ccc1OC,1,0.619,0.46,0.381,0.54,1.895,351.7225,33.2059,4.1871,0.5471,0.1789,0.1282,-7.0251,0.9418,0.4006,0.346,0.0827,0.1667,0,1,0,352.1714,4.0438,0.3283,-6.6819,0.0554,0.0028,1,1,1,1,B0,101
CC(C)(C)c1cc(C(=O)c2ccc(O)cc2)cc([N+](=O)[O-])c1,1,0.6591,0.2353,0.3409,0.7647,2.0853,341.2568,42.4524,4.1437,0.3266,0.1948,0.2031,-7.4134,1.0197,0.617,0.3512,0.2223,0.3319,0,0,0,332.6639,3.981,0.1104,-7.2507,0.3654,0.0073,0,1,0,0,B0,101
C=CCOC(=O)C(c1ccccc1)c1cc(C)cc(-c2nc3ccccc3[nH]2)c1O,1,0.3509,0.6765,0.6491,0.3235,3.0274,489.832,46.598,4.3217,0.3197,0.2182,0.2132,-7.1773,0.9255,0.4213,0.3833,0.1235,0.2343,0,1,0,433.5859,4.3667,0.3708,-6.5278,0.006,0.0044,0,1,0,0,B0,101
CCCCc1cc(O)c(C)c(C(=O)c2c(O)ccc(NCC)c2O)c1O,1,0.7213,0.5833,0.2787,0.4167,2.8261,352.5202,80.7369,4.1546,0.3034,0.3586,0.2503,-7.1916,0.9583,0.5422,0.3937,0.1667,0.2774,1,0,0,381.1767,4.1517,0.3145,-7.3344,0.3563,0.0054,1,1,1,1,B0,101
COc1cc(F)c(-c2ccc(C(=O)C#N)cc2)cc1O,1,0.6522,0.5435,0.3478,0.4565,2.2442,353.4025,48.885,4.22,0.4008,0.2216,0.1897,-6.9659,0.8532,0.5601,0.3613,0.1456,0.2618,0,0,0,342.593,4.2993,0.2346,-6.3596,0.2862,0.0142,0,1,0,0,B0,101
CCOc1cc(OCC)c([Si](c2ccccc2)(c2ccccc2)c2ccccc2)cc1C(=O)c1ccccc1-c1ccccc1,1,0.6735,0.4792,0.3265,0.5208,2.7461,339.578,42.5625,4.4527,0.2333,0.3899,0.1601,-7.209,1.1034,0.3782,0.3682,0.1007,0.1847,1,1,1,345.7997,4.279,0.3722,-6.7141,0.0222,0.0029,1,1,1,1,B0,101
CCC1(C(N)=O)CCNCC1,1,0.7727,0.4545,0.2273,0.5455,2.7538,436.2203,141.7285,3.0117,1.1283,0.2587,0.2328,-5.7293,0.5806,0.5211,0.3895,0.4922,0.3619,0,0,0,369.706,2.8937,0.3882,-5.871,0.0548,0.45,0,1,0,0,B0,101
Oc1ccc(-c2ccccc2Cl)cc1,1,0.5,0.5588,0.5,0.4412,1.4314,286.6856,36.217,3.8298,0.5224,0.213,0.1939,-4.2017,1.1898,0.7012,0.2914,0.3564,0.3265,0,0,0,287.6456,3.9222,0.2557,-4.1312,0.4976,0.0226,0,0,0,0,B0,101
CCOC(=O)c1cc(C(=O)OC)c2ccc(N=S=O)ccc1-2,1,0.1143,0.561,0.8857,0.439,2.6156,358.5074,64.1848,3.0411,1.0305,0.4254,0.2555,-6.9716,0.7943,0.5492,0.3723,0.1554,0.2351,0,0,0,380.4268,3.2484,0.3751,-6.5968,0.4322,0.0123,0,1,0,0,B0,101
Cc1cc(C(=O)N=Nc2c(C)noc2C)ccc1O,1,0.5957,0.6,0.4043,0.4,2.8639,342.3828,38.6741,3.9301,0.551,0.2824,0.2502,-7.3634,0.9786,0.5491,0.3893,0.1966,0.2673,1,0,0,357.1858,3.5877,0.279,-7.3417,0.1299,0.0144,0,1,0,0,B0,101
CC#Cc1cccc(C(c2ccccc2F)C(C=O)CC)c1,1,0.6607,0.6604,0.3393,0.3396,3.4658,313.8816,53.3765,4.2915,0.4149,0.278,0.2366,-7.2368,1.4835,0.5022,0.3468,0.288,0.3312,1,0,0,330.2568,3.9714,0.3611,-7.1148,0.1739,0.0403,1,1,1,1,B0,101
Oc1ccc2c(-c3ccccc3)oc(-c3ccccc3)c2c1,1,0.3846,0.5854,0.6154,0.4146,2.0356,343.2276,21.9029,4.1796,0.2498,0.2566,0.1953,-7.5784,1.0807,0.5521,0.3293,0.2483,0.2988,1,0,0,349.5217,4.1417,0.2525,-7.6176,0.3437,0.0042,1,1,1,1,B0,101
N#Cc1c(-c2ccc(C3CCNCC3)cc2)c(N)n2ccccc12,1,0.4231,0.6604,0.5769,0.3396,2.6593,341.3098,40.2778,4.1855,0.2808,0.1772,0.1345,-7.5012,0.9705,0.6314,0.3701,0.1873,0.2713,0,0,0,346.0375,4.1916,0.2982,-7.5491,0.3582,0.0089,1,1,1,1,B0,101
O=C(O)CC(=O)c1cc(O)ccc1-c1ccccc1,1,0.6222,0.5128,0.3778,0.4872,1.9369,315.7762,26.8222,3.9142,0.4924,0.1765,0.1587,-7.4849,0.9729,0.6911,0.3455,0.1756,0.2559,0,0,0,321.1102,4.1623,0.25,-7.3355,0.2881,0.0194,0,1,0,0,B0,101
Cc1ccc(N=Nc2cc(C)ccc2O)cc1,1,0.2069,0.6061,0.7931,0.3939,2.1591,347.4867,23.7376,3.3656,1.1021,0.2728,0.259,-7.3793,1.1042,0.5082,0.3848,0.2889,0.3261,0,0,0,360.8547,3.3883,0.3842,-7.2641,0.1637,0.0093,0,1,0,0,B0,101
CN(C)c1ccc(C(C(=C(C#N)C#N)c2ccc([N+](=O)[O-])c(N(C)C)c2)=c2c(F)c(F)c(=C(C#N)Nc3ccc(C4CCNCC4)cc3)c(F)c2F)cc1,1,0.5256,0.6795,0.4744,0.3205,3.9997,467.5386,98.7495,4.3456,0.4057,0.1909,0.2054,-7.1386,1.2488,0.5006,0.4163,0.1554,0.2809,0,0,0,478.655,4.3654,-0.0989,-6.0996,0.1864,0.0072,0,1,0,0,B0,101
O=C(c1ccc(C(F)(F)F)cc1)N1CCC2(CCCN2)CC1,1,0.7213,0.5417,0.2787,0.4583,2.8423,307.9659,56.1331,3.9512,0.5343,0.3041,0.2692,-7.323,0.8047,0.4934,0.3877,0.2643,0.3199,1,1,1,311.4983,4.0405,0.3904,-7.3592,0.3423,0.0282,1,1,1,1,B0,101
CCOc1ccc(Cl)cc1,1,0.5588,0.4815,0.4412,0.5185,1.1715,271.4129,27.0979,3.5085,0.4592,0.2283,0.161,-4.075,0.9168,0.4445,0.3418,0.4955,0.3209,0,0,0,291.8825,3.5483,0.2118,-2.8939,0.071,0.3803,0,0,0,0,B0,101
COC(=O)c1cc2c(c(O)c1O)OC[C@@]1(O)Cc3cc(O)c(O)cc3[C@@H]21,1,0.38,0.6296,0.62,0.3704,3.9419,328.8515,70.0919,3.929,0.4863,0.218,0.2058,-7.0696,0.7643,0.6217,0.3719,0.2287,0.2908,0,0,0,322.5876,4.0404,0.3549,-6.4557,0.7379,0.0185,1,0,0,0,B0,101
CC(=CC=C(c1ccccc1)c1ccccc1)c1ccccc1,1,0.6364,0.5,0.3636,0.5,1.8856,370.738,34.7346,4.0792,0.8091,0.1152,0.1343,-7.2934,1.5063,0.4545,0.3452,0.3183,0.3306,0,1,0,356.876,4.1549,0.1415,-6.3067,0.0685,0.0198,0,1,0,0,B0,101
CCCC(=O)[n+]1nc(-c2ccccc2)[n-]c2cc3c(C(=O)OC)c(=O)oc3cc21,1,0.2857,0.7015,0.7143,0.2985,3.7107,427.268,59.203,4.1721,0.4492,0.4191,0.2248,-7.0032,0.8433,0.421,0.3585,0.1565,0.2479,0,1,0,429.557,4.1094,0.3399,-6.4959,0.0717,0.0114,0,1,0,0,B0,101
Oc1ccc(-c2ccc(Cl)c(C3=C4C=CC=[N+]4[B-](F)(F)n4cccc43)c2)cc1,1,0.4655,0.7167,0.5345,0.2833,3.5183,502.3047,29.4053,4.7164,0.2113,0.2989,0.2497,-7.5418,1.0748,0.6545,0.3454,0.2923,0.3147,0,0,0,481.4124,4.5157,0.1709,-7.6613,0.2412,0.004,0,1,0,0,B0,101
CCOC(=O)CCc1nn2c(C(C)(C)C)c(-c3ccc(N=Cc4ccc(N(c5ccccc5)c5ccccc5)cc4)cc3)nc2s1,1,0.5783,0.6579,0.4217,0.3421,3.0408,421.4569,61.266,4.3999,0.2992,0.132,0.13,-7.0182,1.0541,0.3735,0.3854,0.0798,0.1857,0,1,0,420.9941,4.4273,0.1496,-6.6135,0.0439,0.0037,0,1,0,0,B0,101
CC[C@H](C)CCOC(=O)C=Cc1ccccc1,1,0.5641,0.2368,0.4359,0.7632,2.3861,278.2291,40.7056,3.9662,0.4618,0.1117,0.1539,-7.1109,0.9984,0.1217,0.2198,0.0958,0.2139,0,1,0,286.4435,3.8598,0.2373,-6.5982,0.0203,0.0089,0,1,0,0,B0,101
CN(C)CCC(c1ccccn1)C1CC(c2ccc3c(c2)C2(c4ccccc4-c4ccccc42)c2ccccc2-3)=NN1c1ccccc1,1,0.4462,0.662,0.5538,0.338,4.2252,455.5891,152.7099,4.7256,0.3611,0.4803,0.2861,-7.1564,1.1534,0.4399,0.3824,0.1978,0.2727,0,1,0,451.7469,4.6966,0.3945,-6.1725,0.0393,0.0107,0,1,0,0,B0,101
CCCCCN(CCCC)c1ccc(/C=C/c2ccc3nc(/C=C/c4ccc(N(C)C)cc4)c(=O)n(CCC)c3c2)cc1,1,0.037,0.7069,0.963,0.2931,2.9039,468.6563,54.6479,4.6797,0.1971,0.2722,0.1991,-6.7838,1.1211,0.3903,0.3964,0.1984,0.2796,0,1,0,467.9238,4.6236,0.2012,-5.9074,0.0537,0.011,0,1,0,0,B0,101
CCCn1c2scc(O)c2c2c3nsnc3c3c4ccsc4n(CC)c3c21,1,0.3191,0.7727,0.6809,0.2273,3.7675,381.9668,51.714,4.2475,0.299,0.3233,0.2114,-7.467,1.108,0.503,0.393,0.1963,0.2897,1,0,0,423.5396,4.2421,0.1784,-7.511,0.3549,0.0042,0,1,0,0,B0,101
Cc1cc(OC(=O)c2ccc3nc(-c4cccc(-c5nc6cc(C#N)c([N+](=O)[O-])cc6o5)n4)oc3c2)c(C)c(C)c1O,1,0.5538,0.625,0.4462,0.375,3.1775,399.0634,85.7731,4.3622,0.3897,0.1924,0.1994,-6.9807,0.9693,0.4224,0.3983,0.1368,0.2313,0,1,0,389.6608,4.3704,0.0563,-6.297,0.0237,0.0053,0,1,0,0,B0,101
Cc1ccccc1N(c1ccc(C(C)(C)C)cc1)c1ccc2ccc3c(N(C(=O)c4ccc(C5CCNCC5)cc4)c4ccc(C(C)(C)C)cc4)ccc4ccc1c2c43,1,0.4333,0.6364,0.5667,0.3636,3.3436,437.5681,90.1354,4.4176,0.3463,0.3353,0.2481,-7.4041,1.0194,0.3902,0.376,0.1612,0.2612,0,1,0,424.1422,3.7501,0.4797,-7.2798,0.0804,0.0046,0,1,0,0,B0,101
CCN(CC)c1cc2oc3cc(O)c(F)c(-c4ccc(OC)cc4)c3c(=O)c2c(-c2ccc(OC)cc2)c1F,1,0.5517,0.7018,0.4483,0.2982,2.9673,485.2674,100.5746,4.5042,0.2163,0.3347,0.1921,-6.8374,0.9622,0.5128,0.3689,0.1142,0.1925,0,0,0,457.2354,4.7078,0.2834,-6.5841,0.0775,0.0043,0,1,0,0,B0,101
COc1ccc(-c2cc(N)c(OC)cc2CCCC(CN2CCCCC2)N2CCCCC2)cc1,1,0.7143,0.6207,0.2857,0.3793,2.9658,336.9732,86.8805,4.108,0.5289,0.3646,0.2362,-7.132,1.0217,0.4972,0.3908,0.2039,0.3114,1,1,1,356.6101,4.4425,0.3524,-7.1738,0.0906,0.0094,1,1,1,1,B0,101
CC(C)(C)c1ccc(-c2nc3ccc([N+](=O)[O-])cc3o2)cn1,1,0.2609,0.7049,0.7391,0.2951,2.3351,356.9999,54.0238,4.3078,0.1958,0.2052,0.2355,-7.264,1.0087,0.6296,0.3574,0.2186,0.3148,0,0,0,340.6192,4.2884,0.1861,-7.2159,0.2587,0.0149,0,1,0,0,B0,101
CCC=CC(=O)OCCCOCCCCCCCC,1,0.6842,0.3226,0.3158,0.6774,2.2283,361.4651,110.9271,2.9971,0.9633,0.1034,0.1166,-6.7509,0.8684,0.1828,0.2427,0.1333,0.2275,0,1,0,369.1944,2.8944,0.1316,-6.8843,0.0191,0.0078,0,1,0,0,B0,101
N#CC(=Cc1ccsc1)C(=O)O,1,0.5,0.5116,0.5,0.4884,2.6074,289.3644,47.9646,3.9419,0.4552,0.0784,0.1159,-5.5983,0.5718,0.7061,0.3195,0.3019,0.3252,0,0,0,319.3788,3.8175,0.0721,-5.9642,0.6714,0.0231,0,0,0,0,B0,101
CCCCN(CCC(OC)OC)c1ccc2c(c1)oc1c3oc(-c4ccc(C(=O)O)cc4)nc3c3c(c4ccccc4n3CCCCCC(=O)O)c21,1,0.122,0.7188,0.878,0.2812,3.4336,469.6649,91.3955,4.3394,0.7458,0.3966,0.2316,-6.7908,1.1068,0.3699,0.367,0.0861,0.209,0,1,0,506.5555,4.4496,0.4075,-6.3408,0.0417,0.0064,0,1,0,0,B0,101
COc1ccc(-c2ccc3sc4nc(-c5cccc(CN(C)C)c5)sc4c3c2)cc1,1,0.4464,0.7288,0.5536,0.2712,2.4534,337.5262,37.7439,4.4027,0.2387,0.4229,0.1969,-6.8777,1.1727,0.4068,0.3745,0.2038,0.2825,1,1,1,341.4712,4.4593,0.399,-5.9999,0.058,0.0078,1,1,1,1,B0,101
CCCC(=O)OCCC(C)CC=Cc1cc(C=CC=C2C=C(c3ccccc3)OC(c3ccccc3)=C2)ncn1,1,0.459,0.6515,0.541,0.3485,3.7146,446.0622,101.0048,4.4838,0.2756,0.2667,0.2037,-7.0001,0.9971,0.3087,0.3703,0.0929,0.2049,0,1,0,470.7762,4.5461,0.1965,-6.5752,0.0512,0.0053,0,1,0,0,B0,101
Clc1cccc(-c2ccccc2)c1,1,0.5238,0.5714,0.4762,0.4286,1.1856,277.0505,18.4922,4.0775,0.3724,0.1488,0.1611,-4.1863,1.2301,0.5979,0.3534,0.3876,0.3349,0,0,0,282.4827,4.0947,0.2738,-3.6569,0.2754,0.1007,0,0,0,0,B0,101
CCc1ccc(C(=O)O)cc1,1,0.5217,0.5405,0.4783,0.4595,1.2708,274.596,50.6888,3.7103,0.5087,0.3111,0.2614,-5.0219,0.7955,0.544,0.3123,0.4117,0.3503,0,0,0,293.6805,3.6419,0.2798,-4.7526,0.292,0.0417,0,0,0,0,B0,101
CN(C)c1ccc(-c2nc(C=CC(C)(C)CC(C)(C)C)[nH]c2-c2ccc(N(C)C)cc2)cc1,1,0.463,0.7755,0.537,0.2245,2.9407,424.8636,63.9933,4.6383,0.3755,0.2571,0.2416,-7.3661,1.1711,0.439,0.3506,0.2618,0.3158,0,1,0,407.9805,4.7613,0.244,-6.095,0.1034,0.0123,0,1,0,0,B0,101
Cc1ccc(CN2C(=CC=C3CCCC(C=Cc4ccc(O)c([N+](=O)[O-])c4)=C3Cl)C(C)(C)c3ccccc32)cc1,1,0.375,0.6456,0.625,0.3544,2.9919,532.4457,135.7802,4.3277,0.4521,0.3285,0.259,-7.1719,1.0798,0.5041,0.4187,0.18,0.3091,0,0,0,579.6976,4.4924,0.1507,-7.1064,0.0752,0.0048,0,1,0,0,B0,101
Cc1ccc(-c2ccc(C(C)(C)C)cn2)nc1,1,0.5429,0.6207,0.4571,0.3793,2.0647,284.7492,36.1066,4.0545,0.4572,0.3231,0.2421,-7.2164,1.1531,0.3696,0.3512,0.431,0.3486,0,1,0,287.4204,3.9744,0.4029,-6.8578,0.1019,0.0175,0,1,0,0,B0,101
COc1ccc(C=CC(=O)C#C[Si](C)(C)C)c(OC)c1,1,0.625,0.3953,0.375,0.6047,2.7049,334.3259,43.5129,4.1383,0.3262,0.2874,0.2568,-6.7977,1.0918,0.4302,0.3524,0.2105,0.2893,1,1,1,321.3052,4.0674,0.3251,-6.4817,0.1415,0.0077,1,1,1,1,B0,101
C=C(CCCC(C)(C)OC(C)=O)c1c2c3c(cc(=O)oc3c3ccccc13)-c1ccccc1C2=O,1,0.5373,0.6452,0.4627,0.3548,3.0127,448.0601,119.6765,4.277,0.5362,0.3643,0.1763,-7.03,0.8952,0.3287,0.3655,0.1022,0.1855,0,1,0,404.9428,4.2391,0.1876,-6.6415,0.004,0.0075,0,1,0,0,B0,101
Cc1cc(C2c3ccccc3-c3cccc(O)c32)c(O)c(-n2nc3ccc(Cl)cc3n2)c1,1,0.5455,0.4737,0.4545,0.5263,3.1309,348.7911,37.4323,4.2296,0.2492,0.2482,0.1854,-7.3105,1.1396,0.559,0.4026,0.2595,0.3319,0,0,0,354.4991,4.2259,0.3106,-7.368,0.1231,0.0045,1,1,1,1,B0,101
CC(O)C=CS(=O)(=O)c1cccc(N2N=C(c3ccc(Cl)cc3)CC2c2ccco2)c1,1,0.2742,0.7763,0.7258,0.2237,3.5177,340.777,51.4949,4.364,0.3721,0.2387,0.205,-7.415,0.9243,0.4547,0.4055,0.2604,0.3504,0,1,0,329.0679,4.3764,0.2537,-8.4668,0.019,0.0093,1,1,1,1,B0,101
O=[N+]([O-])C=Cc1ccccc1-c1ccccc1,1,0.5526,0.6667,0.4474,0.3333,1.9826,336.9202,32.8482,4.2321,0.4278,0.1228,0.1759,-7.6282,1.282,0.6154,0.3493,0.2213,0.2721,0,0,0,340.6686,4.1484,0.2382,-7.9666,0.3878,0.0207,0,1,0,0,B0,101
Cc1nnc(-c2ccc(C(C)(C)C)cc2)o1,1,0.5385,0.6129,0.4615,0.3871,1.9517,295.5638,31.8673,4.0343,0.548,0.3138,0.2437,-6.2001,1.5218,0.4994,0.3444,0.4041,0.3548,1,1,1,282.543,4.026,0.3936,-6.9764,0.1302,0.1397,0,1,0,0,B0,101
CC(C)(C)c1ccc(O)c(-c2ccc(-c3c4ccccc4cc4ccccc34)cc2F)c1,1,0.5517,0.5,0.4483,0.5,2.245,363.6138,47.6953,4.2234,0.2377,0.3038,0.2342,-7.3074,1.499,0.4503,0.3622,0.2618,0.3295,1,1,1,369.8948,4.137,0.2885,-7.3182,0.0927,0.0102,1,1,1,1,B0,101
CCCCc1cccc2c3n4c(c12)N=c1c2ccccc2c2n1[Si]4(OCCC(C)C)n1c(c4ccccc4c1=2)=NC1=NC(=N3)c2ccccc21,1,0.4627,0.7463,0.5373,0.2537,5.6036,446.9286,93.8186,4.4671,0.5738,0.4378,0.1938,-6.8701,1.0545,0.3118,0.3638,0.1493,0.239,0,1,0,574.1313,4.5014,0.3436,-6.5685,0.017,0.0104,0,1,0,0,B0,101
COC(=O)c1cc(-c2ccccc2)ccc1Cl,1,0.4839,0.2424,0.5161,0.7576,1.4777,294.5114,21.6063,4.2506,0.2069,0.2746,0.1614,-7.0994,1.116,0.5714,0.3567,0.1504,0.2439,1,0,0,285.909,4.2098,0.3269,-6.2522,0.1799,0.0065,0,1,0,0,B0,101
CC(C)(C)c1cc(N=NCC[C@@H]2[C@@]3(C)CCCC(C)(C)[C@@H]3CC[C@@]2(C)O)[nH]c1C(F)(F)F,1,0.7879,0.5469,0.2121,0.4531,4.7894,439.6237,61.0127,4.121,0.655,0.384,0.309,-6.9281,0.6851,0.2962,0.3587,0.3562,0.3812,0,1,0,402.976,3.9825,0.3276,-6.9475,0.0178,0.0067,1,1,1,1,B0,101
Cc1n[nH]c(-c2ccccc2)c1C,1,0.6296,0.6897,0.3704,0.3103,2.0114,318.4424,94.7246,3.9343,0.377,0.4178,0.2877,-5.1896,0.9709,0.4748,0.3284,0.4436,0.3432,1,1,1,295.7894,3.9716,0.4346,-4.8502,0.2318,0.0313,1,0,0,0,B0,101
CC1CCC(c2c3ccccc3cc3ccccc23)C(=O)C1,1,0.6667,0.65,0.3333,0.35,2.8896,357.4062,51.4524,4.2291,0.1348,0.2403,0.2104,-7.5442,1.2633,0.3136,0.338,0.2673,0.3271,0,1,0,389.1709,4.0983,0.2645,-7.4455,0.2292,0.0351,1,1,1,1,B0,101
CCCCN[C@H]1[C@H](O)[C@@H](O)[C@@H](O)O[C@@H]1C,1,0.6087,0.6875,0.3913,0.3125,3.8792,394.9016,146.0462,3.1535,0.982,0.2941,0.2915,-5.9582,0.8563,0.5988,0.3506,0.4856,0.3233,0,0,0,387.6066,3.2544,0.338,-5.8533,0.5114,0.8214,0,0,0,0,B0,101
COC(=O)c1cnc2cccc(-c3ccc(OC)cc3)n12,1,0.3778,0.6047,0.6222,0.3953,2.235,335.7964,25.666,4.0898,0.2769,0.3792,0.1564,-6.9064,0.882,0.4916,0.3898,0.1537,0.2359,1,1,1,320.4952,4.0196,0.3542,-6.3551,0.2636,0.0091,1,1,1,1,B0,101
CC(C)(C)c1cccc(CCc2cn(CCC[P+](c3ccccc3)(c3ccccc3)c3ccccc3)nn2)c1O,1,0.6863,0.6226,0.3137,0.3774,2.977,348.2958,83.0505,4.2149,0.434,0.3444,0.2281,-6.961,1.1424,0.3446,0.3482,0.2603,0.3315,1,1,1,335.3906,4.2594,0.3336,-7.079,0.0362,0.0047,1,1,1,1,B0,101
COc1c(C(C)(C)C)cc2ccccc2c1C#N,1,0.575,0.6053,0.425,0.3947,2.2545,316.7484,36.1447,4.0989,0.3216,0.2978,0.214,-7.0683,1.0075,0.3217,0.3362,0.2576,0.3326,1,1,1,309.7022,4.0531,0.2739,-6.4307,0.0191,0.0078,1,1,1,1,B0,101
COC(=O)c1cccc(C(=O)O)c1,1,0.4828,0.3429,0.5172,0.6571,1.4327,292.0577,27.2849,3.9451,0.4451,0.2377,0.1759,-5.4168,0.6072,0.5476,0.3584,0.2251,0.2765,0,0,0,288.1349,3.7929,0.265,-5.235,0.2557,0.0132,0,1,0,0,B0,101
C#Cc1ccc2cc(/C=C/C(=O)OCCCCCCCCCCC)c(=O)oc2c1,1,0.2222,0.5333,0.7778,0.4667,2.6131,382.2191,48.6213,4.3638,0.2832,0.3143,0.1925,-7.3175,1.064,0.3296,0.3533,0.1135,0.2091,1,1,1,394.3905,4.4489,0.2886,-7.2164,0.0803,0.0027,1,1,1,1,B0,101
CN(C)c1ccc2c(c1)S(=O)(=O)C1=C2C2(C3=C(c4ccccc42)S(=O)(=O)c2ccccc23)c2ccccc21,1,0.2895,0.7037,0.7105,0.2963,4.2132,405.7599,46.0158,4.4118,0.2382,0.4637,0.2377,-7.0085,1.1624,0.5605,0.3325,0.2469,0.2828,1,0,0,402.7674,4.3951,0.4049,-6.0522,0.1755,0.0125,1,1,1,1,B0,101
c1ccc(-c2ccccc2Nc2cccs2)cc1,1,0.6071,0.6939,0.3929,0.3061,1.8771,315.3889,23.2995,4.2484,0.1937,0.2448,0.2342,-7.3691,1.5455,0.5963,0.3641,0.2934,0.3043,0,0,0,318.1905,4.1357,0.0721,-7.6387,0.5539,0.0593,0,0,0,0,B0,101
COc1cccc2nc3c(cc(NC(=O)OCCOC(=O)c4ccccc4O)c4ncccc43)nc12,1,0.6029,0.6207,0.3971,0.3793,2.6236,361.9946,61.0691,4.3844,0.3566,0.342,0.2776,-6.9602,0.7628,0.473,0.3919,0.1002,0.2218,1,1,1,386.8512,4.2509,0.5539,-6.6072,0.2841,0.0037,1,1,1,1,B0,101
CCCc1ccc(-c2c3ccc(=[NH2+])cc-3oc3cc(N(CC)Cc4ccccc4)ccc23)cc1,1,0.2459,0.6761,0.7541,0.3239,2.7779,527.4194,13.038,4.5622,0.3164,0.3711,0.2196,-7.2747,1.1306,0.4314,0.3553,0.2251,0.3032,0,1,0,525.1568,4.52,0.4006,-7.1307,0.0854,0.0117,0,1,0,0,B0,101
Cc1cc(C)c(C(=O)c2cccc(Cl)c2)c(O)c1,1,0.5641,0.3611,0.4359,0.6389,1.9384,316.4206,39.0679,4.2034,0.322,0.2202,0.204,-7.3319,0.9718,0.5751,0.365,0.2306,0.3019,0,0,0,288.7864,4.371,0.2192,-7.2982,0.3427,0.0047,0,1,0,0,B0,101
Cc1cc(Br)c(O)c(C(=O)C(=O)/C=C/c2ccc(N(C)CCO)cc2)c1,1,0.5385,0.6182,0.4615,0.3818,2.7104,424.3632,28.3073,4.344,0.5128,0.1734,0.1228,-7.2472,1.0571,0.5767,0.3873,0.207,0.3089,0,0,0,389.2933,4.2663,0.2156,-6.0107,0.0887,0.013,0,1,0,0,B0,101
COc1cc(C)c(O)c(O)c1C,1,0.5926,0.4706,0.4074,0.5294,2.1492,288.1921,54.5196,3.7777,0.447,0.1887,0.1521,-5.4448,0.5328,0.5583,0.3497,0.3804,0.3187,0,0,0,289.214,3.6559,0.1715,-5.8818,0.0848,0.0405,0,1,0,0,B0,101
Cc1cc(O)c(C(=O)c2cnn(C=C(C#N)C(=O)O)c2)cc1C,1,0.6986,0.4717,0.3014,0.5283,3.09,383.3163,74.8231,4.2991,0.471,0.1542,0.1853,-7.1927,0.928,0.6247,0.3324,0.245,0.3269,0,0,0,348.6638,4.1962,0.0625,-6.9993,0.3039,0.0189,0,1,0,0,B0,101
CCCCCCN1c2ccc(-c3ccc(C=C(C#N)C(=O)O)s3)cc2Sc2cc(-c3sc(CCCCc4ccc(O)c(OC)c4)c4c3OCCO4)ccc21,1,0.1786,0.6629,0.8214,0.3371,3.6245,480.1896,38.269,4.479,0.2864,0.2326,0.2039,-6.671,0.946,0.4794,0.4007,0.1032,0.2138,0,1,0,516.2599,4.5895,0.211,-6.0086,0.056,0.0045,0,1,0,0,B0,101
CCCCC/C=C\C=CC(=O)O,1,0.5294,0.375,0.4706,0.625,2.39,346.7774,102.4983,3.1477,1.0469,0.2704,0.2743,-5.0104,0.6919,0.3968,0.3034,0.4487,0.3495,0,1,0,381.2409,3.0293,0.2283,-5.0981,0.1361,0.6595,0,0,0,0,B0,101
CCOC(=O)CCC=C(C)C,1,0.725,0.3871,0.275,0.6129,2.0564,396.8739,119.8083,2.8274,0.9574,0.1599,0.2083,-4.6175,0.5511,0.1851,0.2516,0.2951,0.3073,0,0,0,382.5783,2.9639,0.1097,-4.1989,0.0178,0.3021,0,0,0,0,B0,101
CC(C)(C)c1ccc(-c2c(Cl)cc(Br)c(O)c2C2CCNCC2)cc1,1,0.6875,0.617,0.3125,0.383,2.626,394.4998,62.9645,4.14,0.4385,0.2572,0.2428,-7.5344,0.9001,0.4522,0.4001,0.3547,0.3777,1,1,1,362.4597,4.1771,0.2068,-7.5063,0.0998,0.0544,0,1,0,0,B0,101
CCC(=O)c1cc(OC)c(O)c(N2CCCC2)c1,1,0.6667,0.3514,0.3333,0.6486,2.1667,302.9477,54.9211,3.8503,0.4524,0.2951,0.2255,-7.1192,0.8995,0.5515,0.3471,0.2296,0.2796,1,0,0,313.925,3.8372,0.3066,-7.1378,0.2016,0.018,1,1,1,1,B0,101
COC(=O)c1cc(C(C)C)cc(C(C)C)c1O,1,0.6176,0.3333,0.3824,0.6667,2.1659,268.5296,24.2992,4.0035,0.4103,0.2354,0.2244,-6.896,0.678,0.3773,0.366,0.294,0.3487,0,1,0,263.389,3.8749,0.1585,-6.2878,0.0346,0.0212,0,1,0,0,B0,101
Cc1nn(CCCC(=O)OC2CC(C)(C)NC(C)(C)C2)c(C)c1I,1,0.6383,0.4444,0.3617,0.5556,2.9642,326.2423,79.2782,3.4881,0.644,0.3665,0.3104,-6.7682,0.683,0.3828,0.3956,0.2959,0.3221,0,1,0,278.7906,3.0911,0.2174,-6.6448,0.0295,0.3208,0,1,0,0,B0,101
C=C(C)C(=C/C=C/C1=c2\cc/c3[n]2[Zn][n]2c(ccc2/C(OCCCC)=C2/C=CC(=N2)\C=3c2ccccc2)/C(c2ccccc2)=C2/C=CC1=N2)C(=O)O,1,0.225,0.7558,0.775,0.2442,6.035,560.8716,78.299,4.4345,0.4361,0.178,0.1567,-6.9661,1.0959,0.4577,0.4048,0.1023,0.2031,0,1,0,544.5681,4.39,0.2581,-6.5976,0.0766,0.0052,0,1,0,0,B0,101
Cc1ccc2c(OCCO)ccc3c2c1C(=O)N(CC(C)C)C3=O,1,0.25,0.72,0.75,0.28,2.3982,363.4617,48.6489,4.0835,0.3851,0.3192,0.2578,-6.7721,0.7871,0.4822,0.3847,0.2232,0.2934,1,1,1,386.4639,4.1479,0.4553,-6.6436,0.3843,0.0103,1,1,1,1,B0,101
COc1ccc(-c2cc(NC(C)=O)cc(O)c2C#N)cc1,1,0.54,0.6042,0.46,0.3958,2.0895,366.4252,65.1848,4.2081,0.2624,0.1442,0.1079,-6.9827,0.8274,0.6334,0.3615,0.1595,0.2508,0,0,0,364.7517,4.2462,0.1445,-6.289,0.3503,0.0171,0,1,0,0,B0,101
O=C(O)/C=C/c1ccc2c(c1)c1ccccc1n2-c1ccc(N(c2ccc(C(=O)c3ccc(F)cc3F)c(O)c2)c2ccccc2F)cc1,1,0.403,0.6575,0.597,0.3425,2.9289,547.9642,151.2863,4.6153,0.3401,0.2301,0.2259,-7.2261,1.047,0.5255,0.3988,0.1576,0.2982,0,0,0,510.9472,4.4114,0.238,-7.3776,0.1745,0.0068,0,1,0,0,B0,101
CN(C)c1cc(N(C)CCO)ccc1C=CN=[N+]=[N-],1,0.6415,0.7761,0.3585,0.2239,3.3466,383.8687,50.8468,4.0798,0.5155,0.1724,0.138,-7.0274,1.0264,0.5128,0.3696,0.2872,0.3152,0,0,0,374.4775,4.0432,0.1605,-6.0892,0.3955,0.0204,0,1,0,0,B0,101
CC(C)(C)c1cc(C#C[Si](C)(C)C)ccc1O,1,0.5405,0.4242,0.4595,0.5758,2.6256,275.521,41.1392,4.1306,0.4575,0.2488,0.2233,-7.1153,1.2212,0.4255,0.3346,0.472,0.3655,0,1,0,296.6703,4.0136,0.2525,-7.1889,0.1514,0.0298,1,1,1,1,B0,101
Cc1ccccc1N(c1ccccc1)c1ccc(C(C)(C)C)cc1,1,0.3514,0.6053,0.6486,0.3947,1.8745,359.6293,42.3021,4.317,0.3158,0.3847,0.1116,-7.252,1.4986,0.4449,0.3637,0.3913,0.3543,1,1,1,367.6646,4.1963,0.3899,-7.2711,0.073,0.052,1,1,1,1,B0,101
COc1cc(OC)c(-c2ccc(C#N)c(N)c2N)c(O)c1-c1ccc(C(C)(C)C)cc1,1,0.6591,0.56,0.3409,0.44,2.7044,362.7675,84.9112,4.1417,0.7514,0.2381,0.2052,-6.8059,0.8206,0.5806,0.3379,0.1856,0.2794,0,0,0,379.6229,4.3308,0.2307,-6.3277,0.1019,0.006,0,1,0,0,B0,101
CC1=NC(=CCN2c3ccccc3Sc3ccccc32)C(=O)N1C,1,0.5532,0.6327,0.4468,0.3673,2.8415,388.4596,55.9919,4.0017,0.5907,0.0638,0.0626,-7.3658,1.099,0.6029,0.3481,0.215,0.2913,0,0,0,363.9303,3.853,0.1119,-7.497,0.3319,0.0109,0,1,0,0,B0,101
COc1ccc(C(=Cc2ccc(/C=C(\C#N)c3ccccc3)cc2)C(C)=O)c(C(C)(C)C)c1,1,0.4643,0.6269,0.5357,0.3731,2.5678,381.0182,44.8289,4.3747,0.3357,0.1498,0.1441,-6.9487,0.9008,0.4492,0.3623,0.1434,0.2603,0,1,0,368.9326,4.4545,0.1091,-6.3369,0.0187,0.0043,0,1,0,0,B0,101
CCCCC(CC)COc1cc2c3c(ccc(SCC)c3c1)C(=O)N(CC(C)C)C2=O,1,0.5606,0.6486,0.4394,0.3514,3.1617,413.9652,83.3011,4.174,0.3464,0.436,0.2356,-7.0289,0.9825,0.4121,0.3909,0.1618,0.2615,1,1,1,410.7828,4.1947,0.3646,-6.659,0.2527,0.0113,1,1,1,1,B0,101
C=CC(C)(OC(=O)c1ccccc1)c1ccc(NC(=O)c2cc(Cl)nc(OC)c2)cc1,1,0.5584,0.6508,0.4416,0.3492,3.0077,391.1008,61.8885,4.3767,0.3394,0.2965,0.239,-6.9481,0.872,0.5468,0.394,0.1525,0.2697,1,0,0,374.0895,4.4454,0.1044,-6.3827,0.0702,0.0067,0,1,0,0,B0,101
CCC1(CC)c2cc(-c3ccc(-c4cc(CC#N)cc(C(C)(C)C)c4O)cc3)ccc2-c2ccc(N3c4ccccc4C(C)(C)c4ccccc43)cc21,1,0.4179,0.619,0.5821,0.381,3.2717,390.6768,52.534,4.3499,0.5098,0.4871,0.3097,-7.1484,1.0972,0.4102,0.3773,0.1853,0.3087,1,1,1,371.0412,4.2088,0.46,-7.1575,0.0481,0.0047,1,1,1,1,B0,101
O=C(O)C=CCCc1ccc(O)c(Cc2ccccc2)c1,1,0.6977,0.4545,0.3023,0.5455,2.0933,329.2015,41.7214,3.9412,0.5029,0.1546,0.1888,-7.5405,0.9714,0.4765,0.383,0.2217,0.3054,0,1,0,314.537,3.7718,0.2533,-7.4698,0.1282,0.006,0,1,0,0,B0,101
CCOC(=O)c1cc(-c2ccccc2)c(Cl)cc1Cl,1,0.5366,0.45,0.4634,0.55,1.7034,283.3398,35.093,3.9339,0.6391,0.1155,0.153,-7.2268,1.1901,0.4584,0.3848,0.1169,0.2152,0,1,0,289.984,4.0746,0.2236,-6.6732,0.0211,0.005,0,1,0,0,B0,101
CC(C)(C)c1cccc2oc(C(=O)O)nc12,1,0.6389,0.575,0.3611,0.425,2.4915,292.7696,47.1219,3.8058,0.7627,0.3131,0.2389,-6.4168,1.4075,0.4459,0.3437,0.3428,0.3538,1,1,1,299.336,3.7921,0.2957,-7.2231,0.0826,0.0655,0,1,0,0,B0,101
CSc1ccc2c(c1)c(C)cc(=O)n2C,1,0.4211,0.6757,0.5789,0.3243,2.2247,293.6063,30.4929,2.3002,2.3155,0.197,0.2435,-6.208,1.5252,0.5102,0.3542,0.313,0.3058,0,0,0,293.8707,1.3606,0.267,-6.8904,0.7736,0.0818,0,0,0,0,B0,101
O=C(c1ccccc1)c1ccc(-n2cc(O)c(=O)[nH]c2=O)cc1,1,0.6429,0.5476,0.3571,0.4524,2.1143,356.7478,44.1434,4.1768,0.2525,0.2402,0.1816,-7.4363,0.9789,0.6335,0.3306,0.2464,0.2897,0,0,0,331.1485,4.0248,0.2309,-7.5564,0.349,0.0162,0,1,0,0,B0,101
CCCCn1c2ccccc2c(=O)c2cc3c(c(N(C)C)c21)c(=O)c1cc(-c2ccc(C=C(C#N)C(=O)O)s2)ccc1n3CC(=O)OCC,1,0.3086,0.6222,0.6914,0.3778,3.3734,465.9677,39.7594,4.4659,0.3873,0.3797,0.286,-6.7275,1.0491,0.3927,0.3984,0.0801,0.1917,0,1,0,499.748,4.4992,0.3662,-6.0349,0.0621,0.0036,0,1,0,0,B0,101
CC[B-]1(OC)c2cccc3cc4ccccc4c(c23)-c2cccc(C)[n+]21,1,0.2917,0.7,0.7083,0.3,3.9249,427.5933,51.9153,4.3244,0.3051,0.3502,0.1117,-6.9625,1.4629,0.3895,0.3627,0.2455,0.3138,0,1,0,401.7212,4.1077,0.3517,-6.5485,0.048,0.0343,1,1,1,1,B0,101
COC(=O)c1cc(CNC(=O)c2cc(C(=O)NCc3cccc(C)c3)ncn2)cc(OC)c1O,1,0.3333,0.6226,0.6667,0.3774,2.4209,334.9755,66.665,4.228,0.5728,0.2301,0.2173,-6.8504,0.7491,0.5096,0.3875,0.1526,0.2548,0,0,0,340.7515,4.0707,0.3095,-6.5865,0.2796,0.0102,1,1,1,1,B0,101
CC1(C)CC(OS(=O)(=O)[O-])CC(C)(C)N1,1,0.7447,0.5172,0.2553,0.4828,3.4726,466.2139,176.4088,3.0401,0.9093,0.2202,0.2271,-6.2231,0.8352,0.5559,0.3959,0.5941,0.3202,0,0,0,463.466,2.7125,0.1298,-5.8882,0.5216,0.9033,0,0,0,0,B0,101
CC(C)(C)c1cc([N+](=O)[O-])ccc1NC(=O)c1c(O)ccc(C(C)(C)C)c1O,1,0.4737,0.4808,0.5263,0.5192,2.5206,347.3998,45.4554,4.3446,0.3619,0.2455,0.244,-7.4125,0.9406,0.699,0.3425,0.2113,0.3269,0,0,0,356.3488,4.2233,0.1912,-7.2352,0.4406,0.009,0,1,0,0,B0,101
Oc1ccccc1-c1csc2ccccc12,1,0.5278,0.4444,0.4722,0.5556,1.8795,321.9504,55.3942,4.0851,0.2841,0.2428,0.2315,-7.2508,1.6453,0.5805,0.3675,0.2898,0.3021,0,0,0,304.8686,4.0056,0.1964,-7.245,0.4143,0.0223,0,1,0,0,B0,101
CCNC(C)(C)c1cc(Cl)c(O)c(Cc2cc(C(C)(C)CC(C)(C)C)cc(Cl)c2O)c1,1,0.7812,0.2368,0.2188,0.7632,2.9876,350.0864,91.2667,4.2648,0.468,0.2961,0.2414,-7.1613,0.8658,0.5917,0.3987,0.2561,0.3155,1,0,0,365.578,4.4301,0.2648,-7.0788,0.123,0.0051,1,1,1,1,B0,101
COC(OC)N1C(=O)c2cccc3c2c(cc2oc(C)nc23)C1=O,1,0.4167,0.6923,0.5833,0.3077,2.9816,395.5571,68.4929,4.0298,0.3312,0.3549,0.1808,-6.8832,0.8592,0.5316,0.3738,0.2457,0.2987,1,0,0,371.265,4.1268,0.2963,-6.3808,0.0333,0.0263,1,1,1,1,B0,101
N#Cc1cc(C=Cc2ccc(N(c3ccccc3)c3ccccc3)cc2)ccc1-c1ccc(C=Cc2ccc(N(c3ccccc3)c3ccccc3)cc2)cc1C#N,0,0.0,0.6,1.0,0.4,2.7505,406.7753,12.4281,4.7247,0.2523,0.5029,0.2176,-7.0998,1.1266,0.4382,0.3748,0.1762,0.248,1,1,1,413.3958,4.689,0.5442,-6.2085,0.1439,0.0093,1,1,1,1,B0,101
CC(=O)Nc1ccccc1C(=O)C=Cc1cc(/C=C/c2ccc(N(c3ccccc3)c3ccccc3)cc2)nc(/C=C/c2ccc(C(F)(F)F)cc2)n1,1,0.3448,0.6094,0.6552,0.3906,3.185,440.3711,76.3262,4.7049,0.275,0.501,0.3276,-7.159,1.0603,0.5234,0.3843,0.1479,0.2516,0,0,0,465.3332,4.765,0.4161,-7.1989,0.1276,0.0063,0,1,0,0,B0,101
CCCCCCC(CC(C)(C)C)N1C(=O)c2cccc3c(-c4ccc([Si](C)(C)C)c(OC)c4)ccc(c23)C1=O,1,0.3939,0.7067,0.6061,0.2933,3.4236,377.2494,43.1171,4.421,0.3333,0.3547,0.1489,-6.6473,0.8459,0.3242,0.3704,0.1617,0.2518,1,1,1,386.4619,4.4546,0.3651,-6.5361,0.0162,0.0091,1,1,1,1,B0,101
CCON1c2ccccc2Sc2ccccc21,1,0.6383,0.5278,0.3617,0.4722,2.3599,325.4013,48.9913,4.0682,0.3578,0.0626,0.0919,-7.1395,1.4776,0.4211,0.3795,0.2534,0.3083,0,1,0,327.5175,3.8627,0.1823,-6.3139,0.1028,0.0447,0,1,0,0,B0,101
O=C(O)CCCC(=Cc1ccc(C#Cc2ccc3c4c(cccc24)-c2c-3c(-c3ccccc3)c3ccccc3c2-c2ccccc2)cc1)C(=O)O,1,0.322,0.6769,0.678,0.3231,3.0279,488.8428,99.4673,4.4557,0.3435,0.2276,0.1969,-7.0762,1.0942,0.425,0.3787,0.1765,0.2853,0,1,0,496.7368,4.3044,0.246,-7.4922,0.0578,0.0078,0,1,0,0,B0,101
COc1ccc(C(=O)O)c(C(=O)c2cc(C)ccc2O)c1,1,0.619,0.3571,0.381,0.6429,1.9144,339.6345,28.5183,4.1179,0.3979,0.24,0.1645,-7.0419,0.8822,0.6002,0.3549,0.1594,0.25,0,0,0,322.0309,4.1755,0.2106,-6.3863,0.1404,0.0156,0,1,0,0,B0,101
O=C(c1ccc(Oc2ccccc2)cc1)c1ccc(-c2ccc(-c3ccc(N=Nc4ccc(O)c5ncccc45)cc3)cc2)cc1,1,0.3704,0.5102,0.6296,0.4898,2.6174,409.1471,60.546,4.306,0.6998,0.238,0.2125,-7.0903,1.0487,0.3565,0.3907,0.1443,0.2464,0,1,0,415.3537,4.3478,0.2835,-6.3129,0.0414,0.0071,1,1,1,1,B0,101
COC(=O)C=COc1ccc(/C=C/c2cc(C)c3n2[B-](F)(F)[N+]2=CC=CC2=C3)cc1,1,0.3077,0.6885,0.6923,0.3115,3.9891,566.4356,10.1551,4.6508,0.3051,0.2154,0.1845,-7.0539,0.9664,0.5476,0.3912,0.1694,0.2852,0,0,0,548.0976,4.7068,0.4178,-6.4018,0.3065,0.0041,0,1,0,0,B0,101
CCCCC(CC)COc1cc(C=CC(=O)OCCc2ccc(Cl)cc2)cc(OC)c1O,1,0.4928,0.5075,0.5072,0.4925,2.8673,360.3108,68.585,4.3935,0.2488,0.2363,0.1897,-6.8382,0.7842,0.4721,0.3935,0.1015,0.2392,0,1,0,375.2865,4.3531,0.2129,-8.089,0.0877,0.0037,0,1,0,0,B0,101
C/C=C(\C)C(=O)OCCc1nn(-c2ccccc2)c2ncc3c(C(=O)OC)c4c(nc3c12)-c1ccccc1CC4,1,0.6136,0.6486,0.3864,0.3514,3.0489,437.2055,101.9701,4.3716,0.3146,0.2736,0.2116,-6.9959,1.0129,0.4335,0.3636,0.1121,0.2249,0,1,0,396.8403,4.4937,0.3847,-6.5518,0.0596,0.0047,1,1,1,1,B0,101
COc1ccc2c3c1O[C@H]1C(=O)CC[C@H]4[C@@H](C2)N(C)CC[C@]314,0,0.7258,0.0,0.2742,1.0,4.8883,299.8239,62.4876,3.6987,0.7448,0.2013,0.2582,-6.6428,0.5401,0.431,0.3982,0.3123,0.3424,0,1,0,302.028,3.8048,0.0687,-6.4639,0.3629,0.0228,0,1,0,0,B0,101
N#Cc1ccc(/C=C2\CCC(=CC(=O)C3CCCNC3)C2=O)cc1,1,0.4906,0.64,0.5094,0.36,3.2987,379.2667,85.4528,4.2057,0.422,0.1381,0.1324,-7.5023,1.0392,0.5076,0.4121,0.2012,0.3065,0,0,0,380.7288,4.1864,0.0764,-6.7447,0.1346,0.0461,0,1,0,0,B0,101
CC1=CC(C)C(C)C(C2=C/C(=C\c3ccc(C(F)(F)F)cc3)C(c3cccc(C(F)(F)F)c3)=C2)C1,1,0.5614,0.7288,0.4386,0.2712,4.0718,390.8451,72.7499,4.2417,0.6024,0.289,0.2639,-7.4,1.192,0.4335,0.3931,0.3363,0.3618,1,1,1,371.7294,4.2723,0.1684,-7.2756,0.024,0.0666,0,1,0,0,B0,101
O=C(O)c1cc([N+](=O)[O-])c(Nc2ccc(O)c(Cc3ccc(Cl)cc3)c2)c([N+](=O)[O-])c1,1,0.5932,0.5741,0.4068,0.4259,2.4113,335.8713,65.0014,4.2808,0.5896,0.2227,0.2742,-7.4851,0.9756,0.6698,0.3811,0.2502,0.352,0,0,0,318.0546,4.2093,0.0887,-7.19,0.058,0.0073,0,1,0,0,B0,101
CCOC(=O)C(=Cc1cc([N+](=O)[O-])c(Oc2ccc(OC)c(F)c2C#N)c([N+](=O)[O-])c1)C(=O)OCC,1,0.6533,0.377,0.3467,0.623,2.9933,399.6038,90.1669,4.3483,0.3691,0.1996,0.1993,-6.8671,0.7852,0.565,0.3694,0.079,0.1782,0,0,0,410.2963,4.532,0.2414,-6.5535,0.2236,0.0035,0,1,0,0,B0,101
O=Cc1cc(N2CCOCC2)ccc1O,1,0.5952,0.4773,0.4048,0.5227,2.1541,316.4628,42.7269,3.9426,0.3977,0.1235,0.1355,-5.9636,0.9173,0.671,0.3224,0.3572,0.3363,0,0,0,309.5914,3.7573,0.1171,-5.8661,0.5407,0.078,0,0,0,0,B0,101
CCCCC(CC)COc1c(OC)ccc(O)c1C(=O)CC(=O)c1ccc(C)c(C(=O)OC)c1,1,0.6795,0.5806,0.3205,0.4194,3.0758,318.6683,56.7786,4.2601,0.3127,0.3379,0.2431,-6.8165,0.7382,0.4021,0.3929,0.0411,0.1023,1,1,1,370.9028,4.2509,0.26,-6.6387,0.0889,0.0059,1,1,1,1,B0,101
C#Cc1ccc(S(=O)C=Cc2ccc3c(c2)CCO3)c(O)c1,1,0.6964,0.5667,0.3036,0.4333,3.5805,332.1007,44.4455,4.2693,0.3095,0.194,0.1806,-7.7156,0.9981,0.4388,0.3859,0.2238,0.2813,0,1,0,326.1365,4.3013,0.1934,-7.9765,0.0652,0.0165,0,1,0,0,B0,101
Cc1cc(C(C)(C)C)cc(C=C2C=C(c3ccccc3)C=C2c2ccccc2)c1O,1,0.5,0.6222,0.5,0.3778,2.6366,439.8973,95.605,3.9307,0.556,0.2487,0.223,-7.2611,1.489,0.4184,0.3802,0.313,0.355,0,1,0,441.2696,3.7336,0.1931,-7.2728,0.1066,0.0107,0,1,0,0,B0,101
CCCCCCN1CCC2(CC1)CNC(=O)O2,1,0.7,0.4681,0.3,0.5319,3.0036,363.593,124.7163,3.7532,0.8321,0.3048,0.2737,-6.6788,0.8373,0.2964,0.3496,0.4285,0.3224,0,1,0,344.1515,3.5555,0.2626,-6.8522,0.0334,0.8461,0,0,0,0,B0,101
CCOC(=O)c1ccc(OCC)cc1,1,0.4194,0.2759,0.5806,0.7241,1.3269,286.579,26.6282,3.8537,0.4743,0.1355,0.1176,-4.8703,0.5933,0.2591,0.2838,0.1308,0.2207,0,0,0,296.4119,3.8841,0.2385,-4.5416,0.0245,0.0074,0,0,0,0,B0,101
CN(Cc1ccccc1)C(=O)C=Cc1cccc(C#N)c1S,1,0.6875,0.5769,0.3125,0.4231,2.4718,370.1952,64.8869,4.1824,0.4446,0.2685,0.3396,-7.2137,1.2497,0.4508,0.3786,0.1757,0.2825,1,1,1,343.7164,4.2446,0.3823,-5.9843,0.6534,0.0046,1,0,0,0,B0,101
Cc1ccc(C(=O)C=Cc2ccc(-n3c4ccccc4c4ccccc43)cc2)cc1,1,0.4634,0.5455,0.5366,0.4545,1.966,358.0766,17.5152,4.2573,0.8163,0.225,0.1537,-7.4601,1.1946,0.5122,0.3688,0.2205,0.3074,0,0,0,357.9183,4.4593,0.2522,-7.4976,0.1418,0.0076,1,1,1,1,B0,101
COc1ccc2ccc([C@@H](N)CCSC[C@H]3O[C@@H](n4cnc5c(=O)nc[nH]c54)[C@H](O)[C@@H]3O)c(OCC#N)c2c1,1,0.4321,0.6792,0.5679,0.3208,4.4161,351.4635,121.7657,4.6766,0.2993,0.3175,0.2625,-6.6058,0.7388,0.5506,0.3716,0.1747,0.2797,1,0,0,375.5108,4.6011,0.5571,-6.8787,0.1668,0.0103,1,1,1,1,B0,101
CCOC(=O)c1ccc(C(C)(C)C)cc1O,1,0.5263,0.3235,0.4737,0.6765,1.8592,275.9426,39.7521,3.6837,0.5881,0.276,0.213,-6.5057,1.2126,0.2809,0.3363,0.1641,0.2769,0,1,0,287.8159,3.6828,0.2647,-6.4849,0.0536,0.0116,0,1,0,0,B0,101
CCOC(=O)C(C)c1ccc(CC(C)C)cc1Cl,1,0.6047,0.6304,0.3953,0.3696,2.5364,277.3346,53.0755,3.9313,0.3977,0.1701,0.2053,-7.0802,1.0396,0.3767,0.3956,0.2032,0.2875,0,1,0,278.8004,3.581,0.1692,-6.1526,0.0313,0.0137,0,1,0,0,B0,101
Cc1cc(C(C)(C)C)c(O)c(-n2nc3ccc(Cl)cc3n2)c1Cl,1,0.6923,0.3617,0.3077,0.6383,2.6682,352.9144,49.8068,4.0597,0.4054,0.2432,0.1878,-7.233,0.9763,0.5827,0.3824,0.3553,0.3675,0,0,0,332.1615,4.2543,0.2365,-7.184,0.1632,0.0053,0,1,0,0,B0,101
CCCCCCc1ccccc1O,1,0.6486,0.4242,0.3514,0.5758,1.5946,267.5341,46.0054,3.6665,0.5475,0.2641,0.2591,-3.924,1.1513,0.2833,0.254,0.3931,0.335,0,0,0,269.7338,3.519,0.2078,-3.3394,0.044,0.4745,0,0,0,0,B0,101
CC1(C)[C@H]2CC[C@]1(C)[C@@H](Oc1cccc(Cl)c1)C2,1,0.6207,0.5366,0.3793,0.4634,3.9436,345.0057,99.7854,3.8037,0.5728,0.1285,0.1557,-7.0128,1.0133,0.2706,0.3614,0.4077,0.3503,0,1,0,272.3864,3.8202,0.1853,-6.4914,0.0093,0.8087,0,0,0,0,B0,101
CCC(C(=O)c1ccccc1)(c1ccc(O)cc1)c1cccc(-c2ccc(OC)cc2)c1,1,0.6604,0.5,0.3396,0.5,2.685,336.7934,36.4611,4.2866,0.4851,0.4045,0.2799,-7.069,0.9141,0.4044,0.3628,0.0771,0.1404,1,1,1,364.9173,4.4907,0.4295,-6.5746,0.058,0.0036,1,1,1,1,B0,101
Cc1ccc(C#Cn2ccccc2=O)c(N(C)C)c1,1,0.678,0.7255,0.322,0.2745,2.9543,360.4881,60.7586,4.2233,0.3491,0.2719,0.2007,-7.2227,1.2092,0.5623,0.3309,0.2864,0.3042,1,0,0,332.3376,4.3815,0.3457,-6.0954,0.7016,0.0126,1,0,0,0,B0,101
CC(CCc1ccccc1)NC(=O)c1cc(O)cc(C(=O)c2ccccc2)c1O,1,0.54,0.439,0.46,0.561,2.5486,308.847,30.4994,4.2894,0.1971,0.3062,0.233,-7.3895,0.9753,0.4446,0.391,0.1582,0.2737,1,1,1,275.2366,4.2145,0.3729,-8.336,0.1004,0.0077,0,1,0,0,B0,101
CCCc1ccc(-c2c3ccc(=[NH2+])cc-3oc3cc(N(CC)C(=O)C(=O)c4ccc(C#N)cc4C(C)(C)C)ccc23)cc1,1,0.4691,0.7333,0.5309,0.2667,3.3267,503.2449,76.4612,4.3332,0.5024,0.3918,0.253,-7.0636,1.1214,0.5025,0.3924,0.1925,0.3265,0,0,0,515.408,4.358,0.4726,-7.128,0.1071,0.0063,0,1,0,0,B0,101
COC(=O)C(=CC(=O)C(NC(=O)OC(C)(C)C)c1ccc2oc(-c3ccc(C#N)cc3C)nc2c1)CN1CCCCC1,1,0.4651,0.686,0.5349,0.314,3.5736,400.2224,90.075,4.0756,0.5767,0.3022,0.2454,-7.1095,1.1061,0.3921,0.3934,0.1454,0.2317,1,1,1,429.5935,4.6526,0.4692,-7.1724,0.0662,0.0081,0,1,0,0,B0,101
COc1c(O)ccc(C=C(C#N)C(=O)O)c1-c1ccccc1,1,0.5424,0.4898,0.4576,0.5102,2.3523,375.992,60.5502,4.1148,0.4972,0.1192,0.1321,-7.0363,0.9045,0.5817,0.3538,0.1583,0.266,0,0,0,363.65,4.1553,0.1324,-6.3989,0.1139,0.0125,0,1,0,0,B0,101
C[C@@H]1CCC=C2CC[C@@H](C#N)C[C@]21C,1,0.8276,0.4524,0.1724,0.5476,4.2507,393.4712,112.2413,3.5759,0.7683,0.1237,0.1766,-4.5836,1.3379,0.2639,0.3401,0.5024,0.3723,0,0,0,343.7917,3.3249,0.1062,-4.8306,0.04,0.3486,0,0,0,0,B0,101
CCCCCCCCOc1cc(C=Cc2ccncc2)c(OCCCCCCNC)cc1C=Cc1ccncc1,1,0.1707,0.6296,0.8293,0.3704,2.8094,409.2504,79.4979,4.5193,0.2094,0.4855,0.2107,-6.7691,1.0279,0.3544,0.359,0.1749,0.2522,1,1,1,424.5981,4.6297,0.3128,-6.3303,0.0313,0.0091,0,1,0,0,B0,101
CCN1/C(=C/C=C/C=C/C2=[N+](CC)c3ccc4cccc(C(=O)OC)c4c3C2(C)C)C(C)(C)c2cc(C(=O)O)ccc21,1,0.2222,0.6761,0.7778,0.3239,3.3477,693.4257,56.1584,5.1949,0.2229,0.3268,0.1914,-6.8863,1.0664,0.3654,0.3641,0.0924,0.1573,0,1,0,674.0536,5.1956,0.2462,-6.0491,0.0263,0.0044,0,1,0,0,B0,101
CCOC(=O)CCCCC(=O)OCC(C)C,1,0.66,0.1667,0.34,0.8333,1.8649,461.0809,149.5616,3.0299,0.9634,0.2059,0.2398,-6.5703,1.002,0.2069,0.2951,0.2338,0.3061,0,1,0,466.5688,2.8411,0.2036,-6.7378,0.0173,0.0433,0,1,0,0,B0,101
CC(C)(C)c1cc(COCCC=C(C#N)C(=O)O)cc(C(C)(C)C)c1O,1,0.6719,0.4884,0.3281,0.5116,2.8383,395.4086,70.7828,4.0028,0.5095,0.1387,0.1442,-7.0573,0.7426,0.5408,0.3729,0.2506,0.3543,0,0,0,342.1284,3.9338,0.2042,-6.6066,0.0421,0.0069,0,1,0,0,B0,101
CCCCCCCCCCCCOC(=O)c1ccc(C)cc1,1,0.3871,0.2424,0.6129,0.7576,1.6823,307.7553,48.3156,3.586,0.7294,0.1877,0.2082,-6.9404,1.0019,0.3067,0.3165,0.0851,0.184,0,1,0,319.006,3.903,0.2942,-6.7698,0.0323,0.0034,1,1,1,1,B0,101
O=C1CCCC2=C1C(c1ccc(-c3ccc(O)c(F)c3)cc1Cl)c1c(c3c(O)cccc3oc1=O)N2,1,0.5479,0.6901,0.4521,0.3099,3.4119,408.1591,69.9384,4.3571,0.3976,0.2847,0.2239,-7.3893,0.946,0.5522,0.4112,0.2369,0.3269,1,0,0,392.4738,4.4248,0.3864,-7.5333,0.412,0.0065,1,1,1,1,B0,101
O=C(c1ccccc1)c1ccccc1CN1CCCCC1,1,0.625,0.2632,0.375,0.7368,1.6536,326.1426,53.5547,4.1281,0.3896,0.3737,0.2393,-7.8218,1.1431,0.3822,0.3296,0.2257,0.2712,1,1,1,310.4647,4.0055,0.4282,-8.2007,0.2067,0.0108,1,1,1,1,B0,101
CCCCc1ccc(O)c(O)c1,1,0.4286,0.3939,0.5714,0.6061,1.7367,275.4796,45.0982,3.7721,0.5674,0.3457,0.2816,-4.9792,0.7771,0.4994,0.3491,0.4247,0.3559,0,0,0,291.0222,3.6794,0.1858,-5.1852,0.234,0.0807,0,1,0,0,B0,101
CC(c1ccccc1)c1ccccc1,1,0.4211,0.4167,0.5789,0.5833,1.3976,273.277,33.4082,3.7225,0.6688,0.1146,0.1312,-4.1892,1.2534,0.3449,0.3112,0.4279,0.3489,0,0,0,283.5414,3.6449,0.2418,-3.62,0.1211,0.1092,0,0,0,0,B0,101
CCCCc1cccc(C(c2ccccc2C=CC(=O)c2cc(C)ccc2O)C(C=O)C(C)C)c1,1,0.7324,0.5652,0.2676,0.4348,3.4896,389.6065,78.9888,4.4546,0.2763,0.27,0.1829,-7.2502,1.0159,0.3795,0.3872,0.1819,0.2889,1,1,1,371.7126,4.4411,0.2906,-7.037,0.0182,0.0053,1,1,1,1,B0,101
CCCCc1c(SSSSc2cc(C(C)(C)C)c(O)c(C(C)(C)C)c2)cc(C(C)(C)C)c(O)c1C(C)(C)C,1,0.7333,0.45,0.2667,0.55,3.5176,365.6405,110.1303,4.3648,0.3461,0.3349,0.2476,-6.6872,0.9544,0.4253,0.399,0.3206,0.3588,1,1,1,387.6004,4.2597,0.2667,-6.6983,0.1123,0.0966,1,1,1,1,B0,101
CCOC(=O)C1=C(CC)NC(=O)C1=NNc1ccc(C#N)cc1-c1ccc(OC)cc1,1,0.5,0.6615,0.5,0.3385,2.7901,420.0723,88.0,4.3436,0.2943,0.253,0.2295,-6.8989,0.7917,0.5407,0.3795,0.0979,0.1845,0,0,0,398.6217,4.4948,0.2706,-6.6079,0.5138,0.0078,1,0,0,0,B0,101
CC/C=C\COCC(=O)c1ccccc1,1,0.5814,0.5,0.4186,0.5,2.0717,347.4898,56.5008,3.6799,0.8286,0.0601,0.0794,-5.8758,1.4279,0.1304,0.1931,0.1397,0.2244,0,1,0,349.4301,3.6555,0.193,-4.8586,0.0073,0.0104,0,0,0,0,B0,101
CC1=CC[C@@H](c2ccc3c(c2)Oc2ccccc2B3c2c(C(C)C)cc(C(C)C)cc2C(C)C)CC1=O,1,0.5152,0.6949,0.4848,0.3051,3.8531,402.5696,69.398,4.2944,0.2189,0.739,0.1963,-7.3094,1.2181,0.4716,0.3755,0.2697,0.313,1,1,1,370.5039,4.2942,0.7489,-7.028,0.0227,0.0079,1,1,1,1,B0,101
CCNc1cc(C(C)(C)C)c(O)c(C(C)(C)C)c1,1,0.5714,0.3462,0.4286,0.6538,2.2498,262.5593,33.6098,3.6409,0.6286,0.2433,0.2314,-7.2138,0.7346,0.4178,0.3819,0.3845,0.3668,0,1,0,270.117,3.7012,0.2018,-7.2216,0.0637,0.0056,0,1,0,0,B0,101
CCCCCCc1cc(C=Cc2nc3ccccc3o2)c(OC)cc1C=Cc1nc(C)nc(C)n1,1,0.25,0.6986,0.75,0.3014,2.9948,397.1241,49.6327,4.3978,0.3245,0.5242,0.2772,-6.6769,1.0785,0.3233,0.355,0.1773,0.279,1,1,1,391.3984,4.0693,0.3686,-6.5958,0.034,0.01,1,1,1,1,B0,101
C=CCCCCCCCCC(=O)OCCCCC,1,0.6977,0.0968,0.3023,0.9032,1.9939,367.271,113.5703,3.0505,0.9542,0.2426,0.2262,-6.7008,1.0105,0.2113,0.2404,0.1219,0.1993,0,1,0,378.7482,2.8657,0.2137,-6.7833,0.0841,0.015,0,1,0,0,B0,101
CCC=C1C(=O)N(CC)C(=S)N(CC)C1=O,1,0.5682,0.7436,0.4318,0.2564,2.8615,384.4933,109.1243,3.4434,0.7999,0.0753,0.0901,-6.9607,0.8582,0.5216,0.3459,0.4527,0.3353,0,0,0,404.955,3.3047,0.1583,-7.1313,0.5091,0.1319,0,0,0,0,B0,101
COc1cc(C(=O)C#N)ccc1NC(=O)OC(C)(C)C,1,0.662,0.5957,0.338,0.4043,2.2277,368.2803,73.4638,3.8106,0.7458,0.3268,0.2616,-6.7703,0.6221,0.546,0.3837,0.2095,0.2905,1,0,0,329.1652,3.7903,0.1996,-6.3597,0.328,0.0254,0,1,0,0,B0,101
Oc1ccc(N=Nc2ccccc2-c2ccccc2-c2ccccc2)c2cccnc12,1,0.4255,0.675,0.5745,0.325,2.3554,462.0137,47.529,4.1813,0.5801,0.2381,0.2233,-7.4061,1.1038,0.495,0.3908,0.2248,0.2756,0,1,0,453.5574,4.3391,0.2574,-7.4424,0.103,0.005,0,1,0,0,B0,101
C=CCC1OC(n2cc(C#Cc3c4ccccc4cc4c(-c5ccc(C(C)(C)C)cc5)cccc34)c3c(N)ncnc32)CC1O,1,0.3375,0.7619,0.6625,0.2381,4.0912,420.937,76.2983,4.3946,0.2948,0.2967,0.224,-7.1459,1.0348,0.4638,0.3709,0.1814,0.2838,0,1,0,418.7777,4.406,0.3421,-7.3641,0.0847,0.0057,1,1,1,1,B0,101
O=C(O)CC(=O)NCC1CCNCC1,1,0.7778,0.3871,0.2222,0.6129,2.282,389.5205,110.5592,3.1599,1.139,0.214,0.2531,-5.9566,0.7367,0.5497,0.4083,0.4644,0.3354,0,0,0,371.3501,3.1532,0.3704,-6.0657,0.2614,0.5979,0,0,0,0,B0,101
CCCCc1cc(O)c(-c2ccccc2C(=O)C#N)cc1C,1,0.6575,0.6154,0.3425,0.3846,2.4488,348.5065,46.0382,4.0699,0.3887,0.4202,0.259,-7.2687,1.0565,0.4202,0.372,0.1245,0.2146,1,1,1,365.7368,3.9773,0.3881,-7.308,0.0357,0.0032,1,1,1,1,B0,101
COc1cc(C(C)C)cc2c1OCO2,1,0.7292,0.675,0.2708,0.325,2.0813,281.6685,40.6333,3.5201,0.4664,0.1922,0.2463,-5.0786,0.9399,0.3523,0.3565,0.357,0.3393,0,1,0,277.282,3.3769,0.245,-4.9691,0.0641,0.0701,0,0,0,0,B0,101
COc1ccc(N=Nc2c(C)nn3c(C(C)(C)c4cc(C(C)(C)c5ccc(O)cc5)c(O)cc4O)c(-c4ccccc4)[nH]c23)cc1,1,0.4868,0.629,0.5132,0.371,3.4562,403.0656,59.547,4.1963,0.6728,0.3913,0.3083,-6.8075,0.9404,0.4538,0.3939,0.1571,0.2608,1,1,1,434.9998,3.9785,0.3669,-6.3255,0.0725,0.0064,0,1,0,0,B0,101
O=C(O)[C@]1(O)C[C@@H](O)[C@@H](O)[C@H](c2c(O)cccc2Br)C1,1,0.6207,0.6957,0.3793,0.3043,4.0143,259.2955,33.5181,3.8657,0.8105,0.2205,0.2378,-7.2709,0.684,0.6643,0.345,0.3113,0.3415,0,0,0,245.1813,3.7214,0.1181,-7.5874,0.3351,0.2195,0,1,0,0,B0,101
COc1cc(OC)cc(C(=O)Nc2ccc(-n3c4ccccc4c4cc5c6ccccc6n6c7ccccc7c(c43)c56)cc2)c1,1,0.5,0.6667,0.5,0.3333,2.6876,393.9864,51.0055,4.4658,0.2128,0.2871,0.2429,-6.7901,0.9187,0.4454,0.406,0.1155,0.2267,1,1,1,401.4338,4.7362,0.2346,-6.3706,0.0743,0.0046,0,1,0,0,B0,101
COC(=O)C(C(=O)OCc1ccccc1)=C(C)C,1,0.5476,0.4167,0.4524,0.5833,2.186,288.1821,34.4246,3.8613,0.348,0.307,0.2382,-7.0564,0.8787,0.3951,0.3689,0.1471,0.2203,0,1,0,278.7172,3.8202,0.3083,-6.5472,0.1587,0.0051,0,1,0,0,B0,101
CCOc1cc(C=C2c3ccccc3C=Cc3ccccc32)c(OC(=O)c2ccc(OC)c(S(=O)(=O)Cl)c2)cc1C=C1c2ccccc2-c2ccccc21,1,0.4237,0.5469,0.5763,0.4531,3.1794,459.9707,108.1883,4.3739,0.3932,0.1638,0.2037,-6.824,0.8899,0.5063,0.3974,0.1111,0.2156,0,0,0,429.1534,4.4356,0.1383,-7.7218,0.0302,0.0046,0,1,0,0,B0,101
Cc1cc(S)c(N=Nc2cc(F)c(O)c(C)c2O)s1,1,0.5227,0.75,0.4773,0.25,3.6203,467.6132,35.1184,3.7826,0.69,0.2639,0.2572,-7.2232,0.9971,0.6733,0.354,0.3034,0.3467,0,0,0,409.3773,3.5363,0.2796,-6.9206,0.613,0.0068,0,0,0,0,B0,101
CCCCCCCC=C(C=O)CCCCc1c(N)n2c(nc3ccccc32)[nH]c1=O,1,0.5811,0.5862,0.4189,0.4138,3.0638,408.4876,91.9842,4.3197,0.3689,0.1474,0.1641,-7.1108,0.9001,0.3709,0.3799,0.139,0.2351,0,1,0,379.4132,4.0628,0.1553,-7.3996,0.2175,0.0035,0,1,0,0,B0,101
O=c1oc2ccccc2cc1-c1ccc2c(c1)OCO2,1,0.3514,0.6304,0.6486,0.3696,1.9932,345.1331,32.8294,4.1459,0.5946,0.3404,0.1955,-7.377,0.9957,0.4743,0.3849,0.2623,0.2833,1,1,1,344.0328,4.2077,0.3507,-8.6087,0.2654,0.0268,1,1,1,1,B0,101
CCCCCCOc1cc(C(=O)n2c3ccccc3c3cc(C=CC(=C(C#N)C#N)c4ccccc4C(=O)OC)c(OCC)cc32)c(O)c2ccccc12,1,0.5301,0.5443,0.4699,0.4557,3.3871,451.5964,83.1852,4.5243,0.2772,0.265,0.2231,-6.8997,1.0278,0.3406,0.3793,0.0618,0.1288,0,1,0,479.8704,4.4691,0.1763,-6.5949,0.0228,0.0027,0,1,0,0,B0,101
CCCC(c1cc(-c2ccc(OC)cc2)c(N(CC)CC)cc1O)c1cc(C(C)(C)C)cc(C(C)(C)C)c1O,1,0.6866,0.463,0.3134,0.537,3.3529,346.9593,100.3449,4.4867,0.3918,0.3386,0.2237,-7.0588,1.0846,0.4192,0.3762,0.1676,0.2886,1,1,1,401.7274,4.5376,0.3771,-7.18,0.0404,0.0061,1,1,1,1,B0,101
CN1C(=CCC#N)C(C)(C)c2ccccc21,1,0.45,0.6852,0.55,0.3148,2.761,360.493,49.2819,3.9894,0.8969,0.0574,0.0843,-6.8163,1.6009,0.4466,0.3606,0.3199,0.3329,0,1,0,373.4306,4.2664,0.0995,-7.2497,0.093,0.1235,0,1,0,0,B0,101
CCCCCCn1c2cc(/C=C(\C#N)c3ccccc3)ccc2c2ccc(CC)cc21,1,0.12,0.6232,0.88,0.3768,2.3832,389.8563,51.2092,4.4788,0.2711,0.1837,0.2047,-7.451,1.0911,0.3353,0.3469,0.1972,0.2865,0,1,0,380.6684,4.3257,0.1663,-7.5992,0.0392,0.0027,0,1,0,0,B0,101
CCOC(=O)C(=O)C1(C)CCNCC1,1,0.6818,0.5143,0.3182,0.4857,2.7422,426.4293,120.4116,2.9785,1.116,0.1947,0.2093,-5.6676,0.5953,0.4334,0.4042,0.3389,0.3034,0,1,0,399.6424,3.0989,0.1588,-5.8678,0.0657,0.0891,0,1,0,0,B0,101
N#CC1OC(CO)C(O)C(N)C1O,1,0.7347,0.6383,0.2653,0.3617,4.392,366.5034,130.0169,2.9043,1.1122,0.1971,0.2412,-6.2424,0.7228,0.6844,0.3301,0.4733,0.3526,0,0,0,372.1105,3.1265,0.3919,-6.3845,0.6714,0.0713,0,0,0,0,B0,101
CCCc1ccc(C(=O)O)cc1,1,0.6129,0.5517,0.3871,0.4483,1.3411,274.0905,40.7593,3.7871,0.5624,0.3101,0.2667,-4.9097,0.7295,0.3981,0.2988,0.3974,0.3412,0,0,0,292.6148,3.6843,0.2604,-5.0581,0.0949,0.0341,0,1,0,0,B0,101
CCCCCCOC=C(C)C,1,0.68,0.4615,0.32,0.5385,2.4522,304.4239,146.6782,3.4351,0.8531,0.2695,0.3128,-3.6614,0.9015,0.2096,0.2272,0.3972,0.3167,0,0,0,329.8578,3.8659,0.2917,-4.3338,0.0229,0.0607,1,0,0,0,B0,101
CCCCC(CC)COc1cc(C(=O)OC)n2c(NC3CCCCC3)c(-c3ccc(OC)cc3)nc2c1,1,0.3944,0.5769,0.6056,0.4231,3.251,316.8848,84.7602,4.1466,0.5673,0.3247,0.2198,-6.9073,0.82,0.3138,0.3634,0.0489,0.1233,1,1,1,390.2937,4.2214,0.3338,-6.6772,0.0299,0.0054,1,1,1,1,B0,101
Cc1cccc2c(-c3ccccc3)c3ccccc3c(-c3cccc(-c4c5ccccc5c(-c5ccccc5)c5ccccc45)n3)c12,1,0.2903,0.6875,0.7097,0.3125,2.3101,389.4431,37.9473,4.3396,0.3631,0.4627,0.162,-6.9871,1.4536,0.4481,0.359,0.3171,0.3316,1,1,1,393.0458,4.3051,0.4488,-7.4098,0.0724,0.034,1,1,1,1,B0,101
Cc1ccc(C(=O)c2cc(C(C)(C)C)ccc2O)cc1N(C)C,1,0.6909,0.4211,0.3091,0.5789,2.1917,336.2398,53.3216,4.1907,0.3595,0.3073,0.224,-7.2627,1.1336,0.5058,0.3801,0.2205,0.3038,1,0,0,330.3141,4.1161,0.2908,-5.9382,0.1811,0.0065,1,1,1,1,B0,101
CCCNC(=S)Nc1ccc(Br)cc1,1,0.6042,0.6538,0.3958,0.3462,1.721,278.3156,41.7392,3.9475,0.4078,0.2942,0.2835,-6.911,1.4604,0.544,0.3863,0.4605,0.3511,0,0,0,291.362,3.9011,0.1563,-6.8397,0.18,0.6738,0,0,0,0,B0,101
CSc1ccc(C=Cc2cnc3ccccc3n2)c(O)c1,1,0.3488,0.68,0.6512,0.32,2.4449,342.2992,20.8717,4.2702,0.3427,0.1803,0.1936,-7.3588,1.1029,0.6026,0.3347,0.1861,0.264,0,0,0,344.2978,4.1988,0.1455,-7.4305,0.5566,0.0052,0,0,0,0,B0,101
CCCOC(=O)c1ccc(C(=O)OCc2ccc(O)c(C(=O)C3CCCCC3)c2)cc1,1,0.5333,0.5,0.4667,0.5,2.1901,339.8327,51.6511,4.2906,0.2447,0.4642,0.3195,-7.6998,0.9218,0.4701,0.3764,0.0835,0.1949,1,1,1,353.7574,4.25,0.4047,-7.2229,0.1,0.0043,1,1,1,1,B0,101
CCCc1ccc(OC(=O)C=Cc2ccc(OCC)cc2)c(OC)c1,1,0.6716,0.46,0.3284,0.54,1.9565,351.8959,39.7878,4.2433,0.4837,0.3638,0.316,-6.8503,0.8198,0.4239,0.3508,0.116,0.239,1,1,1,379.286,4.2655,0.3284,-6.5462,0.0274,0.0049,1,1,1,1,B0,101
Cc1c(O)cccc1C=C1SC(=S)N(CC(=O)O)C1=O,1,0.4423,0.6875,0.5577,0.3125,2.4664,295.2437,35.9792,3.9873,0.5077,0.0954,0.1215,-7.2215,0.8313,0.6597,0.3244,0.2393,0.3248,0,0,0,360.4281,4.0141,0.123,-7.4208,0.5373,0.0138,0,0,0,0,B0,101
CC(C=O)CCCCN1/C(=C/C2C(=O)/C(=C\c3cc(C(C)(C)C)[o+]c(C(C)(C)C)c3)C2[O-])C(C)(C)c2cc(C(=O)O)c(C#N)cc21,1,0.3605,0.7981,0.6395,0.2019,5.0241,559.4596,119.8663,4.3486,0.4898,0.2255,0.2089,-7.0053,1.0137,0.3893,0.3752,0.1762,0.2888,0,1,0,605.451,4.4781,0.3869,-7.8647,0.1152,0.0087,0,1,0,0,B0,101
CC(C)(C)c1cc(CN=Nc2ccc(S)s2)cc(C(C)(C)C)c1O,1,0.5952,0.55,0.4048,0.45,3.4283,479.6349,50.5173,3.9052,0.5517,0.3189,0.2924,-7.1582,0.9563,0.5219,0.4028,0.3171,0.3603,0,0,0,390.8331,3.7341,0.1894,-7.2389,0.733,0.0064,0,0,0,0,B0,101
CC(C)(C)c1ccc(Cl)cc1Cl,1,0.5769,0.5556,0.4231,0.4444,1.8504,279.8824,36.7903,3.9273,0.5353,0.2066,0.1877,-3.9539,1.0645,0.4961,0.3605,0.649,0.2955,0,0,0,279.7108,3.9537,0.2474,-3.4422,0.0469,0.7068,0,0,0,0,B0,101
Nc1ccc2c(c1)CCc1c(ccc(N)c1C(F)(F)F)/N=N\2,1,0.4118,0.725,0.5882,0.275,3.1914,355.5359,63.1541,4.2385,0.3885,0.2842,0.2056,-7.5196,0.9715,0.6922,0.3295,0.293,0.3445,1,0,0,352.7686,4.3076,0.5112,-7.2018,0.4232,0.0117,1,1,1,1,B0,101
COc1ccc(-c2c(C(=O)OCCCCCCCCc3cccc(-c4nc5ccc([N+](=O)[O-])cc5o4)n3)cc(O)c(O)c2O)cc1,1,0.5616,0.6591,0.4384,0.3409,3.0045,533.2727,114.053,4.4234,0.2887,0.3236,0.252,-6.7402,0.8739,0.4176,0.4046,0.1219,0.264,0,1,0,444.8074,4.3725,0.2261,-6.5153,0.0245,0.0032,0,1,0,0,B0,101
O=C(NC1CCCCCC1)C(=O)c1ccccc1,1,0.6905,0.4884,0.3095,0.5116,1.7616,288.3611,44.3075,3.8548,0.6067,0.1903,0.1784,-7.2141,0.7337,0.4291,0.3756,0.2757,0.3247,0,1,0,270.6843,3.7374,0.2573,-7.4255,0.1234,0.027,0,1,0,0,B0,101
CCC(=O)C=Cc1ccccc1C#N,1,0.6216,0.3684,0.3784,0.6316,2.3148,307.3115,31.6991,4.0221,0.3039,0.0752,0.1076,-5.0751,0.688,0.5883,0.3166,0.2492,0.3186,0,0,0,312.9636,3.7179,0.1065,-4.8947,0.7429,0.0111,0,0,0,0,B0,101
COCC(=O)c1ccc(O)cc1O,1,0.619,0.3333,0.381,0.6667,2.0425,278.2638,19.4322,3.9488,0.404,0.1692,0.1361,-5.5274,0.6126,0.6478,0.3201,0.2408,0.2708,0,0,0,271.9596,3.6833,0.1892,-5.5808,0.7071,0.0173,0,0,0,0,B0,101
CCOC(=O)C=C(Oc1ccccc1)c1ccccc1,1,0.5532,0.2353,0.4468,0.7647,1.9914,330.5011,49.5399,4.1205,0.4091,0.0924,0.1262,-7.3048,1.0323,0.2756,0.2954,0.0845,0.1542,0,1,0,325.0976,4.1286,0.3035,-6.7157,0.0331,0.0023,1,1,1,1,B0,101
CN(C)c1ccc(-c2sc(C=CC(=O)C(=O)c3ccc(C(=O)C(=O)c4ccc(O)c(C(F)(F)F)c4)cc3)c(N)c2-c2ccsc2)s1,1,0.4028,0.7639,0.5972,0.2361,3.6147,490.647,86.3536,4.4342,0.3027,0.1948,0.1833,-7.1003,1.1268,0.5403,0.4153,0.1517,0.2725,0,0,0,528.8038,4.3864,0.2155,-5.9769,0.2836,0.0049,0,1,0,0,B0,101
C=C(C)C(=O)c1oc(-c2cccc(CCCC)c2)c2ccccc12,1,0.623,0.6491,0.377,0.3509,2.4772,334.2863,54.2638,4.0887,0.4202,0.4816,0.2075,-7.4928,1.0414,0.3541,0.3439,0.1486,0.2491,1,1,1,339.6435,4.1678,0.4736,-7.6857,0.0515,0.0032,1,1,1,1,B0,101
CCCCC(CC)COC(=O)C(C#N)=CC(=O)O,1,0.6212,0.3846,0.3788,0.6154,3.0895,375.1591,127.6149,2.9581,0.9964,0.1234,0.1874,-6.8644,0.7147,0.4706,0.3759,0.1781,0.2684,0,1,0,415.5831,2.7501,0.1488,-6.7313,0.3828,0.0127,0,1,0,0,B0,101
CCCCCCCCc1ccc(O)c(C2=C(c3cc(C)sc3C)S(=O)(=O)c3ccccc32)c1,1,0.4038,0.5968,0.5962,0.4032,2.8688,381.904,94.9551,4.1893,0.4242,0.3762,0.264,-7.2502,1.0742,0.3966,0.383,0.1679,0.2555,1,1,1,405.9388,4.2038,0.0444,-7.3364,0.0312,0.0035,0,1,0,0,B0,101
Cc1cccc(O)c1-c1ccc(Cl)c(C(=O)C=C(C#N)c2nc3ccccc3s2)c1,1,0.5312,0.6866,0.4688,0.3134,2.6859,393.6297,50.9325,4.2996,0.3233,0.193,0.2216,-7.329,0.9708,0.6214,0.3968,0.1489,0.2483,0,0,0,411.7539,4.1078,0.0676,-7.386,0.2301,0.0049,0,1,0,0,B0,101
COC(=O)c1ccc(-c2cn3c(ccc4c(C)cc(-c5ccccc5)nc43)n2)cc1,1,0.2708,0.614,0.7292,0.386,2.2411,349.6473,23.8269,4.3159,0.2718,0.4338,0.1699,-7.0529,0.9386,0.4624,0.3855,0.118,0.2152,1,1,1,348.6794,3.9065,0.3972,-6.3314,0.0868,0.0042,1,1,1,1,B0,101
O=C(Nc1ccccc1)C1CCCNC1,0,0.6111,0.0,0.3889,1.0,2.1424,263.3827,36.0761,3.896,0.463,0.2739,0.2962,-6.3415,1.0271,0.5288,0.3897,0.3025,0.3332,0,0,0,284.2413,3.8866,0.2114,-6.5105,0.199,0.0458,0,1,0,0,B0,101
CC(C)(C)c1cc(Cc2cc(Cc3cc(C(C)(C)C)c(O)c(C(C)(C)C)c3)c(O)c(Cc3cc(C(C)(C)C)c(O)c(C(F)(F)F)c3)c2)cc(C(C)(C)C)c1O,1,0.6571,0.1667,0.3429,0.8333,3.102,436.971,78.5061,4.5655,0.2803,0.3584,0.2295,-6.9997,0.9686,0.3741,0.371,0.3215,0.3702,0,1,0,417.841,4.4482,0.3693,-6.8579,0.057,0.0073,1,1,1,1,B0,101
C=C(C)C(CC=C(C)C)c1ccc2c(c1)C(I)=C(CCO)N(C)S2(=O)=O,1,0.4483,0.7321,0.5517,0.2679,4.0434,348.8473,73.9163,4.2329,0.4779,0.2153,0.2242,-7.1025,0.871,0.5022,0.3882,0.2092,0.2922,0,0,0,329.2408,3.9428,0.2051,-7.2132,0.2018,0.0435,0,1,0,0,B0,101
COC(=O)c1c(OC(=O)c2ccccc2)ccc(O)c1-c1ccc(-c2cc3c(s2)c(C(=O)OC)cc(=O)n3Cc2ccccc2)cc1,1,0.3714,0.6486,0.6286,0.3514,2.8933,472.7434,99.6624,4.3065,0.334,0.2969,0.2732,-6.9258,0.9389,0.4784,0.3904,0.1015,0.2306,0,1,0,448.225,4.2052,0.3,-6.5825,0.0966,0.006,0,1,0,0,B0,101
CC(=O)c1ccccc1-c1ccccc1,1,0.4828,0.2857,0.5172,0.7143,1.3487,297.88,30.017,3.9844,0.5528,0.2109,0.1531,-4.7946,1.6739,0.4261,0.3305,0.2464,0.3017,0,0,0,304.879,4.137,0.2455,-3.4731,0.3634,0.0209,0,0,0,0,B0,101
CC=Cn1c(Nc2c(C)cccc2C)nc2cc3c(C)c(C(N)=O)c(=O)oc3cc21,1,0.2769,0.7534,0.7231,0.2466,3.0899,396.4656,77.8485,4.2537,0.2931,0.2036,0.1945,-7.3132,0.8737,0.4407,0.4114,0.1663,0.2597,0,1,0,370.7189,4.3456,0.227,-7.3614,0.0699,0.0055,0,1,0,0,B0,101
Cc1sc2ccccc2c1C1=C(CN2CCCCC2)C(=O)NC1=O,1,0.3778,0.7193,0.6222,0.2807,2.6053,353.919,46.7149,3.9601,0.6334,0.3271,0.3015,-7.4793,1.0325,0.5257,0.3612,0.2588,0.3224,1,0,0,376.9334,4.0656,0.2535,-7.9784,0.5214,0.0545,1,0,0,0,B0,101
CCC=Cc1cc(C=Cc2ccc(OC)cc2)nc(C=Cc2ccc(C(F)(F)F)cc2)n1,1,0.1667,0.6538,0.8333,0.3462,2.8109,373.951,60.6812,4.6914,0.2367,0.3582,0.1966,-7.0589,0.9784,0.4494,0.3388,0.1782,0.255,1,1,1,373.8263,4.6607,0.3677,-6.6857,0.0757,0.0094,1,1,1,1,B0,101
CCCCCCCCCCCCCCCC#N,1,0.5455,0.0,0.4545,1.0,1.8535,387.9645,175.7309,3.2419,0.7773,0.1791,0.2145,-6.7777,0.9673,0.2257,0.256,0.3728,0.2956,0,1,0,362.0402,3.1866,0.1918,-6.9103,0.0363,0.0777,0,1,0,0,B0,101
CCCCCCOC(C)Cc1ccc(O)cc1,1,0.625,0.5,0.375,0.5,2.3721,266.0816,40.9715,3.5638,0.6282,0.2455,0.2503,-7.0983,0.8505,0.2609,0.3032,0.2345,0.3219,0,1,0,284.3948,3.7954,0.2086,-6.9168,0.0438,0.0231,0,1,0,0,B0,101
Cc1ccc(OCOc2nnc(Cl)nn2)c(C(=O)c2ccccc2)c1,1,0.6792,0.4,0.3208,0.6,2.5895,347.2856,58.0584,3.8556,0.51,0.3645,0.2122,-6.9849,0.8482,0.5941,0.3673,0.1909,0.2866,1,0,0,399.9105,3.8789,0.3485,-6.6163,0.14,0.0111,1,1,1,1,B0,101
CC1=CC(/C=C/c2ccc(Cc3ccccc3)cc2)=[N+]2C1=C(c1ccccc1)c1c(C)cc(C)n1[B-]2(F)F,1,0.3333,0.7671,0.6667,0.2329,3.2355,575.0737,32.5086,4.7872,0.2588,0.7654,0.1988,-7.0809,1.5604,0.3927,0.3833,0.2851,0.3192,0,1,0,553.6846,4.9243,0.7582,-7.3563,0.2126,0.0382,0,1,0,0,B0,101
[2H]C([2H])([2H])N1CCCCC1C(=O)c1ccccc1,1,0.6977,0.5102,0.3023,0.4898,3.7035,269.6381,40.3569,3.7372,0.6762,0.1513,0.1825,-6.6404,1.6191,0.3682,0.356,0.3431,0.3534,0,1,0,270.6463,3.7513,0.0996,-7.8666,0.271,0.1169,0,1,0,0,B0,101
COC(=O)C(=CO)NC1CC2CNC1C2,1,0.7838,0.6111,0.2162,0.3889,5.0336,367.7393,100.9893,2.5988,1.6435,0.1217,0.1375,-6.0188,0.8591,0.6281,0.3713,0.4504,0.3374,0,0,0,402.6579,3.225,0.055,-5.782,0.3896,0.4426,0,1,0,0,B0,101
COC(=O)c1ccc(F)c(-c2sc(/C=C(/C#N)C(=O)O)c(OC)c2OC)c1,1,0.4844,0.5833,0.5156,0.4167,2.8569,428.1936,74.425,4.3069,0.2914,0.1518,0.166,-6.8375,0.7808,0.5544,0.38,0.1396,0.2685,0,0,0,422.3861,4.5031,0.23,-6.3536,0.0897,0.0103,0,1,0,0,B0,101
CCN(C(=O)c1ccccc1-c1ccccc1)c1ccc2cc(-c3cc(-c4ccccc4C(=O)O)c4ccc(=[N+](CC)CC)cc-4o3)c(=O)oc2c1,1,0.2143,0.7229,0.7857,0.2771,3.2724,517.6581,111.4753,4.5565,0.6459,0.2811,0.1877,-7.1889,1.0331,0.4413,0.3848,0.1111,0.1941,0,1,0,539.6399,4.5426,0.3182,-6.1628,0.0823,0.0046,0,1,0,0,B0,101
CCCCC1(CCCC)C(C=C2C(=O)C(CF)=C2[O-])=[N+](CCC(=O)O)c2ccccc21,1,0.4725,0.7385,0.5275,0.2615,3.6457,495.9943,92.7256,4.4884,0.2622,0.1449,0.1327,-7.071,0.8589,0.3965,0.37,0.1516,0.2489,0,1,0,506.6042,4.4816,0.245,-7.6358,0.1509,0.0067,0,1,0,0,B0,101
O=CCCC1C2=C(CCCC2=O)Nc2c1c(=O)oc1ccccc21,1,0.4167,0.75,0.5833,0.25,3.4675,355.9561,69.1483,4.2295,0.3825,0.1793,0.2076,-7.4607,0.9407,0.4472,0.3903,0.2437,0.3119,0,1,0,378.9504,4.3948,0.26,-7.572,0.1645,0.0511,1,1,1,1,B0,101
CCN1/C(=C\C=C\c2oc3ccccc3[n+]2CC)Oc2ccc(C(=O)OC)cc21,1,0.3065,0.7183,0.6935,0.2817,2.9999,521.2306,80.3988,4.5348,0.3758,0.2054,0.1852,-7.1453,0.8804,0.4941,0.3824,0.0814,0.1466,0,1,0,476.9732,4.5466,0.1942,-6.4794,0.0614,0.0035,0,1,0,0,B0,101
CS(=O)c1cc(C(C)(C)C)cc(-c2cc(N)ccc2O)c1O,1,0.6786,0.475,0.3214,0.525,3.2415,356.867,85.2538,4.167,0.3785,0.3313,0.243,-7.189,1.397,0.7126,0.297,0.2393,0.3082,1,0,0,307.4642,4.1162,0.2462,-7.3926,0.5357,0.0108,0,0,0,0,B0,101
O=C(c1cnn(-c2ccccc2)c1)c1cc(-c2ccccc2O)ccc1O,1,0.6786,0.2444,0.3214,0.7556,2.1668,341.5143,51.9836,4.2075,0.4075,0.2034,0.1108,-7.4878,0.9932,0.5343,0.3684,0.1864,0.2723,0,0,0,371.0522,4.1654,0.2981,-7.5077,0.1472,0.0082,1,1,1,1,B0,101
CN1c2ccccc2Sc2cc3ccccc3c(C=C(CN)C(=O)O)c21,1,0.3214,0.661,0.6786,0.339,2.8257,389.6548,48.5486,4.147,0.5932,0.1274,0.1371,-7.3133,1.0412,0.5091,0.3928,0.1645,0.2812,0,0,0,416.2756,3.9801,0.009,-7.5043,0.2457,0.003,0,1,0,0,B0,101
CCCCn1c2ccc(CC(=O)c3ccccc3O)cc2c2cc(-c3ccc(-c4ccncc4)s3)ccc21,1,0.375,0.661,0.625,0.339,2.6054,394.4613,67.8476,4.3957,0.2284,0.3505,0.2,-7.1813,1.1238,0.3618,0.3785,0.1409,0.2553,1,1,1,396.2043,4.3867,0.297,-7.3442,0.0754,0.0035,1,1,1,1,B0,101
CC1(C)OC1[C@H]1O[C@@H](n2ccc(N)nc2=O)[C@H](O)[C@@H]1O,1,0.3958,0.7955,0.6042,0.2045,4.1082,269.2611,46.1434,3.6004,0.8662,0.2915,0.2912,-7.1065,0.678,0.6657,0.3584,0.2184,0.2954,0,0,0,291.526,3.6888,0.4982,-7.7309,0.2327,0.0447,0,1,0,0,B0,101
CCCc1cc([Si](c2ccccc2)(c2ccccc2)c2ccc(Cl)cc2)cc(C(C)(C)C)c1O,1,0.7111,0.4048,0.2889,0.5952,2.6897,322.7934,57.759,4.2934,0.253,0.4553,0.2716,-7.2863,1.573,0.4653,0.4017,0.3574,0.3707,1,1,1,396.8148,4.2752,0.3438,-7.2842,0.049,0.0092,1,1,1,1,B0,101
COC(=O)c1ccccc1C(=O)Oc1ccccc1,1,0.28,0.3448,0.72,0.6552,1.5438,321.0279,30.3396,4.1121,0.3117,0.3099,0.1685,-7.0802,0.9889,0.3637,0.3417,0.1422,0.2242,1,1,1,321.2562,4.0331,0.3053,-6.3454,0.1406,0.009,1,1,1,1,B0,101
CCCCn1c2ccc(CCC[N+](C)(C)C)cc2c2nc3ccccc3nc21,1,0.5541,0.6393,0.4459,0.3607,2.5298,340.8857,47.9133,4.1718,0.3451,0.441,0.2147,-7.3964,1.0841,0.4136,0.3762,0.2506,0.313,1,1,1,339.1377,4.0776,0.3996,-7.6285,0.1025,0.0067,1,1,1,1,B0,101
Cc1ccc(CC(C)(C)[13c]2[13cH][13cH][13c](O)[13cH][13cH]2)cc1,1,0.5588,0.4667,0.4412,0.5333,1.8753,291.9321,34.5205,3.962,0.5593,0.3449,0.2523,-7.2592,1.479,0.3188,0.3143,0.4084,0.36,1,1,1,282.9127,3.9923,0.2794,-6.936,0.1116,0.0113,0,1,0,0,B0,101
CC(C)(C)[C@](C)(CC[N+](=O)[O-])c1ccc(Cl)cc1,1,0.3514,0.6957,0.6486,0.3043,3.1817,305.8174,48.3531,4.0201,0.5839,0.1741,0.2015,-7.0883,0.8583,0.6182,0.3461,0.3503,0.3317,0,0,0,292.4126,3.7424,0.1273,-8.525,0.0937,0.107,0,1,0,0,B0,101
CCNC1CCCN(C(=O)c2ccc3c(c2)C(=O)NC3=O)C1,1,0.7037,0.5536,0.2963,0.4464,2.7048,339.9434,63.6778,3.6861,0.8823,0.3467,0.2727,-7.5085,0.7541,0.6241,0.373,0.2335,0.3136,0,0,0,332.1262,3.861,0.3878,-7.6552,0.8202,0.0438,1,0,0,0,B0,101
CCC(C)(O)CC[Si](C(C)C)(C(C)C)C(C)C,1,0.8393,0.5,0.1607,0.5,3.7145,414.4423,158.9543,3.0748,0.784,0.2751,0.2469,-6.7499,1.1711,0.2885,0.3427,0.4886,0.3374,0,1,0,482.1882,3.2038,0.1246,-6.9116,0.0537,0.6845,0,0,0,0,B0,101
CC(=O)Oc1ccc2c(c1)c1c(C#N)ccc3cnc2n31,1,0.5965,0.6863,0.4035,0.3137,2.8047,368.448,38.7642,4.1415,0.2632,0.3768,0.2009,-7.1257,0.9587,0.5361,0.3726,0.1984,0.2871,1,0,0,383.4502,4.138,0.3171,-6.3501,0.0904,0.012,1,1,1,1,B0,101
Cc1cc(C(=O)C=Cc2ccc(-c3ccc(Cl)cc3Cl)c(Cl)c2)c(C)s1,1,0.5263,0.6346,0.4737,0.3654,2.3361,360.0478,56.7204,4.1052,0.646,0.1875,0.1595,-7.1512,1.4173,0.5972,0.3753,0.2594,0.3386,0,0,0,377.5932,4.15,0.1669,-7.4,0.2238,0.0173,0,1,0,0,B0,101
C/C(=C\CO)CCC[C@H](C)CCC[C@H](C)CCn1c2ccc(C(C)(C)C)cc2c2cc(C(C)(C)C)ccc21,1,0.6774,0.5106,0.3226,0.4894,3.6194,396.4109,70.1122,4.4103,0.2368,0.2646,0.2032,-7.1808,1.269,0.6536,0.3958,0.3759,0.3746,1,0,0,387.8712,4.3762,0.2695,-7.2913,0.8039,0.0063,1,0,0,0,B0,101
CC(C)(C)c1ccc(-c2cc(CC[SH](=O)([O-])O)ccc2O)cc1,1,0.6765,0.5581,0.3235,0.4419,3.0594,301.7649,44.9542,4.0594,0.3503,0.4108,0.306,-7.3052,0.9355,0.5632,0.3617,0.2402,0.3232,1,0,0,282.2793,4.0293,0.2825,-7.3458,0.2368,0.0081,0,1,0,0,B0,101
CS(=O)(=O)C=C(C#N)C(=O)O,1,0.6486,0.6667,0.3514,0.3333,3.0825,457.5411,140.5256,3.0127,1.0633,0.1067,0.1362,-5.7664,0.5572,0.7166,0.2956,0.6276,0.3327,0,0,0,494.6236,3.0845,0.1016,-6.0801,0.4092,0.7627,0,0,0,0,B0,101
CCOC=NN=Cc1c(O)cccc1C(=O)OC,1,0.6,0.4524,0.4,0.5476,3.0032,319.7638,32.2362,3.8471,0.4894,0.0693,0.1016,-7.134,0.8335,0.4514,0.3778,0.1908,0.2792,0,1,0,308.9173,3.6728,0.1766,-6.753,0.4172,0.0083,0,1,0,0,B0,101
CCC(C)(C)c1cc(C)cc(Cc2cc(C)cc(C#N)c2O)c1O,1,0.7667,0.25,0.2333,0.75,2.7156,336.8331,47.1242,4.0372,0.487,0.3202,0.2481,-7.2094,0.9742,0.4967,0.3722,0.2577,0.3185,1,1,1,346.102,4.1062,0.3272,-6.9135,0.1148,0.0057,1,1,1,1,B0,101
COc1ccc(N(c2ccccc2)c2cc3ccc4cc(C(=O)C5CCNCC5)cc5ccc(c2)c3c45)cc1O,1,0.5472,0.6066,0.4528,0.3934,2.8093,404.8159,66.8777,4.0138,0.4972,0.3584,0.241,-7.1874,1.0662,0.4623,0.377,0.0946,0.1851,1,1,1,426.082,4.1084,0.4006,-6.973,0.0352,0.0052,0,1,0,0,B0,101
CCC=CCCc1ccc(C(C(=C(C#N)C#N)c2ccc(N(C)C)c(C(C)(C)C)c2)=c2ccc(=C(C#N)C#N)cc2)cc1,1,0.5424,0.7273,0.4576,0.2727,3.7036,450.1813,123.584,4.3324,0.3157,0.2121,0.1506,-6.8694,1.2461,0.4326,0.3906,0.255,0.3541,0,1,0,425.4194,4.4744,0.0558,-7.1908,0.0279,0.0057,0,1,0,0,B0,101
CC(CO)NC(=O)[C@@H]1CCCCN1CCC[13CH3],1,0.7662,0.451,0.2338,0.549,2.8183,445.7255,141.818,3.1324,0.8778,0.2669,0.237,-7.0734,1.025,0.4597,0.4017,0.3787,0.3161,0,1,0,425.0775,2.9778,0.1888,-7.7062,0.3915,0.651,0,0,0,0,B0,101
CCOC(=O)c1c2n(c3cc(C)ccc3c1=O)CCC2,0,0.0,0.6275,1.0,0.3725,2.2848,336.6468,41.0715,3.5416,1.5799,0.4345,0.2976,-7.2292,0.9694,0.4267,0.3775,0.15,0.2515,0,1,0,341.5804,3.3504,0.4246,-6.5849,0.2512,0.0066,0,1,0,0,B0,101
COc1ccccc1C(C)CO,1,0.5862,0.5172,0.4138,0.4828,2.176,252.3905,16.6775,3.3976,0.6927,0.286,0.265,-5.6701,0.8157,0.3161,0.3026,0.2781,0.3135,0,1,0,262.1732,3.0811,0.3829,-6.1847,0.0157,0.2985,0,1,0,0,B0,101
O=C(C1CC1)C(c1ccccc1F)N1CCc2sc(CCN3CCC(O)CC3)cc2C1,1,0.3768,0.6528,0.6232,0.3472,3.2327,369.545,112.4154,4.2089,0.4383,0.2794,0.2552,-7.72,0.8854,0.5204,0.39,0.1811,0.2948,1,0,0,310.2196,3.9951,0.3406,-7.6266,0.1309,0.0069,1,1,1,1,B0,101
CCCCc1cccc(O)c1,1,0.6279,0.4444,0.3721,0.5556,1.5492,271.4265,48.8043,3.6025,0.5142,0.3314,0.2559,-4.3367,1.0732,0.3514,0.3165,0.5264,0.3255,0,0,0,274.9033,3.484,0.1612,-3.0837,0.0718,0.9582,0,0,0,0,B0,101
C=C(c1ccc(O)c(F)c1)C(C)(C)C,1,0.725,0.4667,0.275,0.5333,2.4497,289.0696,52.5228,3.8702,0.5525,0.2366,0.2137,-4.2374,1.2037,0.3872,0.3219,0.4317,0.3582,0,0,0,318.7764,3.6525,0.3658,-3.5646,0.2131,0.0325,0,0,0,0,B0,101
CCN(CC)c1ccc(C=CNC(=O)c2ccccc2O)cc1,1,0.5789,0.58,0.4211,0.42,2.2989,396.7596,46.7276,4.4077,0.3302,0.1332,0.1464,-7.499,0.981,0.6126,0.3675,0.1129,0.2378,0,0,0,407.111,4.2975,0.199,-7.5225,0.3081,0.0044,0,1,0,0,B0,101
COC(=O)c1cc(C)c(OCCCCCCCCCC=C/C=C/c2cc(C)c3n2[B-](F)(F)[N+]2=CC=CC2=C3)cc1O,1,0.4824,0.7037,0.5176,0.2963,3.8726,581.2609,84.4923,4.7271,0.3732,0.3777,0.249,-6.8148,0.9827,0.383,0.3853,0.1891,0.2992,0,1,0,600.0648,4.7692,0.3907,-6.6621,0.0845,0.0041,0,1,0,0,B0,101
COC(=O)OCCc1ccccc1,1,0.5714,0.3226,0.4286,0.6774,1.6487,264.8618,44.1036,3.533,0.5341,0.1598,0.2024,-5.1366,0.6503,0.2819,0.2996,0.1752,0.2321,0,1,0,256.6567,3.3254,0.2726,-5.0344,0.0397,0.0076,0,1,0,0,B0,101
CC(=O)c1c2c(nn1C)N(c1ccc(Cl)cc1)C1=CC(C(=O)c3ccc(-c4ccc(O)cc4)cc3Cl)N=CC1=C2,1,0.4247,0.6714,0.5753,0.3286,3.8653,402.2956,74.9039,3.669,0.9344,0.3268,0.2487,-7.2725,1.0435,0.523,0.4135,0.2793,0.3621,0,0,0,410.5384,4.0321,0.4015,-7.4946,0.0984,0.0061,1,1,1,1,B0,101
CCCCc1ccc(I)cc1O,1,0.6053,0.5897,0.3947,0.4103,2.1343,290.392,53.057,3.8345,0.4957,0.2774,0.2552,-4.1591,1.4211,0.3454,0.3054,0.4677,0.3351,1,0,0,299.566,3.7836,0.3398,-3.4248,0.1398,0.9607,0,0,0,0,B0,101
CCOC(=O)c1ccc(-c2cc(C#N)c(O)c(C(F)(F)F)c2)cc1,1,0.625,0.3617,0.375,0.6383,2.2572,338.7161,28.1623,4.0631,0.3689,0.3135,0.2219,-7.2261,1.0211,0.5379,0.3606,0.0904,0.1987,1,0,0,333.4418,4.1144,0.2864,-6.591,0.1606,0.0037,1,1,1,1,B0,101
CCCCCC1(C)/C(=C\C=C\C2=[N+](CCOC)c3ccc(S(=O)(=O)O)cc3C2(C)C)N(CCCCCC(=O)O)c2ccc(S(=O)(=O)O)cc21,1,0.1184,0.7407,0.8816,0.2593,3.9733,563.9057,46.104,5.2995,0.1338,0.2242,0.1679,-6.8043,0.9975,0.333,0.3724,0.1232,0.2457,0,1,0,581.435,5.1266,0.2109,-6.4509,0.0859,0.006,0,1,0,0,B0,101
CN(C)c1ccc2cc3nccc3c3c4c(=O)c(=O)[nH]nc4c1c23,1,0.36,0.7917,0.64,0.2083,3.022,380.5521,81.7479,3.8813,0.7565,0.3409,0.2653,-6.8588,0.9823,0.6058,0.354,0.251,0.3017,1,0,0,409.2788,3.9423,0.3204,-6.0244,0.2618,0.0271,1,1,1,1,B0,101
COc1ccc2cc(C(C)=C(C#N)C(=O)c3sc(C)c(-c4ccc(C(C)(C)C)cc4)c3C=O)ccc2c1,1,0.6786,0.5,0.3214,0.5,2.9813,402.0919,64.2884,3.771,0.8022,0.2206,0.1596,-6.886,0.8954,0.4185,0.3762,0.1581,0.259,0,1,0,431.7414,3.9983,0.1415,-6.3432,0.0558,0.0049,0,1,0,0,B0,101
CC(C)COC(=O)CN(c1ccccc1)c1ccccc1,1,0.6667,0.4167,0.3333,0.5833,1.9714,312.1763,50.3793,4.1986,0.3131,0.3656,0.2033,-7.4508,0.9649,0.3069,0.3438,0.121,0.2349,1,1,1,301.4255,4.0513,0.3482,-6.7912,0.0305,0.0034,1,1,1,1,B0,101
COc1ccc2c3ccc(C(C)(C)C)cc3n[n+](-c3cc(-c4cccc(O)c4)ccc3-c3ccccc3)c2c1,1,0.4333,0.6071,0.5667,0.3929,2.876,484.0366,64.0003,4.481,0.3072,0.3267,0.2619,-6.8505,0.9734,0.4561,0.3632,0.1796,0.2728,0,1,0,455.5198,4.5611,0.3604,-6.332,0.0283,0.0052,0,1,0,0,B0,101
CCCCCCc1ccc(Cl)cc1,1,0.6111,0.4615,0.3889,0.5385,1.3435,287.5049,60.4264,3.9909,0.504,0.2122,0.2379,-3.7324,1.008,0.3922,0.3405,0.5142,0.339,0,0,0,270.3278,3.9568,0.2192,-3.0904,0.0551,0.5533,0,0,0,0,B0,101
C[n+]1ccc2c(cc(Cl)c3c[n+](C)c4ccc5ccccc5c4c32)c1,1,0.3171,0.6957,0.6829,0.3043,3.0924,435.9255,46.5939,4.1023,0.3949,0.3511,0.1412,-7.2634,1.4185,0.5516,0.3837,0.2997,0.3215,0,0,0,429.17,4.1066,0.292,-7.5555,0.2137,0.0324,0,1,0,0,B0,101
COC(=O)c1ccc(Cl)c(-c2ccc(O)cc2C#N)c1,1,0.6047,0.3571,0.3953,0.6429,2.1117,349.3838,45.1108,4.1167,0.4225,0.1967,0.1773,-7.1387,0.9344,0.6657,0.3488,0.1457,0.2399,0,0,0,314.6198,4.0943,0.2184,-5.9122,0.7088,0.0109,0,0,0,0,B0,101
CCn1c2ccccc2c2cc(C=CC(=C(C#N)C#N)c3ccccc3)c(C(=O)Nc3ccc(C(=O)c4ccccc4)cc3)cc21,1,0.3939,0.5714,0.6061,0.4286,2.8935,426.1785,68.9472,4.5842,0.2686,0.1574,0.1201,-7.1332,1.0616,0.4869,0.4087,0.1136,0.243,0,1,0,449.8558,4.5791,0.0938,-7.4613,0.1282,0.0052,0,1,0,0,B0,101
COc1ccc(C#Cc2ccc(C(c3ccccc3)(c3ccccc3)c3ccc(C(C)=O)cc3)c(-c3ccc(OC)cc3)c2C#N)cc1,1,0.5667,0.5926,0.4333,0.4074,2.8727,371.9676,64.4066,4.4126,0.337,0.4077,0.1745,-6.8865,1.022,0.4075,0.3864,0.1218,0.1975,1,1,1,362.0596,4.3677,0.2751,-6.3019,0.0598,0.0053,1,1,1,1,B0,101
Oc1ccc(C=CSC=C2CCCC2)cc1O,1,0.3125,0.5897,0.6875,0.4103,3.202,287.5755,35.2433,4.1949,0.3353,0.1354,0.1275,-7.2234,0.962,0.5622,0.381,0.2895,0.3392,0,0,0,295.7658,4.0329,0.2146,-7.4422,0.5447,0.0114,0,0,0,0,B0,101
C=CC(=O)c1ccc(-c2ccccc2)cc1C(C)(C)C,1,0.6735,0.4737,0.3265,0.5263,2.0859,334.8811,29.9399,4.3154,0.2424,0.2369,0.2181,-7.1747,1.4609,0.4221,0.3635,0.2158,0.3084,0,1,0,315.0832,4.2595,0.2975,-6.4544,0.0579,0.0162,1,1,1,1,B0,101
C=CC(=O)NCc1c2c([o+]c3c4c5c(cc13)CCCN5CCC4)-c1cc(-c3ccccc3)c(N(CC)CC)cc1C2,1,0.4886,0.7073,0.5114,0.2927,3.5306,430.9123,95.1231,3.9706,0.9042,0.2408,0.188,-7.1545,1.047,0.4453,0.4082,0.1152,0.2187,0,1,0,493.4552,4.3639,0.1513,-7.2763,0.1003,0.0064,0,1,0,0,B0,101
Cc1cc(/C=C/c2cc(C)c3n2[B-](F)(F)[N+]2=CC=CC2=C3)cc(C)c1OC(C)(C)c1ccc(O)c(Cc2cc(C(C)(C)CC(C)(C)C)ccc2O)c1,1,0.4416,0.6087,0.5584,0.3913,4.2433,607.2438,90.2874,4.7931,0.3651,0.2966,0.2489,-6.9738,1.0009,0.3902,0.3909,0.2201,0.3042,0,1,0,586.4027,4.8022,0.4173,-6.6346,0.115,0.0046,0,1,0,0,B0,101
CC(C)c1cc(Nc2ccc(C(=O)O)c(Cl)c2)c(C(=O)c2ccccc2-c2ccccc2)c(C(C)C)c1,1,0.6462,0.5893,0.3538,0.4107,2.4729,382.0071,91.0688,4.3234,0.4482,0.2908,0.2107,-7.3139,0.9942,0.5812,0.38,0.1624,0.2663,1,0,0,390.5849,4.3475,0.2308,-7.0778,0.0783,0.0072,0,1,0,0,B0,101
CCCCc1cc(C(F)(F)F)ccc1[C@@H]1CC=C(C)CC1,1,0.6935,0.6852,0.3065,0.3148,2.9199,299.247,69.8912,3.9786,0.4145,0.2864,0.283,-7.1336,1.1791,0.4393,0.3844,0.4254,0.3486,1,1,1,283.8032,3.8661,0.397,-7.2885,0.0898,0.0493,0,1,0,0,B0,101
COc1ccc(/C=C(\C#N)C(=O)O)cc1,1,0.2683,0.3659,0.7317,0.6341,1.9281,319.5629,19.9025,3.9934,0.5286,0.0698,0.1064,-5.4167,0.6215,0.5357,0.3555,0.1931,0.2767,0,0,0,327.1744,3.9994,0.0985,-5.7996,0.3955,0.0147,0,1,0,0,B0,101
CCCCCCOc1cc(N(CC)c2ccc(O)c(S(=O)(=O)[O-])c2)ccc1/C=C/C(=C(C#N)C#N)c1cc2c3ccccc3n(CC)c2cc1O,1,0.3908,0.6923,0.6092,0.3077,3.6718,462.2356,94.9459,4.4333,0.3845,0.1548,0.1448,-6.907,1.0202,0.4216,0.4024,0.0966,0.1858,0,1,0,473.5466,4.3278,0.1359,-6.6564,0.0322,0.0037,0,1,0,0,B0,101
CC(C)(C)C(=O)c1cc(O)cc(OCc2ccccc2)c1,1,0.5476,0.3,0.4524,0.7,1.9915,318.6055,49.0486,3.9546,0.3826,0.3727,0.2521,-7.2151,0.9883,0.3237,0.3175,0.1162,0.198,1,1,1,290.5954,3.914,0.2982,-6.5594,0.0412,0.0044,1,1,1,1,B0,101
C=CC(=O)OC#Cc1nc2cccc(-c3ccc(OC)cc3)c2nc1-c1csc(OC)c1,1,0.4925,0.7222,0.5075,0.2778,3.259,381.7412,48.926,4.3348,0.3868,0.2492,0.2419,-6.9683,0.9163,0.5676,0.3834,0.1386,0.2486,0,0,0,378.4466,4.2594,0.2883,-6.3664,0.1394,0.0047,1,1,1,1,B0,101
CCc1nccnc1C1CC(C)(C)N(C)C(C)(C)C1,1,0.7593,0.6889,0.2407,0.3111,3.1021,278.692,38.9572,3.721,0.6357,0.1642,0.2544,-7.2048,0.7633,0.3848,0.3937,0.3986,0.3275,0,1,0,291.8905,3.6816,0.2243,-8.1133,0.1057,0.2921,0,1,0,0,B0,101
CCN(CC)c1ccc(/C=C2\CCCc3c2[o+]c2cc(-c4ccc([C@@H](C)C(=O)c5ccc(O)cc5O)cc4)ccc2c3-c2ccccc2C(=O)O)c(O)c1,1,0.2593,0.6548,0.7407,0.3452,4.0103,592.9133,105.4152,4.5862,0.4815,0.1812,0.1674,-7.2667,1.0241,0.453,0.3965,0.1113,0.2211,0,1,0,585.4042,4.6891,0.1483,-7.1679,0.1312,0.0079,0,1,0,0,B0,101
C#CC1(N(C)c2ccc(/C=C/C(=O)c3ccc(NC(=O)c4cccc(Cl)c4)cc3)cc2)CCCCC1C(C)CC,1,0.4568,0.6905,0.5432,0.3095,3.8285,458.9047,111.4298,4.1294,0.8116,0.2563,0.1872,-7.3491,1.1583,0.4679,0.4163,0.1465,0.2533,0,1,0,486.5158,4.4742,0.3254,-6.4385,0.2271,0.006,0,1,0,0,B0,101
C=Cc1ccccc1-c1ccc(F)cc1,1,0.6667,0.5946,0.3333,0.4054,1.7231,315.3933,35.0871,4.0444,0.5852,0.2296,0.2489,-4.9537,1.9039,0.4349,0.3424,0.358,0.3333,0,0,0,310.4656,4.2935,0.1738,-5.1422,0.1247,0.0956,0,1,0,0,B0,101
CCCC=COC(=O)CCCC,1,0.725,0.5143,0.275,0.4857,2.583,387.8367,97.5235,3.2212,0.9652,0.089,0.1085,-4.4034,0.9829,0.2399,0.2702,0.2995,0.2998,0,0,0,382.6394,3.2425,0.0798,-4.785,0.036,0.1596,0,0,0,0,B0,101
CC(C)(C)OC(=O)NOC(=O)c1cc(I)ccc1O,1,0.6852,0.439,0.3148,0.561,2.5265,293.4181,52.7588,4.0162,0.4049,0.2353,0.2116,-7.0134,0.6657,0.5591,0.3679,0.1941,0.2901,0,0,0,314.4947,3.8101,0.3709,-6.3848,0.2592,0.0109,1,1,1,1,B0,101
CC(C)(C)c1ccc(C(=O)c2ccc(-c3ccc(N(c4ccc(C#Cc5ccccc5)cc4)c4ccc(C#Cc5ccccc5)cc4)cc3)cc2C(C)(C)C)c(C(C)(C)C)c1,1,0.5435,0.4773,0.4565,0.5227,3.1476,385.6202,45.3863,4.5662,0.3274,0.4093,0.1587,-7.3021,1.2529,0.4677,0.373,0.2203,0.3138,1,1,1,382.7156,4.7709,0.3562,-7.3736,0.0923,0.0074,1,1,1,1,B0,101
CCOC(C=C(C)CCC=C(C)C)c1nc2ccccc2s1,1,0.7037,0.551,0.2963,0.449,3.275,344.5651,74.2448,3.878,0.7337,0.1489,0.1754,-7.2069,1.2103,0.2961,0.3627,0.1427,0.217,0,1,0,353.7574,3.8918,0.1484,-7.4061,0.0776,0.0107,0,1,0,0,B0,101
CCc1ccc(/C=C/C(=O)c2c(O)cc(O)cc2O)cc1O,1,0.5227,0.3571,0.4773,0.6429,2.5286,321.1146,35.2501,4.1482,0.41,0.1684,0.146,-7.4319,0.9959,0.5774,0.3686,0.1798,0.2862,0,0,0,328.975,4.2599,0.2749,-7.5115,0.1511,0.0124,1,1,1,1,B0,101
CC(C)c1cccc(C(=O)c2ccccc2O)c1N1C(=O)c2cccc3c(Oc4ccccc4O)ccc(c23)C1=O,1,0.3793,0.6491,0.6207,0.3509,2.6978,403.2611,77.4447,4.3189,0.271,0.3552,0.2624,-7.032,0.9554,0.4586,0.3816,0.1426,0.2618,1,1,1,416.6171,4.2489,0.3734,-6.3667,0.033,0.0084,1,1,1,1,B0,101
COc1ccc2c(c1)c(C1=C(C(C)=O)C(=O)OC1=O)c(C)n2C,1,0.4531,0.6731,0.5469,0.3269,2.6974,370.9947,34.2071,4.1894,0.3905,0.4051,0.2225,-6.8929,0.8476,0.5349,0.3485,0.1534,0.2425,1,0,0,365.7922,4.0437,0.397,-6.371,0.1018,0.0096,1,1,1,1,B0,101
COc1cc(OC)c(OC)c(OC)c1O,1,0.5556,0.4138,0.4444,0.5862,1.9124,309.4366,73.6386,3.9007,0.3984,0.2345,0.1949,-5.7455,0.7227,0.5991,0.3329,0.3537,0.3245,0,0,0,293.0568,3.8325,0.2238,-5.6977,0.4118,0.0503,0,1,0,0,B0,101
CCCC(=O)Oc1ccc(C)cc1N(C)C,1,0.7111,0.5581,0.2889,0.4419,2.0632,296.3095,59.3939,3.6164,0.545,0.1719,0.1771,-6.7183,1.0991,0.2694,0.3099,0.1644,0.2421,0,1,0,315.6305,3.3498,0.0871,-6.0427,0.0754,0.0538,0,1,0,0,B0,101
CC(=O)c1ccc(C(C)(C)C)cc1,1,0.4583,0.3182,0.5417,0.6818,1.4973,288.9377,68.1745,3.522,0.6642,0.1595,0.1606,-4.2948,1.1315,0.3469,0.3206,0.4718,0.3527,0,0,0,281.4721,3.6586,0.1409,-3.5568,0.0716,0.4053,0,0,0,0,B0,101
CN(C)c1ccc(OC(=O)c2ccccc2)c(C(C)(C)C)c1,1,0.561,0.5,0.439,0.5,1.923,411.4975,78.354,4.335,0.3002,0.3858,0.1806,-7.1424,1.0492,0.3744,0.3567,0.2024,0.2976,1,1,1,361.358,4.1375,0.2895,-6.0492,0.046,0.0037,1,1,1,1,B0,101
C=CC(=O)OCCOOCCCCCC,1,0.7347,0.2069,0.2653,0.7931,2.5298,387.704,130.3425,3.0246,1.0981,0.1311,0.1673,-5.7191,1.0659,0.455,0.4023,0.2418,0.2649,0,1,0,383.8818,3.3307,0.1474,-5.0735,0.3125,0.0849,0,1,0,0,B0,101
CC(C)(C)OC(=O)c1ccccc1,1,0.5854,0.3333,0.4146,0.6667,1.4231,285.7149,50.7823,3.5616,0.617,0.1386,0.1335,-4.9815,0.7242,0.2217,0.2521,0.2618,0.3032,0,0,0,283.0386,3.6469,0.2175,-4.7828,0.0252,0.0229,0,0,0,0,B0,101
CC1(C)CC(OC(=O)CCC(=O)c2ccccc2Cl)CC(C)(C)N1,1,0.6327,0.3846,0.3673,0.6154,2.4945,300.1792,52.1001,3.6642,0.6823,0.315,0.2991,-7.4222,0.8881,0.4532,0.4035,0.1323,0.1957,0,1,0,267.568,3.6923,0.3311,-7.2074,0.0373,0.0049,0,1,0,0,B0,101
COc1ccc(C(=O)C(C)(C)C)c(O)c1OC,1,0.6471,0.3947,0.3529,0.6053,2.2094,293.661,41.285,3.9356,0.3898,0.2618,0.2094,-6.8391,0.6895,0.4462,0.3628,0.2695,0.3318,1,1,1,288.1846,3.8751,0.2418,-6.2568,0.1618,0.0305,0,1,0,0,B0,101
Cc1ccc(-c2c(NC3CCCCC3)n3ccc(C(C)(C)C)cc3[n+]2C)o1,1,0.3,0.7778,0.7,0.2222,3.1798,378.4226,64.1362,4.4162,0.2766,0.2787,0.2162,-7.5604,0.9217,0.4098,0.3941,0.3279,0.3635,1,1,1,393.5951,4.3968,0.1881,-7.3698,0.055,0.0087,0,1,0,0,B0,101
CCCCN(C)c1ccc(C(=O)c2ccccc2C(=O)O)c(O)c1,1,0.6667,0.093,0.3333,0.907,2.1134,373.5395,52.2008,4.2297,0.4038,0.3897,0.2521,-7.1779,1.128,0.5602,0.3643,0.1329,0.2345,1,0,0,387.2487,4.0677,0.1914,-6.0901,0.2163,0.0048,0,1,0,0,B0,101
CC1(C)CCC[C@]2(C)[C@@H](c3ccc4nc5c(nc4c3)C3(C)CCC5C3(C)C)[C@](C)(O)CC[C@@H]12,1,0.5385,0.6765,0.4615,0.3235,5.1951,357.5591,74.82,4.2057,0.6938,0.3057,0.2478,-7.1084,0.9248,0.3011,0.3715,0.197,0.293,1,1,1,371.9422,4.5155,0.2712,-7.5661,0.0895,0.0084,1,1,1,0,B0,101
C=CCCCCCCCn1c(-c2ccco2)nc(-c2ccco2)c1-c1ccco1,1,0.2791,0.725,0.7209,0.275,2.8208,349.4136,35.0785,4.3402,0.3776,0.1542,0.1534,-7.1614,1.0398,0.3861,0.3953,0.2373,0.317,0,1,0,325.9956,4.386,0.1895,-7.3491,0.0643,0.0098,0,1,0,0,B0,101
Cc1ccc(O)c(C(=O)c2c3ccc(=[NH2+])cc-3sc3cc(N)ccc23)c1N(C)C,1,0.5167,0.7037,0.4833,0.2963,3.3196,505.7458,73.2068,4.313,0.293,0.2898,0.2137,-7.1747,1.0398,0.6998,0.3278,0.1925,0.2846,0,0,0,483.0672,4.3629,0.2125,-6.0887,0.6293,0.009,0,0,0,0,B0,101
CC(=O)OC[C@H]1O[C@H](OC#N)[C@H](OC(C)=O)[C@@H](OC(C)=O)[C@@H]1OC(C)=O,1,0.6102,0.44,0.3898,0.56,4.0638,403.0272,91.6576,2.1852,0.828,0.5398,0.2727,-6.867,0.8778,0.4862,0.4,0.3624,0.3083,0,1,0,366.8916,2.4165,0.4105,-6.9297,0.1415,0.0636,0,1,0,0,B0,101
COC(=O)c1cc2c(S(=O)(=O)[O-])ccc3c4c(Oc5ccccc5)cc5c6c(cc(Oc7ccccc7)c(c(c1)c23)c64)C(=O)OC5=O,1,0.5333,0.6719,0.4667,0.3281,3.2825,477.1318,75.7559,4.251,0.4513,0.4446,0.2025,-6.8677,0.9771,0.3979,0.371,0.1289,0.2387,0,1,0,479.1556,4.3018,0.3526,-6.3906,0.0158,0.0053,0,1,0,0,B0,101
[2H]c1c([2H])c([2H])c(C(=O)c2ccc(-c3c4cc5cc(C)sc5cc4c(-c4ccc(OC)c(C(=O)OC)c4)c4cc5cc(C)sc5cc34)cc2)c([2H])c1[2H],1,0.5254,0.6557,0.4746,0.3443,4.3354,465.01,92.1959,4.3796,0.3508,0.5343,0.2638,-6.7122,0.8373,0.4264,0.406,0.1304,0.2302,0,1,0,444.5394,4.0854,0.5172,-6.305,0.116,0.0041,0,1,0,0,B0,101
c1ccc(Oc2ccc(-c3cccc4c3sc3ccccc34)cc2)cc1,1,0.6102,0.625,0.3898,0.375,1.8581,345.2684,12.536,4.2466,0.2442,0.3618,0.1712,-7.0365,1.464,0.4582,0.3402,0.2657,0.3156,1,1,1,363.7096,4.3032,0.2774,-6.4677,0.0685,0.0554,1,1,1,1,B0,101
CC(C)(C)c1ccc2c(c1)Cc1cc(C(=O)c3cccc(C#N)c3Cl)ccc1-2,1,0.5556,0.6038,0.4444,0.3962,2.4558,366.627,76.5339,4.1,0.8159,0.3995,0.201,-7.341,0.9723,0.5137,0.3778,0.1993,0.2874,1,0,0,359.4057,4.191,0.4727,-7.2367,0.0758,0.0045,1,1,1,1,B0,101
Cc1sc(-c2nc(-c3ccccn3)ccc2C#N)nc1OCC(=O)CN1CCCC1=O,1,0.5479,0.7529,0.4521,0.2471,3.0083,379.9181,59.6703,4.0305,0.5359,0.3405,0.234,-6.9869,0.7884,0.3866,0.381,0.1652,0.247,1,1,1,382.7036,4.3885,0.2858,-6.6527,0.1355,0.0112,1,1,1,1,B0,101
COc1ccc(Cn2c(C(N)=O)cc3c2-c2nc(NOCC=O)ncc2CCC3)cc1,1,0.2609,0.7297,0.7391,0.2703,3.0532,433.2314,67.0419,4.3935,0.3219,0.2984,0.2646,-6.9017,0.7801,0.5457,0.3993,0.1915,0.3057,0,0,0,394.1721,4.3403,0.3821,-6.6936,0.3147,0.0066,1,1,1,1,B0,101
CCCS(=O)(=O)c1ccc(C)cc1,1,0.6364,0.5517,0.3636,0.4483,1.6332,328.2266,110.0479,3.7042,0.6189,0.1882,0.1809,-5.14,0.6892,0.449,0.3377,0.3854,0.3397,0,1,0,299.8862,3.3248,0.2107,-5.1614,0.2113,0.892,0,0,0,0,B0,101
CCOC(=O)c1cc(F)c(-c2ccc(OC)c(O)c2)cc1O,1,0.6042,0.4043,0.3958,0.5957,2.0779,340.8287,34.2181,3.9687,0.4493,0.2491,0.1823,-6.9654,0.8589,0.5603,0.3693,0.1303,0.2513,0,0,0,322.0468,4.0026,0.3758,-6.5774,0.1489,0.0081,1,1,1,1,B0,101
N#Cc1cccc2oc3ccc(-c4ccc5c(c4)c4cc(-c6ccnc7ccccc67)ccc4n5-c4ccc(-c5nc(-c6ccccc6)nc(-c6ccccc6)n5)cc4)cc3c12,1,0.4032,0.7463,0.5968,0.2537,3.2938,424.012,86.4547,4.6324,0.4172,0.5851,0.2255,-7.1054,1.0661,0.4603,0.3801,0.1739,0.2666,0,1,0,421.3812,4.4559,0.6201,-7.3372,0.1176,0.012,0,1,0,0,B0,101
CC(C)(C)c1ccccc1C#N,1,0.5556,0.5385,0.4444,0.4615,1.9593,281.948,31.5547,3.5196,0.52,0.1686,0.1447,-4.9494,0.9624,0.4007,0.3416,0.5764,0.3382,0,0,0,296.3122,3.5612,0.2543,-5.0387,0.0722,0.0663,0,1,0,0,B0,101
CCOC(=O)c1cc(Oc2c(-c3ccc(OC)cc3)c3ccccc3[n+]3c(-c4ccc(OC)cc4)c(-c4ccc(OC)cc4)c4ccccc4c23)ccc1O,1,0.3824,0.5,0.6176,0.5,3.153,456.2363,52.1208,4.5373,0.3792,0.3585,0.2758,-6.8433,0.9643,0.3929,0.3969,0.0527,0.13,0,1,0,474.587,4.2718,0.4437,-6.586,0.0282,0.0044,0,1,0,0,B0,101
N#C[C@@H]1O[C@H](CSCC[C@H](N)C(=O)O)[C@@H](O)[C@H]1O,1,0.541,0.6585,0.459,0.3415,4.2649,356.2569,132.4476,2.6761,1.008,0.1749,0.2173,-7.0768,0.6036,0.6658,0.3468,0.3916,0.3646,0,0,0,361.6424,2.8197,0.2519,-7.3847,0.3511,0.3874,0,1,0,0,B0,101
CN(C)c1ccc(C=CCC=C2CC3CC2C2CCCC32)cc1,1,0.6364,0.5306,0.3636,0.4694,4.6297,397.4059,78.8454,4.3631,0.38,0.1462,0.1817,-7.2088,1.1428,0.3378,0.3621,0.3679,0.3393,0,1,0,377.1913,4.4451,-0.0072,-6.2058,0.1808,0.0435,0,1,0,0,B0,101
CCCCCCCc1cc(C)c(O)c(C)c1,1,0.5429,0.3871,0.4571,0.6129,1.864,304.1668,74.2436,3.4933,0.7247,0.3186,0.2849,-6.4617,1.7941,0.2802,0.277,0.4318,0.342,0,1,0,293.6665,3.5269,0.1939,-6.819,0.0301,0.3494,0,1,0,0,B0,101
C(=Cc1nc2c(ccc3ccccc32)s1)c1ccccc1,1,0.2683,0.6379,0.7317,0.3621,2.0947,350.0672,24.8466,3.9951,0.7305,0.1909,0.1893,-7.3284,1.5435,0.4327,0.3638,0.2584,0.2854,0,1,0,365.1161,4.1863,0.1764,-7.6104,0.1532,0.0363,0,1,0,0,B0,101
O=[N+]([O-])c1cccc(C(F)(F)F)c1,1,0.5,0.4839,0.5,0.5161,1.8181,318.2972,20.2861,3.8825,0.2922,0.174,0.1698,-5.1136,0.5374,0.7686,0.3096,0.2604,0.2738,0,0,0,299.5524,3.7279,0.2378,-5.0225,0.721,0.0243,0,0,0,0,B0,101
CCOc1ccc2c(-c3cc(O)ccc3N)cc(=O)oc2c1,1,0.5,0.4375,0.5,0.5625,2.2422,336.0253,39.0429,4.1753,0.3611,0.2254,0.218,-7.1139,0.9496,0.5603,0.3533,0.1337,0.2224,0,0,0,354.6088,4.242,0.2352,-6.5877,0.1243,0.0083,0,1,0,0,B0,101
CCCCC=C1N(C)c2ccccc2C1(C)C,1,0.45,0.7091,0.55,0.2909,2.4418,350.0497,42.4013,4.2467,0.5322,0.0759,0.0959,-6.9403,1.4744,0.4212,0.3659,0.2894,0.3029,0,1,0,366.3381,4.3307,0.1278,-7.2728,0.0858,0.0475,0,1,0,0,B0,101
COc1ccc(O)c(O)c1O,1,0.4348,0.4828,0.5652,0.5172,1.9752,284.666,27.5817,3.8602,0.3662,0.1736,0.1078,-5.5527,0.4609,0.7508,0.2589,0.3248,0.2941,0,0,0,284.713,3.8843,0.1676,-5.4244,0.6348,0.1083,0,0,0,0,B0,101
Oc1cccc(N(c2ccccc2)c2ccc(C=Cc3cc(C=Cc4ccc(N(c5ccccc5)c5ccccc5)cc4)ncn3)cc2)c1,1,0.2162,0.6122,0.7838,0.3878,2.7575,406.6678,40.6996,4.633,0.1554,0.5329,0.2797,-7.1744,1.1422,0.4461,0.3867,0.1892,0.2648,1,1,1,425.8922,4.5232,0.3239,-7.451,0.0792,0.0052,0,1,0,0,B0,101
CCN(CC)c1ccc2cc(/C=C/c3ccc(-c4ccccc4)cc3)c(=O)oc2c1,1,0.1304,0.6552,0.8696,0.3448,2.2993,420.7271,45.2643,4.6997,0.2239,0.4732,0.2291,-7.483,1.0381,0.4072,0.3544,0.1369,0.2262,0,1,0,427.192,4.7149,0.4545,-7.5567,0.1376,0.0073,0,1,0,0,B0,101
CC(CC(C)(C)c1ccccc1)c1ccccc1N(C)C,1,0.675,0.5476,0.325,0.4524,2.623,298.2382,52.2873,4.0592,0.6932,0.3199,0.2076,-6.8321,1.4701,0.3841,0.3592,0.3208,0.3276,1,1,1,308.2286,4.0576,0.2,-5.9975,0.0169,0.036,0,1,0,0,B0,101
COc1ccc(-n2nc3ccccc3n2)c(F)c1,1,0.6222,0.6111,0.3778,0.3889,1.9774,312.2114,15.9267,4.0773,0.3647,0.2717,0.1865,-6.8653,0.9352,0.487,0.3489,0.2828,0.327,1,1,1,317.8724,4.0891,0.3072,-6.2098,0.1907,0.0162,1,1,1,1,B0,101
CC1=C(c2c(C(F)(F)F)ccc(Cc3cccc(C(C)(C)C)c3O)c2O)C(C)=[N+]2C1=Cc1cc(I)cn1[B-]2(F)F,1,0.5294,0.629,0.4706,0.371,4.0961,565.1979,70.1774,4.748,0.2772,0.375,0.2691,-7.3862,1.0534,0.408,0.3887,0.2904,0.3609,0,1,0,574.592,4.7287,0.4134,-7.1966,0.238,0.0041,0,1,0,0,B0,101
COc1ccc(C(C)(C)C)cc1,1,0.5,0.32,0.5,0.68,1.3555,275.0157,19.9695,3.4177,0.4981,0.2298,0.1819,-4.211,1.103,0.3559,0.2996,0.5266,0.3324,0,0,0,284.7788,3.5907,0.2484,-3.5472,0.0541,0.9377,0,0,0,0,B0,101
N#CC(=O)CC=C(c1ccccc1)c1ccccc1-c1ccccc1,1,0.575,0.5333,0.425,0.4667,2.3006,364.764,33.3849,4.0974,0.779,0.091,0.1216,-7.411,1.0989,0.4982,0.345,0.1604,0.2409,0,1,0,356.217,4.011,0.1616,-7.3881,0.058,0.0051,0,1,0,0,B0,101
CC1=NN(CCC2(C)CCC(C)(C)C2=O)C(=O)/C1=C\c1cn(-c2ccccc2)nc1-c1ccc([N+](=O)[O-])cc1,1,0.3521,0.7,0.6479,0.3,3.5952,418.3456,99.7354,4.2221,0.5621,0.1965,0.186,-7.143,1.037,0.4744,0.4118,0.1562,0.2524,0,1,0,427.0508,4.3459,0.1593,-8.3034,0.0518,0.0149,0,1,0,0,B0,101
CC(C)(C)c1ccc(-c2cc(O)cc3c2CC2NC(=O)CN32)cc1,1,0.56,0.6415,0.44,0.3585,3.3319,353.1024,64.1089,4.2153,0.2062,0.406,0.2552,-7.5217,0.9111,0.5089,0.3627,0.2566,0.3132,1,0,0,321.1664,4.3237,0.2437,-7.3763,0.3985,0.023,0,1,0,0,B0,101
CCC(C#N)=C(C)c1ccc2cc(OC)cc(-c3ccc(OC)cc3)c2c1,1,0.661,0.5439,0.339,0.4561,2.4554,378.0456,38.806,4.2755,0.4879,0.3747,0.1171,-6.8697,0.9073,0.3838,0.3429,0.1475,0.2343,1,1,1,384.7544,4.3423,0.3374,-6.4686,0.095,0.0041,1,1,1,1,B0,101
COc1c(-n2cc(P(=O)(c3ccccc3)c3ccccc3)n(C)c2=S)cc(O)cc1C(C)(C)C,1,0.5283,0.6,0.4717,0.4,3.1816,334.7917,52.3059,4.1895,0.4999,0.3382,0.257,-7.0615,1.0133,0.4981,0.3898,0.2138,0.3234,1,1,1,339.4612,4.2916,0.2847,-6.3822,0.0403,0.0047,1,1,1,1,B0,101
CCCCc1cccc(C(=O)c2c(O)cccc2O)c1,1,0.6604,0.4773,0.3396,0.5227,1.9593,326.996,42.0726,3.9663,0.4496,0.4338,0.2817,-7.4218,1.021,0.4708,0.3569,0.177,0.2765,1,1,1,314.3384,3.7784,0.2753,-7.4736,0.1268,0.0041,0,1,0,0,B0,101
COc1ccc2ccccc2c1[P+](c1ccccc1)(c1ccccc1)c1ccccc1,1,0.6389,0.5682,0.3611,0.4318,2.4609,365.118,44.9389,4.3135,0.1789,0.395,0.1558,-6.8349,1.3299,0.319,0.3389,0.2662,0.2963,1,1,1,348.5057,4.2709,0.4149,-6.6353,0.0414,0.0366,1,1,1,1,B0,101
CCCCC1COCC(C)C1c1cc2c(ccc3sc4ccc5sc(-c6ccc(C(C)=O)cc6)cc5c4c32)s1,1,0.5,0.6406,0.5,0.3594,4.1112,386.6665,32.0307,4.4776,0.1987,0.3233,0.1686,-7.076,1.3701,0.352,0.3662,0.1778,0.3017,1,1,1,403.4694,4.0108,0.2729,-7.5901,0.0675,0.0035,1,1,1,1,B0,101
CCCCC(CC)COc1cc(N(CC)C2CCNCC2)ccc1/N=N/c1c(Cl)cc([N+](=O)[O-])cc1C#N,1,0.5542,0.6629,0.4458,0.3371,3.7161,400.4273,109.8252,4.3424,0.3822,0.3578,0.3181,-6.9585,0.9887,0.5725,0.3905,0.0852,0.2056,1,0,0,469.6327,3.9816,0.2088,-6.5916,0.1474,0.0138,0,1,0,0,B0,101
Cc1sc2ccccc2c1C1=C(C(=O)Cc2ccccc2)C(=O)N(Cc2ccc(C#N)cc2)C1=O,1,0.3636,0.7167,0.6364,0.2833,2.622,427.1641,68.4349,4.2921,0.2824,0.3212,0.2015,-7.3491,0.972,0.482,0.4034,0.1824,0.2706,0,1,0,419.1191,4.2392,0.179,-7.3696,0.0775,0.0064,0,1,0,0,B0,101
CCCC=C(C#N)c1ccc(C=Nc2ccc(C(=O)O)cc2OC)s1,1,0.5976,0.7077,0.4024,0.2923,2.9579,410.9991,74.8887,3.7656,1.1035,0.1276,0.1475,-6.9505,0.8347,0.5675,0.3786,0.125,0.2311,0,0,0,430.6668,4.1158,0.0599,-6.5574,0.1053,0.0048,0,1,0,0,B0,101
CCN(CC)c1ccc2cc(C(=O)c3ccccc3)c(=NC(=O)NCNC(=O)N=c3oc4cc(N(CC)CC)cc(C(=O)OC)c4cc3C#N)oc2c1,1,0.3382,0.6301,0.6618,0.3699,3.7492,465.0186,85.3523,4.5588,0.3475,0.3218,0.2431,-6.9437,0.9448,0.4744,0.3867,0.0605,0.1259,0,1,0,475.9292,4.7463,0.3082,-6.5829,0.1332,0.0049,0,1,0,0,B0,101
COCc1ccc(-c2ccccc2)cc1,1,0.5238,0.56,0.4762,0.44,1.297,282.6861,22.1757,4.1089,0.3538,0.1883,0.1566,-5.3424,1.9589,0.3547,0.2922,0.2832,0.3096,0,1,0,262.6948,4.1535,0.2798,-3.3348,0.0853,0.0635,0,0,0,0,B0,101
CCCCc1c(O)cccc1C(C)(C)C,1,0.5333,0.3667,0.4667,0.6333,2.0732,275.4979,51.6345,3.6275,0.6279,0.3015,0.2579,-5.3073,1.9717,0.2385,0.2606,0.4475,0.3635,0,1,0,295.834,3.6131,0.2999,-6.4256,0.033,0.479,0,1,0,0,B0,101
CC(C)(C)c1cc(C(=O)c2ccccc2)c(O)cc1-c1ccc(-c2nc3c4ccccc4c4ccccc4c3n2-c2ccc(C#N)c3ccccc23)cc1,1,0.4154,0.597,0.5846,0.403,3.1016,444.2209,63.0818,4.4539,0.4109,0.5455,0.2959,-7.1664,1.0698,0.3875,0.383,0.1797,0.2968,0,1,0,407.1327,4.3515,0.3775,-7.1771,0.0411,0.007,1,1,1,1,B0,101
CCOc1cc(-n2ncc(-c3ccc(F)cc3)n2)ccc1OC(C)=O,1,0.4898,0.5714,0.5102,0.4286,2.2696,384.4257,101.7175,4.1809,0.458,0.4514,0.153,-7.0931,0.9435,0.4563,0.3693,0.1146,0.2012,1,1,1,382.9038,4.2905,0.4328,-6.5833,0.0369,0.0067,1,1,1,1,B0,101
COc1cccc2[nH]c3c4c(C)cccc4cc(C)c3c12,1,0.3902,0.5577,0.6098,0.4423,2.2724,354.9703,46.153,4.1489,0.294,0.244,0.1518,-7.0603,1.1583,0.4134,0.3849,0.3416,0.3685,0,1,0,376.6906,3.9939,0.2483,-6.4164,0.0123,0.0073,0,1,0,0,B0,101
CC(=CCO)c1c2ccc(=[NH2+])cc-2oc2c3c(ccc12)NC(C)(C)C=C3C,1,0.4154,0.8028,0.5846,0.1972,3.7666,502.1479,56.8187,4.2008,0.3814,0.251,0.2108,-7.0166,0.9218,0.5486,0.3738,0.215,0.2849,0,0,0,496.0935,4.4778,0.1749,-5.824,0.3405,0.0083,0,1,0,0,B0,101
N#Cc1cc2ccccc2cc1C#Cc1cn(C2CC(O)C(CO)O2)c2ncnc(N)c12,1,0.2188,0.7551,0.7812,0.2449,3.8756,337.9366,35.826,4.2669,0.2665,0.2229,0.1967,-7.2356,0.9371,0.5171,0.3967,0.1735,0.2608,0,0,0,348.868,4.4979,0.3278,-7.4288,0.5234,0.0086,1,0,0,0,B0,101
CN1C(=Cc2ccc(-c3nc(-c4ccccc4)nc(-c4ccccc4)n3)cc2)C(C)(C)c2ccccc21,1,0.5111,0.6053,0.4889,0.3947,2.4441,385.8837,64.1368,4.3666,0.4813,0.1344,0.1184,-7.3589,1.1194,0.4402,0.3784,0.139,0.246,0,1,0,399.1716,4.496,0.1407,-7.3175,0.0273,0.0094,0,1,0,0,B0,101
O=C(c1ccccc1)c1ccc(/C=C/c2c(N3CCCC3)ccc3ccccc23)cc1,1,0.3333,0.587,0.6667,0.413,2.1348,371.4486,33.7881,4.5346,0.3526,0.2907,0.1996,-7.8593,1.1448,0.4037,0.3718,0.1641,0.2485,1,1,1,384.2939,4.3565,0.2795,-8.2238,0.1109,0.0106,1,1,1,1,B0,101
CC(=O)NC=CC1=C(c2ccc(C(=O)O)cc2)C(=CC=C2N(CCCCS(=O)(=O)[O-])c3ccc4ccccc4c3C2(C)C)CCC1,1,0.2093,0.7765,0.7907,0.2235,3.5331,514.4843,107.2783,4.3465,0.4381,0.1978,0.1684,-6.9592,1.1542,0.3823,0.3889,0.1584,0.2755,0,1,0,605.5141,4.5195,0.1201,-7.4177,0.0543,0.0053,0,1,0,0,B0,101
O=C(c1ccccc1)c1cc2c(Br)c3ccccc3c(Br)c2cc1C(=O)c1ncc2ccccn12,1,0.64,0.3953,0.36,0.6047,2.8866,370.9018,79.4877,4.1829,0.628,0.6128,0.2355,-7.2676,0.9924,0.4922,0.3791,0.2324,0.2922,1,1,1,377.0584,4.3986,0.3522,-7.3688,0.1321,0.0051,1,1,1,1,B0,101
CCCCCCCCCCCCCCCOc1ccc(C(=O)Oc2ccc(O)c(F)c2)cc1,1,0.6207,0.2444,0.3793,0.7556,2.1445,330.0141,58.242,4.3342,0.3002,0.3538,0.2335,-7.0494,0.9723,0.4063,0.3635,0.1491,0.2939,1,1,1,351.3282,4.2286,0.3693,-6.3625,0.0606,0.0038,1,1,1,1,B0,101
CCCCCCCCCCCCCCCCC,1,0.3333,0.3846,0.6667,0.6154,1.0834,184.0294,88.439,3.5262,0.8164,0.2104,0.2143,-6.5349,1.3247,0.2649,0.2351,0.5132,0.2903,0,0,0,257.9757,3.8646,0.2286,-6.683,0.0334,0.6646,0,0,0,0,B0,101
Cc1ccc(Cc2ccc(C(=O)c3ccccc3)cc2)c(C)c1,1,0.561,0.4872,0.439,0.5128,1.6465,320.4334,22.7595,4.14,0.3132,0.4178,0.1778,-7.3385,1.47,0.3641,0.3272,0.2488,0.3113,1,1,1,318.505,4.0201,0.3863,-7.3629,0.0389,0.0164,1,1,1,1,B0,101
CCCCCCc1cc(-c2cc3sc4ccsc4c3s2)sc1-c1ccc(-c2ccc(-c3sc(/C=C(\C#N)C(=O)O)cc3CCCCC#N)s2)s1,1,0.0597,0.7558,0.9403,0.2442,3.8541,469.7198,25.1358,4.486,0.3182,0.1983,0.1758,-6.9447,1.0503,0.3918,0.3938,0.1302,0.2271,0,1,0,487.9264,4.7621,0.1434,-7.1578,0.0475,0.0049,0,1,0,0,B0,101
Cc1cccc2c1Sc1cc(/C=C(\C#N)C(=O)O)ccc1N2CCCCCCCl,1,0.3492,0.6364,0.6508,0.3636,2.8334,425.237,67.3078,4.3662,0.3483,0.2268,0.2287,-7.1947,1.0271,0.5298,0.3967,0.1426,0.2335,0,0,0,404.5781,4.2295,0.2016,-7.2671,0.0519,0.0032,0,1,0,0,B0,101
Cc1cc(OC2CCCCC2)cc(F)c1C,1,0.7857,0.7059,0.2143,0.2941,2.0822,285.3856,52.8858,3.7405,0.6574,0.1265,0.1704,-6.8602,1.5223,0.191,0.274,0.4583,0.3537,0,1,0,284.5215,3.6919,0.2842,-6.2387,0.0213,0.6938,0,0,0,0,B0,101
CCOCOc1ccc(C=CC(=O)c2c(O)cc(OCOCC)c(OC)c2OCOCC)cc1OCOCC,1,0.6418,0.3091,0.3582,0.6909,3.116,465.6049,63.5549,4.3312,0.3058,0.2377,0.2096,-6.7237,0.8842,0.4854,0.3906,0.0717,0.1675,0,1,0,448.6202,4.4203,0.1989,-6.409,0.1087,0.0069,0,1,0,0,B0,101
CC(C)(C#N)c1ccc(OC(=O)O)cc1C#N,1,0.6875,0.6047,0.3125,0.3953,2.7287,314.4261,24.3588,4.0072,0.3652,0.1871,0.1625,-7.0404,0.8679,0.4629,0.356,0.2477,0.3272,0,1,0,301.0006,3.9451,0.2114,-6.2449,0.0698,0.0284,0,1,0,0,B0,101
COc1ccc(O)c(C(=O)C#Cc2ccc(C)cc2)c1,1,0.6379,0.2308,0.3621,0.7692,2.215,343.4082,49.4817,4.2077,0.3327,0.2618,0.2019,-6.9961,0.9,0.4964,0.3636,0.1649,0.2583,1,1,1,340.2548,4.3286,0.2475,-6.3612,0.3834,0.0116,0,1,0,0,B0,101
O=C(c1ccccc1)c1ccc(C2CCNCC2)cc1,1,0.5946,0.2333,0.4054,0.7667,1.8046,317.3665,47.0928,4.1884,0.2059,0.213,0.1578,-7.7177,0.8745,0.3569,0.3339,0.2255,0.2877,0,1,0,289.274,3.9576,0.2347,-7.703,0.3105,0.0099,0,1,0,0,B0,101
Cn1c(-c2cc(N3CCCCC3)c(O)c(C(C)(C)C)c2)cc2ccccc21,1,0.7,0.2727,0.3,0.7273,2.4218,353.5521,51.2295,4.1911,0.3355,0.3319,0.2094,-7.8245,1.0454,0.3968,0.3661,0.2651,0.3184,1,1,1,363.7203,4.1531,0.2788,-8.07,0.0557,0.0066,1,1,1,1,B0,101
COc1ccc2cc(-c3ccc(O)cc3)c(=O)oc2c1,1,0.325,0.4878,0.675,0.5122,1.9054,336.9882,23.643,4.1002,0.4882,0.2372,0.1726,-6.9566,0.9361,0.5212,0.3624,0.1876,0.2466,0,0,0,342.876,4.297,0.3358,-7.5289,0.3609,0.0102,1,1,1,1,B0,101
Cc1ccc(O)c(C(=O)c2ccccc2-c2ccc(-c3sc(-c4ccc(N(c5ccccc5)c5ccccc5)cc4)c4c3OCCO4)cc2F)c1,1,0.4737,0.6212,0.5263,0.3788,3.0231,439.662,69.0421,4.5027,0.2565,0.3155,0.204,-7.2292,1.0475,0.3956,0.3845,0.1116,0.233,0,1,0,427.9526,4.4314,0.2737,-7.3517,0.0317,0.0051,0,1,0,0,B0,101
COC(C=Cc1ccccc1)c1cc(C#N)c(C#N)cc1-n1c2ccccc2c2cc(CCCCn3cc[n+](C)c3)ccc21,1,0.2857,0.7534,0.7143,0.2466,3.8026,449.8721,130.9393,4.6556,0.3535,0.2387,0.2015,-6.8955,1.0289,0.3974,0.4019,0.1263,0.2336,0,1,0,447.2582,4.7656,0.248,-7.38,0.0212,0.0111,0,1,0,0,B0,101
C=CCc1ccc(-c2ccc(-c3ccc(/C=C(\C#N)C(=O)O)s3)c3n[se]nc23)cc1,1,0.2951,0.7391,0.7049,0.2609,3.2616,457.9655,94.4409,4.3781,0.3026,0.1693,0.1972,-7.3994,1.0462,0.5203,0.3991,0.1932,0.2901,0,0,0,444.9476,4.7411,0.1363,-7.5368,0.0856,0.0085,0,1,0,0,B0,101
COC(=O)CC1CCC(=O)C1c1ccc([N+](=O)[O-])cc1C(C)(C)C,1,0.6571,0.623,0.3429,0.377,3.3894,329.473,68.7037,3.9432,0.5071,0.1794,0.2129,-7.1093,0.6867,0.4371,0.3989,0.1686,0.2673,0,1,0,318.427,3.9826,0.1599,-6.5743,0.4414,0.0082,0,1,0,0,B0,101
CCCCCCCC=Cc1ccc(OC)cc1,1,0.5294,0.5,0.4706,0.5,1.7436,302.393,48.0895,4.0279,0.5798,0.1534,0.1676,-6.7277,1.3894,0.2772,0.2838,0.2084,0.2533,0,1,0,318.8384,3.7966,0.2257,-6.3946,0.0389,0.0362,0,1,0,0,B0,101
Cc1cc(C)c(B(c2ccc(N(C)C)c(C)c2)c2c(C)cc(C)cc2C)c(C)c1,1,0.4865,0.75,0.5135,0.25,2.8491,338.7448,54.3161,4.3036,0.3474,0.4693,0.2249,-7.0501,1.5137,0.5003,0.3709,0.4269,0.3572,1,0,0,344.4189,4.3241,0.5073,-6.0717,0.3857,0.0613,1,1,1,1,B0,101
Cc1cccc2c1N(CCCCCCC(CN1CCCCC1)N1CCCCC1)c1ccccc1S2,1,0.6176,0.5556,0.3824,0.4444,3.1023,391.4264,85.5203,4.0169,0.546,0.2335,0.254,-7.3645,1.324,0.5106,0.3855,0.2556,0.3157,0,0,0,386.1619,4.2815,0.2857,-7.589,0.0671,0.0284,1,1,1,1,B0,101
CCCCc1sc(C=C(C#N)C(=O)O)cc1O,1,0.4921,0.6038,0.5079,0.3962,3.08,318.2881,77.3351,3.8985,0.5237,0.1381,0.1215,-7.0526,0.81,0.5835,0.3647,0.2886,0.3323,0,0,0,386.4403,3.9746,0.0852,-7.2699,0.2079,0.0567,0,1,0,0,B0,101
CCCCc1cc(C=CC(C)CC)c(OC)c(OC)c1OC,1,0.6596,0.7368,0.3404,0.2632,3.0256,339.4345,58.5386,3.6974,0.7542,0.2481,0.1858,-6.799,1.0288,0.3813,0.3518,0.2214,0.2662,0,1,0,345.3756,3.9769,0.2833,-6.7172,0.047,0.0077,1,1,1,1,B0,101
O=C(OCCN1CCCCC1)[N+](=O)[O-],1,0.7869,0.375,0.2131,0.625,2.5511,451.9726,100.7341,3.0234,1.0773,0.1638,0.2045,-5.5579,0.6553,0.6432,0.3614,0.4309,0.3289,0,0,0,452.147,3.033,0.2182,-6.1395,0.4749,0.0112,0,1,0,0,B0,101
N#C/C(=C\c1ccc(-c2sc(CCCOC(=O)c3ccc(O)c(O)c3)c3c2OCCO3)c(F)c1)C(=O)O,1,0.4568,0.6447,0.5432,0.3553,3.1608,466.6909,55.4106,4.417,0.2307,0.1386,0.1382,-7.1322,0.9543,0.4604,0.4108,0.1283,0.2641,0,1,0,453.4542,4.4847,0.1814,-6.6251,0.0513,0.0044,0,1,0,0,B0,101
O=C(Oc1ccc(NC(=O)c2ccc(F)c3ccc4c5ccccc5c5ccccc5c4c23)cc1)c1ccccc1O,1,0.4906,0.449,0.5094,0.551,2.487,403.9485,60.2616,4.3783,0.3717,0.3604,0.2872,-7.0707,1.0503,0.5061,0.4098,0.1469,0.2667,1,0,0,406.9244,4.3894,0.2989,-6.3377,0.0845,0.0086,1,1,1,1,B0,101
CCc1c(C)cc(O)c(C(=O)C2C(=C(C#N)C#N)C(=O)C2[O-])c1C,1,0.7125,0.5577,0.2875,0.4423,4.3177,396.0011,80.6594,3.9118,0.5558,0.3144,0.2882,-7.1215,0.7015,0.6164,0.3553,0.2665,0.3196,1,0,0,442.5372,3.9985,0.2161,-7.1967,0.5875,0.0253,0,0,0,0,B0,101
Oc1ccc(-c2cccc(F)c2O)cc1,1,0.6111,0.6,0.3889,0.4,1.7992,303.5886,25.377,3.9748,0.4036,0.1738,0.1446,-5.1386,0.9483,0.7497,0.259,0.3027,0.3118,0,0,0,299.6792,3.8854,0.2786,-5.3454,0.7739,0.0162,1,0,0,0,B0,101
CC1=CC(C)(C)Nc2ccc3c(C(=O)Nc4ccc(C(=O)O)cc4)c4ccc(=[NH2+])cc-4n(C)c3c21,1,0.4265,0.6857,0.5735,0.3143,3.338,483.2212,71.2177,4.2921,0.3893,0.3693,0.285,-7.1458,1.1527,0.6013,0.3682,0.1663,0.2732,0,0,0,468.6237,4.42,0.274,-6.0571,0.3953,0.0088,0,1,0,0,B0,101
COCCOc1ccc(C)cc1,1,0.619,0.3846,0.381,0.6154,1.3667,273.4922,30.3221,3.4727,0.5026,0.1701,0.1519,-4.8794,0.6947,0.3516,0.3034,0.3411,0.313,0,0,0,280.2864,3.5503,0.2508,-3.5509,0.1176,0.4227,0,0,0,0,B0,101
COC(=O)c1cc(F)cc(-c2ccc(C)cc2N)c1,1,0.6667,0.4091,0.3333,0.5909,1.9727,321.2773,38.8165,4.1561,0.2738,0.1909,0.1631,-7.0861,0.9409,0.5694,0.3738,0.1688,0.2832,0,0,0,314.7744,4.1994,0.3696,-6.3369,0.2829,0.0068,1,1,1,1,B0,101
CN(C)c1ccc2c(c1)cc1c3cc4ccccc4c4cccc(c5cccc2c51)c43,1,0.3571,0.5294,0.6429,0.4706,2.2854,390.4595,55.4225,4.3011,0.2973,0.4205,0.1479,-7.1096,1.5334,0.483,0.3559,0.365,0.3604,1,1,1,445.7013,4.3886,0.3641,-6.0608,0.0824,0.0508,0,1,0,0,B0,101
CCCCCCCCCCCCc1sc(-c2ccc(-c3ccc(-c4sc(-c5csc6ccccc56)c5ccccc45)s3)s2)c2ccccc12,1,0.3409,0.7119,0.6591,0.2881,3.2427,419.2928,48.329,4.5045,0.333,0.3849,0.1739,-6.847,1.6299,0.3695,0.3613,0.2519,0.2881,1,1,1,410.2506,4.7898,0.4132,-7.5095,0.0357,0.0357,1,1,1,1,B0,101
CC(C)(C)c1ccc(-c2ccc(C=O)cc2)cc1,1,0.381,0.4688,0.619,0.5312,1.6998,306.3404,33.0352,4.3018,0.2535,0.105,0.1547,-7.2676,1.5107,0.4347,0.3292,0.2935,0.3345,0,1,0,302.4997,4.2247,0.2109,-7.2554,0.1732,0.0428,0,1,0,0,B0,101
CCOCCOC(=O)C=Cc1ccccc1,1,0.5278,0.2571,0.4722,0.7429,1.8289,292.2351,40.0274,3.9502,0.4608,0.0772,0.0929,-6.5498,1.3692,0.2139,0.2802,0.089,0.2033,0,1,0,297.8536,3.8387,0.2206,-6.6509,0.0339,0.0047,0,1,0,0,B0,101
CCC(C)(C)c1ccc(N(c2ccc(C(C)(C)CC(C)(C)C)cc2)c2ccc3c4ccc5c6c(ccc(c7cccc2c73)c64)C(=O)OC5=O)cc1,1,0.0652,0.6863,0.9348,0.3137,3.2483,513.9402,91.183,4.4269,0.4401,0.4906,0.2047,-7.069,1.0628,0.4168,0.3734,0.2409,0.3046,0,1,0,527.8105,4.5451,0.5034,-7.3653,0.0411,0.0103,0,1,0,0,B0,101
Cc1cc(-c2ccc(C(C)(C)C)cc2)ccc1C(=O)B1c2ccccc2Oc2cc(N3c4ccccc4C(C)(C)c4ccccc43)ccc21,1,0.5205,0.7059,0.4795,0.2941,3.2972,454.8029,137.266,3.8524,0.7812,0.6851,0.2209,-7.3301,1.0677,0.4426,0.3776,0.1937,0.275,0,1,0,366.0419,3.7344,0.7714,-7.2455,0.0643,0.0032,0,1,0,0,B0,101
CCCCC(CC)COc1ccccc1C(C)(C)C,1,0.6379,0.5625,0.3621,0.4375,2.4532,281.1429,50.3349,3.6001,0.6614,0.2456,0.2449,-6.7067,1.3569,0.2662,0.3079,0.2458,0.325,0,1,0,299.5639,3.8172,0.2973,-6.7424,0.0252,0.4294,1,1,1,1,B0,101
COc1nc(-c2ccccc2)nc(-c2cc(C)c(N3c4ccccc4C4(c5ccccc5-c5c(Cl)cccc54)c4ccccc43)cc2C)n1,1,0.3103,0.7532,0.6897,0.2468,3.4617,360.8713,26.7956,4.2734,0.491,0.5526,0.2495,-7.0695,1.1373,0.554,0.3724,0.1981,0.3124,1,0,0,394.04,4.3327,0.5553,-6.7318,0.036,0.0106,1,1,1,1,B0,101
CCCCCCCCCCCCCCCC[n+]1ccc(OC)cc1,1,0.5385,0.4483,0.4615,0.5517,2.2591,356.3302,68.8648,3.5653,0.8967,0.1503,0.1719,-6.578,1.3124,0.3101,0.3049,0.2478,0.2768,0,1,0,367.2326,3.9082,0.2265,-6.3998,0.0239,0.1282,0,1,0,0,B0,101
CCOC(=O)CCn1c2ccc(-c3ccc(C=O)cc3)cc2c2cc(-c3ccc(C=O)cc3)ccc21,1,0.3636,0.6,0.6364,0.4,2.4317,380.1086,51.5984,4.4882,0.148,0.2046,0.1801,-7.1933,1.0036,0.3577,0.3931,0.067,0.1715,0,1,0,384.7915,4.5609,0.327,-6.5953,0.0275,0.0031,1,1,1,1,B0,101
O=C(c1cc(CCCCCCCCCc2nn(-c3ccccn3)nc2O)ccc1O)c1ccccc1Cl,1,0.7344,0.431,0.2656,0.569,2.8205,396.2776,90.4947,4.2969,0.2852,0.3822,0.2481,-7.338,1.2691,0.5644,0.3949,0.1932,0.2926,1,0,0,349.2549,4.2837,0.3716,-8.0159,0.0534,0.005,1,1,1,1,B0,101
COc1ccc2c3c(c(Cl)cc2c1)N1C=CC=CB1C=C3,1,0.5769,0.6957,0.4231,0.3043,3.7241,362.7975,47.2827,4.1596,0.2712,0.3233,0.1292,-6.8215,1.4148,0.5938,0.3653,0.3179,0.3412,1,0,0,381.8184,4.2388,0.2759,-6.4477,0.3078,0.0629,1,1,1,1,B0,101
COc1cc(C=C(C#N)C(=O)OC(C)(C)C)ccc1N(C)C,1,0.5738,0.4167,0.4262,0.5833,2.4476,373.6872,56.2151,4.0547,0.64,0.1469,0.1267,-6.6869,0.7765,0.5391,0.3756,0.1883,0.2778,0,0,0,351.1874,4.2954,0.164,-6.0825,0.2729,0.0148,0,1,0,0,B0,101
O=S(=O)([O-])c1cc(C#Cc2ccc(N(c3ccccc3)c3ccccc3)cc2)ccc1O,1,0.566,0.5714,0.434,0.4286,2.61,381.3756,38.7945,4.3679,0.4362,0.3675,0.2271,-7.3953,1.0298,0.5486,0.3755,0.2121,0.2906,1,0,0,391.8388,4.2688,0.3046,-7.5685,0.0938,0.0093,1,1,1,1,B0,101
Oc1ccc(N=Nc2ccccc2-c2ccccc2-c2ccccc2)[nH]1,1,0.5,0.6571,0.5,0.3429,2.6304,458.0627,39.142,4.0066,0.7069,0.2576,0.2326,-7.4156,1.0704,0.5142,0.3762,0.2181,0.2675,0,0,0,446.42,4.1576,0.3126,-7.5215,0.0602,0.0058,0,1,0,0,B0,101
CC(=O)NC(=O)C1CCNCC1,1,0.7826,0.3704,0.2174,0.6296,2.3147,400.5598,118.436,2.9656,1.0675,0.1931,0.1734,-5.9457,0.7243,0.5667,0.3775,0.6158,0.3144,0,0,0,358.1272,3.1917,0.2887,-6.3989,0.2783,0.9164,0,0,0,0,B0,101
CNc1ccc2c(-c3ccccc3OC(=O)c3ccc(OC)c(O)c3)c3cc/c(=[NH+]\C)cc-3oc2c1,1,0.4265,0.6129,0.5735,0.3871,3.0897,482.3093,84.7561,4.451,0.3164,0.2951,0.2406,-6.882,0.7509,0.5618,0.3852,0.1224,0.2457,0,0,0,449.3048,4.4937,0.1323,-5.9418,0.2125,0.0064,0,1,0,0,B0,101
COC(=O)N(c1ccccc1)c1ccc(C=Cc2cc(-c3ccc(C)cc3)c(C=Cc3ccc(N(c4ccccc4)c4ccccc4)cc3)cc2-c2ccc(C)cc2)cc1,1,0.2667,0.5098,0.7333,0.4902,3.0101,408.6196,29.5949,4.7131,0.3058,0.5139,0.2847,-7.1536,1.0863,0.4116,0.3801,0.0907,0.1929,1,1,1,398.7575,4.6628,0.4768,-6.5413,0.0463,0.0032,1,1,1,1,B0,101
COc1cc(-c2ccccc2)cc(OC)c1O,1,0.4615,0.4857,0.5385,0.5143,1.5781,302.9422,19.7194,4.2158,0.2305,0.169,0.1081,-6.9748,0.9776,0.4626,0.3562,0.1739,0.2411,0,1,0,302.6334,4.3479,0.1897,-6.2337,0.1321,0.0151,0,1,0,0,B0,101
O=S1(=O)C2=C(c3ccccc31)C1(C3=C(c4ccccc41)S(=O)(=O)c1cccc(Cl)c13)c1ccccc12,1,0.25,0.7333,0.75,0.2667,4.1445,374.7292,65.4428,4.2485,0.3027,0.4839,0.2371,-7.6314,1.0856,0.6583,0.3604,0.3015,0.299,1,0,0,382.5972,4.2101,0.5131,-7.9227,0.2232,0.0118,1,1,1,1,B0,101
COc1cccc(C=Cc2ccc(O)cc2O)c1,1,0.4595,0.4667,0.5405,0.5333,2.0073,323.3298,25.8655,4.1671,0.5411,0.1154,0.1215,-6.9973,0.9566,0.5209,0.3544,0.1758,0.2664,0,0,0,314.2701,4.0357,0.0983,-6.328,0.1768,0.0092,0,1,0,0,B0,101
COc1ccc(O)c(C(=O)C2=CC(c3ccccc3)=[O+][B-](F)(F)O2)c1,1,0.4746,0.4902,0.5254,0.5098,3.3004,378.5895,54.5967,4.5051,0.3558,0.34,0.2185,-6.9787,0.873,0.5739,0.3579,0.1163,0.1935,1,0,0,391.669,4.3287,0.2618,-6.3684,0.3785,0.0096,1,1,1,1,B0,101
CCCCc1ccccc1C=CC(=O)c1cc2cc3c(cc2oc1=O)N(CC)CCN3CC,1,0.3,0.6986,0.7,0.3014,2.8409,403.8719,52.3236,4.4225,0.2108,0.2133,0.1521,-7.2825,1.0057,0.3857,0.3749,0.1505,0.2529,0,1,0,409.8617,4.5141,0.3647,-7.438,0.0941,0.0042,1,1,1,1,B0,101
COC(=O)[Si](C)(C)c1cccc2cccc(N(C)C)c12,1,0.6522,0.6279,0.3478,0.3721,2.8523,332.862,50.2645,3.908,0.7271,0.3305,0.2053,-7.0661,1.0277,0.4363,0.389,0.1763,0.2469,1,1,1,332.2046,3.8304,0.2988,-6.0598,0.1835,0.0065,1,1,1,1,B0,101
CNc1ccccc1C(=O)O,1,0.4375,0.3571,0.5625,0.6429,1.5383,275.224,27.5228,3.8412,0.4357,0.2292,0.1544,-5.6621,0.61,0.6905,0.3047,0.3343,0.3219,0,0,0,284.3937,3.8204,0.2647,-5.5066,0.7887,0.0361,0,0,0,0,B0,101
Cc1c(N2CCN(C(=O)OC(C)(C)C)CC2)ccc2c(-c3ccc(I)cc3)c3ccc(=[N+]4CCN(C(=O)OC(C)(C)C)CC4)cc-3oc12,1,0.2603,0.7368,0.7397,0.2632,3.3778,593.3529,81.9442,4.8377,0.2202,0.3594,0.1981,-7.0346,0.9786,0.3812,0.3917,0.1668,0.2784,0,1,0,560.7494,4.8669,0.3342,-5.878,0.1303,0.0079,0,1,0,0,B0,101
COC(=O)c1c2ccc(=[NH2+])cc-2oc2cc(N(C)C)ccc12,1,0.42,0.7091,0.58,0.2909,3.0168,462.7494,83.9916,4.2879,0.3086,0.2752,0.209,-6.9446,0.8829,0.668,0.3521,0.229,0.2935,0,0,0,483.2652,4.3046,0.2922,-6.329,0.845,0.0115,0,0,0,0,B0,101
O=C(O)CCCCCNC1CCNCC1,1,0.7209,0.4857,0.2791,0.5143,2.1517,420.1405,124.8739,3.2059,1.0435,0.2821,0.2613,-6.1301,1.1479,0.4594,0.4067,0.5178,0.3436,0,0,0,423.6095,3.239,0.1897,-6.1736,0.242,0.932,0,0,0,0,B0,101
CCC(C)=CCCC1=NC(=Cc2ccccc2)C(=O)N1,1,0.5319,0.6875,0.4681,0.3125,2.9941,360.1278,45.9834,4.1548,0.3032,0.1299,0.1297,-7.215,1.0083,0.283,0.3175,0.2023,0.2971,0,1,0,334.4993,4.0463,0.1553,-7.4269,0.0493,0.0041,0,1,0,0,B0,101
CCOC(=O)c1c(NOC)c(O)c2ccc(N(C)C)cc2c1O,1,0.661,0.5319,0.339,0.4681,2.6967,381.0672,46.6901,3.8925,0.5809,0.2014,0.2166,-6.9248,0.9627,0.5822,0.3996,0.1344,0.2379,0,0,0,385.8806,3.9202,0.2081,-6.0317,0.3134,0.0061,0,1,0,0,B0,101
COC(=O)c1nc2ccccc2s1,1,0.5429,0.5714,0.4571,0.4286,1.9353,359.3876,42.9764,3.378,1.3953,0.2903,0.3097,-5.121,0.617,0.5281,0.3666,0.1822,0.2635,0,0,0,368.1582,3.4021,0.1793,-5.0045,0.3131,0.0096,0,1,0,0,B0,101
CCCCCC[C@H]1O[C@@H](n2c(-c3ccco3)nc3c(N)ncnc32)[C@H](O)[C@@H]1O,1,0.25,0.7263,0.75,0.2737,3.8111,336.7505,91.9244,4.1815,0.3318,0.382,0.3094,-7.0655,0.9182,0.4187,0.3952,0.2251,0.3098,1,1,1,353.4533,4.1751,0.3222,-7.336,0.072,0.015,1,1,1,1,B0,101
Clc1ccc(Cc2ccc3c(c2)OCO3)cc1,1,0.561,0.4706,0.439,0.5294,1.7016,315.6901,49.1091,4.0151,0.6415,0.3306,0.2337,-7.3694,1.3402,0.5669,0.385,0.4046,0.3485,1,0,0,273.6232,4.0147,0.3678,-7.2808,0.2445,0.0408,0,1,0,0,B0,101
CCCCc1cnc(-c2ccc(OC)cc2)[nH]1,1,0.6087,0.6053,0.3913,0.3947,2.0034,328.8025,67.8494,4.1008,0.2704,0.3376,0.2577,-6.7763,0.8844,0.3882,0.3289,0.2242,0.2806,1,1,1,308.4849,4.1695,0.3742,-6.4096,0.1135,0.0145,1,1,1,1,B0,101
CCN(CC)c1ccc(-c2nc(OCc3ccccc3)nc(Oc3ccc(-c4nc5ccc(Cl)cc5o4)cc3)n2)cc1,1,0.1833,0.5897,0.8167,0.4103,2.6744,409.7056,87.5374,4.5546,0.3165,0.3569,0.2208,-6.9576,0.9956,0.4509,0.3768,0.2047,0.3214,1,1,1,395.9244,4.5903,0.3567,-6.5579,0.0463,0.0127,1,1,1,1,B0,101
CC(C)[C@@H](C(=O)c1ccc(O)cc1)c1ccccc1,1,0.625,0.2973,0.375,0.7027,2.3166,304.5767,30.6517,4.0817,0.4413,0.191,0.1546,-7.5703,1.0748,0.4438,0.3593,0.2054,0.293,0,1,0,289.682,3.9098,0.1958,-7.1701,0.0875,0.0066,0,1,0,0,B0,101
CCc1ccccc1NC1=CC(=O)c2ccc(C(C)(C)C)cc2C1=O,1,0.54,0.7,0.46,0.3,2.3568,425.4935,82.3073,4.192,0.2382,0.3804,0.2362,-7.1735,1.1215,0.5225,0.3566,0.234,0.3056,0,0,0,469.0632,4.233,0.3251,-6.0791,0.3693,0.0103,0,1,0,0,B0,101
Cc1cc(C)cc(-c2ccc(C(C#N)=Cc3cc(SSc4cc(C(C)(C)C)cc(C(C)(C)C)c4O)c(O)c(C(C)(C)C)c3)cc2)c1,1,0.5538,0.54,0.4462,0.46,3.2994,424.9867,64.2089,4.5472,0.3291,0.2635,0.2408,-7.073,1.0353,0.4602,0.4047,0.252,0.3515,0,1,0,403.5993,4.5735,0.2133,-6.8854,0.0863,0.0085,0,1,0,0,B0,101
CC(C)C1=C(c2ccc(O)cc2)[C@H](C=Cc2ccc(C(F)(F)F)cc2)NC(=S)N1,1,0.3729,0.7288,0.6271,0.2712,3.4033,315.9149,36.5067,4.394,0.4835,0.2136,0.2177,-7.534,0.9879,0.4947,0.3649,0.2895,0.3528,0,1,0,345.3217,4.3203,0.178,-6.9161,0.206,0.0087,0,1,0,0,B0,101
CC(C)(C)c1ccc2c(c1)c1cc(C(C)(C)C)ccc1n2-c1ccc(CCC(=O)c2cc(C(C)(C)C)c(O)c(C(C)(C)C)c2)cc1,1,0.5849,0.5577,0.4151,0.4423,2.8832,376.7216,77.7662,4.4408,0.2321,0.4255,0.2601,-7.1942,1.072,0.4136,0.3736,0.2358,0.3177,1,1,1,376.0268,4.4392,0.4208,-8.4928,0.0377,0.0055,1,1,1,1,B0,101
C=Cc1sc(-c2c(C)cc(C)cc2C)cc1B(c1c(C)cc(C)cc1C)c1c(C)cc(C)cc1C,1,0.5472,0.74,0.4528,0.26,3.2246,384.44,66.3001,4.3487,0.3248,0.2416,0.1911,-6.9982,1.3987,0.4655,0.3881,0.401,0.3718,0,1,0,393.6586,4.4418,0.355,-6.4768,0.1248,0.0752,1,1,1,1,B0,101
CC1(C)C(/C=C/C2=C(Cl)C(=Cc3ccccc3)CCC2)=[N+](Cc2ccc(C(F)(F)F)cc2)c2ccccc21,1,0.4247,0.8049,0.5753,0.1951,3.0078,516.2006,115.445,4.488,0.4063,0.1205,0.087,-7.1307,1.3914,0.5306,0.3948,0.3295,0.3449,0,0,0,569.0281,4.5428,0.1322,-7.4257,0.0396,0.0547,0,1,0,0,B0,101
O=C(CCCCCc1nc2cnccn2c1NC1CCCCC1)c1ccccc1Oc1ccccc1,1,0.4,0.6753,0.6,0.3247,2.6235,389.8267,118.913,4.3862,0.3053,0.3021,0.2293,-7.1775,0.9869,0.3527,0.3741,0.1346,0.2281,1,1,1,409.4296,4.207,0.1772,-6.6035,0.0728,0.0049,0,1,0,0,B0,101
Cc1c(C(=O)O)c(O)c(C)c([N+](=O)[O-])c1N(C)C,1,0.6279,0.6279,0.3721,0.3721,2.8355,344.4763,63.6189,3.9769,0.5188,0.2289,0.2513,-6.9358,0.891,0.6176,0.3662,0.4173,0.3721,0,0,0,364.6622,3.9168,0.1725,-6.0998,0.2614,0.0296,0,1,0,0,B0,101
COC(=O)c1cc(C=Cc2ccccc2)ccc1N(c1ccc(C=Cc2ccccc2)cc1)c1ccc(C=C(C#N)C(=O)O)cc1,1,0.34,0.5254,0.66,0.4746,2.8454,427.3373,50.7366,4.5074,0.2429,0.3801,0.278,-6.9335,1.0012,0.4558,0.3932,0.1032,0.2016,0,1,0,437.375,4.5736,0.3818,-6.3591,0.0423,0.0063,0,1,0,0,B0,101
CC(C)(C)c1ccc(C(=O)c2cc(O)c([N+](=O)[O-])cc2F)cc1,1,0.6739,0.5111,0.3261,0.4889,2.1862,345.2422,50.1767,4.1131,0.4236,0.2236,0.205,-7.3636,1.0079,0.5416,0.3634,0.2196,0.3283,0,0,0,340.6318,4.1584,0.2501,-7.2335,0.3034,0.0073,1,1,1,1,B0,101
CCC1CC(C)(C)NC(C)(C)C1,1,0.7209,0.5667,0.2791,0.4333,2.7607,339.3321,157.2755,3.4214,0.6629,0.3246,0.2592,-4.3274,1.1652,0.1742,0.2468,0.643,0.2581,0,0,0,356.4732,3.6841,0.2079,-3.3742,0.0313,0.9573,0,0,0,0,B0,101
CC(C)(C)c1ccc(-c2ccc(N(c3ccccc3)c3ccccc3)cc2)cc1,1,0.0,0.5152,1.0,0.4848,1.7384,362.2626,34.8394,4.4422,0.1763,0.3876,0.0828,-7.3088,1.5009,0.458,0.3436,0.344,0.3477,1,1,1,356.207,4.3766,0.415,-7.461,0.071,0.052,1,1,1,1,B0,101
Cc1ccc2ccccc2c1C(=O)C(=O)O,1,0.6047,0.4,0.3953,0.6,1.912,325.0521,34.2213,3.9822,0.5807,0.2325,0.1635,-6.3924,1.4452,0.5041,0.3466,0.2171,0.2726,0,0,0,308.1369,3.9421,0.2722,-7.2442,0.3009,0.0175,1,1,1,1,B0,101
CCCCCc1ccc2c(c1)C(C)CC(C)(C)N2C,1,0.6364,0.6458,0.3636,0.3542,2.7303,292.8557,63.4283,2.6206,1.8675,0.2187,0.2619,-7.1289,1.1433,0.3123,0.36,0.3792,0.3341,0,1,0,304.659,2.1576,0.1858,-7.4121,0.1641,0.5535,0,0,0,0,B0,101
CCCCC(CC)COc1c(COC(=O)CC(C)C)cc(C(C)(C)C)cc1C(C)(C)C,1,0.6761,0.6167,0.3239,0.3833,3.1071,324.6526,63.8457,3.9974,0.6406,0.3492,0.2693,-6.9268,0.7699,0.3353,0.3738,0.1371,0.2715,1,1,1,303.3754,3.8597,0.2768,-6.8834,0.0218,0.0033,1,1,1,1,B0,101
CC(=O)Oc1ccc([C@H](C(=O)c2ccc(C3=C4C(C)=CC(C)=[N+]4[B-](F)(F)n4c(/C=C/c5c[nH]cn5)cc(C)c43)cc2)c2ccc(O)cc2)cc1,1,0.3012,0.7262,0.6988,0.2738,4.3546,638.6603,74.7518,4.9329,0.2244,0.4716,0.3017,-7.0277,0.9688,0.427,0.3918,0.1384,0.2689,0,1,0,620.5904,4.8677,0.3214,-6.3687,0.0162,0.0094,0,1,0,0,B0,101
CCCCCCCCn1c2ccccc2c2c(-c3ccccc3)cc3cc(-c4ccc(-c5ccc(/C=C(/C#N)C(=O)OCCCCCC)s5)s4)sc3c21,1,0.16,0.6071,0.84,0.3929,3.3831,417.5596,61.2931,4.1199,0.6421,0.2226,0.1724,-6.8327,1.061,0.3171,0.365,0.0735,0.1407,0,1,0,437.1968,4.1982,0.2489,-6.3072,0.0301,0.0022,0,1,0,0,B0,101
CC(c1ccc(C(C)(C)C)cc1)c1ccccc1C(=O)c1cccc(-c2ccccc2)c1,1,0.6939,0.3953,0.3061,0.6047,2.5268,331.5371,38.2976,4.389,0.2114,0.3721,0.1365,-7.2921,1.4536,0.4401,0.3746,0.2594,0.3204,1,1,1,320.9509,4.259,0.4018,-7.1432,0.0279,0.0239,1,1,1,1,B0,101
CC(C)(C)c1ccc(O)c(-c2ccc(N=Nc3c(N)nn4c(N)c(N=Nc5nc6ccccc6s5)c(N)nc34)cc2)c1,1,0.3382,0.6462,0.6618,0.3538,3.4423,435.1393,42.691,4.0331,0.7164,0.1948,0.2211,-7.1665,1.0481,0.4773,0.3973,0.1984,0.2935,0,1,0,442.5378,3.8607,0.1868,-7.3119,0.1415,0.0049,0,1,0,0,B0,101
O=NN=Nc1ccc(O)c2ncccc12,1,0.381,0.6739,0.619,0.3261,3.0348,378.4511,62.9483,3.3867,1.1735,0.2188,0.2055,-5.2491,0.5495,0.6575,0.3534,0.3334,0.3241,0,0,0,454.1524,3.6581,0.3027,-5.0506,0.2212,0.0236,0,1,0,0,B0,101
O=C(O)c1ccc(-c2cc([N+](=O)[O-])ccc2Cl)cc1,1,0.625,0.4762,0.375,0.5238,1.7315,320.3575,24.0862,4.2183,0.3023,0.2068,0.2533,-7.2939,1.15,0.7608,0.3169,0.1971,0.2968,0,0,0,326.5024,4.2205,0.1782,-7.2246,0.3155,0.0093,0,1,0,0,B0,101
CCO[C@@H]1CO[C@H]2[C@@H]1OC[C@@H]2OC(=O)c1ccc(O)cc1,1,0.6818,0.2162,0.3182,0.7838,3.5751,282.3308,47.5988,3.8127,0.4067,0.2724,0.2518,-7.1998,0.711,0.5425,0.3866,0.1624,0.2401,0,0,0,289.1317,3.8311,0.3527,-6.7549,0.6799,0.0218,0,0,0,0,B0,101
Cc1cc(/C=C/c2c[nH]c3c(C)cc(C4CCN(C)CC4)cc23)n2c1C=C1C=CC=[N+]1[B-]2(F)F,1,0.4286,0.8111,0.5714,0.1889,4.0459,568.0124,44.9426,5.0494,0.3633,0.2932,0.2506,-7.5916,0.9741,0.514,0.381,0.4008,0.3807,0,0,0,580.6424,5.1266,0.3338,-7.2402,0.2105,0.0089,0,1,0,0,B0,101
CCOC(=O)CC=C(C#N)C(=O)OC,1,0.617,0.5476,0.383,0.4524,2.7034,435.3147,111.528,3.0978,1.1319,0.0515,0.0578,-5.4888,0.5727,0.5323,0.3946,0.2875,0.3069,0,0,0,430.9344,3.4402,0.1293,-5.6486,0.7364,0.0793,0,0,0,0,B0,101
OCCCCc1ccccc1,1,0.5,0.15,0.5,0.85,1.3329,249.6816,14.3852,3.6394,0.4343,0.2978,0.2509,-4.7275,0.8374,0.3418,0.3299,0.4791,0.3058,0,0,0,253.1931,3.471,0.167,-3.3478,0.1948,0.9087,0,0,0,0,B0,101
CCOC(=O)c1ccccc1,0,0.3571,0.0,0.6429,1.0,1.135,279.7997,33.9062,3.6761,0.4658,0.1729,0.1105,-4.5328,0.7682,0.3776,0.327,0.2164,0.2762,0,0,0,282.3432,3.656,0.2138,-3.814,0.0433,0.0268,0,0,0,0,B0,101
COc1ccccc1C(=O)c1ccccc1C(=N)O,1,0.6038,0.3438,0.3962,0.6562,1.9596,315.6727,29.6168,3.9426,0.3441,0.2455,0.1866,-7.0407,0.8809,0.4233,0.355,0.1262,0.1981,0,1,0,317.7855,4.0019,0.1734,-6.5834,0.1096,0.012,0,1,0,0,B0,101
CCCCC(CC)COc1cc(-c2c(O)cccc2C(=O)OC)ccc1[O-],1,0.6143,0.5254,0.3857,0.4746,3.2301,317.6256,32.5479,4.0931,0.4006,0.2833,0.2261,-7.033,0.8809,0.4984,0.389,0.0716,0.1709,1,1,1,344.1265,4.0361,0.2905,-6.6814,0.1163,0.0056,1,1,1,1,B0,101
Cc1cc(O)c(C(C)(C)C)cc1CCOc1ccccc1,1,0.7073,0.4615,0.2927,0.5385,2.0605,311.7003,43.8463,4.0209,0.4409,0.3549,0.2532,-7.3091,0.9858,0.3256,0.3389,0.2282,0.3286,1,1,1,295.8762,3.9913,0.3978,-6.701,0.0269,0.0049,1,1,1,1,B0,101
CC(C=CCCCC(C)C)=C1C(=O)OC(=O)C1C,1,0.5357,0.7288,0.4643,0.2712,3.6772,419.2017,157.4366,3.0843,0.9061,0.1307,0.1601,-6.8395,0.6617,0.3116,0.3431,0.3376,0.3455,0,1,0,361.937,2.9964,0.2053,-7.3419,0.1564,0.0099,0,1,0,0,B0,101
CCCCC(=O)N1CCC(NC2CCCCCC2)CC1,1,0.7077,0.4,0.2923,0.6,2.0432,406.6492,123.5788,3.1673,0.8689,0.2974,0.2752,-6.8583,0.8721,0.3912,0.392,0.2651,0.3259,0,1,0,357.4135,3.0403,0.2523,-6.1099,0.1312,0.0694,0,1,0,0,B0,101
CC(C)(C)OC(=O)N1C(=O)Cc2ccccc2C1=O,1,0.5957,0.625,0.4043,0.375,2.2472,327.0544,48.5679,4.0414,0.4516,0.3074,0.2349,-7.195,0.8168,0.3698,0.3634,0.2227,0.2862,1,1,1,310.0401,4.0568,0.2799,-6.3602,0.0858,0.0153,1,1,1,1,B0,101
COc1ccc(N(c2ccccc2)c2ccccc2)cc1,0,0.0,0.5185,1.0,0.4815,1.5768,334.1965,33.325,4.3498,0.1257,0.3118,0.1136,-6.952,1.4297,0.4521,0.3402,0.2236,0.2949,1,1,1,355.3629,4.1935,0.377,-6.4362,0.0504,0.0538,1,1,1,1,B0,101
CCn1c2ccccc2c2cc(C(=O)OC(C)(C)C)ccc21,1,0.4865,0.5349,0.5135,0.4651,1.9403,342.0971,34.201,4.1591,0.2967,0.3703,0.1485,-7.3577,1.0313,0.3997,0.3709,0.1023,0.2023,1,1,1,325.8684,4.1882,0.3253,-6.7117,0.029,0.0032,1,1,1,1,B0,101
Cc1ccc([C@@H]2O[C@H]2C(=O)C2CCNCC2)cc1C(C)(C)C,1,0.66,0.5769,0.34,0.4231,3.4953,332.7171,83.937,3.7941,0.6093,0.2212,0.1919,-7.3573,0.837,0.3358,0.3706,0.3017,0.3426,0,1,0,302.0842,3.8178,0.323,-7.7859,0.0477,0.0174,1,1,1,1,B0,101
Oc1cc(-c2ccc(F)cc2)ccc1Cl,1,0.641,0.4857,0.359,0.5143,1.6178,282.5679,21.61,3.9753,0.3978,0.2249,0.1971,-5.7756,2.0603,0.6765,0.3008,0.3586,0.3357,0,0,0,277.5395,4.1404,0.2946,-3.6415,0.3894,0.0273,0,0,0,0,B0,101
Cc1c(OC2CCCCC2)ccc(-n2c3ccccc3c3cc4c(cc32)C2c3ccccc3C4c3ccccc32)c1C,1,0.4483,0.6721,0.5517,0.3279,3.5522,436.6465,97.2485,4.2485,0.3099,0.4312,0.2213,-7.0993,1.23,0.4258,0.3877,0.3278,0.3496,0,1,0,455.7098,4.3363,0.3751,-6.5269,0.0416,0.0455,0,1,0,0,B0,101
CC1=N/C(=C\c2ccccc2C(=O)c2ccccc2N)C(=O)N1C,1,0.449,0.6,0.551,0.4,2.5326,386.8666,58.6396,4.1326,0.354,0.0711,0.0931,-7.2412,0.9959,0.5164,0.3652,0.1961,0.2895,0,0,0,386.7019,4.2967,0.086,-7.3197,0.374,0.0092,0,1,0,0,B0,101
COc1cc(C(F)(F)F)cc(C=CC(C)C)c1O,1,0.6981,0.5676,0.3019,0.4324,2.5314,301.3134,42.7509,4.0617,0.4591,0.2017,0.1836,-6.9436,0.8676,0.4337,0.3537,0.323,0.3512,0,1,0,295.1611,3.833,0.1375,-6.4832,0.0839,0.0097,0,1,0,0,B0,101
CCCCCC(=O)c1ccc(-c2ccc(C(C)(C)C)cc2)cc1O,1,0.625,0.4,0.375,0.6,1.9646,317.1958,50.6367,4.1696,0.3862,0.3472,0.2354,-7.3567,1.112,0.3641,0.354,0.159,0.2656,1,1,1,318.6146,4.1494,0.3358,-7.2684,0.0693,0.004,1,1,1,1,B0,101
CCN(CC)c1ccc2c(C(=O)c3ccccc3)c3c([o+]c2c1)C(=Cc1ccc(N(C)C)s1)CCC3,1,0.2466,0.6429,0.7534,0.3571,3.3345,518.5073,133.5949,4.9218,0.4008,0.165,0.2044,-7.4318,1.1045,0.4725,0.3812,0.1197,0.2174,0,1,0,556.253,4.8355,0.2278,-6.124,0.2008,0.0039,0,1,0,0,B0,101
Cc1cc(-c2nc3c4ccccc4c4ccccc4c3n2-c2ccc(C(C)(C)C)cc2)ccc1-c1ccc(-c2c(N3CCCC3)nc3ccccn23)cc1,1,0.2429,0.75,0.7571,0.25,3.1252,353.9065,39.4493,4.3928,0.4846,0.6032,0.224,-7.4132,1.1716,0.4731,0.394,0.2475,0.3138,1,1,1,377.0939,4.3991,0.641,-7.7124,0.088,0.009,1,1,1,1,B0,101
Cc1ccc(S(=O)(=O)/N=c2/cc3ccccc3cn2C(C)(C)c2ccccc2)cc1,1,0.3542,0.7143,0.6458,0.2857,2.6314,395.7378,47.5066,4.2126,0.4,0.3715,0.1315,-7.2872,1.0164,0.4798,0.373,0.2373,0.2954,1,1,1,376.3021,4.2328,0.4026,-7.2266,0.0921,0.0105,1,1,1,1,B0,101
C=CCCc1cc(C(C)(C)C)c(O)c(C(C)(C)C)c1,1,0.625,0.4167,0.375,0.5833,2.4172,287.7535,60.8997,3.9286,0.5129,0.2874,0.2531,-6.9555,1.2851,0.3356,0.3205,0.4136,0.3554,0,1,0,284.4324,3.7985,0.2602,-7.1337,0.0892,0.0177,0,1,0,0,B0,101
C=C(C)[C@@H]1CC[C@@H](C)[C@H](O[Si](F)(c2ccccc2)c2cccc3ccccc23)C1,1,0.6,0.6038,0.4,0.3962,3.8895,338.4181,52.413,4.3183,0.3566,0.3459,0.1847,-7.6386,1.2473,0.3165,0.3499,0.2193,0.2796,1,1,1,304.116,4.3502,0.3228,-7.1494,0.0182,0.0201,1,1,1,1,B0,101
CC1=CC(C)(C)Nc2ccc3c(-c4cccc(CCCCCCO)c4)c4ccc(=[NH2+])cc-4oc3c21,1,0.3134,0.7846,0.6866,0.2154,3.303,522.4144,59.9331,4.3128,0.5613,0.4346,0.2765,-6.8479,1.3873,0.389,0.3826,0.1995,0.2996,0,1,0,502.6172,4.3763,0.3962,-5.8157,0.0334,0.0036,0,1,0,0,B0,101
CC(C)(C)c1ccc(-c2cc3c(-c4ccc(C(C)(C)C)cc4)c4cccc5c(-c6ccc(C(C)(C)C)cc6)cc6c(-c7ccc(O)cc7O)c7cccc2c7c3c6c54)cc1,1,0.25,0.5778,0.75,0.4222,3.0674,467.9495,113.9404,4.5338,0.317,0.2188,0.1611,-6.9859,1.0469,0.4533,0.3828,0.1966,0.2922,0,1,0,441.0167,4.5834,0.2884,-6.2185,0.0305,0.0054,0,1,0,0,B0,101
CC(C)(C=C(C#N)C(=O)O)c1ccc(O)c(C(C)(C)c2ccccc2)c1,1,0.6607,0.4419,0.3393,0.5581,2.7907,438.1601,88.4761,4.2629,0.3307,0.1417,0.1379,-7.4107,0.958,0.5593,0.3746,0.178,0.2775,0,0,0,366.0535,4.1328,0.189,-7.2182,0.1025,0.0068,0,1,0,0,B0,101
CCCC(C#N)=C1c2cccnc2-c2ncc(-n3c4ccccc4c4ccccc43)cc21,1,0.2692,0.726,0.7308,0.274,2.8865,352.5554,33.972,4.2097,0.4866,0.3761,0.1495,-7.1665,1.0802,0.4172,0.3618,0.192,0.2724,1,1,1,353.3235,4.024,0.1651,-7.4076,0.1244,0.0036,0,1,0,0,B0,101
CCCCc1cc(C=NCCN=Cc2ccc(OC)cc2)c(C)cc1OC,1,0.4773,0.6562,0.5227,0.3438,2.6013,354.9159,36.2203,3.8374,1.0393,0.1968,0.1533,-6.7172,0.8425,0.4671,0.3577,0.1815,0.263,0,1,0,371.6863,3.8426,0.2289,-6.4094,0.1472,0.0095,0,1,0,0,B0,101
C=Cc1c(/N=N/c2sc(C)cc2S)sc(-c2ccccc2OC(=O)c2ccc(O)cc2)c1C,1,0.5968,0.6167,0.4032,0.3833,3.3435,456.1413,55.5833,4.3898,0.2561,0.3127,0.2928,-7.2425,0.9092,0.5346,0.3734,0.123,0.2323,0,0,0,439.6927,4.3575,0.2739,-6.3166,0.3579,0.0056,0,1,0,0,B0,101
O=C[Te]c1ccccc1C(=O)c1ccccc1,1,0.6389,0.3939,0.3611,0.6061,2.6201,294.4633,50.7022,4.2191,0.244,0.0651,0.0968,-7.462,0.9882,0.4214,0.3521,0.2699,0.3023,0,1,0,299.2265,4.1339,0.2032,-7.5188,0.2498,0.0162,0,1,0,0,B0,101
COc1cccc(O)c1C=CC(=O)OCCC(C)CCC=C(C)C,1,0.6667,0.3208,0.3333,0.6792,3.0273,333.7614,64.0579,3.9666,0.5216,0.1879,0.2031,-6.9876,0.796,0.3413,0.3912,0.1203,0.2326,0,1,0,302.1796,3.783,0.2962,-6.6047,0.0475,0.0048,0,1,0,0,B0,101
CN(C)c1cc(Cl)ccc1-n1ncc(-c2ccc(CCCC(=O)c3ccccc3CN3CCCCC3)cc2)n1,1,0.7027,0.5897,0.2973,0.4103,2.7268,387.2387,86.3646,3.9786,0.6745,0.3931,0.2491,-7.1431,1.2451,0.5083,0.3998,0.1916,0.2883,1,0,0,388.8882,4.3477,0.2928,-7.4856,0.2386,0.005,1,1,1,1,B0,101
CCCC=CC(OC)c1cc(-c2ccc3c4ccccc4c4ccccc4c3c2)cc(-c2ccc3c4ccccc4c4ccccc4c3c2)c1,1,0.6531,0.6512,0.3469,0.3488,3.2524,344.4948,48.3975,4.6309,0.2462,0.2444,0.2192,-6.8391,1.4792,0.4216,0.3697,0.1925,0.2664,0,1,0,354.2004,4.765,0.365,-7.3877,0.0263,0.0327,1,1,1,1,B0,101
Nc1ncnc2c1nc(C=CC=Cc1ccc(O)c([N+](=O)[O-])c1)n2C1OC(CO)C(O)C1O,1,0.375,0.6623,0.625,0.3377,4.1787,317.0669,43.7821,4.4923,0.3432,0.4028,0.3092,-7.4111,0.9432,0.6055,0.3905,0.2068,0.2929,1,0,0,307.9096,4.7604,0.2489,-7.5281,0.6641,0.041,0,0,0,0,B0,101
CCCCC(CC)COc1ccccc1-c1ccc2ccccc2c1,1,0.629,0.5,0.371,0.5,2.3704,319.9328,37.8446,4.2668,0.3205,0.407,0.1998,-6.9882,1.47,0.4029,0.3661,0.177,0.2731,1,1,1,326.7346,4.2386,0.3681,-6.7215,0.0502,0.0316,1,1,1,1,B0,101
COC(=O)c1cc2n(cc1N(C)C)c(NC1CCCCC1)c(-c1ccc(C)o1)[n+]2C,1,0.3134,0.6667,0.6866,0.3333,3.3064,383.9439,72.559,4.5639,0.3113,0.3235,0.2312,-7.0835,0.9367,0.4384,0.4254,0.1388,0.2375,1,1,1,390.4988,4.6268,0.2707,-6.039,0.215,0.0055,1,1,1,1,B0,101
CC(C)CCOCc1ccc(F)cc1,1,0.7143,0.3333,0.2857,0.6667,1.6378,260.6564,24.364,3.5332,0.5339,0.1384,0.1759,-4.2081,1.1471,0.1898,0.233,0.334,0.3455,0,0,0,254.6919,3.2565,0.3575,-3.7131,0.0291,0.8134,0,0,0,0,B0,101
CC1CCC(CN(c2ccccc2)c2ccc(/C=C(\C#N)c3ccc(C=C4C(=O)NC(=O)NC4=O)s3)cc2-c2ccc(C(C)(C)C)cc2)CN1,1,0.4894,0.7812,0.5106,0.2188,4.2087,491.0494,71.4041,4.2294,0.575,0.2384,0.1936,-7.1667,1.0223,0.4211,0.3922,0.2035,0.3083,0,1,0,467.5985,4.6377,0.1988,-7.3885,0.2057,0.0062,0,1,0,0,B0,101
COc1cccc([C@@H](C[N+](=O)[O-])c2ccccc2)c1C(=O)c1cccc(-c2ccc(C(C)(C)C)cc2)c1,1,0.6349,0.5833,0.3651,0.4167,2.9426,349.0525,35.885,3.7355,0.8614,0.3953,0.1798,-6.9503,0.8139,0.4135,0.3718,0.1094,0.2021,0,1,0,334.2952,3.9501,0.2623,-6.5587,0.0117,0.005,1,1,1,1,B0,101
CC(C)(C)OOc1sc2c(c1-c1ccc(C(C)(C)C)cc1)CN(C(C(=O)C1CC1)c1ccccc1F)CC2,1,0.4805,0.7342,0.5195,0.2658,3.614,381.9499,62.6626,4.2247,0.3198,0.4624,0.2637,-7.445,1.1225,0.4251,0.3679,0.2388,0.3371,1,1,1,326.3231,3.9769,0.428,-6.9096,0.0324,0.0062,1,1,1,1,B0,101
CCOC(=O)C(C(=O)Oc1ccc(C(C)C)c(O)c1)=C(N)c1cccc(-c2ccccc2)c1,1,0.6364,0.4902,0.3636,0.5098,2.589,313.4797,23.9446,4.3168,0.3059,0.3291,0.2784,-7.2617,0.9538,0.4289,0.37,0.1139,0.2445,1,1,1,328.949,4.3102,0.2612,-6.6271,0.0185,0.0051,1,1,1,1,B0,101
COC(=O)c1ccc(C)cc1,0,0.4643,0.0,0.5357,1.0,1.1897,280.4433,19.6438,3.6582,0.4987,0.2244,0.1548,-5.1074,0.8586,0.6886,0.2611,0.2427,0.2606,0,0,0,279.8547,3.6616,0.2138,-5.2965,0.3684,0.0248,0,1,0,0,B0,101
CC[N+]1=c2cc3c(c(-c4ccccc4)c2CCC1)=C(c1ccccc1C(=O)[O-])c1cc2c(cc1C3(C)C)N(Oc1ccc(O)cc1C(C)=O)C(C)(C)C=C2C,1,0.4545,0.7204,0.5455,0.2796,4.1576,672.2422,97.4779,5.2204,0.2545,0.2865,0.2179,-6.9989,0.927,0.4009,0.4094,0.0859,0.198,0,1,0,647.175,5.1309,0.2102,-6.4807,0.3275,0.0053,0,1,0,0,B0,101
O=C(Oc1ccccc1)c1c2ccccc2cc2ccccc12,1,0.4286,0.3889,0.5714,0.6111,1.7507,372.1004,51.7217,4.0853,0.2863,0.3849,0.128,-7.2578,1.2122,0.4048,0.3475,0.1605,0.2459,1,1,1,374.0764,4.0979,0.3024,-6.0498,0.0421,0.0043,1,1,1,1,B0,101
COC(=O)CC/C=C/c1cc(C(C)(C)C)[o+]c2c3c4c(c(C(=O)OC)c12)CCCN4CCC3,1,0.619,0.7164,0.381,0.2836,3.4806,417.3109,79.2637,4.3444,0.3797,0.2644,0.2439,-7.1462,0.8571,0.3348,0.3785,0.1905,0.3186,1,1,1,426.4755,4.785,0.2227,-6.5945,0.015,0.006,0,1,0,0,B0,101
COC(=O)[C@]1(c2ccc(Br)cc2)[C@@H](C)[C@]1(O[Si](C)(C)c1ccc(O)c(C(=O)c2cnn(-c3ccccc3)c2)c1)c1ccccc1,1,0.4933,0.4714,0.5067,0.5286,4.2137,459.8081,130.0522,4.3563,0.2838,0.3765,0.2567,-6.9899,1.0013,0.5019,0.3925,0.1357,0.2466,0,0,0,428.302,4.3216,0.2423,-6.3282,0.1342,0.0071,0,1,0,0,B0,101
CCCCc1cccc(S(=O)(=O)C(c2ccccc2)c2cc(CCCCS(=O)(=O)[O-])c(O)c(C(C)(C)C)c2)c1,1,0.726,0.4667,0.274,0.5333,3.4749,370.4134,118.8905,4.2357,0.5496,0.4288,0.2499,-6.9592,1.0758,0.359,0.3596,0.2149,0.3055,1,1,1,410.1486,4.1622,0.3604,-7.0596,0.0359,0.0067,1,1,1,1,B0,101
CC(C)(C)c1ccc(C=C(C#N)c2ccc(N3c4ccccc4Sc4ccccc43)cc2)cc1,1,0.4308,0.661,0.5692,0.339,2.4463,371.3674,32.1102,4.2548,0.5061,0.2822,0.233,-7.4591,1.2657,0.4846,0.397,0.2193,0.3103,1,1,1,374.4971,4.2218,0.3321,-7.5034,0.14,0.003,1,1,1,1,B0,101
CC(C)(C)c1cc(O)c(C(C)(C)C)cc1O,0,0.5455,0.1176,0.4545,0.8824,2.3792,264.4695,26.7298,3.7366,0.6717,0.2123,0.1929,-6.9415,1.0904,0.5281,0.3436,0.4773,0.3612,0,0,0,288.7056,3.6708,0.1959,-6.9704,0.4492,0.0249,0,1,0,0,B0,101
Cc1ccc2c(/C=C/c3cn(Cc4ccc5c(c4)CCN(C(=O)OC(C)(C)C)CC5)c4cc(C#N)ccc34)cc(=O)oc2c1,1,0.5814,0.6512,0.4186,0.3488,3.0239,395.687,80.1962,4.3529,0.4115,0.2362,0.2224,-6.9482,0.9263,0.4544,0.3849,0.1439,0.2682,0,1,0,392.1154,4.6571,0.1668,-6.5771,0.1709,0.0087,0,1,0,0,B0,101
COCNc1nc2c(c(=O)n(C)c(=O)n2C)n1C,1,0.35,0.6429,0.65,0.3571,2.7555,325.2794,55.6978,3.8918,0.4124,0.335,0.2764,-7.0834,0.842,0.5817,0.3848,0.3343,0.3174,1,0,0,311.1576,3.8799,0.0407,-6.6189,0.8062,0.2722,0,0,0,0,B0,101
O=C(O)C(=O)c1cc(O)ccc1O,1,0.641,0.4074,0.359,0.5926,2.1791,284.62,23.8295,3.9704,0.5336,0.1316,0.143,-5.6559,0.3332,0.753,0.2757,0.3747,0.3366,0,0,0,301.2928,3.742,0.1634,-5.8324,0.5569,0.2128,0,0,0,0,B0,101
Cc1cc(-c2nc(C)c3n2CCCC3)c(O)c(C(F)(F)F)c1,1,0.383,0.6136,0.617,0.3864,2.7694,332.1944,47.4096,4.6754,0.525,0.4628,0.2323,-7.5394,1.0756,0.4794,0.3832,0.3599,0.3636,1,1,1,323.6344,4.7753,0.4675,-7.5017,0.3472,0.0083,1,1,1,1,B0,101
CCCCN(CCCC)c1ccc(/C=C/c2ccc(-c3ccc(/C=C/c4ccc(-c5ccc(-c6ccc(O)c(Cl)c6)cc5F)cc4)cc3)cc2)cc1-c1ccccc1,1,0.6102,0.6716,0.3898,0.3284,3.0621,410.0423,69.0606,4.6931,0.3459,0.4303,0.2745,-7.1319,1.3312,0.5284,0.3768,0.1925,0.3062,1,0,0,411.2689,4.7403,0.4106,-7.49,0.0749,0.003,1,1,1,1,B0,101
CCC(C#N)=C1OC(C)(C)C(C=CC2=C(Br)C(=CC=C3N(C)c4ccccc4C3(C)C)CC(c3ccccc3)(c3ccccc3C)C2)=C1C#N,1,0.2222,0.7895,0.7778,0.2105,4.4107,577.8972,160.5166,4.2547,0.6878,0.1302,0.0883,-6.9387,1.062,0.3571,0.396,0.173,0.2784,0,1,0,592.8428,4.2043,0.1597,-7.2706,0.0269,0.0047,0,1,0,0,B0,101
CN(C)c1ccc(N=NCCOC(N)=O)cc1C#N,1,0.6866,0.6909,0.3134,0.3091,3.1586,389.0331,64.029,3.715,0.9273,0.3363,0.3206,-6.8253,0.8019,0.6317,0.3871,0.1872,0.2614,0,0,0,392.5408,3.8776,0.3251,-6.0497,0.7871,0.0069,1,0,0,0,B0,101
COc1ccc(C(C)O)cc1,0,0.4074,0.5161,0.5926,0.4839,1.9014,256.2889,29.5473,3.4846,0.4822,0.1951,0.1532,-6.0735,1.1031,0.3793,0.3356,0.3132,0.2988,0,1,0,258.1689,3.1836,0.2188,-6.6692,0.0572,0.473,0,1,0,0,B0,101
C(=Cc1ccco1)c1ccccc1,1,0.5185,0.5714,0.4815,0.4286,1.8069,307.7496,49.1599,4.0184,0.5008,0.0666,0.1034,-4.2524,1.1823,0.5259,0.35,0.3569,0.3312,0,0,0,308.4223,3.883,0.2084,-4.823,0.33,0.0428,0,0,0,0,B0,101
Oc1cc(-c2ccccc2)ccc1C=NN=C/C=C/c1ccccc1,1,0.5676,0.5833,0.4324,0.4167,2.385,357.3738,18.4013,4.3197,0.2255,0.148,0.1478,-7.3254,1.1035,0.5494,0.3609,0.1814,0.2728,0,0,0,336.4135,4.3261,0.2188,-7.4923,0.1402,0.0055,0,1,0,0,B0,101
CCCCCCCCC1(CCCCCCCC)c2cc(C#CC#Cc3ccc(-c4ccc(C=C(C#N)C(=O)OCC)cc4)cc3)ccc2-c2ccc(C=O)cc21,1,0.4167,0.5652,0.5833,0.4348,3.4642,404.9451,51.1523,3.982,0.7147,0.3236,0.2228,-6.8102,1.0115,0.3299,0.3714,0.084,0.1818,1,1,1,390.2942,4.2952,0.3721,-6.2654,0.1166,0.003,1,1,1,1,B0,101
CCCCc1c(OC)cc(OC)cc1OC,1,0.6216,0.6,0.3784,0.4,1.834,300.7028,58.0169,3.923,0.4282,0.1843,0.2339,-6.6362,1.289,0.3437,0.3345,0.2964,0.2906,0,1,0,321.6225,3.873,0.2694,-6.131,0.0978,0.0616,1,1,1,1,B0,101
O=C(Nc1ccc(C(F)(F)F)c(Cl)c1)c1cc(I)cc(I)c1O,1,0.6769,0.3846,0.3231,0.6154,2.4543,340.0688,76.0171,4.0822,0.4391,0.2157,0.2022,-7.0954,0.9982,0.7424,0.3355,0.2724,0.3359,0,0,0,337.4152,4.2793,0.1454,-7.0295,0.7568,0.1406,0,0,0,0,B0,101
C1=CSC(=Cc2ccc(Cc3ccccc3)s2)S1,1,0.6458,0.6452,0.3542,0.3548,2.8905,346.9274,51.4613,4.1451,0.5336,0.1005,0.1328,-7.2279,1.4824,0.3976,0.3733,0.3153,0.3237,0,1,0,331.2492,4.1484,0.0605,-7.5977,0.1737,0.7455,0,0,0,0,B0,101
O=C(c1ccccc1)c1cccc(F)c1,0,0.5,0.0,0.5,1.0,1.372,328.3354,48.8334,3.9818,0.3505,0.1975,0.1572,-4.3271,1.2131,0.5107,0.311,0.2985,0.2975,0,0,0,319.3156,3.9586,0.324,-3.5678,0.3131,0.0469,1,0,0,0,B0,101
COC(=O)c1cccc(C/C=C2\CCCc3cc4ccc(C(OC)C(C)c5ccccc5)cc4[o+]c32)c1,1,0.4286,0.6857,0.5714,0.3143,3.8912,374.8432,78.8697,4.1231,0.7467,0.2377,0.1955,-7.059,0.8284,0.3549,0.385,0.0829,0.1482,0,1,0,449.3285,4.4776,0.2868,-6.6894,0.0211,0.0063,0,1,0,0,B0,101
O=C1C=CC2=C3c4cc(O)c(O)c(F)c4CC3(O)COC2=C1,1,0.34,0.7843,0.66,0.2157,4.1654,388.8366,72.6919,3.9759,0.7278,0.2923,0.2297,-7.385,0.7894,0.6491,0.363,0.3804,0.3619,1,0,0,417.9806,4.3335,0.2459,-7.1642,0.7984,0.0226,0,0,0,0,B0,101
CC1(C)CC(N(C=O)CCCCCCN(c2ccc(C(C)(C)C)cc2)C2CC(C)(C)NC(C)(C)C2)CC(C)(C)N1,1,0.7538,0.3636,0.2462,0.6364,3.4457,448.3042,93.9609,4.2277,0.5868,0.1764,0.1448,-6.775,0.8508,0.4454,0.3789,0.2663,0.3266,0,1,0,434.1057,4.3403,0.2675,-7.4562,0.0896,0.01,0,1,0,0,B0,101
COc1cc(F)c(C(=O)SC)cc1F,1,0.3226,0.619,0.6774,0.381,2.4103,312.3408,65.8676,3.751,0.4808,0.1478,0.176,-5.1182,0.8277,0.4725,0.3659,0.2572,0.3121,0,1,0,281.138,3.8079,0.1847,-4.905,0.2506,0.111,0,0,0,0,B0,101
CCOC(=O)C(=Cc1cc([N+](=O)[O-])c(O)c([N+](=O)[O-])c1)C(=O)OC=Cc1cc2ccc(N(CC)CC)cc2oc1=O,1,0.5139,0.4697,0.4861,0.5303,3.3387,440.7944,98.0779,4.6948,0.2647,0.2297,0.1766,-6.9743,1.0169,0.5443,0.4006,0.1121,0.2191,0,0,0,506.5793,4.8592,0.2158,-6.5311,0.1565,0.0035,0,1,0,0,B0,101
C=CC(=O)Oc1ccc(N(c2ccc(OC)cc2)c2ccc(-c3ccc(-c4ccc5nc6cccc(CCCC)c6c(=O)n5c4)cc3)cc2)cc1,1,0.4478,0.6944,0.5522,0.3056,2.9711,423.7939,55.0367,4.5618,0.272,0.2708,0.2512,-6.7626,1.0036,0.4635,0.4131,0.0959,0.185,0,1,0,393.7622,4.5723,0.3052,-6.5741,0.174,0.0042,1,1,1,1,B0,101
CCOC(=O)c1[nH]c(C)c(C(=O)OCC)c1C,1,0.2,0.5294,0.8,0.4706,1.9811,326.8931,52.13,3.6242,0.553,0.2217,0.1898,-6.9777,0.7824,0.4568,0.3758,0.2427,0.285,0,1,0,315.0126,3.6734,0.2497,-6.5055,0.2109,0.0101,0,1,0,0,B0,101
CCNc1cc2oc3c/c(=[NH+]\CC)c(C)cc-3c(-c3ccccc3C(=O)OC(=O)OC)c2cc1C,1,0.1692,0.7313,0.8308,0.2687,3.3983,502.1152,62.7047,4.3577,0.5988,0.3117,0.2302,-7.0939,0.8246,0.4733,0.3706,0.0859,0.1761,0,1,0,520.431,4.7632,0.3648,-6.046,0.0864,0.0059,0,1,0,0,B0,101
COC(=O)C1CCC(C(=O)c2ccncc2)NC1,1,0.6739,0.3684,0.3261,0.6316,3.1547,292.519,47.1725,4.0515,0.3177,0.1698,0.1494,-7.4523,0.8525,0.5231,0.3868,0.2476,0.3016,0,0,0,251.9176,3.9591,0.2533,-7.0254,0.7347,0.0348,0,0,0,0,B0,101
CC(=O)[C@H]1O[C@@H](n2c(-c3ccco3)nc3c(N)nc(C(C)(C)C)nc32)[C@H](O)[C@@H]1O,1,0.4928,0.7463,0.5072,0.2537,4.1182,342.8042,87.8552,4.1127,0.6974,0.2847,0.2727,-7.4297,0.8691,0.5805,0.3861,0.2378,0.3258,1,0,0,315.1854,4.2059,0.3754,-7.3857,0.3513,0.0095,1,1,1,1,B0,101
CCCCCOC(=O)c1sc(-c2cc(C#N)c(C(C)=O)s2)c(C#N)c1C#N,1,0.6875,0.5926,0.3125,0.4074,3.1216,363.9335,58.4486,4.2191,0.3845,0.4294,0.244,-7.009,0.9517,0.4624,0.3798,0.1361,0.2279,1,1,1,378.979,4.0457,0.2808,-6.6379,0.1288,0.0037,1,1,1,1,B0,101
CCCCC(CC)COc1ccc2cc3c(C#CCC=C(C)C)c4cc5ccccc5cc4c(C#Cc4ccc(F)cc4)c3cc2c1,1,0.4776,0.6203,0.5224,0.3797,3.7383,560.91,110.7761,4.4252,0.214,0.24,0.191,-6.7359,1.5325,0.3812,0.3828,0.1301,0.2316,0,1,0,534.1688,4.5327,0.1921,-6.7071,0.0469,0.0174,0,1,0,0,B0,101
CCOC(=O)C(C)(C)OC(=O)c1cc(C)ccc1O,1,0.587,0.3243,0.413,0.6757,2.1699,314.9245,39.0676,3.7775,0.3535,0.3723,0.2905,-7.1435,0.8888,0.4734,0.3831,0.1676,0.2693,0,1,0,305.8814,3.7938,0.3498,-6.6218,0.1833,0.0075,0,1,0,0,B0,101
CCCSCC=C1N=C(C)N(C)C1=O,1,0.5909,0.7872,0.4091,0.2128,3.4422,409.6766,113.1861,3.5074,0.8316,0.0881,0.1432,-5.6129,0.9725,0.5529,0.354,0.4628,0.3349,0,0,0,393.7203,3.5764,0.1185,-5.1132,0.2919,0.9032,0,0,0,0,B0,101
COc1cc(C=C(C#Cc2ccccc2)C#Cc2ccc(N=[N+]=[N-])cc2)c(OC)cc1C=C(C#Cc1ccccc1)C#Cc1ccccc1,1,0.2857,0.6122,0.7143,0.3878,3.4905,432.2458,71.8873,4.496,0.2581,0.2412,0.1529,-6.7574,0.9084,0.4972,0.3778,0.1602,0.2504,0,1,0,416.1476,4.5938,0.312,-6.2892,0.0847,0.0055,1,1,1,1,B0,101
Brc1ccc(-c2csc(N=NN3Cc4ccccc4C4(CCNCC4)C3)n2)cc1,1,0.6197,0.6377,0.3803,0.3623,3.5518,478.403,76.911,4.1907,0.404,0.3798,0.2924,-7.3829,1.0369,0.4167,0.4062,0.2067,0.272,0,1,0,453.0542,4.2161,0.4369,-7.4988,0.0235,0.0103,0,1,0,0,B0,101
O=C(OCN=Nc1ccc([N+](=O)[O-])cc1)c1ccccc1O,1,0.5873,0.4444,0.4127,0.5556,2.5567,427.1851,38.479,3.6157,1.1387,0.1439,0.2107,-7.164,0.9475,0.5285,0.4051,0.097,0.1948,0,0,0,414.5249,4.218,0.0934,-6.5736,0.0746,0.0073,0,1,0,0,B0,101
COc1cccc(-c2c3c(n4ccc(C(C)=O)cc24)C(=O)N(COC(=O)/C(C#N)=C/c2ccc(C(C)(C)C)cc2)C3)c1,1,0.4235,0.5921,0.5765,0.4079,3.1562,405.4749,81.3458,3.7612,0.8207,0.2361,0.1757,-6.8071,0.9127,0.4602,0.3801,0.1177,0.2245,0,1,0,428.5919,3.7453,0.184,-6.5463,0.0468,0.0043,0,1,0,0,B0,101
CC1=C(c2ccccc2N(C)C)CC23CC1C(C)(C)C2CCC3C,1,0.6984,0.549,0.3016,0.451,5.308,351.1896,63.5101,3.8618,0.7052,0.2128,0.2314,-7.1127,1.0277,0.3459,0.3684,0.3871,0.3673,0,1,0,316.178,3.9932,0.2223,-6.2716,0.1955,0.056,0,1,0,0,B0,101
O=C(c1ccccc1)c1cccc(/C=C/c2c3ccccc3cc3ccccc23)c1,1,0.4524,0.4474,0.5476,0.5526,2.0549,372.3073,18.7481,4.5446,0.2366,0.3017,0.1817,-7.3403,1.4694,0.3618,0.3552,0.2112,0.286,1,1,1,375.1162,4.2516,0.2384,-7.6188,0.0645,0.0194,0,1,0,0,B0,101
CCN(CC)c1ccc(C=C2CC(=Cc3ccc(-c4ccncc4)cc3)C2=O)cc1,1,0.2368,0.6786,0.7632,0.3214,2.4769,388.4224,34.7627,4.6226,0.2787,0.1676,0.1697,-7.5408,1.0482,0.3939,0.3848,0.2257,0.307,0,1,0,391.3616,4.4547,0.2638,-7.6522,0.0165,0.008,1,1,1,1,B0,101
CCCCCCCC(Cl)C(C)=O,1,0.68,0.4667,0.32,0.5333,2.7416,406.8141,164.271,3.1068,0.9477,0.1618,0.2025,-3.7257,0.9873,0.3013,0.3232,0.4788,0.3389,0,0,0,323.456,3.0756,0.1509,-3.3979,0.03,0.0591,0,0,0,0,B0,101
CCCCCCC(C1=[N+]2C(=Nc3c4nc(CC)c(CC)nc4c(-c4ccccc4)n3[B-]2(F)F)c2nc(CC)c(CC)nc21)N1CCCCC1,1,0.3939,0.7286,0.6061,0.2714,4.433,663.3951,70.8553,4.8737,0.1952,0.3595,0.2568,-7.3114,1.1847,0.3559,0.3931,0.1673,0.2417,0,1,0,665.0836,4.8518,0.3771,-7.7857,0.0514,0.01,0,1,0,0,B0,101
CCC/C(C#N)=C\c1ccc(-c2cc(C(F)(F)F)c(-c3ccc(/C=C(/C#N)C(=O)O)s3)c3nsnc23)s1,1,0.4194,0.7333,0.5806,0.2667,3.6952,490.1449,72.3835,4.4937,0.3061,0.1566,0.1848,-7.1797,1.0663,0.4362,0.3908,0.1669,0.2708,0,1,0,511.1898,4.4646,0.1665,-7.096,0.0379,0.0058,0,1,0,0,B0,101
O=C(c1ccccc1)c1ccc(O)c(CNC(=O)n2cccc2)c1,1,0.6735,0.3696,0.3265,0.6304,2.2536,323.6149,36.5574,4.1691,0.2342,0.3254,0.2369,-7.5611,1.0097,0.6749,0.3596,0.1854,0.251,1,0,0,324.1046,4.0904,0.3037,-7.5509,0.2486,0.0125,1,1,1,1,B0,101
CCN(C(=O)c1cc(O)cc(F)c1)c1c(F)c(F)c2nc3c(F)c(F)c(F)c(F)c3nc2c1F,1,0.5682,0.617,0.4318,0.383,3.388,360.1173,51.2745,4.3854,0.2995,0.2999,0.1754,-7.3137,0.9918,0.4946,0.3967,0.1591,0.2358,1,1,1,375.143,4.3776,0.2767,-7.15,0.2331,0.0048,1,1,1,1,B0,101
Cc1c(C(C)C(=O)O)c(=O)n(-c2cccc(C(C)(C)C)c2)n1C,1,0.75,0.62,0.25,0.38,2.944,342.4763,49.4442,4.0925,0.3665,0.3766,0.2733,-7.1934,0.8686,0.4835,0.3627,0.288,0.346,1,1,1,337.9637,3.9645,0.3501,-6.9139,0.176,0.0239,1,1,1,1,B0,101
O=c1oc2ccccc2c(O)c1Nc1c(Cl)cccc1Cl,1,0.6,0.6667,0.4,0.3333,2.2547,345.2471,36.3486,4.0021,0.5326,0.2315,0.1676,-7.6883,1.037,0.7574,0.2903,0.2657,0.2933,0,0,0,337.7597,3.7238,0.2491,-7.933,0.4016,0.0065,0,1,0,0,B0,101
COC(=O)n1c(-n2nnc3cc(C)ccc32)c(C#N)c2c(N)ncnc21,1,0.4247,0.7324,0.5753,0.2676,3.0484,323.4644,55.1944,4.1665,0.3578,0.1855,0.195,-6.9705,0.8426,0.6307,0.3831,0.1723,0.27,0,0,0,356.5739,4.1608,0.2013,-6.5383,0.663,0.0077,0,0,0,0,B0,101
CCCCCCN1c2ccccc2Sc2cc(-c3ccc(/C=C(\C#N)c4cc(C(C)(C)C)cc(C)c4O)cc3)ccc21,1,0.3429,0.6901,0.6571,0.3099,2.8766,429.3874,53.3087,4.4408,0.3495,0.2576,0.1898,-6.866,1.1368,0.4001,0.395,0.1766,0.2947,0,1,0,415.2966,4.3996,0.235,-5.9964,0.0188,0.0029,0,1,0,0,B0,101
CC(C)(C)C(=O)c1ccc(C(=O)O)cc1C(=O)O,1,0.6111,0.5152,0.3889,0.4848,2.0622,303.4265,34.3692,3.8966,0.426,0.2465,0.2307,-7.2714,0.8601,0.4304,0.3558,0.2765,0.3244,0,1,0,306.8942,3.7915,0.2777,-7.3731,0.1147,0.0199,0,1,0,0,B0,101
N#Cc1ccc(C(=O)NCc2cc(C(=O)c3ccccc3)ccc2O)cc1,1,0.6667,0.4082,0.3333,0.5918,1.9394,331.7272,38.0706,4.1944,0.2601,0.2569,0.2184,-7.4153,0.9486,0.7157,0.3353,0.1702,0.2636,1,0,0,329.2491,4.1145,0.2675,-7.5148,0.2619,0.0086,1,1,1,1,B0,101
CC1=CC(C)=[N+]2C1=C(Cc1cccc(C(F)(F)F)c1)c1c(C)cc(C)n1[B-]2(F)F,1,0.5,0.7619,0.5,0.2381,3.5545,504.189,22.4004,4.8543,0.1967,0.4148,0.166,-7.1695,1.5256,0.3971,0.3689,0.3333,0.3333,0,1,0,500.1122,4.5775,0.5794,-7.0731,0.2492,0.0379,0,1,0,0,B0,101
O=C(C=Cc1ccc(N(c2ccccc2)c2ccccc2)cc1)c1ccccc1O,1,0.3429,0.2727,0.6571,0.7273,2.0622,384.9434,32.6162,4.5134,0.1612,0.1827,0.121,-7.4033,1.0699,0.4767,0.3829,0.1747,0.2718,0,1,0,400.8098,4.4232,0.2141,-7.4637,0.1131,0.0059,0,1,0,0,B0,101
C(=Cc1c2ccccc2cc2ccccc12)c1cccnc1,1,0.3514,0.6222,0.6486,0.3778,2.0192,359.4684,21.6202,4.2194,0.4553,0.3809,0.1993,-7.28,1.5229,0.4546,0.3756,0.262,0.3219,1,1,1,375.0478,4.3737,0.3879,-7.6113,0.1212,0.0319,1,1,1,1,B0,101
C=C(C)C(=O)OCCc1ccc(N)cc1,1,0.6176,0.2727,0.3824,0.7273,1.9973,297.6861,35.9634,3.9094,0.3646,0.3283,0.2568,-5.4536,0.8419,0.5696,0.358,0.2153,0.2812,1,0,0,278.8725,3.8239,0.47,-4.8927,0.4551,0.0104,0,0,0,0,B0,101
CCCCC1Oc2cc(O)c(C)c(O)c2[C@H](c2c(O)cc(O)c3c2OC(c2ccc(O)c(O)c2)C(O)C3)C1O,1,0.4091,0.7391,0.5909,0.2609,4.5734,374.3075,107.9987,4.7545,0.404,0.2761,0.2451,-6.9535,0.9777,0.5007,0.393,0.2663,0.3481,1,0,0,372.8328,4.6444,0.2516,-7.3201,0.1192,0.0073,1,1,1,1,B0,101
CCc1ccc2c(c1)[C@@H](C)CC(C)(C)N2C,1,0.6066,0.7451,0.3934,0.2549,2.7859,276.2995,44.0084,2.2773,2.0118,0.1954,0.2478,-6.8875,1.5771,0.3159,0.3505,0.4535,0.3544,0,1,0,277.1221,2.1007,0.2318,-7.2056,0.0996,0.7903,0,0,0,0,B0,101
CCN(COc1ccc(C(=N)N)cc1)c1ccc2cc(C#N)c(=NC(=O)C(C)C)oc2c1,1,0.2742,0.7015,0.7258,0.2985,3.0905,407.5172,78.0327,4.368,0.5276,0.3296,0.2147,-7.2037,0.9018,0.5952,0.3606,0.1182,0.2165,1,0,0,428.8906,4.6222,0.3791,-6.6755,0.1706,0.0061,0,1,0,0,B0,101
[2H]Oc1ccccc1C(=O)c1nc(-c2ccco2)n(Cc2ccccc2)c1-c1ccco1,1,0.4423,0.6102,0.5577,0.3898,2.9706,328.7985,37.4869,4.2867,0.3462,0.3601,0.2735,-7.3681,0.9792,0.4852,0.4242,0.1865,0.289,1,1,1,298.2984,4.2291,0.244,-7.3825,0.0927,0.0064,0,1,0,0,B0,101
CC(C)(C)c1ccc(Cl)c(C(C)(C)C)c1,1,0.5714,0.4615,0.4286,0.5385,1.9406,276.9812,37.0564,3.805,0.6153,0.2678,0.2102,-6.6309,1.6649,0.4747,0.3464,0.6202,0.2978,0,0,0,287.0611,4.0072,0.2345,-6.6301,0.0574,0.9373,0,0,0,0,B0,101
Cc1c(C(C)(C)C)cc(C(C)(C)C)c(O)c1CCl,1,0.6562,0.2759,0.3438,0.7241,2.7287,275.9821,56.5914,3.5424,0.602,0.2406,0.2231,-6.8458,1.254,0.3266,0.3742,0.5337,0.3552,0,0,0,277.7686,3.5567,0.2319,-6.7575,0.0145,0.4148,0,1,0,0,B0,101
CC(C)(C)c1ccc(-c2cc(O)c(O)cc2C(=O)C#N)cc1,1,0.6471,0.5122,0.3529,0.4878,2.4566,354.5117,52.0702,4.2371,0.2979,0.1997,0.1707,-7.4023,0.9849,0.6342,0.3408,0.2126,0.3134,0,0,0,346.3101,4.1633,0.2415,-7.3716,0.4159,0.0078,0,1,0,0,B0,101
Oc1ccc(Br)cc1-n1nc2cccc(F)c2n1,1,0.617,0.5652,0.383,0.4348,2.4167,350.8151,55.4577,4.0752,0.4602,0.2268,0.175,-7.386,1.0836,0.7289,0.3154,0.3169,0.3202,0,0,0,331.1539,3.9904,0.3238,-7.2998,0.7707,0.0097,1,0,0,0,B0,101
CCN(CC)Cc1ccc(N(C)C)cc1,1,0.5625,0.6333,0.4375,0.3667,1.7639,301.1286,54.3669,3.6805,0.5216,0.2049,0.185,-5.8267,1.6082,0.4256,0.3091,0.4759,0.3326,0,1,0,323.6687,3.5334,0.1935,-5.3199,0.1638,0.7544,0,0,0,0,B0,101
COc1c(O)cc(-c2ccc(N(C)C)cc2)c(C(=O)OCc2ccccc2)c1OC,1,0.6271,0.4815,0.3729,0.5185,2.2578,369.1,44.0749,4.2732,0.2431,0.2683,0.213,-6.8314,1.2016,0.4585,0.3786,0.0691,0.1587,1,1,1,366.2976,4.2482,0.3021,-5.9829,0.0461,0.0032,1,1,1,1,B0,101
COC(=O)c1cc2ccc(-c3ccc(OC)cc3)cc2cc1-c1cc2ccccc2cc1C(=O)NC[C@H]1CCCNC1,1,0.5556,0.5714,0.4444,0.4286,3.0329,372.7036,65.1577,4.3168,0.4399,0.3028,0.2307,-6.9425,0.9191,0.3512,0.3823,0.088,0.1869,1,1,1,354.3259,4.3488,0.3781,-6.5753,0.0592,0.0054,1,1,1,1,B0,101
CCOC(=O)c1c(C(=O)OCC)c(O)c2c(-c3ccccc3)cc(-c3ccc(C(C)(C)C)cc3)cc2c1O,1,0.6429,0.4906,0.3571,0.5094,2.5672,401.5409,48.2001,4.4918,0.2603,0.2448,0.1419,-7.0612,1.0011,0.3772,0.381,0.0927,0.2041,0,1,0,387.5406,4.5096,0.2974,-6.5992,0.0182,0.0037,1,1,1,1,B0,101
CC1=CCC(O)(c2ccccc2)CC1,1,0.7273,0.5294,0.2727,0.4706,2.9376,270.5532,54.3618,3.7603,0.6096,0.2357,0.183,-4.4648,1.392,0.237,0.272,0.4519,0.342,0,0,0,267.3833,3.5713,0.2241,-3.6435,0.0312,0.3814,0,0,0,0,B0,101
CC(C)CC(=O)C=C1N(C)c2cccc(-c3ccccc3)c2C1(C)C,1,0.6604,0.6481,0.3396,0.3519,2.5203,438.3345,65.2485,4.2794,0.4753,0.0826,0.0802,-7.5267,1.1842,0.4159,0.382,0.1918,0.2804,0,1,0,406.5817,4.2113,0.2245,-7.2068,0.0732,0.0125,0,1,0,0,B0,101
Oc1ccc(-c2ccccc2)c(O)c1,1,0.5455,0.5152,0.4545,0.4848,1.591,291.6195,21.3245,4.0647,0.3791,0.1669,0.1211,-5.1744,0.8664,0.6816,0.2888,0.2757,0.2957,0,0,0,294.3934,4.0952,0.2321,-5.1919,0.62,0.0171,0,0,0,0,B0,101
CC(C)(C)c1cc(CCCCCCN2c3ccc(-c4ccccc4)cc3Sc3cc(-c4ccc(/C=C(\C#N)C(=O)O)s4)ccc32)cc(C(C)(C)C)c1O,1,0.2571,0.6667,0.7429,0.3333,3.3285,467.7532,31.7363,4.4921,0.3289,0.3122,0.2239,-6.9117,1.125,0.4422,0.3734,0.1779,0.3082,0,1,0,448.3066,4.5138,0.2151,-6.012,0.057,0.0047,0,1,0,0,B0,101
COc1cc(OC)c(C2C(C)[C@@H](C)[C@H]2c2cc(OC)c(C(=O)N3CCCC4(CNCCO4)C3)cc2OC)cc1OC,1,0.6316,0.5303,0.3684,0.4697,4.7316,393.1351,122.149,4.2964,0.5093,0.4227,0.2661,-6.7643,0.8269,0.5169,0.4022,0.17,0.2747,1,0,0,461.9549,4.4565,0.3195,-6.3877,0.0512,0.0089,0,1,0,0,B0,101
Cc1ccc(C(=O)C(=O)NCCO)cc1,1,0.5833,0.5758,0.4167,0.4242,1.8245,279.2621,35.3606,3.8946,0.504,0.164,0.1689,-5.7148,0.6387,0.7245,0.3159,0.2629,0.2901,0,0,0,302.0427,3.7049,0.2245,-5.7879,0.8672,0.195,0,0,0,0,B0,101
CCOc1ccc(P(c2ccccc2)c2ccccc2)c(O)c1,1,0.6909,0.4884,0.3091,0.5116,2.326,311.4713,39.0438,4.1292,0.3654,0.2659,0.1974,-7.3614,1.0646,0.4168,0.3559,0.1664,0.2591,1,1,1,335.1286,4.0913,0.2868,-6.7155,0.0241,0.0032,1,1,1,1,B0,101
N#CC(=Cc1ccc(-c2sc(-c3ccc(-c4cccc(C(=O)Cl)c4O)cc3)c3c2OCCO3)cc1)C(=O)O,1,0.4286,0.6716,0.5714,0.3284,2.9806,456.1254,67.9685,4.5084,0.3945,0.1141,0.136,-7.2474,1.045,0.4463,0.4217,0.1463,0.2551,0,1,0,482.3436,4.4118,-0.0458,-7.5208,0.0453,0.009,0,1,0,0,B0,101
COC1=C(c2ccc(OC)cc2)C(C)(C)c2cc(OC)ccc21,1,0.2778,0.6111,0.7222,0.3889,2.3188,353.7469,51.5258,4.2084,0.4008,0.4124,0.245,-7.0078,1.1536,0.4396,0.3531,0.2218,0.2955,1,1,1,338.769,4.1841,0.369,-6.4575,0.0444,0.0073,1,1,1,1,B0,101
O=C1C=C(NC(=O)c2ccc(Br)cc2)c2ccccc2C1=O,1,0.3864,0.6154,0.6136,0.3846,2.1139,401.8117,52.1878,4.185,0.3454,0.2551,0.2008,-7.1804,1.0998,0.6923,0.3175,0.2643,0.3029,1,0,0,396.7794,4.2129,0.2362,-6.1125,0.6366,0.0143,0,0,0,0,B0,101
Cc1ccc(NC(=O)CCCCN2CCOCC2)cc1-c1ccc(C(C)(C)C)cc1,1,0.6957,0.5088,0.3043,0.4912,2.085,354.6758,43.1235,3.8373,0.8862,0.2614,0.1909,-7.2387,1.0038,0.4446,0.3887,0.1999,0.2911,1,1,1,322.4795,4.0089,0.094,-6.9346,0.0352,0.0052,0,1,0,0,B0,101
CCC1(CC)c2ccc(C(=O)c3ccc(C(C)(C)C)cc3)cc2-c2ccc(N(c3ccccc3)c3ccccc3)cc21,1,0.5,0.5532,0.5,0.4468,2.6594,385.2263,42.1753,4.4879,0.2176,0.5084,0.2318,-7.3271,1.2525,0.455,0.3543,0.2128,0.2917,1,1,1,401.6886,4.4194,0.4279,-7.2785,0.0655,0.0072,1,1,1,1,B0,101
CCCCc1ccc(CCCOC(=O)C(C)C)cc1C#N,1,0.7,0.5,0.3,0.5,2.2605,301.426,46.7359,3.9665,0.399,0.4491,0.2759,-6.9811,0.8376,0.3556,0.3547,0.1241,0.2279,1,1,1,298.0888,3.9254,0.4344,-6.6138,0.1487,0.004,1,1,1,1,B0,101
Cc1c(C)c2c(c(C)c1O)CCC(C)(CCCC(C)CCN=Nc1ccc(Cl)s1)O2,1,0.7143,0.4032,0.2857,0.5968,4.1486,465.9097,56.9464,4.0586,0.6027,0.2919,0.2439,-7.0613,0.9247,0.4597,0.4266,0.2192,0.3121,0,1,0,383.5189,4.0224,0.2817,-6.9601,0.0699,0.0064,1,1,1,1,B0,101
CCNC(C#N)=Cc1cc(N(C)C)c(/C=N/N(c2ccccc2)c2ccccc2)o1,1,0.5873,0.6866,0.4127,0.3134,3.2592,428.8793,56.7858,4.3655,0.2842,0.2219,0.1857,-7.2582,1.1162,0.59,0.3889,0.1521,0.2528,0,0,0,403.1177,4.2739,0.1936,-6.089,0.1823,0.0034,0,1,0,0,B0,101
COc1c(Cl)ccc(O)c1C=CC(=O)O,1,0.6957,0.4211,0.3043,0.5789,2.3862,289.9299,29.5064,4.0255,0.3757,0.0731,0.1047,-6.2711,1.093,0.6324,0.3508,0.3015,0.3457,0,0,0,306.8023,3.8211,0.1236,-5.0002,0.4481,0.0256,0,1,0,0,B0,101
C=CCOc1ccc(-c2nnc(-c3cnccn3)s2)cc1,1,0.5882,0.6981,0.4118,0.3019,2.3766,422.6,59.0448,4.1483,0.4181,0.2258,0.2083,-7.0694,1.0449,0.4237,0.3648,0.2313,0.2894,0,1,0,417.2138,4.251,0.2406,-6.5794,0.1267,0.0396,0,1,0,0,B0,101
O=C(O)C(=O)c1cncc(Cl)c1,1,0.7027,0.6452,0.2973,0.3548,2.3026,278.6228,33.2827,3.7941,0.4715,0.1938,0.1737,-5.4705,0.5958,0.7325,0.2835,0.4354,0.3273,0,0,0,293.4514,3.5879,0.2041,-5.864,0.3472,0.0253,0,1,0,0,B0,101
CN(CCO)c1ccc(-c2cccc(C(=O)O)c2O)cc1C#N,1,0.6471,0.6154,0.3529,0.3846,2.4254,354.2748,72.7747,4.1362,0.4952,0.2084,0.2019,-7.324,1.099,0.5598,0.3757,0.1459,0.2368,0,0,0,361.8574,4.3119,0.2551,-6.0867,0.3094,0.0115,1,1,1,1,B0,101
CN(C)c1ccc2c(ccc3ccc4sccc4c32)c1,1,0.4444,0.6842,0.5556,0.3158,2.1943,403.1679,65.1966,4.2282,0.4682,0.4157,0.2706,-7.1994,1.5999,0.5938,0.3668,0.3173,0.3132,1,0,0,391.7208,4.3698,0.3465,-6.0817,0.4983,0.0551,1,1,1,1,B0,101
c1ccc(-c2nc(-c3ccccc3)nc(-c3cnccn3)n2)cc1,1,0.5161,0.4615,0.4839,0.5385,2.0226,337.431,21.0685,4.2141,0.1584,0.3969,0.1494,-7.2758,1.1184,0.5554,0.3328,0.1872,0.2557,1,0,0,343.9041,4.2029,0.4161,-7.3407,0.271,0.0112,1,1,1,1,B0,101
COc1ccc(C=CC(=O)NC2CCCNC2)cc1,1,0.6379,0.5,0.3621,0.5,2.5078,300.8669,56.7144,4.2199,0.3448,0.1584,0.1876,-6.9412,0.7827,0.4634,0.3864,0.2274,0.3204,0,1,0,299.3244,4.158,0.1681,-6.4395,0.2474,0.0185,0,1,0,0,B0,101
O=[N+]([O-])c1cc(Cl)c2nc(-c3cccc(-c4nc5ccc(-c6ccccc6)cc5o4)n3)oc2c1,1,0.38,0.6441,0.62,0.3559,2.6887,402.192,80.5861,4.3635,0.2741,0.1826,0.1915,-7.2689,0.9855,0.6003,0.407,0.1852,0.2792,0,0,0,419.3643,4.2302,0.228,-7.281,0.0833,0.0142,0,1,0,0,B0,101
CC(C)(C)c1ccc(O)c(-c2sc(-c3ccc(Cl)cc3)nc2-c2ccc(C(F)(F)F)cc2)c1,1,0.661,0.6111,0.339,0.3889,2.4492,348.9522,52.8528,4.4247,0.3229,0.3492,0.2617,-7.5333,1.0448,0.6459,0.3488,0.3137,0.3604,1,0,0,345.3239,4.4066,0.2998,-7.3235,0.1457,0.0048,1,1,1,1,B0,101
CN1C(C)(C)CC(OC=Nc2nc3c(C#N)cccc3s2)CC1(C)C,1,0.75,0.7101,0.25,0.2899,3.4679,376.2902,66.0096,4.2131,0.4665,0.1192,0.1471,-7.1715,0.9158,0.5789,0.3834,0.186,0.2739,0,0,0,388.6452,4.0959,0.1626,-6.3613,0.0754,0.0106,0,1,0,0,B0,101
CCCCc1cc(C(=O)OC)ccc1C(=O)OC,1,0.4286,0.4762,0.5714,0.5238,1.8131,315.14,53.2881,3.894,0.2875,0.3588,0.2339,-6.9394,0.7513,0.5091,0.3655,0.1629,0.2446,1,0,0,316.4547,3.8804,0.311,-6.5487,0.1926,0.0092,1,1,1,1,B0,101
COC(=O)N=Nc1cccc(C)c1,1,0.6,0.65,0.4,0.35,2.4798,345.2895,46.9108,2.2016,2.1985,0.8148,0.1888,-5.0637,0.5899,0.5101,0.3733,0.2542,0.2898,0,0,0,346.5066,3.2082,0.5325,-4.8405,0.1337,0.0135,0,0,0,0,B0,101
CCCCN1C(=O)c2ccc3c4ccc5c6c(ccc(c7ccc(c2c37)C1=O)c64)C(=O)NC5=O,1,0.1765,0.6531,0.8235,0.3469,2.6618,426.0017,65.8631,4.5012,0.2683,0.5263,0.2668,-7.2061,1.1,0.4773,0.3991,0.2342,0.2928,0,1,0,480.5122,4.5708,0.5556,-7.529,0.2291,0.0136,0,1,0,0,B0,101
CCN(c1ccccc1)c1ccc(-c2cc(N(C)C)c(/C=C3/SC(=S)N(CC(=O)O)C3=O)s2)cc1,1,0.381,0.6986,0.619,0.3014,2.8889,481.3541,25.8103,4.4087,0.1984,0.201,0.1808,-7.3122,1.1073,0.4989,0.3747,0.1207,0.2268,0,1,0,475.3648,4.5129,0.2004,-6.1008,0.1507,0.0043,0,1,0,0,B0,101
CCCCCC1OC(n2cc(F)c(=O)[nH]c2=O)CC1O,1,0.2917,0.6909,0.7083,0.3091,3.4525,356.5828,118.1077,3.6678,0.683,0.2284,0.2759,-7.0778,0.6631,0.4945,0.397,0.364,0.3571,0,1,0,318.6122,3.6903,0.2982,-7.4487,0.3325,0.0363,0,1,0,0,B0,101
CC=C(C)C(=O)Oc1ccc2c(c1)C(CC)(CC)c1cc(N3c4ccccc4Sc4ccccc43)ccc1-2,1,0.3621,0.7049,0.6379,0.2951,2.9181,368.8685,35.7581,4.3711,0.4215,0.2014,0.1675,-7.2743,1.0633,0.396,0.3678,0.1092,0.1896,0,1,0,381.4624,4.3635,0.2714,-6.7343,0.0182,0.0031,1,1,1,1,B0,101
CCCCN(CCCC)[N-]Cl,1,0.6667,0.55,0.3333,0.45,3.6686,379.0845,142.0116,3.2657,0.7697,0.1727,0.1899,-3.5868,0.8619,0.4161,0.3361,0.5797,0.2714,0,0,0,363.372,3.2401,0.2036,-3.0502,0.1077,0.8796,0,0,0,0,B0,101
CCCCCCc1ccc(N(c2ccc(C=C3N=C(c4ccccc4)OC3=O)cc2)c2ccc(C=C3N=C(c4ccccc4)OC3=O)cc2)cc1,1,0.2766,0.5455,0.7234,0.4545,2.931,449.9931,73.4856,4.5282,0.2709,0.1952,0.1794,-6.9682,1.0891,0.2901,0.3552,0.1875,0.2665,0,1,0,444.4345,4.5573,0.2534,-8.6983,0.017,0.0105,0,1,0,0,B0,101
N#CC(C#N)=Cc1ccccc1C(=O)c1ccccc1Oc1ccccc1,1,0.6226,0.3611,0.3774,0.6389,2.3049,366.3255,34.3146,4.3259,0.2007,0.1229,0.1514,-7.1938,1.0171,0.4726,0.3755,0.1545,0.2368,0,1,0,404.9384,4.2633,-0.0423,-6.3585,0.0178,0.0057,0,1,0,0,B0,101
CCCCN1c2ccc(O[C@H]3C[C@@H]4CC[C@@]3(C)C4(C)C)cc2Sc2cc(-c3ccc(/C=C(\C#N)C(=O)O)s3)ccc21,1,0.4024,0.7073,0.5976,0.2927,4.8045,473.2096,36.0401,4.44,0.3369,0.2578,0.2235,-6.8904,1.0965,0.3686,0.3838,0.0882,0.1893,0,1,0,490.4786,4.5417,0.1797,-5.9837,0.0294,0.0049,0,1,0,0,B0,101
CC1(C)CC2(CC(C)(C)N1)OC(C)(Cc1ccc(-c3ccc4ccccc4n3)nc1)NC2=O,1,0.6379,0.5789,0.3621,0.4211,4.0787,383.7321,92.4863,4.1408,0.4209,0.3337,0.2396,-7.6274,0.9919,0.4524,0.3982,0.2186,0.288,1,1,1,406.2242,4.2215,0.3279,-7.8074,0.1259,0.0249,1,1,1,1,B0,101
CC(Cc1ccccc1)OC(C)(C)C,1,0.5952,0.5,0.4048,0.5,2.3813,264.0315,37.6618,3.5005,0.5619,0.166,0.1731,-4.2171,1.1748,0.2259,0.2832,0.4233,0.3574,0,0,0,252.7338,3.3341,0.197,-3.6044,0.0394,0.7091,0,0,0,0,B0,101
CN1CCNC(N(c2ccc(-n3c4ccccc4c4ccccc43)cc2)c2ccc(/C=C/C3=CC(=C(\C#N)C(=O)O)/CC(C)(C)C3)c(Cl)c2)C1,1,0.4138,0.7701,0.5862,0.2299,4.0763,546.1463,109.1372,4.7282,0.3182,0.2431,0.2216,-7.238,1.016,0.5328,0.3995,0.1824,0.311,0,0,0,496.1454,4.8408,0.1782,-7.3553,0.1336,0.0081,0,1,0,0,B0,101
COc1cc(-c2ccc(C=C(C#N)C(=O)Nc3ncncn3)cc2)ccc1N(c1ccccc1)c1ccccc1,1,0.5397,0.5882,0.4603,0.4118,2.7108,444.8031,105.9596,4.4993,0.3337,0.2195,0.2054,-6.8211,0.8515,0.5303,0.4098,0.1319,0.2472,0,0,0,414.932,4.3764,0.2914,-6.4019,0.0463,0.0058,1,1,1,1,B0,101
O=C(O)CCCc1ccc(O)cc1O,1,0.5312,0.5789,0.4688,0.4211,1.9567,282.9491,48.3202,4.0165,0.4276,0.2849,0.267,-5.6039,0.5861,0.5575,0.3555,0.3155,0.3117,0,0,0,264.7611,3.7656,0.2709,-5.8023,0.1837,0.0457,0,1,0,0,B0,101
C=CNC(=O)c1cc(C(=O)NCc2cccc(C)c2)ncn1,1,0.1905,0.6731,0.8095,0.3269,2.4365,353.1269,46.2915,4.1605,0.3796,0.2486,0.2252,-7.3116,0.9113,0.6268,0.3696,0.2452,0.3258,0,0,0,347.5766,4.1994,0.2819,-7.422,0.3306,0.0149,1,1,1,1,B0,101
COC(=O)c1ccc(N(C)C)cc1,1,0.2069,0.4074,0.7931,0.5926,1.4985,303.3435,30.3575,3.8361,0.5529,0.1634,0.0962,-5.3726,0.7036,0.4798,0.3341,0.2418,0.2812,0,1,0,326.823,3.8161,0.1547,-5.1934,0.3623,0.0115,0,1,0,0,B0,101
CCOc1nc(-c2ccc(F)cc2)cc(-c2ccc(-c3ccc(O)cc3)cc2)c1C#N,1,0.3455,0.6364,0.6545,0.3636,2.2037,331.8334,38.5683,4.4345,0.3305,0.2857,0.2101,-7.1571,1.0406,0.4298,0.3817,0.1435,0.2279,1,1,1,345.7098,4.4365,0.2815,-6.5092,0.0604,0.0038,1,1,1,1,B0,101
CCCCC(CC)COc1c(C)c(O)cc(O)c1C(=O)C(=O)C=Cc1ccc(Br)cc1,1,0.6111,0.5312,0.3889,0.4688,3.3269,374.9545,86.2551,4.4456,0.286,0.2022,0.1796,-7.0351,0.9185,0.3712,0.3714,0.0624,0.1506,0,1,0,382.9831,4.3185,0.2126,-6.6347,0.0816,0.006,0,1,0,0,B0,101
CON(c1ccccc1)c1ccc(-c2sc(-c3ccc(C=C(C#N)C(=O)O)cc3)c3c2OCCO3)cc1,1,0.3125,0.5714,0.6875,0.4286,3.0333,465.4586,39.6484,4.4759,0.1948,0.125,0.1304,-7.1701,0.9523,0.4422,0.3873,0.1072,0.2113,0,1,0,446.8702,4.4607,0.104,-6.4569,0.0369,0.0062,0,1,0,0,B0,101
CCNc1nc(Nc2ccccc2)nc(Nc2ccc(C=Cc3ccc(-c4ccccc4N)cc3S(=O)(=O)[O-])c(S(=O)(=O)[O-])c2C(=O)OC)n1,1,0.7071,0.4444,0.2929,0.5556,3.5382,426.6139,99.8546,4.4038,0.3641,0.2646,0.2411,-6.9273,0.9868,0.3681,0.3754,0.1068,0.2494,0,1,0,440.7626,4.3973,0.198,-6.6422,0.0884,0.0037,0,1,0,0,B0,101
COc1ccc(-c2ccc3c(C)c4c(ccc5ccccc54)c(C)c3c2)cc1,1,0.5319,0.3714,0.4681,0.6286,2.0625,371.2482,29.8427,4.1473,0.4296,0.3736,0.0903,-6.8546,1.3521,0.3734,0.3532,0.2333,0.3098,1,1,1,352.665,4.2787,0.3671,-6.6537,0.0535,0.0343,1,1,1,1,B0,101
COc1nccnc1C[Si](C#Cc1c2nc3ccccc3nc2c(C#C[Si](C(C)C)(C(C)C)C(C)C)c2nc3ccccc3nc12)(C(C)C)C(C)C,1,0.4255,0.6346,0.5745,0.3654,3.9809,555.639,99.6785,4.4574,0.1663,0.3234,0.1646,-6.7272,0.8817,0.3703,0.3898,0.1827,0.2591,0,1,0,512.825,4.5622,0.3634,-6.5878,0.0568,0.0133,0,1,0,0,B0,101
CCc1nnc(-c2ccc(OC)cc2)o1,1,0.5417,0.625,0.4583,0.375,1.788,306.5591,59.0596,3.892,0.5802,0.264,0.1894,-5.0091,0.8929,0.4998,0.3159,0.2349,0.2919,1,1,1,296.8982,3.9963,0.3252,-4.978,0.4046,0.0271,1,0,0,0,B0,101
CCN(CCCC=C1CCCCC1=O)c1ccc(/N=N/c2ccc([N+](=O)[O-])cc2)c(C)c1,1,0.3939,0.6452,0.6061,0.3548,2.9425,503.54,57.624,4.2958,0.5785,0.1852,0.1605,-7.1059,0.9925,0.651,0.3959,0.1979,0.2869,0,0,0,523.5328,4.5269,0.1447,-7.1276,0.1956,0.0128,0,1,0,0,B0,101
CC(C)C=C1C=C(Cl)c2cccnc2C1=O,1,0.4286,0.72,0.5714,0.28,3.0706,358.2041,105.4574,3.8878,0.6521,0.2377,0.2245,-7.1946,1.0053,0.5902,0.3478,0.3803,0.3363,0,0,0,394.9982,3.997,0.2339,-7.2775,0.7499,0.0186,0,0,0,0,B0,101
CCOC(=O)C(C#N)=Cc1cc(C)sc1/N=N/c1sc(N)cc1S,1,0.4717,0.5357,0.5283,0.4643,3.7153,470.7892,50.2199,4.0993,0.5656,0.2851,0.3349,-7.1507,0.9481,0.5962,0.3658,0.1722,0.27,0,0,0,483.3256,3.7947,0.326,-6.5255,0.4884,0.004,0,1,0,0,B0,101
CCCCCc1ccc(-c2ccc(F)cc2)cc1,1,0.6129,0.5517,0.3871,0.4483,1.4164,302.9291,38.737,4.1755,0.3982,0.364,0.229,-7.1534,1.6126,0.2663,0.2644,0.3626,0.3358,1,1,1,286.2594,4.3273,0.3966,-7.9926,0.0594,0.0484,0,1,0,0,B0,101
COc1cc(-c2c3ccc([nH]3)c3ccc([nH]3)c(-c3ccc(C#N)cc3)c3nc(c4ccc([nH]4)c(C4CC4)c4ccc2o4)C=C3)ccc1C,1,0.3594,0.7792,0.6406,0.2208,5.3663,488.6489,100.4388,3.7002,0.4723,0.2291,0.2234,-6.8198,0.9081,0.394,0.4092,0.2284,0.3035,0,1,0,486.6948,3.6052,0.1794,-6.2969,0.0239,0.0183,0,1,0,0,B0,101
COC(=O)c1cc(Cl)c(C)cc1O,1,0.5938,0.2667,0.4062,0.7333,1.8717,271.1026,29.7092,3.7237,0.3896,0.17,0.1595,-5.1939,0.447,0.6175,0.3496,0.3052,0.3174,0,0,0,280.2464,3.5676,0.2422,-5.0333,0.3726,0.014,0,1,0,0,B0,101
CC1=CC(C)(C)Nc2ccc3c(C(C)(C)c4ccccc4C)c4ccc(=[NH2+])cc-4oc3c21,1,0.4091,0.7538,0.5909,0.2462,3.5642,531.8425,42.6058,4.3343,0.2969,0.2798,0.221,-7.1691,1.0593,0.477,0.3857,0.273,0.3309,0,1,0,537.8281,4.3985,0.2741,-5.7461,0.2495,0.0103,0,1,0,0,B0,101
CCOC(=O)C1=C(C(=O)O)N(C)C(=O)C1=CC=Cc1ccccc1,1,0.26,0.54,0.74,0.46,2.6417,374.6304,35.7531,4.0332,0.4087,0.1466,0.1567,-6.9898,0.867,0.4343,0.3984,0.1129,0.2103,0,1,0,357.839,4.2198,0.2659,-6.6081,0.1242,0.0054,1,1,1,1,B0,101
CC(C)c1cc(C(=O)N(c2ccc3c(c2)C(C)(C)c2ccccc2-3)c2ccc3c(c2)C(C)(C)c2ccccc2-3)c(O)cc1O,1,0.6197,0.5833,0.3803,0.4167,2.9687,396.0919,69.0653,4.3953,0.2531,0.4325,0.2751,-7.1947,1.0336,0.4662,0.3873,0.1841,0.2767,1,1,1,417.4424,4.329,0.416,-7.1652,0.039,0.0092,1,1,1,1,B0,101
CCN(CC)CCCSCc1cc(C(C)(C)C)ccc1O,1,0.7308,0.275,0.2692,0.725,2.3905,297.7389,64.559,3.6338,0.6653,0.2942,0.2643,-6.9407,1.0508,0.5705,0.3697,0.3128,0.3344,0,0,0,303.1687,3.77,0.2245,-7.1465,0.4534,0.0626,0,1,0,0,B0,101
CCCCCCOc1cc(C(=O)N2c3ccccc3C3(c4ccccc4-c4ccccc43)c3ccccc32)c(O)c2ccccc12,1,0.6528,0.459,0.3472,0.541,3.1916,372.8637,41.7311,4.5003,0.2604,0.3531,0.244,-6.9516,1.0702,0.3139,0.3507,0.0831,0.1709,1,1,1,397.8268,4.4052,0.2705,-6.5871,0.0087,0.0031,1,1,1,1,B0,101
[2H]C([2H])([2H])COC(=O)CC1(CC(=O)OCCN(C)c2ccc(-c3ccc(-c4ccc(C=C(C#N)C(=O)O)s4)s3)cc2)CCCC(C)C1,1,0.0921,0.7216,0.9079,0.2784,4.6084,484.057,52.293,4.3787,0.3309,0.317,0.2572,-7.0441,1.1062,0.3772,0.4035,0.0865,0.2056,0,1,0,463.0757,4.5508,0.2734,-6.0072,0.0685,0.0044,0,1,0,0,B0,101
FC(F)(F)C(F)(F)C(F)(F)C(F)(F)C(F)(F)C(F)(F)c1ccccc1,1,0.7419,0.5833,0.2581,0.4167,2.4405,294.4229,51.3053,4.0894,0.4948,0.3042,0.2036,-6.9716,1.2768,0.4114,0.335,0.4009,0.3136,1,1,1,288.582,4.1873,0.4401,-7.3044,0.072,0.0774,0,1,0,0,B0,101
COC(=O)c1ccc(-c2c(OC)cc3sc4nc(-c5ccccc5OC)sc4c3c2F)cc1O,1,0.5238,0.5902,0.4762,0.4098,2.8431,441.296,100.3487,4.2009,0.3971,0.264,0.2022,-6.9496,0.8367,0.4488,0.394,0.0969,0.1854,0,1,0,448.5013,4.449,0.2583,-6.3421,0.0422,0.0055,0,1,0,0,B0,101
CCC1(CC)c2cc(/C=C(\C#N)C(=O)O)sc2-c2sc(-c3ccc(C(N)=O)cc3)cc21,1,0.25,0.7015,0.75,0.2985,3.1443,469.5974,54.9238,4.4243,0.3368,0.1615,0.1608,-7.4362,0.9714,0.5394,0.3907,0.1222,0.2487,0,0,0,435.9316,4.471,0.1532,-7.4314,0.0808,0.004,0,1,0,0,B0,101
CC(C)(C)c1ccc(-c2c(-c3csc(C#N)n3)cc(C(C)(C)C)c(O)c2C(C)(C)C)cc1,1,0.6724,0.6346,0.3276,0.3654,3.0137,383.9511,102.5758,4.3221,0.3839,0.3133,0.2319,-7.273,1.0167,0.536,0.3945,0.2798,0.3369,1,0,0,379.715,4.3817,0.2202,-7.3052,0.1256,0.0073,0,1,0,0,B0,101
CCCCc1cc(-c2ccc(C=Cc3ccc(Cl)cc3)cc2)ccc1-c1ccc(C(=O)c2ccc(Oc3ccccc3)cc2)cc1,1,0.6765,0.5472,0.3235,0.4528,2.4454,347.3498,22.2152,4.5935,0.3088,0.4622,0.2713,-7.0168,1.2828,0.4776,0.4122,0.1304,0.2617,1,1,1,349.0746,4.5515,0.4078,-6.7109,0.0183,0.0025,1,1,1,1,B0,101
Cc1ccc(S(=O)(=O)Nc2cc(-c3ccc(N(C)C)cc3)sc2CCCCCCCO)cc1,1,0.4444,0.7467,0.5556,0.2533,2.4868,404.2319,90.1597,4.3086,0.4641,0.3217,0.2337,-6.9741,1.4543,0.4746,0.4062,0.2451,0.3214,1,1,1,385.7722,4.4617,0.1609,-6.1921,0.1855,0.0038,0,1,0,0,B0,101
O=C(c1ccc(F)cc1)N(c1ccccc1)c1ccccc1,1,0.6,0.4444,0.4,0.5556,1.6853,342.2187,29.9878,4.3179,0.2279,0.373,0.1247,-7.5579,1.235,0.528,0.3411,0.2467,0.2968,1,0,0,339.4231,4.185,0.4915,-7.6365,0.2397,0.0088,1,1,1,1,B0,101
Cc1cccc(C(=O)c2ccc(-c3nc4ccccc4s3)cc2)c1,1,0.5217,0.4651,0.4783,0.5349,1.8098,335.2248,15.4794,3.915,0.595,0.3749,0.185,-7.5316,0.9944,0.4909,0.3768,0.1898,0.282,1,1,1,325.1263,3.8543,0.2624,-7.3231,0.2509,0.0037,1,1,1,1,B0,101
COc1cc(N=Nc2ccc(O)c(C)c2O)ccc1O,1,0.5417,0.5278,0.4583,0.4722,2.6208,426.9623,39.8073,3.6647,0.7066,0.2592,0.2659,-6.9231,0.8893,0.5823,0.3778,0.2186,0.3019,0,0,0,392.692,3.9643,0.2487,-6.3453,0.2807,0.0078,0,1,0,0,B0,101
COc1cc2cc(-c3ccc(NC(=O)OC(C)(C)C)cc3)c(-c3ccc([N+](=O)[O-])cc3F)cc2cc1OC,1,0.4727,0.6406,0.5273,0.3594,2.4788,377.5351,62.7637,4.3555,0.4551,0.2276,0.2391,-6.891,0.7692,0.5291,0.4031,0.1422,0.2696,0,0,0,379.6982,3.9736,0.174,-6.357,0.0984,0.0058,0,1,0,0,B0,101
O=C(c1cc(-c2ccccc2O)ccc1Cl)c1cc(F)c2c(S(=O)(=O)O)cccc2c1O,1,0.6462,0.5714,0.3538,0.4286,2.5396,381.2174,49.7172,4.2667,0.3335,0.2346,0.1566,-7.383,0.9667,0.617,0.3885,0.1784,0.2933,0,0,0,372.5072,4.1872,0.2363,-7.568,0.0415,0.0079,0,1,0,0,B0,101
O=C(CCCN1CCC(O)CC1)c1ccc(-c2ccccc2Cl)cc1,1,0.7115,0.4,0.2885,0.6,1.9517,311.9091,40.921,4.0806,0.3229,0.3264,0.2581,-7.6009,1.0377,0.589,0.3806,0.1657,0.258,1,0,0,292.1579,3.9823,0.3731,-8.0207,0.114,0.0055,1,1,1,1,B0,101
CCCCc1cccc2c1c1c(c3nc4c5c(c6ccccc6c4nc32)OC(C)(C)C5)CC(C)(C)O1,1,0.3478,0.7273,0.6522,0.2727,3.1681,406.8397,45.5074,4.28,0.4082,0.4493,0.173,-7.189,1.0869,0.3522,0.3653,0.2045,0.2677,1,1,1,438.9188,4.2015,0.5568,-7.4976,0.0455,0.0098,0,1,0,0,B0,101
CCCC(=O)c1c(O)c(O)c(OC)c(Cc2c(O)c(C(=O)CN(C)C)c(O)c(C)c2OC)c1O,1,0.7667,0.2439,0.2333,0.7561,3.2505,365.3031,80.032,3.8888,0.5701,0.3266,0.215,-6.7582,0.8273,0.4451,0.3917,0.1782,0.2643,1,1,1,371.0308,4.1315,0.3021,-6.0551,0.2015,0.0227,1,1,1,1,B0,101
Cc1c(COC(=O)c2ccccc2Br)n2c(OCCCCO)c(C)c(=O)n2c1=O,1,0.2407,0.6226,0.7593,0.3774,3.0064,355.7245,53.1905,4.0414,0.5454,0.4781,0.2765,-6.7199,1.1922,0.45,0.3826,0.1282,0.234,1,1,1,337.4142,3.791,0.6177,-6.5797,0.1432,0.0055,0,1,0,0,B0,101
COc1cc(C(=O)C(=O)c2ccc(C(=O)c3ccc(N(C)C)cc3)cc2)ccc1O,1,0.5,0.3947,0.5,0.6053,2.1256,375.7737,35.5536,4.4017,0.2549,0.2264,0.1862,-6.7721,0.8263,0.6324,0.3543,0.1291,0.2333,0,0,0,375.8544,4.2739,0.1554,-6.0302,0.3325,0.0062,0,1,0,0,B0,101
CCCCc1cccc2c3ccccc3c3c(ccc4c(C(=O)C(=O)N5CCC(NCc6ccccn6)CC5)ccc(C(=O)NC(C)(C)C)c43)c12,1,0.6154,0.5556,0.3846,0.4444,3.1222,451.2917,104.8687,4.4013,0.4906,0.3499,0.2676,-7.1479,1.0757,0.4588,0.3986,0.1545,0.2721,0,1,0,420.1549,4.2498,0.3735,-7.3354,0.2932,0.0047,0,1,0,0,B0,101
C=Cc1ccc(C=CCO)cc1,1,0.6739,0.4,0.3261,0.6,2.261,280.4561,27.117,3.7466,0.4361,0.2307,0.1997,-4.8572,1.0858,0.519,0.3388,0.4014,0.3225,0,0,0,295.6202,3.6129,0.1723,-4.8126,0.3906,0.0355,0,0,0,0,B0,101
CC(CC1CC(C)(O)CCO1)c1ccccc1,1,0.7,0.3846,0.3,0.6154,3.4334,249.3331,20.8688,3.6687,0.7351,0.0744,0.1115,-7.2021,0.7077,0.232,0.2895,0.3681,0.3552,0,1,0,259.7494,3.7723,0.1623,-7.2281,0.0144,0.9006,0,0,0,0,B0,101
O=C1C(Cl)=C(N(Cc2ccccc2)Cc2ccccc2)C(=O)C(Cl)=C1N(CC(=O)c1ccccc1O)Cc1ccccc1,1,0.3421,0.5476,0.6579,0.4524,2.829,406.2029,75.0271,4.4257,0.2981,0.3016,0.2208,-7.2215,1.1252,0.5044,0.4152,0.1761,0.2675,1,0,0,405.1694,4.2164,0.3866,-7.5577,0.1199,0.0061,1,1,1,1,B0,101
CC1(C)c2cccnc2-c2nccc(O)c21,1,0.3448,0.7333,0.6552,0.2667,2.8008,318.2598,29.0725,3.9413,0.3759,0.2983,0.2529,-6.6459,1.4602,0.5102,0.3529,0.2756,0.3093,1,0,0,297.3788,3.9242,0.2483,-7.36,0.2905,0.0165,0,1,0,0,B0,101
CCCCC(CC)COc1cccc2c1N(C=CCCCCCC(=O)c1ccc(OCC)cc1O)c1ccccc1O2,1,0.6606,0.5342,0.3394,0.4658,3.5337,437.1439,97.3899,4.3086,0.4078,0.2202,0.1765,-6.9042,1.0387,0.3305,0.3878,0.0574,0.1205,0,1,0,442.9801,4.5714,0.3161,-6.3192,0.0252,0.0047,0,1,0,0,B0,101
CC1=C(I)C(C)=[N+]2C1=C(c1ccc(OC(N)=O)cc1)c1c(C)c(I)c(C)n1[B-]2(F)F,1,0.3281,0.7586,0.6719,0.2414,3.7727,532.2087,20.4394,4.6248,0.2824,0.3492,0.2351,-7.0127,0.9277,0.4758,0.3842,0.1941,0.3228,0,1,0,527.0352,4.4717,0.2902,-6.3465,0.1647,0.0042,0,1,0,0,B0,101
COC(=O)c1cc(-c2ccc(N(C)C)cc2)c2ccc(-c3ccc(Br)cc3)nn12,1,0.3,0.6897,0.7,0.3103,2.42,384.3344,37.7871,4.4101,0.363,0.3686,0.1261,-6.9349,1.0131,0.4307,0.3809,0.1542,0.2495,1,1,1,388.2935,4.1753,0.3537,-5.9555,0.0749,0.0063,1,1,1,1,B0,101
COc1ccc(CCC(C)(C)OC(C)=O)c(OC)c1C,1,0.6724,0.5227,0.3276,0.4773,2.4004,303.2624,50.713,3.7663,0.5647,0.3932,0.2581,-6.7312,0.5921,0.2651,0.3224,0.1739,0.2486,0,1,0,284.2866,3.7528,0.3359,-6.5192,0.0175,0.0085,0,1,0,0,B0,101
O=C(c1ccccc1)c1ccccc1C(c1ccc(O)cc1)c1ccc(O)cc1,1,0.6667,0.2727,0.3333,0.7273,2.0694,322.8689,23.9534,4.3176,0.2613,0.2297,0.1562,-7.4598,1.0249,0.4545,0.3758,0.1846,0.2585,0,1,0,351.4392,4.2396,0.3134,-7.246,0.0691,0.0075,1,1,1,1,B0,101
CCCC(C)(C)c1cc(O)c(C#N)c(C(C)(C)CCC)c1O,1,0.76,0.4865,0.24,0.5135,3.105,316.6332,55.7347,3.4943,0.7299,0.2469,0.199,-7.0097,0.7271,0.5451,0.3954,0.2651,0.315,0,0,0,353.1028,3.7468,0.1585,-7.1437,0.1797,0.0051,0,1,0,0,B0,101
Fc1cccc(-c2ccc(C(F)(F)F)cc2)c1,1,0.5897,0.5882,0.4103,0.4118,1.581,324.8896,63.4675,4.2669,0.2425,0.3222,0.1651,-6.5768,1.8395,0.5063,0.3579,0.3724,0.3455,1,0,0,308.539,4.4035,0.4331,-6.9582,0.1567,0.1118,1,1,1,1,B0,101
CC(=O)OCOC(=O)CN(CC(=O)OCOC(C)=O)C(=O)NC1CCNCC1,1,0.7971,0.5385,0.2029,0.4615,2.8505,404.2974,100.8583,2.3893,0.999,0.214,0.1919,-7.096,0.5042,0.5178,0.416,0.3877,0.341,0,0,0,324.4731,2.441,0.1701,-7.0046,0.3389,0.038,0,1,0,0,B0,101
CCCCc1cc(CCC)ccc1C(C)(C)C,1,0.6585,0.5,0.3415,0.5,2.017,309.0366,81.0653,3.6404,0.6475,0.342,0.2746,-6.8159,1.3735,0.2936,0.2866,0.507,0.3593,0,0,0,281.8094,3.8265,0.2759,-6.8132,0.044,0.7861,0,0,0,0,B0,101
C=C(c1cc(-c2ccc(OC)cc2)ccc1C(C)(C)C)C(C)(C)C=CC(=O)OCC,1,0.6769,0.4909,0.3231,0.5091,2.7127,364.0772,72.6056,4.2963,0.4257,0.2881,0.2231,-7.1194,0.945,0.4336,0.3657,0.1367,0.2722,1,1,1,365.011,4.3377,0.4028,-6.708,0.0991,0.0025,1,1,1,1,B0,101
CCCCc1ccc(CCCC)c2c1C(=O)OC2=O,1,0.5833,0.6,0.4167,0.4,2.452,325.1354,68.9327,3.975,0.3584,0.3993,0.2964,-6.9637,0.7978,0.3876,0.344,0.2502,0.2883,1,1,1,327.1639,3.8929,0.4539,-7.4709,0.1673,0.0108,1,1,1,1,B0,101
Cc1cc(O)c(C(=O)C#Cc2ccc(/N=N\c3ccc(O)c(CO)c3)c(F)c2)cc1C,1,0.4375,0.6552,0.5625,0.3448,3.0564,394.9155,45.7151,4.2969,0.5992,0.1816,0.1964,-7.3811,0.9231,0.5366,0.3958,0.2148,0.3154,0,0,0,427.5772,4.4084,0.2519,-7.2997,0.0649,0.0073,0,1,0,0,B0,101
CC(C)(C)c1cc(Cc2cc(CC#N)c(O)c(Cc3cc(C(C)(C)C)c(O)c(C(C)(C)C)c3)c2)cc(C(C)(C)C)c1O,1,0.6842,0.2424,0.3158,0.7576,3.0079,359.0438,84.9838,4.4075,0.2986,0.3421,0.2375,-7.0053,0.9693,0.4456,0.382,0.3165,0.3687,1,1,1,370.0254,4.3677,0.3396,-7.0297,0.0652,0.0074,1,1,1,1,B0,101
Cc1cc(OC(=O)c2cccc(C(C)(C)C)c2O)n2c1C=C1C=CC=[N+]1[B-]2(F)F,1,0.4932,0.6557,0.5068,0.3443,3.959,548.277,28.4087,4.5896,0.2624,0.4266,0.2829,-7.1378,0.9504,0.3943,0.3866,0.1677,0.2913,0,1,0,545.4372,4.525,0.3802,-6.4173,0.1251,0.0048,0,1,0,0,B0,101
Cc1ccc(N(C(=O)/C(C#N)=C\c2ccc(F)cc2)c2ccccc2)cc1,1,0.449,0.4706,0.551,0.5294,2.2248,397.5538,40.3286,4.3585,0.2317,0.1516,0.1677,-7.3005,0.9882,0.4983,0.3806,0.1274,0.2313,0,1,0,388.428,4.2644,0.3056,-7.4,0.0773,0.0045,1,1,1,1,B0,101
CN1CCC(c2ccccc2Cl)CC1,1,0.7059,0.625,0.2941,0.375,1.7876,263.7432,24.0135,3.8339,0.5279,0.1663,0.2159,-5.7186,2.1702,0.5556,0.3637,0.5334,0.3278,0,0,0,268.7772,3.5833,0.1793,-3.725,0.5246,0.9874,0,0,0,0,B0,101
COc1ccccc1-c1ccc(C(C)(C)C)cc1,1,0.5366,0.4333,0.4634,0.5667,1.5097,301.1252,43.351,4.1866,0.2645,0.2785,0.1729,-6.9128,1.2764,0.3354,0.3194,0.3159,0.3315,1,1,1,282.1855,4.2096,0.2997,-6.1903,0.0195,0.0547,0,1,0,0,B0,101
COc1ccc(-c2cc(O)c([C@@]3(O)[C@@H](CO)OC(n4cc(O)c(=O)[nH]c4=O)[C@@H]3O)cc2C(C)=O)cc1,1,0.5405,0.7015,0.4595,0.2985,4.2176,359.8907,78.1151,4.3486,0.3217,0.249,0.2361,-6.928,0.7342,0.5795,0.375,0.1461,0.23,0,0,0,348.2214,4.3957,0.286,-6.7083,0.1811,0.0836,1,1,1,1,B0,101
COc1nc2nccc(-c3cc(-c4ccc(C(=O)c5c(O)cc(O)cc5O)cc4)cc(C(F)(F)F)c3)n2n1,1,0.5077,0.678,0.4923,0.322,2.9417,381.4122,57.6245,3.8916,0.7576,0.3354,0.2689,-6.9723,0.9007,0.5107,0.3709,0.1504,0.2731,1,0,0,374.8128,4.0059,0.193,-6.3628,0.0794,0.0061,0,1,0,0,B0,101
CCCCCc1ccc(-c2cc(O)cc(F)c2)cc1,1,0.6667,0.5349,0.3333,0.4651,1.809,310.8714,55.4449,4.1661,0.455,0.397,0.2682,-7.1784,1.639,0.3547,0.329,0.2899,0.3359,1,1,1,295.4649,4.148,0.296,-8.5266,0.129,0.0093,1,1,1,1,B0,101
COCOc1ccc(N2N=C(c3ccc(Br)cc3)CC2c2ccccc2)c(O)c1,1,0.5588,0.6522,0.4412,0.3478,2.8311,331.0187,44.2755,4.0902,0.7434,0.3264,0.1983,-7.1489,0.9483,0.4772,0.3514,0.13,0.218,1,1,1,319.1355,4.1701,0.3419,-7.8114,0.0554,0.0043,1,1,1,1,B0,101
O=C(O)C(=O)c1ccccc1O,1,0.5833,0.25,0.4167,0.75,1.8493,277.7496,24.2205,3.9572,0.3894,0.2846,0.2753,-5.6336,0.3424,0.7132,0.3038,0.37,0.3298,0,0,0,288.8879,3.7402,0.2881,-5.7408,0.4123,0.0455,0,1,0,0,B0,101
COc1ccc(C=CC([O-])=C([N+]#N)c2ccc3ccccc3c2)cc1,1,0.5909,0.5091,0.4091,0.4909,2.6557,366.0336,52.187,4.3589,0.189,0.1733,0.1594,-6.9352,0.9084,0.5508,0.3556,0.1406,0.246,0,0,0,357.811,4.2517,0.2993,-6.3476,0.079,0.005,1,1,1,1,B0,101
CCCCC(CC)COc1cc(N=[N+]=[N-])ccc1C(=O)c1c[nH]c2ccccc12,1,0.6753,0.5972,0.3247,0.4028,3.1319,332.1215,59.2705,4.2664,0.3989,0.3357,0.246,-7.0152,0.8937,0.3476,0.3632,0.063,0.1697,1,1,1,367.6182,4.0588,0.2914,-6.696,0.0307,0.0049,1,1,1,1,B0,101
Oc1cccc(C=Cc2ccccc2)c1,1,0.5161,0.3571,0.4839,0.6429,1.6572,306.0159,20.9981,4.1288,0.3623,0.1698,0.1743,-4.7486,1.6708,0.4216,0.3341,0.2684,0.3118,0,0,0,310.7182,4.0117,0.1286,-4.8522,0.0567,0.0161,0,0,0,0,B0,101
COCOc1ccc(-c2ccc(N(C)C)cc2-c2ccc(C(C)(C)C)cc2)c(O)c1,1,0.6949,0.5962,0.3051,0.4038,2.3517,418.2922,92.9974,4.3674,0.3359,0.338,0.2716,-6.8962,1.0358,0.4987,0.3552,0.1591,0.2455,1,1,1,412.6295,4.3834,0.4151,-5.8487,0.0642,0.004,1,1,1,1,B0,101
O=C(O)CN1C(=O)C(=Cc2ccc(NC3=CCC(C=C4SC(=S)N(CC(=O)O)C4=O)(c4ccc(Cl)cc4)C=C3)cc2)SC1=S,1,0.1364,0.7683,0.8636,0.2317,3.9056,532.056,100.9409,4.6161,0.2648,0.1752,0.1736,-7.1762,1.0804,0.4889,0.4346,0.2531,0.3534,0,1,0,486.5375,4.7667,0.2155,-7.5475,0.0633,0.0082,0,1,0,0,B0,101
CCCN(CC)c1ccc2c(c1)Cc1c-2[o+]c2c3c4c(cc2c1-c1ccccc1C(=O)[O-])CCCN4CCC3,1,0.087,0.6941,0.913,0.3059,3.5579,563.6274,79.0075,4.6615,0.4504,0.143,0.1418,-7.2528,1.0712,0.4067,0.3737,0.115,0.2111,0,1,0,562.3484,4.8224,0.3461,-7.3343,0.0488,0.0053,0,1,0,0,B0,101
CC(=O)CCC=C(C)CN1CCCCC1,1,0.7869,0.5152,0.2131,0.4848,2.3062,407.1216,114.6227,3.0778,0.9169,0.1135,0.1295,-5.9832,1.5155,0.2422,0.2887,0.4673,0.3484,0,1,0,382.2106,3.0958,0.0286,-7.3666,0.0553,0.8697,0,0,0,0,B0,101
CCCCC(CC)COc1ccccc1/C=C/C(=O)C(C)=O,1,0.5333,0.5484,0.4667,0.4516,2.8484,323.6552,47.9985,4.0237,0.3725,0.1886,0.1693,-7.004,0.8792,0.3433,0.3634,0.0758,0.1663,0,1,0,339.1194,3.9851,0.211,-6.6589,0.0728,0.005,0,1,0,0,B0,101
CC1=C2C(=CO[C@H](C)[C@H]2C)C(=O)C(c2cccc(C)c2)=C1O,1,0.7442,0.4286,0.2558,0.5714,3.7501,376.1172,63.0805,3.9752,0.5066,0.3479,0.2466,-7.0874,0.8837,0.4711,0.3703,0.2069,0.2818,1,1,1,377.6241,4.0691,0.2336,-7.1316,0.2525,0.0042,0,1,0,0,B0,101
COc1ccc(-c2c(C(=O)c3ccc(C(F)(F)F)[nH]3)ccc(Cl)c2NC(=O)c2cc(Cl)cc(Br)c2O)cc1,1,0.7229,0.6133,0.2771,0.3867,2.9314,494.428,144.1507,4.2902,0.4445,0.2823,0.2275,-6.7872,0.9024,0.5414,0.4005,0.1648,0.2644,0,0,0,433.9276,4.4694,0.2128,-6.2076,0.09,0.0063,0,1,0,0,B0,101
CCc1ccc(OCc2cccc(COc3ccc(C(=N)N)cc3)c2)cc1,1,0.6136,0.3409,0.3864,0.6591,1.8634,348.3834,64.8886,4.3267,0.3141,0.4316,0.2766,-7.1794,0.9639,0.52,0.3391,0.1456,0.2563,1,0,0,350.597,4.2777,0.3666,-6.6019,0.0579,0.004,1,1,1,1,B0,101
COc1ccc(-c2cc(I)ccc2N(C)C(=O)COC2CCNCC2)cc1,1,0.6849,0.5556,0.3151,0.4444,2.5112,338.0934,81.4868,4.196,0.3785,0.3184,0.229,-6.8892,0.81,0.4424,0.3863,0.1188,0.2154,1,1,1,330.5702,4.415,0.2973,-6.0162,0.0802,0.0044,1,1,1,1,B0,101
Cc1ccc2c(Cl)nnc(OCC(C)(C)C)c2c1,1,0.6,0.74,0.4,0.26,2.4698,292.6145,35.0726,3.9853,0.6296,0.2631,0.2819,-7.1738,1.0053,0.5295,0.3708,0.3045,0.3416,1,0,0,294.1671,4.0227,0.1552,-6.704,0.1321,0.0139,0,1,0,0,B0,101
CCc1cc2c(c(C(F)(F)F)c1C)C(C)(C)C(C)C2C(C)C,1,0.7667,0.6154,0.2333,0.3846,3.9452,304.6554,48.4469,3.7225,0.7924,0.2626,0.2742,-6.99,1.1435,0.3402,0.3703,0.429,0.3512,0,1,0,290.8624,4.0866,0.4129,-7.6806,0.0279,0.3748,1,1,1,1,B0,101
COc1ccc2c(COC(=O)[C@H](Cc3cc(C)c(O)c(C)c3)NC(=O)OCc3cccc(-c4ccc(C(C)(C)C)cc4)c3)cc(=O)oc2c1,1,0.3333,0.7105,0.6667,0.2895,3.2896,401.8357,90.4291,4.3749,0.3268,0.3644,0.3214,-6.7964,0.8364,0.3711,0.3737,0.1326,0.2607,1,1,1,380.3593,4.3478,0.2249,-6.5528,0.0248,0.0047,0,1,0,0,B0,101
C=C(C)[C@H](O)CC(=O)OCCO,1,0.4722,0.6129,0.5278,0.3871,3.1702,424.1707,146.0436,2.56,1.0211,0.2045,0.2087,-6.1632,1.0233,0.5596,0.3566,0.3849,0.3334,0,0,0,396.3964,2.5897,0.3421,-6.6557,0.0678,0.1901,0,1,0,0,B0,101
COc1ccc(-c2cc(C(=O)c3ccc(-c4ccc(C(=O)c5ccc(Oc6ccccc6)cc5)cc4)cc3)ccc2Oc2ccccc2)cc1,1,0.5778,0.3333,0.4222,0.6667,2.2732,359.412,29.0791,4.4834,0.2525,0.372,0.1883,-6.7618,0.9235,0.3852,0.3645,0.1162,0.219,1,1,1,348.1275,4.2985,0.3396,-6.3258,0.0377,0.0042,1,1,1,1,B0,101
COC(=O)c1c(Cl)ccc2c(-n3nnc(C=CC(C)=O)c3C)ccnc12,1,0.5974,0.7258,0.4026,0.2742,2.9389,327.9519,54.8634,4.2888,0.3907,0.1974,0.2102,-6.9248,0.8433,0.5172,0.3971,0.191,0.2911,0,0,0,362.4504,4.369,0.1883,-6.3974,0.227,0.0108,0,1,0,0,B0,101
O=C(c1cccc(-c2cc(O)cc(Br)c2)c1)c1cccs1,1,0.6,0.4444,0.4,0.5556,2.1494,330.0542,51.2131,4.1929,0.2487,0.2082,0.1613,-7.3819,1.0577,0.6235,0.3597,0.1888,0.2667,0,0,0,319.6674,4.256,0.0195,-7.3217,0.4937,0.0055,0,1,0,0,B0,101
O=C(c1cc(CO)ccc1O)C1CCCCC1,1,0.7174,0.4146,0.2826,0.5854,2.0423,265.7354,35.2739,3.8642,0.3909,0.3392,0.3154,-7.617,0.8551,0.4978,0.4055,0.3036,0.3458,0,1,0,255.7156,3.5682,0.2951,-8.1377,0.169,0.0457,0,1,0,0,B0,101
COC(=O)C=CCCc1c2cc([N+](=O)[O-])ccc2nn1C,1,0.5781,0.6552,0.4219,0.3448,2.7413,358.7826,30.847,4.0989,0.3231,0.1846,0.1605,-7.015,0.8826,0.6656,0.3651,0.161,0.2483,0,0,0,343.9466,4.1049,0.2288,-6.5579,0.7693,0.0096,0,0,0,0,B0,101
COC(=O)N=Nc1c(S(=O)(=O)O)cc2cc(S(=O)(=O)O)c(N=Nc3ccc(S(=O)(=O)O)cc3O)c(O)c2c1O,1,0.234,0.6897,0.766,0.3103,3.61,428.145,50.8864,4.2216,0.6399,0.3211,0.2697,-6.9923,0.9241,0.5511,0.4053,0.166,0.265,0,0,0,411.2055,3.8096,0.2402,-6.3349,0.2747,0.0117,0,1,0,0,B0,101
CC1(C)CC(OC(=O)CCCCCCCCCCN=Cc2cc(-c3ccc(C(C)(C)C)cc3)ccc2O)CC(C)(C)N1,1,0.7164,0.5357,0.2836,0.4643,3.0372,420.4445,95.5072,4.3526,0.4134,0.2282,0.1493,-6.9328,0.993,0.4473,0.401,0.1319,0.2419,0,1,0,362.4328,4.5278,0.2041,-6.6325,0.2302,0.005,0,1,0,0,B0,101
CCCCC(=O)c1ccccc1-c1ccc(OC)cc1,1,0.5128,0.5556,0.4872,0.4444,1.6277,328.1182,37.233,3.9974,0.357,0.3363,0.2157,-7.1432,1.2138,0.2419,0.2734,0.0867,0.1589,1,1,1,318.7541,3.6754,0.3085,-6.7041,0.016,0.0026,0,1,0,0,B0,101
CC1(C)C(/C=C/C2=C(Cl)C(=C/C=C3/N(C(N)=O)c4ccccc4C3(C)C)/CCC2)=[N+](Cc2ccccc2)c2ccccc21,1,0.2319,0.7595,0.7681,0.2405,3.3884,722.4203,94.9079,5.3119,0.1237,0.1344,0.088,-7.195,1.1105,0.4864,0.4063,0.2126,0.3188,0,1,0,744.567,5.2444,0.0424,-7.5841,0.0646,0.0038,0,1,0,0,B0,101
COC(=O)c1ccc2c(c1)sc1sc(C(=O)OC)cc12,1,0.5625,0.5238,0.4375,0.4762,2.4995,341.4504,49.61,4.194,0.2697,0.332,0.1554,-7.0735,0.9131,0.551,0.3788,0.1565,0.2745,1,0,0,328.2641,4.0684,0.2742,-6.2581,0.3704,0.0052,1,1,1,1,B0,101
O=C(Nc1ccc2nc(-c3ccccc3)sc2c1)c1cccs1,1,0.4915,0.5536,0.5085,0.4464,1.9051,338.7237,23.6986,3.9994,0.5792,0.2896,0.2493,-7.3361,1.0435,0.5943,0.3708,0.2054,0.3096,1,0,0,331.627,4.0664,0.1861,-7.2617,0.3326,0.0062,0,1,0,0,B0,101
NS(=O)(=O)c1cccc2c(OC(=O)c3cc(NC(=O)c4ccsc4)ccc3O)cccc12,1,0.7143,0.4262,0.2857,0.5738,2.3861,339.5334,67.4044,4.1044,0.5888,0.2406,0.199,-7.2195,0.8919,0.5717,0.3999,0.1864,0.317,0,0,0,353.8835,4.1042,0.1107,-6.4198,0.1126,0.0056,0,1,0,0,B0,101
CCc1c2ccccc2cc2ccc(Cl)cc12,1,0.5946,0.6486,0.4054,0.3514,1.8346,331.2518,42.4114,4.1006,0.3102,0.2495,0.2378,-7.2543,1.4805,0.4963,0.3809,0.3666,0.3533,0,1,0,331.019,4.0389,0.2838,-7.2464,0.1155,0.0545,1,1,1,1,B0,101
COc1ccc(CC(C)(c2cc(C)c(O)c(C)c2)c2cc(C)c(O)c(C)c2)cc1,1,0.6786,0.5143,0.3214,0.4857,2.5709,355.3628,96.7,4.1857,0.5939,0.382,0.2601,-6.881,0.8514,0.4231,0.3674,0.2288,0.291,1,1,1,336.2316,4.2207,0.3603,-6.5633,0.04,0.0044,1,1,1,1,B0,101
CCC(C#N)=C(C#N)c1ccc2c(c1)C1(c3ccccc3-c3ccccc31)c1cc(N(c3ccccc3F)c3ccccc3F)ccc1-2,1,0.16,0.7344,0.84,0.2656,3.6627,450.1071,66.5434,4.4793,0.2687,0.4894,0.2274,-7.1139,1.0954,0.4813,0.3701,0.1942,0.2894,0,1,0,451.5806,4.3423,0.4684,-7.3166,0.1393,0.0047,0,1,0,0,B0,101
FC(F)(F)c1ccc(C=Cc2nc3c(-c4ccccc4Cl)ncnc3[nH]2)cc1,1,0.5,0.7969,0.5,0.2031,2.6465,355.9912,27.9039,4.4022,0.4013,0.2372,0.2343,-7.5773,1.1137,0.672,0.3697,0.2125,0.2858,0,0,0,370.6539,4.1836,0.3446,-7.831,0.1861,0.0088,1,1,1,1,B0,101
CCOC(=O)CCC(C)(C)O,1,0.7,0.3913,0.3,0.6087,2.2241,414.4334,145.9398,2.8069,1.039,0.2496,0.2067,-5.2834,0.6602,0.267,0.308,0.2912,0.2981,0,1,0,421.6624,2.9345,0.1763,-5.7793,0.0288,0.1323,0,1,0,0,B0,101
CC(C)(C)c1c(O)ccc(Br)c1C(C)(C)C,1,0.6897,0.2857,0.3103,0.7143,2.5517,267.3446,30.4011,3.87,0.609,0.241,0.1996,-6.9672,1.3898,0.3965,0.3288,0.5244,0.3428,0,0,0,285.3614,3.7596,0.1931,-7.1714,0.058,0.7041,0,0,0,0,B0,101
CCC(C)(O)CCC(C)CO,1,0.8049,0.28,0.1951,0.72,3.424,456.3151,163.4785,3.0449,0.8467,0.2472,0.2138,-5.5116,0.9949,0.3677,0.3562,0.577,0.2969,0,0,0,474.923,2.5051,0.1846,-5.9574,0.054,0.8956,0,0,0,0,B0,101
CCC(=O)N(c1nc2c([nH]1)C1=CC(=O)SC1(C)C1(C)SC(=O)C=C21)C1(c2ccccc2C)CCNCC1,1,0.6364,0.6143,0.3636,0.3857,4.8974,463.3393,147.0824,4.393,0.4039,0.3152,0.2475,-7.1248,0.9206,0.4655,0.4108,0.1515,0.2444,0,1,0,458.1657,4.0044,0.2701,-6.0684,0.1033,0.0058,0,1,0,0,B0,101
COc1cc(NC(=O)Nc2cccc(C)c2)c(O)c(C(C)(C)C)c1,1,0.6061,0.2174,0.3939,0.7826,2.0684,320.5734,28.3454,4.2204,0.3303,0.3237,0.2556,-6.9345,0.882,0.5163,0.4031,0.2185,0.3261,1,0,0,312.654,4.0695,0.314,-6.3074,0.111,0.0059,1,1,1,1,B0,101
COc1cc(C=CC(=O)NCCC(=O)c2ccc(O)cc2O)ccc1O,1,0.5472,0.2941,0.4528,0.7059,2.2988,333.8651,41.5383,4.2303,0.4257,0.1376,0.137,-6.9289,0.7911,0.5876,0.4114,0.1457,0.2466,0,0,0,327.0,4.2828,0.136,-6.6715,0.4855,0.0111,0,1,0,0,B0,101
CCCCC(CC)c1cc(CCC)cc(C(C)(C)C)c1O,1,0.7381,0.3333,0.2619,0.6667,2.9109,283.6679,56.0777,3.532,0.6797,0.3145,0.2816,-6.7607,1.3625,0.286,0.3265,0.3616,0.3574,0,1,0,290.5607,3.9384,0.3241,-7.2187,0.024,0.2328,1,1,1,1,B0,101
CCCCc1c[nH]c2c1CCc1cc(Cl)ccc1-2,1,0.4694,0.7049,0.5306,0.2951,2.4616,360.4399,94.4977,4.1275,0.4506,0.3332,0.2797,-7.1991,1.4334,0.5363,0.3689,0.4259,0.3556,1,0,0,300.0468,4.2704,0.3182,-7.3961,0.1328,0.047,1,1,1,1,B0,101
CCCc1cc(Cc2ccc(-c3ccc4c(c3)c3ccccc3n4-c3ccc4c(c3)C(C)(C)c3ccccc3-4)s2)c(O)c(C(C)(C)C)c1,1,0.5114,0.6087,0.4886,0.3913,3.0205,406.8077,62.9508,4.4045,0.3368,0.4111,0.2851,-7.2257,1.266,0.429,0.3898,0.2684,0.3365,1,1,1,366.0048,4.3264,0.3068,-7.4261,0.0768,0.0041,1,1,1,1,B0,101
CC(=O)c1ccc2cc(Cc3ccccc3)ccc2c1,1,0.5263,0.375,0.4737,0.625,1.6137,326.5002,29.1381,4.0535,0.3441,0.3554,0.1959,-7.557,1.3103,0.3155,0.31,0.2,0.2727,1,1,1,292.4884,3.9061,0.3696,-7.549,0.0713,0.0202,1,1,1,1,B0,101
COc1cc(-c2ccc3c(c2)C(C)(C)c2ccccc2-3)cc(O)c1C(=O)c1ccc(C)cc1,1,0.642,0.4808,0.358,0.5192,2.3301,344.0098,27.3822,4.3413,0.3965,0.3443,0.2499,-6.9662,0.8645,0.5124,0.3749,0.0964,0.1851,1,0,0,351.4959,4.3545,0.1127,-6.3352,0.0268,0.0057,0,1,0,0,B0,101
CC(C)C[C@H](NC(=O)[C@@]1(Cc2cccc(C(C)(C)C)c2O)Cc2ccccc2N1)C(=O)N[C@@H](CC(F)F)[C@@H](O)C(=O)O,1,0.2911,0.7123,0.7089,0.2877,4.4032,307.2123,84.0111,4.2971,0.4206,0.29,0.2459,-7.0644,0.9665,0.4383,0.3912,0.2693,0.3606,1,1,1,324.6724,4.3997,0.2993,-8.171,0.0848,0.0091,1,1,1,1,B0,101
Cc1nc2ccc(C(=O)C(C)(C)C)cc2o1,1,0.5676,0.359,0.4324,0.641,2.3231,304.7676,33.9255,4.0393,0.4974,0.3644,0.2487,-6.2782,1.5056,0.4266,0.3632,0.2503,0.2981,1,1,1,290.0944,4.0204,0.2457,-6.946,0.0297,0.0495,0,1,0,0,B0,101
CCCCN1/C(=C/C=COC(C)=O)C(C)(C)c2cc(Br)ccc21,1,0.4219,0.7206,0.5781,0.2794,2.8605,454.1992,92.2146,4.1574,0.5251,0.1987,0.1576,-7.1989,0.926,0.4115,0.3749,0.1246,0.2187,0,1,0,424.2634,4.4003,0.1744,-6.7726,0.0211,0.0038,0,1,0,0,B0,101
CC(C)n1nc(-c2ccc(Br)cc2)c2c3nc4c(cc3cnc21)CCc1ccccc1-4,1,0.2833,0.7975,0.7167,0.2025,2.7367,354.5328,43.1207,4.3166,0.3114,0.3687,0.1272,-7.2408,1.03,0.5417,0.3609,0.2399,0.3195,1,0,0,351.874,4.0759,0.4223,-7.079,0.1714,0.0097,1,1,1,1,B0,101
O=C(O)N1CCC(NCCCCCOc2ccccc2)CC1,1,0.6984,0.234,0.3016,0.766,1.9164,283.6063,43.6138,3.7005,0.6614,0.3614,0.2777,-7.074,0.8259,0.4352,0.4039,0.196,0.2696,0,1,0,277.0334,3.8377,0.2907,-6.6665,0.2466,0.0143,0,1,0,0,B0,101
CC(=O)c1cccc(C=c2o/c(=C\c3ccc(N(C)C)cc3)c3ccccc23)c1,1,0.3404,0.6522,0.6596,0.3478,2.7065,389.5715,28.7332,4.4274,0.3208,0.1903,0.1877,-7.4322,1.0859,0.4426,0.3621,0.1287,0.2157,0,1,0,402.2737,4.5011,0.1017,-6.1114,0.0196,0.0034,0,1,0,0,B0,101
Oc1ccc(-c2c[nH]c3ccccc23)cc1,1,0.5,0.4474,0.5,0.5526,1.7227,315.8293,26.3202,4.0459,0.3769,0.2804,0.2365,-6.2816,2.079,0.5235,0.3513,0.3351,0.3334,1,0,0,317.8248,3.9249,0.2679,-7.5221,0.1892,0.0081,1,1,1,1,B0,101
Cc1c(CNCC2CCNCC2)n2c(OCC(=O)c3ccccc3C#N)c(C)c(=O)n2c1=O,1,0.5479,0.6575,0.4521,0.3425,3.2814,349.468,64.8107,4.1971,0.2926,0.3813,0.2924,-7.1163,0.7731,0.4684,0.391,0.1512,0.2404,1,1,1,347.985,3.9534,0.3934,-6.7529,0.6239,0.0134,1,0,0,0,B0,101
O=[N+]([O-])c1ccc(OC=C(c2ccccc2)c2ccccc2)cc1,1,0.5641,0.4722,0.4359,0.5278,2.0552,361.3782,24.8851,4.108,0.6994,0.0718,0.0525,-7.1123,1.0295,0.523,0.3834,0.1619,0.2347,0,0,0,361.1933,4.0878,0.0494,-6.3079,0.035,0.0051,0,1,0,0,B0,101
Cc1cccc(C(=O)C2=Cc3c4ccccc4c4ccccc4[n+]3[B-](F)(F)O2)c1N(C)C,1,0.5484,0.678,0.4516,0.322,3.4522,451.0643,57.107,4.3658,0.3955,0.4401,0.2063,-7.3378,1.0773,0.478,0.3785,0.1659,0.2425,0,1,0,462.7812,4.2526,0.258,-6.1472,0.0963,0.0032,0,1,0,0,B0,101
CCCCC(CC)COc1cc(C)cc2c(C(C(=O)O)C(C)CC(C)(C)C)cc(=O)oc12,1,0.6854,0.6901,0.3146,0.3099,3.8949,365.3836,70.0425,4.2274,0.633,0.3572,0.2833,-6.9421,0.8705,0.3376,0.3688,0.0969,0.2143,1,1,1,356.7038,4.0745,0.3316,-6.7008,0.0381,0.0074,1,1,1,1,B0,101
Cc1cc(C(=O)c2ccccc2Cl)cc(C)c1O,1,0.5641,0.303,0.4359,0.697,1.7993,304.941,40.7189,4.1801,0.2707,0.1891,0.1596,-7.572,1.0358,0.5279,0.3889,0.2159,0.2945,0,0,0,294.83,4.1464,0.3132,-7.8327,0.2505,0.0045,1,1,1,1,B0,101
Cc1cc(C=CN(C)C)n2c1C=C1C=CC=[N+]1[B-]2(F)F,1,0.3137,0.8448,0.6863,0.1552,4.5425,518.5386,58.3106,4.4584,0.3017,0.2554,0.2406,-6.8782,1.3793,0.5129,0.3702,0.4702,0.367,0,0,0,543.9454,4.3703,0.3445,-6.1429,0.3905,0.1293,0,1,0,0,B0,101
COC#Cc1cccc(/C=C(\C#N)C(=O)O)c1,1,0.4444,0.4222,0.5556,0.5778,2.8572,325.9909,30.76,4.1561,0.4549,0.1369,0.1523,-7.0727,0.842,0.4837,0.3788,0.183,0.2779,0,1,0,345.6591,4.2355,0.17,-6.3021,0.2872,0.0195,0,1,0,0,B0,101
CC(C)(C)OOc1ccccc1Cc1ccccc1O,1,0.7222,0.525,0.2778,0.475,2.2822,321.4351,37.3137,3.9577,0.3929,0.2656,0.1971,-7.201,1.122,0.3491,0.3111,0.2201,0.3113,1,1,1,294.9355,3.7506,0.3105,-6.4933,0.0411,0.0041,0,1,0,0,B0,101
CCCCc1c(C)ccc(O)c1Cc1cc(CCC)c(O)c(C(C)(C)C)c1,1,0.7385,0.4348,0.2615,0.5652,2.5583,314.1466,52.8539,4.1341,0.3495,0.4014,0.2824,-7.1633,0.9974,0.4329,0.3879,0.3062,0.3675,1,1,1,368.4416,4.2172,0.3656,-7.0534,0.0856,0.0045,1,1,1,1,B0,101
CN(C)c1c(C(C)(C)c2cc(Br)c(O)c(Br)c2)cc(Br)c(O)c1Br,1,0.7692,0.4375,0.2308,0.5625,3.0917,329.1293,74.4651,4.2318,0.455,0.2445,0.1986,-6.7886,1.0192,0.6034,0.3663,0.3573,0.3525,0,0,0,331.508,4.1446,0.1897,-5.8487,0.5613,0.4612,0,0,0,0,B0,101
CCCSc1cc(C(C)(C)C)ccc1O,1,0.7027,0.2581,0.2973,0.7419,2.2487,286.0043,67.9593,3.9035,0.5844,0.2981,0.256,-6.5812,1.8127,0.4022,0.3613,0.4449,0.3538,0,1,0,297.2395,3.3324,0.2138,-6.1529,0.2679,0.579,0,0,0,0,B0,101
CC(C)(C)c1cc(/C2=c3\cc/c4[n]3[Zn][N]3C(C=CC3/C(c3ccc(CCN)cc3)=C3/C=CC(=N3)/N=4)/N=C3/C=CC2=N3)cc(C(C)(C)C)c1,1,0.2208,0.8205,0.7792,0.1795,6.9301,500.2328,108.5694,4.4007,0.288,0.3546,0.2596,-7.2822,1.2195,0.4839,0.4081,0.3912,0.3791,0,1,0,503.1274,4.5038,0.4015,-8.5343,0.1496,0.0132,0,1,0,0,B0,101
CC1(C)c2ccccc2-c2ccc(N(c3ccc(-c4sc(C=C(C#N)C(=O)O)c5c4C4C=CC5CC4)cc3)c3ccc([N+](=O)[O-])cc3)cc21,1,0.087,0.7108,0.913,0.2892,4.8598,495.0241,75.9923,4.3809,0.3253,0.1237,0.1431,-7.3154,1.0396,0.4954,0.3984,0.1178,0.2467,0,1,0,483.721,4.4896,0.0955,-7.2804,0.0514,0.0078,0,1,0,0,B0,101
CC(C)c1c(-c2cccc3ccccc23)c(N)n2ccccc12,1,0.3778,0.7115,0.6222,0.2885,2.3682,341.1194,29.4508,4.1692,0.198,0.2611,0.18,-7.5608,1.0425,0.5216,0.3854,0.265,0.3222,1,0,0,367.4258,4.1867,0.4002,-7.3651,0.2173,0.0068,1,1,1,1,B0,101
COC(=O)c1ccc(N(c2ccccc2)c2ccc(-c3ccncc3)cc2)cc1,1,0.3714,0.5116,0.6286,0.4884,1.9645,371.191,21.1646,4.3916,0.2134,0.3659,0.0939,-7.141,1.0059,0.4613,0.3498,0.1105,0.209,1,1,1,364.4664,4.263,0.3821,-6.2839,0.0468,0.004,1,1,1,1,B0,101
CCCCOc1ccc(O)cc1,1,0.5152,0.3226,0.4848,0.6774,1.441,274.4928,38.6285,3.6787,0.535,0.2743,0.2622,-4.9569,0.8244,0.3684,0.2938,0.2543,0.2904,0,0,0,290.8042,3.6181,0.2432,-5.4244,0.3016,0.0311,0,1,0,0,B0,101
CCCCCCCCc1c(-c2ccc(C(C)(C)C)cc2)c(-c2ccc(C)cc2)[nH]c(=O)c1C#N,1,0.625,0.6842,0.375,0.3158,2.518,402.1152,97.6519,4.3613,0.2319,0.4124,0.2557,-7.1009,0.9983,0.3607,0.3754,0.2429,0.3143,1,1,1,389.7022,4.3252,0.4543,-7.2485,0.0663,0.009,1,1,1,1,B0,101
N#Cc1cccc(CC2CCCC(=O)O2)c1,1,0.7288,0.6,0.2712,0.4,2.7529,312.3758,50.9221,3.9955,0.4273,0.3064,0.2489,-6.5282,1.2481,0.4904,0.3856,0.3597,0.3485,1,1,1,258.6422,3.8593,0.3623,-7.4801,0.4878,0.1543,0,1,0,0,B0,101
COc1ccc(-c2cccc(C(=O)C(C)(C)C)c2O)cc1,1,0.5,0.5366,0.5,0.4634,1.9948,328.2571,30.4427,4.0352,0.3987,0.2192,0.1555,-7.0512,0.9512,0.4098,0.3489,0.1422,0.2277,0,1,0,312.9894,4.1386,0.2327,-6.3441,0.0336,0.0048,0,1,0,0,B0,101
CCCCCCCCCCCOC,1,0.625,0.0,0.375,1.0,1.5875,295.192,150.5286,3.544,0.7431,0.1637,0.1975,-3.6455,0.9244,0.2036,0.2006,0.3551,0.3077,0,0,0,332.9727,3.8363,0.229,-3.1489,0.0277,0.0706,0,0,0,0,B0,101
CN(C)c1ccc2sc(/C=C/C(=C/C=C3\Sc4ccccc4N3C)c3ccc(C(F)(F)F)cc3)[n+](C)c2c1-c1ccccc1,1,0.3151,0.7959,0.6849,0.2041,3.3966,604.943,121.6738,4.9248,0.2913,0.146,0.1112,-6.9202,1.5692,0.5795,0.3742,0.2251,0.2916,0,0,0,634.451,4.9256,0.1085,-6.0833,0.4496,0.0172,0,1,0,0,B0,101
Cc1cc(C(C)(C)c2ccccc2)c(O)c(P(=O)(O)O)c1,1,0.6809,0.3143,0.3191,0.6857,2.6229,282.3429,37.4216,4.095,0.4048,0.2241,0.1987,-7.1943,0.9538,0.551,0.3762,0.2792,0.3162,0,0,0,288.2188,3.9695,0.2045,-7.0252,0.5395,0.0176,0,0,0,0,B0,101
CCCCc1cc(N2CCCCC2)c2cc(OCC(CC)CCCC)c3c(-c4cc(O)c(C(=O)OC)c(O)c4C)cc(C(=O)CCC)c4ccc1c2c43,1,0.4684,0.6914,0.5316,0.3086,3.9338,525.596,114.8644,4.433,0.4227,0.3086,0.254,-7.0955,1.1019,0.328,0.3852,0.07,0.184,0,1,0,522.6128,4.5314,0.4262,-7.0842,0.0457,0.0072,0,1,0,0,B0,101
CCN(c1ccc2c(O)c(N=Nc3ccc(C(=O)O)cc3)c(=O)oc2c1)c1cc(O)cc(O)c1C(=O)OC,1,0.3538,0.6774,0.6462,0.3226,3.1565,402.0751,111.6878,4.7339,0.3285,0.3691,0.2616,-7.1504,1.0668,0.5526,0.3805,0.1177,0.2436,1,0,0,381.4521,4.6709,0.3278,-6.5766,0.0513,0.0051,1,1,1,1,B0,101
CC(=O)N(C)CN1c2ccccc2Cc2ccccc21,1,0.6047,0.6739,0.3953,0.3261,2.3367,358.2287,50.5785,4.0775,0.3009,0.3593,0.1656,-7.4248,1.1853,0.4062,0.3358,0.2135,0.2808,1,1,1,333.9426,4.0716,0.2654,-6.1166,0.1904,0.0087,1,1,1,1,B0,101
COc1cc(OC)cc(C(=O)Nc2ccc(C=Cc3c(F)c(F)c(C=Cc4ccc(N(C)C)cc4)c(F)c3F)cc2)c1,1,0.4667,0.6562,0.5333,0.3438,2.7949,423.7479,40.6293,4.555,0.2034,0.3055,0.1932,-6.6775,0.966,0.504,0.3899,0.1269,0.2535,0,0,0,428.453,4.7804,0.2185,-5.9675,0.1048,0.0046,0,1,0,0,B0,101
CCCCc1ccc(C(=O)c2ccc3c(-c4cccc(F)c4)c4ccc(=[NH2+])cc-4n(C)c3c2)cc1O,1,0.4412,0.7027,0.5588,0.2973,3.0161,507.3893,89.3664,4.7792,0.302,0.4066,0.2274,-7.2719,1.1309,0.4754,0.3741,0.1232,0.2313,0,1,0,491.2964,4.6106,0.3939,-6.0468,0.0582,0.0035,0,1,0,0,B0,101
O=P1(c2cccc(F)c2)C(c2ccccc2O)=Cc2ccccc21,1,0.5306,0.6739,0.4694,0.3261,3.4754,410.3103,71.7151,4.1996,0.1766,0.4139,0.2875,-7.3909,1.1192,0.6513,0.318,0.1883,0.2609,1,0,0,423.1942,4.0559,0.4871,-7.3781,0.2919,0.0058,0,1,0,0,B0,101
CCOC(=O)C1c2ccccc2C(=O)N1c1ccc(OC)c(C(=O)OC)c1,1,0.3333,0.5882,0.6667,0.4118,2.7033,344.2588,39.9546,4.3677,0.6158,0.3882,0.1658,-6.7963,0.6828,0.5319,0.3707,0.1158,0.205,1,0,0,320.5695,4.3558,0.3746,-6.5769,0.1908,0.0059,1,1,1,1,B0,101
CCC(C)(c1cc(C)c(O)c(C)c1)c1c(C#N)c2ccccn2c1N,1,0.5455,0.5745,0.4545,0.4255,3.4668,340.8589,48.2246,3.8659,0.7544,0.2813,0.2271,-7.3556,1.0043,0.5202,0.3769,0.2356,0.3278,1,0,0,350.2579,4.2194,0.2182,-7.2092,0.1135,0.0035,0,1,0,0,B0,101
CN(C)c1ccc(-c2ccc(Cl)cc2Cl)cc1,1,0.5676,0.6765,0.4324,0.3235,1.6669,301.8497,44.2326,4.1827,0.4187,0.1303,0.0944,-6.9893,1.5273,0.6404,0.3099,0.4173,0.3529,0,0,0,334.728,4.345,0.167,-6.0351,0.3804,0.0932,0,1,0,0,B0,101
CCCCCCCCCCCCCCCOC(=O)c1cc(C(C)C)c(O)c(C(C)C)c1,1,0.5897,0.0,0.4103,1.0,2.3605,329.6041,56.9523,4.1507,0.5695,0.2477,0.2142,-6.785,0.7747,0.3239,0.355,0.1543,0.2618,0,1,0,321.1885,3.9546,0.3186,-6.3841,0.0098,0.0035,1,1,1,1,B0,101
CC=C(C)C(=O)OC1=NC(=Cc2ccncc2)C(=O)N1C,1,0.48,0.7037,0.52,0.2963,3.0984,366.9954,34.4576,4.2224,0.3059,0.1281,0.1285,-7.1069,0.901,0.4539,0.3793,0.2421,0.3128,0,1,0,376.316,4.1131,0.0821,-6.3179,0.0631,0.0102,0,1,0,0,B0,101
CCCCc1cc(OC)oc1-c1cccc(-c2oc(-c3cccc(COC)c3)cc2CCCC)c1,1,0.1304,0.6939,0.8696,0.3061,2.9385,353.5094,39.2526,4.4162,0.2362,0.5372,0.2364,-6.8298,0.9293,0.3097,0.3371,0.1674,0.2566,1,1,1,338.9304,4.4289,0.6163,-6.5963,0.0153,0.0102,1,1,1,1,B0,101
CCCCN1CCC(CN2C(=CC=C3CCCC(C=CC4=[N+](Cc5ccc(C)cc5)c5ccccc5C4(C)C)=C3Cl)C(C)(C)c3ccccc32)(c2ccccc2)CC1,1,0.2927,0.7033,0.7073,0.2967,3.7277,767.2412,40.3058,5.3142,0.1493,0.1401,0.1141,-6.956,1.484,0.4604,0.4147,0.2814,0.3417,0,1,0,689.0093,5.1743,0.209,-7.5664,0.3553,0.0352,0,1,0,0,B0,101
COc1ccc(C=Cc2cccc(OC)c2O)cc1,1,0.4706,0.45,0.5294,0.55,1.8367,323.2774,20.1328,4.2807,0.2812,0.0932,0.1559,-6.9518,0.967,0.4604,0.3462,0.1488,0.2512,0,1,0,322.3674,4.2132,0.1308,-6.2083,0.0853,0.0054,0,1,0,0,B0,101
Cc1ccc2nc3c4c(c5cccc(Cl)c5c3nc2c1)OC(=O)CC4c1cc(O)ccc1O,1,0.4559,0.7429,0.5441,0.2571,3.3789,404.0655,55.8916,4.2268,0.4143,0.2779,0.2051,-7.5363,1.0091,0.5131,0.4131,0.2126,0.2933,1,0,0,395.5916,4.1486,0.11,-8.5719,0.2463,0.0084,0,1,0,0,B0,101
CCC/C=C(\C)CCC=C(C)C,1,0.8148,0.3333,0.1852,0.6667,2.5314,239.8054,98.6212,3.9507,0.7227,0.1688,0.1784,-3.8811,0.9996,0.3158,0.2915,0.4696,0.3228,0,0,0,287.6576,4.062,0.1353,-4.6132,0.0537,0.2202,0,0,0,0,B0,101
CCCCC(CC)COc1cc(-c2ccccc2)ccc1OC(=O)NC1CCCNC1C,1,0.6733,0.6026,0.3267,0.3974,3.4563,321.0349,52.275,4.3943,0.4284,0.438,0.3171,-7.1595,0.9108,0.3729,0.378,0.0884,0.2224,1,1,1,311.6407,4.3318,0.47,-6.6837,0.0619,0.0058,1,1,1,1,B0,101
COC(=O)c1cc(OC)c(O)c(-c2cc(-c3ccc(C#N)cc3)nn2C)c1,1,0.5179,0.5849,0.4821,0.4151,2.433,331.3696,45.8194,4.2796,0.2407,0.2623,0.1893,-6.7999,0.7116,0.522,0.4027,0.1751,0.2683,1,0,0,322.4815,4.3212,0.2031,-6.2958,0.1588,0.0155,0,1,0,0,B0,101
Cc1c(C)c2cc3cc4ccccc4cc3n2c2nc3cc4c(F)cccc4cc3cc12,1,0.2143,0.7647,0.7857,0.2353,2.7378,476.5037,68.1197,4.2879,0.2623,0.435,0.2193,-7.3181,1.4035,0.4311,0.3847,0.325,0.3552,0,1,0,421.3538,4.107,0.4182,-7.2854,0.2467,0.0329,0,1,0,0,B0,101
N#C/C(=C\c1ccc2c(c1)Sc1ccccc1N2c1ccc2c(c1)c1ccccc1n2-c1cc(O)ccc1N)C(=O)O,1,0.2917,0.625,0.7083,0.375,2.9816,452.5842,73.9681,4.2243,0.5283,0.2427,0.2143,-7.2329,1.0454,0.5107,0.3955,0.1381,0.2584,0,0,0,445.0589,4.2633,0.148,-7.4703,0.109,0.0049,0,1,0,0,B0,101
CCCCCCCCCOCC,1,0.6471,0.2353,0.3529,0.7647,1.6426,301.7971,157.3265,3.5971,0.6943,0.1813,0.2002,-3.5849,0.8598,0.2014,0.2041,0.3472,0.3191,0,0,0,338.6911,3.8012,0.2217,-3.2011,0.0198,0.0928,0,0,0,0,B0,101
CC[Si](C)(C)c1cccc2cc3ccccc3cc12,1,0.3333,0.6757,0.6667,0.3243,2.4462,337.0848,33.5035,4.132,0.2842,0.3164,0.1934,-7.264,1.4711,0.3836,0.3305,0.3326,0.344,1,1,1,328.7315,4.0572,0.337,-7.5276,0.0564,0.0407,1,1,1,1,B0,101
C#CCN1C(=O)C(=Cc2cc(C(C)(C)C)c(OC)c(OC)c2C(=O)c2cc(OC)c(O)c(OC)c2)N=C1C,1,0.4308,0.6667,0.5692,0.3333,3.2866,459.2575,97.3434,4.3671,0.5265,0.2515,0.2494,-6.9429,1.2324,0.5429,0.3788,0.2393,0.3456,0,0,0,462.6072,4.4716,0.1793,-7.1668,0.1425,0.006,0,1,0,0,B0,101
CC(C)(C)c1c2nc(c(-c3ccc(N)cc3)c3ccc([nH]3)c(-c3ccc(N)cc3)c3nc(c(-c4ccc(N)cc4)c4ccc1[nH]4)C=C3)C=C2,1,0.2353,0.7636,0.7647,0.2364,5.1403,621.5741,95.7986,3.6566,0.4651,0.153,0.154,-7.1433,1.1003,0.449,0.4011,0.2891,0.3326,0,1,0,584.9362,3.8145,0.1588,-7.2645,0.0337,0.0103,0,1,0,0,B0,101
COC(=O)c1cc(-c2ccc(N3CCCCC3)c(OC)c2)c(O)cc1O,1,0.5294,0.5962,0.4706,0.4038,2.1954,342.5105,51.2097,4.2487,0.2882,0.2736,0.2142,-7.1648,0.9374,0.622,0.3413,0.1414,0.2412,1,0,0,353.4897,4.2275,0.356,-6.8896,0.377,0.0105,1,1,1,1,B0,101
CCC(=O)c1cccc(C(=O)c2ccc(-n3c(C)ccc3C)cc2)c1,1,0.6042,0.3514,0.3958,0.6486,2.0694,322.972,34.4831,4.1036,0.3855,0.3698,0.143,-7.3849,1.0094,0.4882,0.3418,0.1841,0.2673,1,1,1,323.7092,4.1425,0.332,-7.2255,0.0393,0.0035,1,1,1,1,B0,101
CC(C)=CCOc1ccc(C(=O)c2ccccc2)c(C)c1,1,0.6087,0.2564,0.3913,0.7436,1.931,369.5577,64.9274,4.0573,0.4435,0.1781,0.1677,-7.2744,1.2102,0.2829,0.3351,0.1348,0.2328,0,1,0,351.2178,3.8359,0.3109,-6.6801,0.0164,0.0032,1,1,1,1,B0,101
C=CC(=O)OCCCN1c2ccccc2Sc2cc(-c3ccc(/C=C(\C#N)C(=O)O)cc3)ccc21,1,0.2769,0.6618,0.7231,0.3382,2.7094,435.2004,49.153,4.3925,0.3172,0.2745,0.2299,-6.9598,1.0756,0.5207,0.4189,0.0786,0.1762,0,0,0,405.3993,4.4961,0.233,-6.0342,0.1365,0.0042,0,1,0,0,B0,101
CC(C)=CCCC(C)CC(=O)O,0,0.7273,0.0,0.2727,1.0,2.7883,417.4791,166.2133,2.8526,0.9639,0.1634,0.2229,-5.1556,0.5844,0.2294,0.2862,0.5262,0.3285,0,0,0,463.4402,2.3311,0.1949,-5.4349,0.0327,0.8654,0,0,0,0,B0,101
CC(C)(C)c1ccc(C(=O)O)cc1,1,0.5238,0.2857,0.4762,0.7143,1.4663,260.8804,17.5211,3.6312,0.6374,0.2501,0.2401,-5.1588,0.6814,0.4518,0.3114,0.4618,0.3563,0,1,0,286.877,3.6817,0.2733,-5.0837,0.0833,0.0518,0,1,0,0,B0,101
Cc1cc(C(=O)C=C(C#N)c2nc3cccc(C#N)c3s2)c(O)c([N+](=O)[O-])c1,1,0.6197,0.5714,0.3803,0.4286,3.0773,386.4764,58.1575,3.9765,0.9465,0.1153,0.14,-7.3146,0.9664,0.6249,0.3854,0.1741,0.2841,0,0,0,388.471,4.0919,0.0961,-7.1357,0.3738,0.0077,0,1,0,0,B0,101
COC=Cc1ccc(N(c2ccc(/C=C/c3ccccc3)cc2)c2ccc(/C=C(\C#N)C(=O)O)cc2)cc1O,1,0.32,0.5085,0.68,0.4915,2.8662,429.4355,30.6149,4.4794,0.1965,0.3439,0.2461,-7.0762,0.986,0.5013,0.3894,0.1193,0.2376,0,0,0,428.7285,4.3107,0.2483,-6.3962,0.0462,0.0063,0,1,0,0,B0,101
CN(C)c1ccc(C(=O)c2ccc(O)cc2O)cc1,0,0.4857,0.0,0.5143,1.0,1.9009,350.7896,37.0999,4.2908,0.3049,0.1357,0.1331,-7.3535,1.1066,0.5931,0.3496,0.1682,0.245,0,0,0,345.9568,4.1484,0.1442,-6.067,0.5235,0.0129,0,0,0,0,B0,101
N#C/C(=C\c1ccc(-c2ccc(-c3ccccc3)c3nc(-c4ccccc4)c(-c4ccccc4)nc23)s1)C(=O)O,1,0.1852,0.7049,0.8148,0.2951,2.6819,427.7083,35.6118,4.4632,0.2688,0.1626,0.1737,-7.1834,1.1137,0.4792,0.3927,0.1776,0.2599,0,1,0,460.1339,4.3785,0.1932,-7.5252,0.0889,0.0077,0,1,0,0,B0,101
COC(=O)c1cccc(-c2ccccc2)c1,1,0.5152,0.2258,0.4848,0.7742,1.322,310.0971,37.3488,4.0834,0.3644,0.2424,0.1425,-6.2535,1.8054,0.4412,0.3531,0.173,0.2398,0,1,0,304.6542,4.0693,0.323,-6.0538,0.1492,0.0122,1,1,1,1,B0,101
CCCCCCCC1=C(c2c(C)sc3ccccc23)C(=O)NC1=O,1,0.3488,0.7059,0.6512,0.2941,2.588,378.647,61.5636,3.9408,0.6128,0.4012,0.3124,-7.1031,1.0165,0.3398,0.3608,0.1995,0.2771,1,1,1,365.2476,4.0497,0.2013,-7.3588,0.1823,0.0086,0,1,0,0,B0,101
CCc1ccc(O)c(O)c1N(C)C,1,0.6562,0.625,0.3438,0.375,2.4448,289.2589,55.644,3.7915,0.524,0.2788,0.2513,-5.5511,0.6923,0.6006,0.3324,0.2981,0.3158,0,0,0,312.9953,3.7216,0.2432,-5.8674,0.3431,0.0422,0,1,0,0,B0,101
C#Cc1ccc(C(C=O)CC)c(OC)c1,1,0.7037,0.6939,0.2963,0.3061,3.2285,303.9727,63.9943,3.6993,0.5183,0.2321,0.1657,-5.9859,1.4301,0.3655,0.3164,0.2859,0.3042,0,1,0,305.275,3.418,0.2487,-5.4068,0.0951,0.0378,0,1,0,0,B0,101
O=c1nc(-c2ccccc2O)c2c(=O)nc(-c3ccccc3)c1=2,1,0.2593,0.6316,0.7407,0.3684,2.6059,398.3762,56.5899,4.2997,0.3559,0.0921,0.0991,-7.3254,1.085,0.6969,0.3064,0.2499,0.2856,0,0,0,375.8714,4.0475,0.1919,-7.5381,0.3743,0.0164,0,1,0,0,B0,101
CCOc1ccc(OCc2cccc(-c3ccccc3)c2)cc1O,1,0.6071,0.5417,0.3929,0.4583,1.7353,315.964,34.9473,4.0844,0.4638,0.3925,0.2758,-7.1373,1.0526,0.418,0.3423,0.1201,0.2089,1,1,1,316.1735,4.0574,0.3073,-6.4773,0.0419,0.0039,1,1,1,1,B0,101
COC(=O)c1ccoc1C=CC(=O)c1nnn(-c2ccnc3cc(Cl)ccc23)c1C,1,0.3235,0.6769,0.6765,0.3231,2.9303,323.9399,69.3643,4.3478,0.4098,0.291,0.2273,-7.0284,0.8819,0.5364,0.3981,0.1398,0.2675,1,0,0,320.8863,4.4986,0.3418,-6.383,0.2598,0.0049,1,1,1,1,B0,101
CCCCC=C(C(=O)OC)C(=O)OC,1,0.7436,0.5882,0.2564,0.4118,2.4788,409.5386,107.1238,3.159,1.0207,0.0717,0.0813,-5.3916,0.6377,0.5363,0.3697,0.2651,0.2665,0,0,0,384.4534,3.2581,0.2026,-5.821,0.3031,0.035,0,1,0,0,B0,101
C=C(C)CC=C(c1cccc(C(F)(F)F)c1)c1cccc(C(F)(F)F)c1,1,0.4889,0.5366,0.5111,0.4634,2.5351,335.9092,48.7069,4.1311,0.621,0.1651,0.1603,-7.2551,1.4659,0.3953,0.3547,0.3365,0.3261,0,1,0,318.0856,4.2687,0.2466,-7.2457,0.0354,0.019,0,1,0,0,B0,101
CCCCOC=C(C#N)C(=O)O,1,0.5769,0.6286,0.4231,0.3714,2.8308,409.3735,106.4616,3.2552,1.0377,0.2494,0.335,-5.2704,0.5899,0.5256,0.3297,0.335,0.3043,0,0,0,389.4951,3.321,0.2916,-5.6065,0.2846,0.0719,0,1,0,0,B0,101
COC(=O)c1cc(O)ccc1NCc1cccc(C)c1,1,0.5962,0.5102,0.4038,0.4898,1.8366,348.656,75.3,3.9813,0.5337,0.2822,0.2425,-7.2,0.8859,0.4536,0.3935,0.1579,0.2472,1,1,1,299.7776,4.0702,0.2655,-6.597,0.329,0.0084,1,1,1,1,B0,101
COc1ccc([C@@H]2O[C@H](CO)[C@@H](O)[C@H]2O)cc1C(C)(C)C,1,0.6471,0.5349,0.3529,0.4651,3.3741,286.7776,62.9418,3.6482,0.6091,0.2234,0.2376,-6.7042,0.5887,0.5709,0.3464,0.3154,0.3488,0,0,0,264.6786,3.6614,0.3244,-6.6098,0.264,0.0146,0,1,0,0,B0,101
CC=C(C)c1c(C#N)cc(O)cc1C(=O)OC,1,0.619,0.5,0.381,0.5,2.8095,328.8121,30.1952,3.9763,0.44,0.1948,0.2074,-7.0538,0.8521,0.5105,0.3649,0.2427,0.2959,0,0,0,313.2728,3.7849,0.2164,-5.8931,0.3742,0.0209,0,1,0,0,B0,101
CNc1cc2nc3cc(Br)c(Br)cc3nc2cc1C(=O)N1CCC2(CCCNC2)C1,1,0.6226,0.5806,0.3774,0.4194,3.8982,378.3217,91.4443,4.5105,0.5601,0.3627,0.2707,-7.1933,0.9082,0.4298,0.4071,0.256,0.3277,1,1,1,435.4762,4.4971,0.37,-7.155,0.1664,0.0105,0,1,0,0,B0,101
c1ccc(-n2nc3ccccc3n2)cc1,0,0.6176,0.6286,0.3824,0.3714,1.6963,312.5714,11.7752,4.0207,0.3844,0.2513,0.1901,-5.2323,0.8713,0.5582,0.3365,0.3568,0.305,1,0,0,316.5128,3.9255,0.3489,-5.2996,0.508,0.0223,1,0,0,0,B0,101
CC(C)(C)c1ccc(/C=c2\o/c(=C\c3ccccc3)c3ccccc23)cc1,0,0.0,0.6486,1.0,0.3514,2.5626,359.8517,10.8495,4.3927,0.2561,0.1514,0.1697,-7.2739,1.4994,0.3954,0.343,0.3089,0.3401,0,1,0,364.6553,4.3202,0.1094,-7.4615,0.0523,0.0347,0,1,0,0,B0,101
CC(C)(C)NC(=O)OC(C)(C)C,1,0.5938,0.5806,0.4062,0.4194,1.9676,350.8854,107.7661,2.7641,1.0037,0.2521,0.2465,-5.0104,0.6658,0.3589,0.3193,0.5047,0.3498,0,0,0,367.629,2.6976,0.2225,-4.9059,0.0296,0.5995,0,0,0,0,B0,101
O=C(Oc1ccc(Cl)cc1)c1cccc(O)c1F,1,0.6364,0.2941,0.3636,0.7059,1.8701,314.0782,39.2462,3.7421,0.9054,0.1981,0.1525,-7.3168,1.0088,0.5418,0.3845,0.2121,0.3007,0,0,0,310.86,3.9502,0.2563,-6.3871,0.0728,0.0064,1,1,1,1,B0,101
O=C(O)CCC(=O)c1cccc(O)c1,1,0.4138,0.4286,0.5862,0.5714,1.751,283.5847,33.4972,3.9524,0.3661,0.2065,0.1628,-5.6509,0.5677,0.5612,0.3367,0.3295,0.3138,0,0,0,278.6696,3.8139,0.2973,-5.7719,0.1564,0.0225,0,1,0,0,B0,101
CCc1ccc(C(C)(C)C)cc1,1,0.5,0.4615,0.5,0.5385,1.449,277.5928,52.5123,3.7795,0.6192,0.248,0.1808,-4.0278,1.1157,0.3394,0.2771,0.5964,0.3184,0,0,0,296.258,3.8195,0.2873,-3.2279,0.0731,0.8702,1,0,0,0,B0,101
CCCCCc1ccc(N2CCC(NC)CC2)c(NC(C)=O)c1,1,0.7027,0.4259,0.2973,0.5741,2.1264,311.0492,71.6244,3.614,0.7115,0.4089,0.317,-7.0688,0.7477,0.5076,0.3978,0.1979,0.3033,0,0,0,333.3445,3.9194,0.3127,-7.5853,0.6904,0.0045,1,0,0,0,B0,101
CCCc1ccc(OC)cc1,0,0.5667,0.0,0.4333,1.0,1.2216,290.9261,47.5173,3.4907,0.4605,0.2899,0.2256,-4.3458,0.9243,0.4523,0.3172,0.4547,0.312,0,0,0,282.9335,3.5996,0.2678,-3.1032,0.0758,0.7213,0,0,0,0,B0,101
[2H]C([2H])([2H])N1CCCCC1[Si](C)(C)c1cccc2ccc(OC)cc12,1,0.6731,0.6735,0.3269,0.3265,4.1008,323.0783,52.5976,3.9692,0.6256,0.1918,0.2209,-7.2421,1.1937,0.4658,0.3833,0.2938,0.3197,0,1,0,304.834,4.0216,0.3334,-7.067,0.6772,0.0429,1,0,0,0,B0,101
N#Cc1c(-c2ccc(C(F)(F)F)c3ccccc23)c(N)n2ccccc12,1,0.3404,0.7547,0.6596,0.2453,2.6606,362.1565,45.1662,4.1468,0.2921,0.2357,0.1913,-7.354,1.0845,0.6993,0.3437,0.2333,0.2969,0,0,0,378.856,4.0454,0.2948,-7.2047,0.4148,0.0088,1,1,1,1,B0,101
CCCCCCCc1cc(CC)cc(Cc2c(O)c(C(C)(C)C)cc(CC)c2OCC(CC)CCCC)c1O,1,0.6701,0.5738,0.3299,0.4262,3.46,369.1441,109.3994,4.3447,0.4005,0.3886,0.2443,-6.7848,0.9559,0.3685,0.3585,0.119,0.2615,1,1,1,380.4136,4.1902,0.3679,-6.4085,0.016,0.005,1,1,1,1,B0,101
C=CC(C)(O)CC/C=C(\C)CC#CC#Cc1ccc2ccc3cccc4ccc1c2c34,1,0.5556,0.6038,0.4444,0.3962,3.7219,387.6769,54.8073,4.233,0.5562,0.2045,0.1884,-7.2408,1.466,0.3179,0.3986,0.2506,0.3146,0,1,0,389.5096,4.4241,0.2711,-7.2839,0.022,0.0095,1,1,1,1,B0,101
CCCCCN=Nc1c(N)nn2c(N)c(N=Nc3cc(C(F)(F)F)ccc3[N+](=O)[O-])c(N)nc12,1,0.5263,0.7412,0.4737,0.2588,3.6181,415.9963,55.8817,4.1697,0.5448,0.3608,0.2901,-7.0968,1.0098,0.5861,0.4026,0.1591,0.2476,1,0,0,451.4322,4.2573,0.223,-7.0324,0.1479,0.0096,0,1,0,0,B0,101
CC(C)(C)c1cc(-c2ccc(-c3cc4ccccc4oc3=O)cc2)cc(C(C)(C)C)c1O,1,0.3333,0.4878,0.6667,0.5122,2.3513,379.9864,57.702,4.5196,0.3721,0.243,0.1536,-7.2963,1.0047,0.4506,0.3598,0.2215,0.3004,0,1,0,351.3236,4.5538,0.3645,-8.4974,0.1016,0.0045,1,1,1,1,B0,101
COc1ccc(-c2ccccc2OC(=O)c2ccccc2C(=O)c2nc(Cl)nc(Cl)n2)cc1,1,0.6042,0.58,0.3958,0.42,2.4073,341.3255,43.486,4.2362,0.5565,0.3055,0.1669,-7.0028,0.8916,0.5234,0.3964,0.1522,0.2536,1,0,0,345.3781,4.0625,0.0377,-6.3872,0.0414,0.0052,0,1,0,0,B0,101
CCc1nccnc1C(=O)c1cc(C(C)(C)C)c(O)c(C(C)(C)C)c1,1,0.6078,0.5,0.3922,0.5,2.6628,319.4651,37.296,4.0178,0.4265,0.3667,0.2468,-7.2481,0.9382,0.5261,0.3655,0.2739,0.3415,1,0,0,317.3541,4.0182,0.2161,-6.8979,0.1627,0.006,0,1,0,0,B0,101
CC(C)(C)c1cccc(C(=O)Nc2ccccc2)c1,1,0.5455,0.4359,0.4545,0.5641,1.4617,312.8369,40.9537,4.2304,0.224,0.2296,0.1806,-7.6685,0.9942,0.5159,0.3679,0.2765,0.3334,0,0,0,304.2448,4.1388,0.2261,-7.5074,0.3048,0.0038,0,1,0,0,B0,101
CCCCCCC(=O)OCC,0,0.6087,0.0,0.3913,1.0,1.525,415.3914,142.6495,3.0705,1.0366,0.2414,0.2419,-4.3403,0.8509,0.1331,0.1614,0.2832,0.31,0,0,0,343.3875,3.1422,0.1961,-3.8214,0.0172,0.1133,0,0,0,0,B0,101
CC(=O)c1ccc(N(c2ccccc2)c2cccc3ccccc23)cc1,1,0.4902,0.5405,0.5098,0.4595,1.8454,370.8896,33.3317,4.3302,0.329,0.3661,0.1071,-7.6112,1.1876,0.4205,0.3385,0.1528,0.2396,1,1,1,380.2785,4.1675,0.3179,-7.619,0.0968,0.0071,1,1,1,1,B0,101
CC(=O)Oc1ccc(/C=[N+]2/N=C3C=CC(Br)=CN3[B-]2(F)F)cc1C(F)(F)F,1,0.5147,0.7121,0.4853,0.2879,3.9925,457.8012,63.5232,4.5555,0.3456,0.2007,0.1875,-6.9615,0.8677,0.3971,0.3815,0.1654,0.2787,0,1,0,466.6432,4.5359,-0.0,-6.2931,0.045,0.0052,0,1,0,0,B0,101
CCCCCCc1ccccc1,1,0.5172,0.1905,0.4828,0.8095,1.2095,271.5325,47.3449,3.9505,0.5187,0.2295,0.2252,-3.7557,1.0418,0.2591,0.2522,0.4707,0.309,0,0,0,273.134,3.8447,0.2264,-3.0738,0.0784,0.8354,0,0,0,0,B0,101
N#C/C(=C\C1=C2SC(c3ccccc3)=CC(c3ccccc3F)=C2CCC1)C(=O)O,1,0.1852,0.7206,0.8148,0.2794,3.0579,523.7172,68.0676,4.3701,0.3059,0.1167,0.0968,-7.476,1.012,0.556,0.3979,0.1398,0.2361,0,0,0,505.4556,4.1304,0.1008,-7.4138,0.4325,0.0066,0,1,0,0,B0,101
O=C(c1ccc(OCCN2CCOCC2)cc1O)c1ccccc1F,1,0.6429,0.4615,0.3571,0.5385,2.0625,305.0744,35.0721,3.9688,0.3102,0.2829,0.2455,-7.1881,0.9019,0.5871,0.3583,0.1273,0.2295,1,0,0,319.0542,3.881,0.2729,-6.5861,0.5017,0.0092,1,0,0,0,B0,101
COC(=O)c1ccc(OC)c(C#N)c1,1,0.5143,0.3235,0.4857,0.6765,1.7925,309.7492,29.8654,3.9427,0.3652,0.3016,0.1826,-5.3491,0.6377,0.5782,0.3443,0.2031,0.2761,1,0,0,302.6878,4.0065,0.2787,-5.2441,0.7303,0.0114,1,0,0,0,B0,101
CN(C)c1cc(-c2nc(=O)c3c(-c4ccccc4)nc(=O)c2=3)ccc1C(=O)c1ccc(O)cc1O,1,0.5652,0.5625,0.4348,0.4375,2.9698,411.6819,76.1671,4.2628,0.4281,0.2073,0.1857,-7.273,1.0509,0.6206,0.3617,0.1766,0.2701,0,0,0,394.6738,4.1226,0.1083,-6.084,0.221,0.0176,0,1,0,0,B0,101
CCCCCCc1cc(-c2ccc3c4c(cccc24)-c2ccccc2-3)sc1-c1ccc(-c2sc(/C=C(\C#N)C(=O)O)cc2C(=O)OC)s1,1,0.1408,0.686,0.8592,0.314,3.3642,478.1078,50.4629,4.4483,0.2461,0.2437,0.2084,-6.8585,1.0156,0.406,0.3769,0.0627,0.1324,0,1,0,504.618,4.482,0.1553,-6.6119,0.032,0.0034,0,1,0,0,B0,101
CCOCOc1cc(OCOCC)c(N(C)C)c(O)c1C(=O)C=CC(=O)O,1,0.7463,0.5738,0.2537,0.4262,3.08,359.1889,87.6781,4.0301,0.4491,0.2244,0.1801,-6.7886,0.8305,0.5881,0.3748,0.2092,0.2993,0,0,0,364.8248,4.0191,0.2134,-6.0384,0.2937,0.0209,0,1,0,0,B0,101
N[C@@H]1[C@@H](O)[C@@H](O[C@@H]2[C@@H](O)[C@H](ON(c3ccccc3)c3ccccc3)[C@@H](N)C[C@H]2N)O[C@H](CO)[C@H]1O,1,0.7353,0.4151,0.2647,0.5849,4.6835,346.9538,101.2962,4.5211,0.5448,0.2624,0.2367,-7.1804,0.9065,0.6748,0.3268,0.2371,0.2945,1,0,0,358.3435,4.3571,0.3533,-6.9685,0.1789,0.0265,1,1,1,1,B0,101
CCOC(=O)c1cc(C(=O)C(=O)c2ccc(O)cc2)c2ccc(N=S=O)cc(C(C)(C)C)c1-2,1,0.4615,0.5741,0.5385,0.4259,3.0318,389.5648,98.2815,4.3675,0.3642,0.262,0.2017,-7.2377,0.9511,0.4788,0.3703,0.1416,0.2765,1,1,1,404.9449,4.2947,0.3222,-6.6491,0.1994,0.0035,1,1,1,1,B0,101
Cc1ccc(C(=O)c2cc([N+](=O)[O-])c(O)cc2O)cc1,1,0.6,0.3902,0.4,0.6098,2.0588,340.8544,29.9873,4.1358,0.3823,0.1447,0.1591,-7.3727,0.9751,0.6109,0.3739,0.1634,0.2532,0,0,0,335.9439,4.1541,0.1789,-7.1413,0.2785,0.016,0,1,0,0,B0,101
CCCCCCCCCCCCC=Cc1cc(C)c2n1[B-](F)(F)[N+]1=C(C)C=C(C)C1=C2c1ccccc1,1,0.3115,0.7397,0.6885,0.2603,3.4065,562.8434,52.8948,4.8857,0.1729,0.5225,0.2752,-6.8872,1.5709,0.338,0.3698,0.2399,0.2988,0,1,0,566.9427,4.8769,0.5689,-7.382,0.0986,0.0274,0,1,0,0,B0,101
CC(=O)OC1C(C)COCC1CCC=Cc1c(F)cccc1Cl,1,0.7468,0.5283,0.2532,0.4717,3.7462,310.1159,54.305,3.8962,0.5898,0.1151,0.1259,-7.5261,0.8169,0.3903,0.3976,0.1559,0.2508,0,1,0,304.1946,3.6653,0.3045,-7.1562,0.0225,0.0057,0,1,0,0,B0,101
CC(C)(C)c1c2ccc(=[NH2+])cc-2sc2cc(N)ccc12,1,0.3913,0.7561,0.6087,0.2439,3.3486,339.5723,68.6162,4.0964,0.4797,0.2911,0.2331,-7.1222,0.9618,0.6898,0.3231,0.3655,0.3639,1,0,0,397.8142,4.1249,0.2428,-6.0353,0.9022,0.0173,0,0,0,0,B0,101
CCc1ccc(C(=O)c2ccccc2)cc1,1,0.4375,0.3478,0.5625,0.6522,1.3187,325.0251,54.441,4.0708,0.3822,0.2441,0.1755,-6.3886,2.0931,0.4244,0.305,0.253,0.3131,0,1,0,309.9267,3.9632,0.2522,-6.9947,0.2849,0.0286,1,1,1,1,B0,101
O=C(c1ccccc1)S(=O)(=O)[O-],1,0.5862,0.5,0.4138,0.5,2.4633,307.5974,72.7466,3.635,0.6338,0.1605,0.1354,-5.6885,0.4226,0.7137,0.3028,0.4147,0.3411,0,0,0,288.7844,3.6277,0.2046,-6.0577,0.3928,0.1239,0,1,0,0,B0,101
COSC(=O)c1ccccc1O,1,0.5,0.5,0.5,0.5,2.6079,281.6552,36.6527,3.8003,0.4135,0.1783,0.1448,-5.4337,0.6916,0.4452,0.3395,0.2535,0.3072,0,1,0,281.6492,3.6694,0.2107,-6.113,0.249,0.1052,0,1,0,0,B0,101
COc1ccc(-c2cc(C)c(C)cc2C)cc1,1,0.5161,0.48,0.4839,0.52,1.5567,304.3747,35.836,4.1994,0.3296,0.2844,0.1691,-6.7918,1.3109,0.4081,0.3336,0.3223,0.3382,1,1,1,293.6179,4.1809,0.3259,-6.1926,0.0524,0.0981,1,1,1,1,B0,101
Cc1cc(-c2cccc(NN)c2)cc(-c2ccc(C(C)(C)C)cc2)c1O,1,0.6731,0.5682,0.3269,0.4318,2.2043,346.5552,56.7663,4.2078,0.3691,0.2023,0.1407,-7.3004,0.9893,0.5332,0.3935,0.2599,0.3271,0,0,0,353.9631,4.1685,0.2725,-7.2015,0.1181,0.0036,1,1,1,1,B0,101
CCOc1cc2c(cc1C=CC=CC(=O)O)c1ccccc1n2CC,1,0.3621,0.5781,0.6379,0.4219,2.4728,374.3198,47.4991,4.3712,0.3783,0.1306,0.1429,-7.1926,1.0131,0.4271,0.3747,0.1531,0.2721,0,1,0,360.1727,4.4365,0.2731,-6.6363,0.0305,0.0036,1,1,1,1,B0,101
COc1cc2[nH]c1C=c1[nH]c(cc1C)=Cc1ccc([nH]1)C=C1CCC(=C2)N1,1,0.5682,0.7719,0.4318,0.2281,6.1234,366.4686,73.1643,4.184,0.5722,0.2603,0.1733,-6.7986,0.7914,0.559,0.3821,0.2871,0.3161,1,0,0,383.7139,4.1859,0.1991,-7.5121,0.2823,0.0292,0,1,0,0,B0,101
Clc1nc(Cl)nc(Nc2ccccc2)n1,1,0.5152,0.619,0.4848,0.381,1.9304,290.9892,39.3673,4.0228,0.3845,0.1485,0.1271,-6.7776,1.4677,0.7429,0.2845,0.3037,0.3086,0,0,0,297.7771,3.9676,0.1692,-7.1154,0.622,0.0574,0,0,0,0,B0,101
CCCCN(CC)c1ccc(C(=O)c2ccccc2C(=O)O)c(O)c1,1,0.625,0.0909,0.375,0.9091,2.1462,380.1839,50.2545,4.2976,0.4271,0.426,0.2422,-7.2727,1.0235,0.571,0.3593,0.1165,0.2122,1,0,0,386.675,4.1125,0.2716,-7.5125,0.2802,0.0048,1,1,1,1,B0,101
O=C(C=Cc1ccc(O)c(O)c1)OCCCc1ccco1,1,0.5862,0.375,0.4138,0.625,2.2877,358.7544,43.9141,4.0722,0.413,0.1922,0.1784,-7.1426,0.925,0.4337,0.4061,0.2062,0.3036,0,1,0,343.9529,4.181,0.2503,-6.6217,0.0846,0.0083,1,1,1,1,B0,101
CCCCCCOC(=O)OC(C)C,1,0.7222,0.3077,0.2778,0.6923,1.9446,431.9407,163.2052,2.9631,1.0356,0.1563,0.2059,-4.4747,1.1495,0.1204,0.188,0.2462,0.243,0,0,0,418.4862,2.896,0.1199,-5.2688,0.0157,0.0122,0,1,0,0,B0,101
CC(C)(C)c1ccc(CCO)cc1,1,0.5652,0.4444,0.4348,0.5556,1.6471,253.1873,16.7002,3.4936,0.59,0.3035,0.2591,-4.6462,0.8838,0.3288,0.3041,0.5894,0.3093,0,0,0,254.712,3.4987,0.2614,-3.4531,0.1022,0.8854,0,0,0,0,B0,101
CNC(=O)CN1CCCCC1,1,0.7636,0.4706,0.2364,0.5294,1.7132,439.7173,102.5513,3.0911,0.9551,0.2511,0.1949,-5.8589,0.6107,0.633,0.3513,0.5641,0.3237,0,0,0,385.2934,2.9822,0.299,-6.1625,0.4449,0.7823,0,0,0,0,B0,101
COc1cc(C=Cc2ccncc2)c(OC)cc1C=O,0,0.0,0.6053,1.0,0.3947,2.2744,349.9103,18.5768,4.3757,0.1941,0.1662,0.118,-6.8436,0.8496,0.5495,0.3375,0.2343,0.2868,0,0,0,351.741,4.2875,0.2225,-6.3107,0.1396,0.0233,0,1,0,0,B0,101
COC(=O)C(=Cc1ccccc1)Cc1ccc(/C=C/c2ccc3cc(N(c4ccccc4)c4cccc(N(C)C)c4)ccc3c2)cc1,1,0.5077,0.5902,0.4923,0.4098,2.8337,406.6661,39.8638,4.4909,0.4037,0.3651,0.2444,-6.9015,1.1408,0.359,0.368,0.1043,0.1944,1,1,1,413.9134,4.4884,0.3426,-6.0732,0.0361,0.003,1,1,1,1,B0,101
COc1ccc(-c2cc(C)c(C3=C(c4sc(-c5ccc(C(=O)c6ccccc6)cc5)cc4C)C(F)(F)C(F)(F)C3(F)F)s2)cc1,1,0.2667,0.4565,0.7333,0.5435,3.2469,363.211,39.3407,4.4759,0.2207,0.3783,0.1635,-6.9534,1.1816,0.4498,0.3641,0.1219,0.1926,1,1,1,349.4268,4.2586,0.293,-6.4461,0.0674,0.003,1,1,1,1,B0,101
CC(C)(C)OC(=O)c1cccs1,1,0.5652,0.5,0.4348,0.5,1.9922,275.8908,44.3057,3.6233,0.6594,0.1211,0.1301,-4.9575,0.6596,0.3305,0.3248,0.3038,0.3437,0,0,0,279.167,3.6919,0.0225,-4.8189,0.0691,0.8065,0,0,0,0,B0,101
CCc1ccc2nc(-c3ccc(-c4nc5ccc([N+](=O)[O-])cc5o4)cn3)oc2c1,1,0.1915,0.6892,0.8085,0.3108,2.5183,334.7191,45.148,4.2994,0.3227,0.2179,0.2191,-7.2812,0.9803,0.583,0.3786,0.183,0.2943,0,0,0,342.051,4.3383,0.2675,-6.9238,0.0875,0.0173,1,1,1,1,B0,101
O=C(C=Cc1cc2ccc(-c3cn(Cc4ccccc4)nn3)cc2oc1=O)N1CCCC2(CCCNC2)C1,1,0.3976,0.6867,0.6024,0.3133,3.8672,418.9041,116.5009,4.3516,0.2321,0.3687,0.2378,-7.2407,1.0299,0.4778,0.4207,0.1779,0.2743,1,1,1,385.8009,4.4707,0.273,-7.5185,0.1367,0.0083,1,1,1,1,B0,101
COc1ccccc1CC(=O)CCN(c1ccccc1)c1ccc(C=C2C(=O)NC(=O)NC2=O)cc1,1,0.4407,0.6923,0.5593,0.3077,2.634,450.0143,73.9104,4.3609,0.4208,0.183,0.1823,-6.9172,0.8411,0.4169,0.3887,0.1261,0.2364,0,1,0,413.8764,4.5259,0.1328,-6.6288,0.0195,0.006,0,1,0,0,B0,101
CNC(=O)C(=O)c1ccccc1,1,0.6071,0.5,0.3929,0.5,1.7806,288.2321,40.0465,3.7688,0.5856,0.2183,0.1715,-5.6971,0.4519,0.6808,0.3311,0.3462,0.3108,0,0,0,284.3274,3.4409,0.2273,-5.5639,0.665,0.0377,0,0,0,0,B0,101
CC1(C)COC(c2cc(-c3ccccc3)c(O)c(C(C)(C)C)c2)OC1,1,0.6885,0.2927,0.3115,0.7073,2.615,367.1998,93.6113,3.9617,0.7679,0.3862,0.2655,-7.2623,0.9339,0.4881,0.3516,0.2439,0.3362,1,1,1,340.5139,4.0323,0.2989,-7.2491,0.356,0.0072,1,1,1,1,B0,101
CC(C)CC(=O)ON(/N=C/c1sc(/C=C(\C#N)C(=O)O)c2c1OCCO2)c1ccccc1,1,0.3226,0.6892,0.6774,0.3108,3.5336,459.5101,63.5934,4.3483,0.3517,0.1486,0.1559,-7.1142,0.8783,0.4481,0.3829,0.0885,0.1766,0,1,0,436.4098,4.3106,0.1335,-6.6943,0.023,0.0075,0,1,0,0,B0,101
C#CCOC(=O)c1ccc(Cl)cc1,1,0.5882,0.5676,0.4118,0.4324,1.8951,290.3702,43.0621,3.8332,0.4022,0.1075,0.1128,-4.9554,0.6726,0.5664,0.3907,0.2592,0.3265,0,0,0,276.351,3.601,0.269,-4.9357,0.5057,0.0125,0,0,0,0,B0,101
COc1ccc(C#N)c(C(C)=O)c1O,1,0.6176,0.5556,0.3824,0.4444,2.3135,304.3897,20.8064,3.9111,0.3928,0.1569,0.1126,-5.4139,0.6104,0.5671,0.3561,0.2237,0.2747,0,0,0,301.0987,3.9376,0.1404,-5.6296,0.5867,0.0147,0,0,0,0,B0,101
CC1(C)CC(NC(=O)C=Cc2c(O)cc(N3c4ccccc4C4CC43)cc2O)CC(C)(C)N1,1,0.6265,0.5636,0.3735,0.4364,3.8559,372.2373,72.8057,4.1772,0.4142,0.2072,0.1744,-7.4506,0.8525,0.5712,0.3961,0.2172,0.3166,0,0,0,396.051,4.3078,0.1683,-7.5376,0.1182,0.0087,0,1,0,0,B0,101
CC(=O)c1cccc2cc3ccccc3cc12,1,0.5455,0.3214,0.4545,0.6786,1.7354,342.7176,34.9593,3.923,0.6181,0.2415,0.1538,-7.1292,1.8142,0.3233,0.3261,0.2528,0.3169,0,1,0,352.9588,3.8539,0.1835,-7.37,0.1784,0.0247,0,1,0,0,B0,101
COC(=O)c1cc(/C=C(\C#N)C(=O)O)sc1C(C#N)=CS(=O)(=O)[O-],1,0.6111,0.65,0.3889,0.35,3.5971,409.1346,69.2305,3.9797,0.9014,0.2891,0.3025,-6.9351,0.7261,0.6789,0.3508,0.2982,0.332,1,0,0,392.0234,3.9346,0.2745,-6.507,0.5664,0.0136,1,0,0,0,B0,101
O=C(CS)N(c1ccccc1)c1ccccc1,1,0.6154,0.6129,0.3846,0.3871,1.9921,305.2706,62.5441,4.1241,0.4017,0.2592,0.2194,-7.3717,1.2488,0.5569,0.3298,0.2682,0.3058,1,0,0,292.0952,4.1039,0.3296,-7.1737,0.8302,0.0536,1,0,0,0,B0,101
CC(=O)Oc1ccc(N2c3c(sc4ccccc34)Sc3sc4ccccc4c32)cc1,1,0.3023,0.6279,0.6977,0.3721,2.8191,347.297,27.2414,4.2763,0.2474,0.3684,0.1923,-7.3894,1.0239,0.388,0.3669,0.1245,0.2098,1,1,1,363.5052,4.1672,0.3002,-7.258,0.0195,0.004,1,1,1,1,B0,101
CCOC(=O)c1ccc(NC(=O)C2=CC(=CC=CC=C3C(=O)c4ccccc4C3=O)C=C(c3ccccc3)O2)cc1,1,0.4576,0.625,0.5424,0.375,2.9746,478.5497,119.1166,4.3565,0.2547,0.1753,0.1501,-6.8768,0.9824,0.4097,0.4037,0.088,0.2205,0,1,0,467.9962,4.4753,0.0508,-6.599,0.1041,0.005,0,1,0,0,B0,101
CCN(c1ccccc1)c1ccc(-c2ccc(-c3ccncn3)s2)cc1,1,0.2195,0.6833,0.7805,0.3167,2.3299,371.9377,24.3396,4.3675,0.1882,0.3588,0.122,-7.5089,1.0772,0.4789,0.3636,0.237,0.3102,1,1,1,372.0045,4.2816,0.348,-7.5552,0.1169,0.0066,1,1,1,1,B0,101
COc1ccc(C(=O)OC=Cc2ccc(-c3ncc(C)cc3C)nc2)cc1,1,0.5094,0.6226,0.4906,0.3774,2.4851,373.4198,55.4542,4.4125,0.5332,0.281,0.2536,-6.9002,0.8172,0.4933,0.3654,0.1219,0.2261,1,1,1,359.6678,4.3604,0.36,-6.6031,0.0566,0.005,1,1,1,1,B0,101
CC1(C)CC(=O)c2cc3cc4cc(C(=O)c5cc(NC(=O)c6cc(-c7ccc(C(C)(C)C)cc7)cs6)ccc5O)ccc4nc3nc2C1,1,0.5802,0.7079,0.4198,0.2921,3.1453,399.2303,81.3279,4.6345,0.4254,0.2234,0.1898,-7.1991,1.0293,0.4397,0.4127,0.1694,0.2948,0,1,0,422.008,4.6076,0.2134,-7.3662,0.1457,0.0071,0,1,0,0,B0,101
CC(C)(C)C1=CC(=Cc2sc(C=C(C#N)C(=O)O)nc2O)C=C(C(C)(C)C)O1,1,0.3455,0.6935,0.6545,0.3065,3.7891,530.8242,58.3863,4.2019,0.4206,0.1049,0.1494,-7.1824,0.9928,0.4996,0.3829,0.2905,0.3572,0,1,0,488.6403,3.9915,0.1117,-6.9863,0.039,0.011,0,1,0,0,B0,101
COc1ccc(-c2cccc3[nH]c4ccc(-c5nc6ccccc6s5)cc4c23)cc1,1,0.4912,0.7015,0.5088,0.2985,2.1691,372.1613,32.5965,4.2533,0.5127,0.2215,0.1614,-6.8731,0.9551,0.4508,0.3647,0.1739,0.2643,0,1,0,368.8022,4.3166,0.2491,-6.2212,0.0431,0.0107,0,1,0,0,B0,101
COC(=O)c1nc(-c2ccc(-c3cccs3)s2)[nH]c1-c1ccccc1,1,0.3673,0.6842,0.6327,0.3158,2.531,350.0854,32.4661,4.1842,0.4199,0.2456,0.1541,-7.1398,0.9735,0.4597,0.3853,0.1192,0.1965,0,1,0,366.391,4.0584,0.2196,-6.3826,0.0498,0.0046,0,1,0,0,B0,101
COC(=O)c1c(C)cc(O)cc1OC,0,0.6393,0.0,0.3607,1.0,1.9841,289.2346,20.9022,4.0172,0.4013,0.2095,0.1753,-5.4161,0.6119,0.6146,0.3659,0.3092,0.3229,0,0,0,286.2037,3.9643,0.166,-5.6754,0.3929,0.0135,0,1,0,0,B0,101
CCCCC(CC)COc1ccc(C(=O)CC)cc1,1,0.589,0.4667,0.411,0.5333,2.3657,291.776,50.8349,3.646,0.6712,0.2143,0.2338,-7.0713,1.0358,0.316,0.3198,0.1008,0.2084,0,1,0,298.3679,3.6176,0.253,-6.7919,0.0275,0.0047,0,1,0,0,B0,101
CCCCC(CC)COc1cccc2c3ccc(C(C)(C)C)cc3n[n+](-c3nc4ncccc4cc3C(=O)c3ccc(O)cc3)c12,1,0.7126,0.6386,0.2874,0.3614,3.8142,440.7312,81.9369,4.5782,0.3572,0.3612,0.2682,-6.9173,0.9566,0.3432,0.3804,0.0735,0.1763,0,1,0,460.6374,4.4822,0.3746,-6.5904,0.0837,0.0049,0,1,0,0,B0,101
CCCCCCN1c2ccccc2Sc2cc(-c3ccc(-c4ccc(C=O)cc4)cc3)ccc21,1,0.2982,0.6038,0.7018,0.3962,2.3151,388.2483,45.4136,4.4108,0.3552,0.3783,0.2176,-7.2169,1.3691,0.4372,0.3681,0.1533,0.2446,1,1,1,370.1825,4.4613,0.3985,-6.1358,0.0781,0.0116,1,1,1,1,B0,101
O=C(Oc1nc2ccccc2s1)c1ccc(O)cc1,1,0.5854,0.5,0.4146,0.5,2.0036,335.7362,47.9497,4.0077,0.3844,0.1912,0.1699,-7.2906,0.9909,0.5752,0.3566,0.1595,0.2376,0,0,0,332.5683,3.8516,0.1298,-6.3919,0.1481,0.0099,0,1,0,0,B0,2024
O=C(O)CN1C(=O)C(=CCCc2ccccc2)SC1=S,1,0.44,0.6341,0.56,0.3659,2.2898,283.0924,32.612,4.0318,0.4016,0.1017,0.123,-7.1535,0.8749,0.5512,0.3771,0.2555,0.2984,0,0,0,331.8313,4.0137,0.1976,-8.6921,0.4706,0.0129,0,1,0,0,B0,2024
CCCCN(C[N+](=O)[O-])c1ccc2c(-c3cccc(CN4CCCCC4)c3)c3ccc(=[NH2+])cc-3oc2c1,1,0.1594,0.7159,0.8406,0.2841,3.2411,534.2079,52.4201,4.4692,0.5453,0.4075,0.2622,-7.3176,1.1864,0.5557,0.3931,0.1851,0.2857,0,0,0,533.7762,4.5778,0.5466,-6.4013,0.1373,0.0133,0,1,0,0,B0,2024
CC(C)(C)c1ccc(-n2c3ccc(C(C)(C)C)cc3c3cc(C(C)(C)C)cc(-c4ccccc4)c32)cc1,1,0.4894,0.5476,0.5106,0.4524,2.4887,343.676,23.3841,4.4007,0.1093,0.4546,0.1543,-7.0972,1.4914,0.4613,0.3691,0.3582,0.3513,1,1,1,331.0622,4.3314,0.499,-7.4032,0.0845,0.0667,1,1,1,1,B0,2024
COc1ccc(N(c2ccc(OC)cc2)c2ccc(C(C)=C(C)c3ccccc3)cc2)cc1,1,0.3103,0.5,0.6897,0.5,2.0698,372.8472,18.5082,4.3301,0.4044,0.3889,0.1065,-7.1112,1.1903,0.3926,0.3392,0.1502,0.2387,1,1,1,385.4224,4.3493,0.3582,-6.3917,0.0351,0.0076,1,1,1,1,B0,2024
O=c1sccc2c(-c3ccccc3)cccc12,1,0.4857,0.6154,0.5143,0.3846,2.0257,322.2745,28.6359,4.2003,0.1707,0.196,0.1448,-7.541,1.5379,0.6169,0.3305,0.2763,0.303,0,0,0,323.1609,4.254,0.2231,-7.8537,0.6058,0.0696,0,0,0,0,B0,2024
Cc1c(Cc2cc(C(C)(C)C)c(O)c(C(C)(C)C)c2C)cc(C(C)(C)C)c(O)c1CN1C(=CC=CC2=[N+](C)c3ccccc3C2(C)C)Oc2cccc(N(C)C)c21,1,0.5647,0.6575,0.4353,0.3425,4.1254,600.5954,89.3991,5.0518,0.2815,0.2459,0.1694,-7.0179,1.0622,0.3925,0.3869,0.2279,0.3483,0,1,0,605.8325,4.9958,0.2369,-6.0897,0.0522,0.0047,0,1,0,0,B0,2024
CC(C)(C)c1cc(-c2ccc(-c3ccco3)cc2)cc(Cl)c1O,1,0.6731,0.525,0.3269,0.475,2.1511,320.4789,30.5312,4.1392,0.3643,0.2315,0.1905,-7.5103,1.0569,0.626,0.3563,0.311,0.3568,0,0,0,298.6841,4.211,0.1506,-7.4795,0.1674,0.0038,0,1,0,0,B0,2024
CCCCCc1cc(O)c(Cl)cc1N,1,0.72,0.55,0.28,0.45,2.1728,275.5694,50.5272,3.824,0.493,0.3064,0.2589,-4.977,1.397,0.5924,0.3656,0.3888,0.3342,0,0,0,296.6933,3.8466,0.2514,-5.0532,0.3043,0.591,1,0,0,0,B0,2024
CCOC(=O)C=Cc1ccc(/C=C/N2c3ccccc3Oc3ccccc32)cc1,1,0.48,0.4146,0.52,0.5854,2.5859,420.048,45.8827,4.4747,0.3365,0.1858,0.1527,-7.1759,0.9975,0.3676,0.3863,0.0784,0.176,0,1,0,427.6316,4.5403,0.267,-6.4802,0.0102,0.0027,0,1,0,0,B0,2024
Cc1ccccc1C1CCNCC1,1,0.64,0.5641,0.36,0.4359,1.9088,278.6384,64.4121,3.6366,0.534,0.2353,0.2135,-5.1233,1.1485,0.3183,0.292,0.5877,0.3174,0,0,0,269.4316,3.6556,0.2521,-3.7871,0.0356,0.99,0,0,0,0,B0,2024
O=C1Cc2c(ccc(-c3ccccc3)c2C(F)(F)F)C2(CCNCC2)N1,1,0.7647,0.5102,0.2353,0.4898,3.3299,366.6771,57.8225,4.2082,0.2633,0.3109,0.2118,-7.311,1.0136,0.4946,0.3861,0.2586,0.3079,1,1,1,377.5166,4.3335,0.2073,-7.1088,0.0672,0.0153,0,1,0,0,B0,2024
COc1cc(-c2ccnc3nc(-c4ccccc4)nn23)c(Br)cc1O,1,0.5,0.65,0.5,0.35,2.4557,336.4137,33.7523,4.0109,0.4346,0.313,0.2328,-6.8731,0.8546,0.5281,0.3465,0.1541,0.2345,1,0,0,331.9458,4.0657,0.2279,-6.2996,0.2176,0.0078,0,1,0,0,B0,2024
CCN(c1ccccc1)c1ccc(-c2cc(-c3ccc(/C=C(/C#N)C(=O)O)s3)c(-c3ccc(C=C(C#N)C(=O)O)s3)s2)c(-c2ccc(OC)cc2)c1,1,0.3571,0.6835,0.6429,0.3165,3.5158,461.5756,34.7867,4.5029,0.2049,0.2071,0.1895,-6.852,0.9104,0.4002,0.3815,0.0545,0.1151,0,1,0,455.1746,4.5425,0.3057,-6.6169,0.0575,0.0049,0,1,0,0,B0,2024
COc1ccc(/N=N/c2ccc(C)[nH]2)[nH]1,1,0.5,0.75,0.5,0.25,3.8962,391.6824,43.884,3.3601,1.2191,0.4547,0.3163,-4.6163,1.1841,0.5198,0.3655,0.3128,0.3227,0,0,0,400.4809,3.5232,0.4629,-4.9698,0.2959,0.0414,0,0,0,0,B0,2024
CN1C(=CC=C2CC(c3ccccc3)(C(C)(C)C)CC(C=CC3=C(C#N)C(=C(C#N)C#N)OC3(C)C)=C2Br)C(C)(C)c2ccccc21,1,0.16,0.7889,0.84,0.2111,4.4391,596.314,154.0381,4.3796,0.4701,0.1442,0.1196,-7.1404,1.0821,0.3875,0.3856,0.1575,0.2768,0,1,0,659.0446,4.5407,0.1645,-7.345,0.0432,0.008,0,1,0,0,B0,2024
C=C[NH+]=CC=CNc1ccc([N+](=O)[O-])cc1,1,0.3333,0.6792,0.6667,0.3208,3.5515,342.4576,32.3534,3.6432,0.8376,0.1451,0.1731,-6.7042,1.143,0.8425,0.2769,0.2702,0.2943,0,0,0,340.9476,3.8203,0.0159,-7.2159,0.8587,0.0833,0,0,0,0,B0,2024
CCc1ccc(C(C)(C)C)cc1N(C)C,1,0.6596,0.5714,0.3404,0.4286,2.0764,293.1852,54.0007,3.6333,0.6787,0.25,0.2338,-5.6195,1.7651,0.396,0.3353,0.4647,0.3491,0,1,0,305.0077,3.6233,0.1239,-5.2383,0.1734,0.7862,0,0,0,0,B0,2024
Cc1cc(C(c2cc(C)c(C(F)(F)F)c(C(C)(C)C)c2O)c2occc2C(F)(F)F)c(O)c(C(C)(C)C)c1,1,0.75,0.4906,0.25,0.5094,3.8956,335.6948,94.855,4.4656,0.4078,0.3906,0.2332,-7.0839,0.9315,0.4472,0.3846,0.3505,0.3731,1,1,1,386.6404,4.393,0.3891,-6.8346,0.0298,0.0093,1,1,1,1,B0,2024
c1ccc2c(-c3c4ccccc4cc4ccccc34)c3ccccc3cc2c1,1,0.4706,0.52,0.5294,0.48,1.5121,369.5994,38.391,4.1775,0.1578,0.3638,0.077,-7.2576,1.4881,0.5067,0.3687,0.3562,0.3344,1,0,0,394.1351,4.1445,0.4001,-7.4725,0.0743,0.0653,1,1,1,1,B0,2024
C=C(C)C(=O)Oc1ccc(/C=C(\C#N)c2ccccc2)cc1,1,0.4375,0.5294,0.5625,0.4706,2.1589,414.8059,103.2454,4.2556,0.4968,0.0986,0.1066,-7.1892,1.0215,0.5023,0.3584,0.1129,0.1967,0,0,0,352.9978,4.3348,0.2083,-6.3601,0.1097,0.0058,0,1,0,0,B0,2024
COc1ccc(N(c2ccccc2)c2cc3ccc4cc(N(c5ccccc5)c5ccc(C=CC=C(C)C)cc5)cc5ccc(c2)c3c45)cc1,1,0.3415,0.56,0.6585,0.44,2.9099,405.5838,41.2076,4.2129,0.5756,0.2514,0.2229,-6.7717,1.3876,0.4779,0.3803,0.1426,0.2337,1,1,1,410.6326,4.4358,0.2327,-6.4324,0.0479,0.0157,0,1,0,0,B0,2024
Cc1ccc(C[N+]2=C(/C=C/C3=C(Cl)C(=CC=CCCOC(=O)C(C)C)CCC3)C(C)(C)c3ccccc32)cc1,1,0.4,0.726,0.6,0.274,3.3188,498.8894,119.6411,4.5363,0.4054,0.2266,0.1977,-7.1683,1.0637,0.3863,0.4117,0.1463,0.2782,0,1,0,572.4888,4.3647,0.1913,-6.8421,0.0956,0.0046,0,1,0,0,B0,2024
CCCCOc1cc(C)c(-c2nc(-c3ccccc3)nc(-c3cccc(C)c3)n2)cc1C,1,0.623,0.5091,0.377,0.4909,2.2488,333.1516,29.4652,4.3397,0.1697,0.4459,0.2027,-6.9211,0.9832,0.3433,0.3536,0.1442,0.2476,1,1,1,363.8174,4.3161,0.4085,-6.5932,0.0278,0.0087,1,1,1,1,B0,2024
O=C(c1ccccc1)c1ccc(C(c2ccccc2)c2ccccc2)cc1O,1,0.6667,0.3824,0.3333,0.6176,1.9165,345.1411,53.194,4.1189,0.5322,0.226,0.138,-7.4013,1.0516,0.455,0.3618,0.1826,0.2628,0,1,0,352.7461,4.1159,0.3253,-6.107,0.0978,0.0067,1,1,1,1,B0,2024
C[C@@H]1O[C@@H](OCC(=O)c2cc(Cl)ccc2O)[C@H](O)[C@H](O)[C@H]1O,1,0.6164,0.551,0.3836,0.449,3.5891,298.9033,85.8066,3.8,0.7242,0.2557,0.2606,-7.1137,0.6491,0.6905,0.342,0.2331,0.2948,1,0,0,265.3849,3.7787,0.1961,-6.7492,0.6574,0.131,0,0,0,0,B0,2024
COC(=O)c1ccc2ccc(O)cc2c1-c1ccccc1N,1,0.5846,0.4048,0.4154,0.5952,2.1119,339.4876,28.4138,3.9977,0.3219,0.211,0.1634,-7.1544,0.8908,0.5905,0.3558,0.095,0.2009,0,0,0,326.0288,3.9048,0.2507,-6.6153,0.2683,0.0042,1,1,1,1,B0,2024
COc1cc2sc3cc(C(C)C)c(F)cc3c(=O)c2cc1F,1,0.2286,0.7255,0.7714,0.2745,2.4918,354.6624,41.9417,3.6704,0.8685,0.3581,0.1936,-6.947,1.1292,0.5141,0.37,0.3068,0.3464,0,0,0,331.4386,3.9198,0.3481,-6.4773,0.1483,0.0106,1,1,1,1,B0,2024
CC(C)=CCC[NH+]=c1cc2oc3cc(NCCO)c4ccccc4c3nc-2cc1C,1,0.2419,0.7875,0.7581,0.2125,3.4722,447.4975,116.1414,4.2404,0.6275,0.1772,0.2076,-7.1918,0.9184,0.4602,0.4043,0.2013,0.2857,0,1,0,500.0744,4.3824,0.253,-7.3441,0.0519,0.0102,0,1,0,0,B0,2024
O=[N+]([O-])c1nc2cc(Cl)ccc2s1,1,0.5918,0.6316,0.4082,0.3684,2.6951,314.5027,30.342,3.8955,0.3596,0.1106,0.1661,-5.2241,0.7606,0.8555,0.2072,0.3334,0.3221,0,0,0,310.2168,3.7222,0.0966,-5.1615,0.7706,0.0644,0,0,0,0,B0,2024
CCNc1ccccc1C(=O)c1ccccc1O,1,0.5897,0.3438,0.4103,0.6562,1.7716,318.2922,44.2266,3.9826,0.439,0.2407,0.1827,-7.5224,0.9655,0.5591,0.3677,0.1533,0.2576,0,0,0,315.1678,4.0239,0.1742,-7.407,0.322,0.0083,0,1,0,0,B0,2024
Brc1ccc(-c2ccccc2C2(c3ccccc3)Oc3ccccc3O2)cc1,1,0.64,0.5455,0.36,0.4545,2.2366,344.5032,17.1389,4.2711,0.3305,0.4089,0.2059,-7.2713,1.5129,0.4906,0.3539,0.2567,0.2929,1,1,1,368.237,4.1908,0.3838,-7.5524,0.1602,0.0172,1,1,1,1,B0,2024
CCC=CC(=O)Oc1ccc(OC)cc1CCCC,1,0.6508,0.5818,0.3492,0.4182,2.1815,313.9359,42.8362,3.8948,0.5288,0.1823,0.1176,-6.9408,0.8197,0.3251,0.3092,0.1167,0.2046,0,1,0,337.2999,3.907,0.3236,-6.6703,0.0784,0.0032,1,1,1,1,B0,2024
CCCCC(CC)CN1C(=O)c2c(-c3ccc(-c4ccc(O)cc4)s3)sc(-c3ccc(-c4cc5c6c(c4)CCCN6CCC5)s3)c2C1=O,1,0.2857,0.6944,0.7143,0.3056,3.8281,537.3217,88.7906,4.4929,0.1968,0.3697,0.2384,-6.8322,1.0011,0.3651,0.3972,0.1275,0.2365,0,1,0,504.709,4.4937,0.3982,-7.0534,0.1792,0.0057,0,1,0,0,B0,2024
CC(=CC(F)(F)F)CCCC(C)C,1,0.7955,0.4667,0.2045,0.5333,2.7766,334.9657,191.8176,3.624,0.8167,0.2863,0.251,-3.9899,1.0604,0.3627,0.3475,0.4649,0.3341,0,0,0,352.1156,3.5817,0.2273,-4.9192,0.3709,0.1319,0,0,0,0,B0,2024
CC(=O)N(C)c1cc(Br)c(O)c(Br)c1,1,0.6842,0.6111,0.3158,0.3889,2.5388,278.4491,36.6293,4.1191,0.4343,0.1779,0.1681,-6.6799,1.2129,0.5417,0.3651,0.4156,0.3354,0,0,0,304.4681,3.8746,0.1498,-5.5689,0.467,0.657,0,0,0,0,B0,2024
CC(C)(C)c1cc(C(C)(C)C)c(F)c(CN2CCCCC2)c1O,1,0.725,0.5,0.275,0.5,2.5906,314.1867,42.3892,3.6575,0.7338,0.2934,0.2583,-7.3765,1.0617,0.5158,0.3832,0.3812,0.3536,0,0,0,298.2139,3.6358,0.326,-7.7953,0.3977,0.0418,0,1,0,0,B0,2024
CCCCC(CC)COc1ccc(-c2c(-c3ccccc3)c(-c3ccccc3)n3c(c2-c2ccccc2)c(C(=O)c2ccccc2)c2cc(OC)ccc23)cc1,1,0.4714,0.5526,0.5286,0.4474,3.4528,378.9157,33.9084,4.477,0.3835,0.3834,0.1823,-6.7537,0.9425,0.3674,0.3843,0.0482,0.1138,1,1,1,374.6432,4.3226,0.3836,-6.4967,0.0389,0.0044,1,1,1,1,B0,2024
CC(C)(C)c1ccc(-c2ccc(Cc3ccc(O)cc3)c(O)c2)cc1,1,0.5938,0.4324,0.4062,0.5676,1.9722,320.3304,31.4198,4.128,0.3535,0.3802,0.2557,-7.4359,1.0525,0.5008,0.3456,0.2435,0.336,1,0,0,312.9885,4.2098,0.3682,-7.2298,0.2444,0.0051,1,1,1,1,B0,2024
CCCC(=O)c1ccc(O)c(/C(C#N)=C/c2ccc(-c3cc4sc(-c5ccc6c(c5)N(c5ccccc5)C5C7CCC(C7)C65)cc4s3)s2)c1,1,0.3452,0.7209,0.6548,0.2791,5.2404,509.8206,54.8929,3.9226,0.7302,0.1536,0.148,-7.3845,1.0349,0.422,0.3935,0.1057,0.2013,0,1,0,499.5876,4.3115,0.1822,-7.3415,0.0478,0.0048,0,1,0,0,B0,2024
CCN(c1ccc2c(C#N)c3c(oc2c1)c(C#N)c(=N)n1c3nc2cccc(C(C)(C)C)c21)C(C)(C)CC(C)(C)C,1,0.4156,0.75,0.5844,0.25,3.7301,430.0094,92.4233,4.297,0.6459,0.4323,0.2942,-7.0748,1.0545,0.5144,0.3879,0.2551,0.3397,0,0,0,448.776,4.25,0.4005,-7.2485,0.436,0.0173,0,1,0,0,B0,2024
CCCN(c1cc(C(C)(C)C)c(O)c(C(C)(C)C)c1)c1cc(C(C)(C)C)c(O)c(C(C)(C)C)c1Cl,1,0.7143,0.3421,0.2857,0.6579,3.134,375.0283,103.775,4.365,0.3807,0.4106,0.2597,-7.1103,0.9364,0.5817,0.3719,0.3069,0.3484,1,0,0,410.369,4.3014,0.4898,-7.1267,0.1732,0.006,1,1,1,1,B0,2024
c1ccc(-c2ccccc2)cc1,0,0.1,0.4375,0.9,0.5625,1.0,273.2734,18.3934,4.1847,0.242,0.2373,0.1549,-4.1003,1.1141,0.5249,0.3334,0.4566,0.3253,0,0,0,283.6671,4.2074,0.2631,-3.6757,0.2932,0.0808,0,0,0,0,B0,2024
Cc1cccc(C(=O)c2cccc(I)c2)c1,1,0.5926,0.3103,0.4074,0.6897,1.7526,284.0615,38.1061,4.0293,0.5771,0.1261,0.1706,-7.0194,1.5608,0.5624,0.3603,0.3011,0.3355,0,0,0,298.0496,3.9327,0.1319,-7.3901,0.4625,0.0342,0,1,0,0,B0,2024
COc1ccc2cccc3c4c(C(=N)O)c(C(=N)O)c(C(=O)O)c5c(C6CCC(C)CC6O)ccc(c1c23)c54,1,0.5397,0.7143,0.4603,0.2857,4.2281,459.1972,74.6906,4.5888,0.2981,0.2712,0.2074,-6.7989,1.0987,0.3962,0.3841,0.1117,0.2054,0,1,0,417.3402,4.5892,0.2477,-6.5875,0.0318,0.0055,0,1,0,0,B0,2024
CNCCC(=O)c1c(C)oc2ccccc12,1,0.6667,0.4884,0.3333,0.5116,2.2092,297.6786,28.0504,3.9444,0.441,0.2767,0.2293,-6.4565,1.2761,0.4418,0.3828,0.1858,0.2634,1,1,1,284.1834,3.9485,0.2413,-7.1668,0.1112,0.0191,0,1,0,0,B0,2024
CNC(C)=Nc1ccccc1C(=O)c1ccccc1,1,0.641,0.3939,0.359,0.6061,2.2723,326.6358,42.6359,3.9506,0.659,0.2155,0.2093,-7.4119,1.009,0.5231,0.3845,0.1957,0.2669,0,0,0,320.7605,4.0157,0.2402,-7.4166,0.4743,0.0085,0,1,0,0,B0,2024
COc1ccc(CNC(C)CCC=C(C)C)cc1,1,0.6471,0.6136,0.3529,0.3864,2.4442,280.1542,54.1795,3.9005,0.458,0.1473,0.1735,-6.8505,0.9947,0.2266,0.3268,0.2238,0.2861,0,1,0,261.9425,3.6805,0.3914,-6.6343,0.0678,0.0132,0,1,0,0,B0,2024
COC(=O)c1c(C(=O)c2ccc(Cl)c(NC(=O)c3cc(Cl)cc(Br)c3O)c2)c2cccnn2c1C(=O)c1ccc(Cl)cc1,1,0.3939,0.4348,0.6061,0.5652,2.8881,466.6324,118.0666,4.3563,0.4373,0.2843,0.2189,-6.9154,0.9629,0.5323,0.4119,0.2208,0.3271,0,0,0,444.7924,4.4515,0.2043,-5.8405,0.2373,0.0063,0,1,0,0,B0,2024
O=C(OCC1CC(c2cccc3ccccc23)=NN1c1ccccc1)c1ccccc1O,1,0.5556,0.5965,0.4444,0.4035,2.81,368.1175,40.619,4.5081,0.5393,0.2549,0.1656,-7.3358,0.9361,0.3936,0.3789,0.1016,0.1877,1,1,1,345.556,4.4373,0.307,-6.6203,0.0244,0.0039,1,1,1,1,B0,2024
Cc1cc(N(C)C)cc(C)c1C=CC=CC(C)(C)C,1,0.475,0.725,0.525,0.275,2.8623,363.6761,41.9471,4.102,0.5941,0.2454,0.2109,-6.7523,1.3168,0.3426,0.3402,0.4489,0.3589,0,1,0,371.3903,4.1483,0.3052,-6.095,0.0427,0.0765,1,1,1,1,B0,2024
CN(C)c1ccc(/C=C/c2cnc(/C=C/c3ccc(CC4(C)CCC(=O)O4)cc3)o2)cc1,1,0.4746,0.6935,0.5254,0.3065,3.4819,453.4107,87.8954,4.4169,0.3949,0.3274,0.2147,-7.2326,1.0918,0.3884,0.3933,0.2541,0.3163,0,1,0,404.5138,4.4621,0.3501,-6.0976,0.0679,0.0126,1,1,1,1,B0,2024
CCCc1ccc(OCCN2CCCCC2)cc1,1,0.6286,0.48,0.3714,0.52,1.6305,289.0577,50.2025,3.8091,0.7067,0.2262,0.2782,-7.1761,1.3222,0.3116,0.322,0.294,0.3082,0,1,0,297.4765,3.8815,0.3151,-7.4937,0.0852,0.1858,1,1,1,1,B0,2024
O=C(c1ccccc1O)C(F)(F)F,1,0.6111,0.4583,0.3889,0.5417,2.0514,299.399,50.9011,3.845,0.3534,0.1846,0.1334,-5.2189,0.4696,0.5836,0.3445,0.3367,0.3304,0,0,0,276.1794,3.7148,0.3259,-5.0624,0.635,0.0135,0,0,0,0,B0,2024
COC(=O)C=CC(=C(c1ccccc1)c1ccccc1)c1ccc(C#N)cc1,1,0.625,0.439,0.375,0.561,2.3155,395.7728,49.5915,4.2835,0.3662,0.1643,0.1616,-7.0806,0.9851,0.5427,0.3767,0.1225,0.211,0,0,0,374.5988,4.306,0.2035,-6.4494,0.1548,0.0051,0,1,0,0,B0,2024
CCCC=CON(CC)CC,1,0.8182,0.6333,0.1818,0.3667,3.5397,409.3504,163.9861,3.4972,0.6873,0.1252,0.1282,-4.3384,0.9189,0.332,0.3374,0.4493,0.3061,0,0,0,427.8112,3.7084,0.1437,-4.4242,0.2032,0.1317,0,0,0,0,B0,2024
CCCCCCCCCCCCCCOC(=O)C=C1N=C(c2ccccc2-c2ccc(C(C)(C)C)cc2)N(C)C1=O,1,0.6027,0.6364,0.3973,0.3636,2.8123,425.9392,78.7643,4.4211,0.2751,0.1774,0.1452,-6.8745,1.078,0.399,0.3805,0.1153,0.2188,0,1,0,402.5875,4.4436,0.267,-6.2856,0.0453,0.0022,1,1,1,1,B0,2024
CC(=O)n1c(/C=C/c2ccc(N(c3ccccc3)c3ccccc3)cc2)ccc1/C=C(\C#N)C(=O)O,1,0.3191,0.5179,0.6809,0.4821,2.8523,431.6054,38.9548,4.504,0.1252,0.373,0.269,-7.4565,1.0162,0.5283,0.367,0.1545,0.262,0,0,0,434.723,4.5763,0.3216,-7.5852,0.0501,0.0063,0,1,0,0,B0,2024
CC(=O)Sc1ccccc1C(=O)c1cc(C=C(C#N)C(=O)O)ccc1O,1,0.5455,0.463,0.4545,0.537,2.6337,392.3503,57.9974,4.2229,0.3543,0.1093,0.1052,-7.3618,0.9484,0.5629,0.3709,0.1395,0.254,0,0,0,358.4602,4.2901,0.1681,-7.206,0.1819,0.0163,0,1,0,0,B0,2024
N#Cc1ccc(C#CCC2(c3ccccc3)CCNCC2)cc1,1,0.6098,0.6296,0.3902,0.3704,2.601,346.6438,59.2499,4.1533,0.5258,0.3142,0.2409,-7.4318,1.0937,0.4676,0.3838,0.2458,0.2937,1,1,1,319.9737,4.3155,0.263,-7.7405,0.206,0.0149,1,1,1,1,B0,2024
CC(C)(C)c1c2ccc(=[NH2+])cc-2oc2cc3n(c12)CCCCCC=C3,1,0.3939,0.7612,0.6061,0.2388,4.1889,491.9722,89.8924,4.2761,0.3404,0.4602,0.2816,-7.4277,1.0422,0.4741,0.3918,0.3784,0.3653,0,1,0,501.5647,4.3036,0.412,-6.5591,0.3752,0.0158,0,1,0,0,B0,2024
N#C/C(=C\c1cc(Br)c(CCCCCc2ccc(O)c(C(=O)c3cccc(O)c3Cl)c2)cc1Br)C(=O)O,1,0.6216,0.5735,0.3784,0.4265,2.9326,426.5372,53.8483,4.4068,0.315,0.1476,0.1564,-7.1138,1.0711,0.5562,0.3948,0.1919,0.3077,0,0,0,415.298,4.3165,0.1318,-7.3855,0.0764,0.0055,0,1,0,0,B0,2024
COc1ccc(-c2ccc3c(c2)c2ccccc2n3OC(=O)C2(O)CC(C)(C)NC(C)(C)C2)cc1,1,0.5932,0.6364,0.4068,0.3636,2.9723,343.5509,58.4928,4.3459,0.3074,0.2706,0.2208,-6.9745,0.827,0.4744,0.3766,0.1455,0.2608,1,1,1,356.8015,4.5512,0.3304,-6.4203,0.0213,0.0079,1,1,1,1,B0,2024
CCCCc1cc(C2CCCNC2)ccc1C#N,1,0.7288,0.6667,0.2712,0.3333,2.7978,297.4252,66.8411,3.8611,0.5647,0.38,0.3381,-7.1944,0.8372,0.3559,0.3483,0.3059,0.3322,1,1,1,348.0738,3.8105,0.392,-7.5723,0.1631,0.0876,1,1,1,1,B0,2024
CCCCC(CC)COc1cccc(C(=O)C=C2CCCCCC2)c1N,1,0.597,0.5517,0.403,0.4483,3.1037,374.6291,66.5272,3.7045,0.7261,0.1629,0.1663,-6.9645,0.8021,0.3962,0.3798,0.0853,0.2117,0,1,0,405.6542,4.0224,0.2211,-6.7233,0.0913,0.0037,0,1,0,0,B0,2024
CCCCCCC#CC(OC)C(=CC(=C1C(=O)N(S(=O)(=O)c2ccc(C)cc2)c2ccccc21)c1ccccc1)N1CCC[C@H]1C(=O)OC,1,0.3656,0.7273,0.6344,0.2727,4.1481,456.3697,91.8824,4.3936,0.3133,0.189,0.1842,-6.8425,1.0747,0.375,0.4176,0.1191,0.2209,0,1,0,509.2844,4.3927,0.1694,-6.6958,0.1004,0.0065,0,1,0,0,B0,2024
CCCCC1=C(CCCC)c2ccccc2B2Nc3ccc(OCC(CC)CCCC)c(OCC(CC)CCCC)c3C=C21,1,0.4762,0.6857,0.5238,0.3143,4.3953,375.9271,132.4693,4.3657,0.2882,0.477,0.2442,-6.8669,1.0128,0.3962,0.3842,0.1476,0.249,1,1,1,434.315,4.3208,0.6314,-6.4923,0.034,0.0074,0,1,0,0,B0,2024
CCCCCCN[C@H]1C=C(CO)[C@@H](O)[C@H](O)[C@H]1O,1,0.5625,0.7021,0.4375,0.2979,3.8995,376.7593,129.5941,3.0909,0.9404,0.3083,0.3042,-6.7094,0.8243,0.4747,0.3751,0.4054,0.3388,0,1,0,350.2056,3.0164,0.3485,-7.1003,0.1083,0.6086,0,0,0,0,B0,2024
c1csc(C2CCCNC2)c1,1,0.725,0.6512,0.275,0.3488,2.8565,284.8448,64.4669,3.6985,0.524,0.2472,0.2681,-4.9653,1.253,0.3867,0.3549,0.4861,0.3319,0,0,0,305.4797,3.7244,0.0954,-3.6109,0.0927,0.9825,0,0,0,0,B0,2024
C=CC(=O)OCCON(C)C,1,0.7679,0.4444,0.2321,0.5556,2.9432,431.7641,105.7458,2.7882,1.1059,0.1423,0.1702,-5.578,0.5565,0.7705,0.292,0.4965,0.3011,0,0,0,418.5384,3.0635,0.1731,-5.7327,0.9494,0.3811,0,0,0,0,B0,2024
N#Cc1cccc(-c2ccc(Cc3ccccc3Cl)cc2)c1,1,0.5962,0.62,0.4038,0.38,1.7543,330.9396,31.3235,4.2012,0.2719,0.4197,0.1849,-7.6782,1.2996,0.6247,0.371,0.268,0.3243,1,0,0,301.5955,4.0441,0.4627,-7.9791,0.3272,0.0102,1,1,1,1,B0,2024
CCC[C@@H](CC(=O)O)C(=O)O,1,0.75,0.52,0.25,0.48,2.4707,434.2136,136.1318,3.0512,1.0002,0.261,0.2418,-5.6045,0.7997,0.5585,0.3357,0.6012,0.3221,0,0,0,352.7001,2.6451,0.25,-6.103,0.091,0.7458,0,0,0,0,B0,2024
Oc1ccc(-c2ccc(-c3nc(-c4ccccc4)c(-c4ccccc4-c4ccccc4)o3)cc2)cc1,1,0.3611,0.6341,0.6389,0.3659,2.1063,343.5707,28.6709,4.4329,0.1915,0.4162,0.2308,-7.3808,1.0612,0.5126,0.3698,0.1918,0.2648,1,0,0,350.8819,4.3974,0.4471,-7.5234,0.134,0.0052,1,1,1,1,B0,2024
CNC(=O)C(C)NC(=O)OC(C)(C)C,1,0.5556,0.6216,0.4444,0.3784,2.386,457.5066,150.1895,2.9225,0.9783,0.2283,0.2554,-5.7652,0.6864,0.5069,0.3688,0.4319,0.3634,0,0,0,441.5522,2.6066,0.3311,-6.1047,0.1076,0.1412,0,1,0,0,B0,2024
Nc1nc(-c2cccc(C(F)(F)F)c2)c(N=Nc2ccc(Br)cc2)s1,1,0.5,0.7586,0.5,0.2414,2.6587,468.2249,39.4652,4.2295,0.4217,0.3529,0.2915,-7.3504,1.0725,0.5764,0.3923,0.22,0.2842,0,0,0,442.0724,4.2793,0.3825,-7.1197,0.23,0.0094,0,1,0,0,B0,2024
COC(=O)c1ccccc1-c1nc(-c2ccc(-c3ccc(-n4c5ccccc5c5cc(-c6ccccc6)ccc54)cc3)cn2)oc1-c1ccccc1,1,0.3538,0.6618,0.6462,0.3382,2.8339,447.7535,127.3369,4.4044,0.5981,0.5286,0.2302,-6.9574,0.9414,0.3675,0.3753,0.127,0.2227,0,1,0,374.2062,4.6086,0.4516,-6.3906,0.0687,0.0057,1,1,1,1,B0,2024
CCOC(=O)C(C#N)=C(NC(=O)N(CCCS(=O)(=O)[O-])c1ccc2nc(-c3cc[n+](CCCS(=O)(=O)[O-])cc3)oc2c1)c1ccccc1,1,0.4045,0.6627,0.5955,0.3373,3.879,353.1263,87.3452,4.6587,0.2845,0.4009,0.3057,-6.72,0.9203,0.4419,0.3977,0.1206,0.2151,1,1,1,365.566,4.6318,0.2333,-6.6419,0.1304,0.0054,0,1,0,0,B0,2024
COc1ccc(O)c([N+](=O)[O-])c1O,1,0.5806,0.4167,0.4194,0.5833,2.2503,306.1498,19.9539,3.8898,0.6528,0.1505,0.1397,-5.4548,0.4079,0.6936,0.3345,0.2737,0.3061,0,0,0,303.724,3.8526,0.2104,-5.62,0.6084,0.0218,0,0,0,0,B0,2024
COc1cc(C(=O)c2ccc(N=[N+]=[N-])cc2)cc(I)c1O,1,0.7273,0.4884,0.2727,0.5116,2.5448,341.304,55.0172,3.9154,0.6378,0.3096,0.2594,-6.9109,0.8317,0.6127,0.3542,0.1713,0.2752,1,0,0,329.2994,4.0141,0.2176,-7.5192,0.3404,0.0074,0,1,0,0,B0,2024
CC(C)(C#Cc1c2ccccc2c(C#Cc2ccc3c(c2)C(C)(C)c2ccccc2-3)c2cc3c(cc12)C(C)(C)c1ccccc1-3)CCc1ccccc1,1,0.3137,0.7143,0.6863,0.2857,3.3641,423.8476,52.5341,4.4516,0.3008,0.5711,0.2381,-7.0335,1.4934,0.3443,0.3477,0.3465,0.3264,0,1,0,385.3156,3.9762,0.5274,-8.3692,0.052,0.0525,1,1,1,1,B0,2024
CC1=CC(C)=[N+]2C1=C(c1ccccc1C(=O)c1ccccc1)c1c(C)c(C(F)(F)F)c(C)n1[B-]2(F)F,1,0.5775,0.6818,0.4225,0.3182,3.4436,551.057,46.9011,4.826,0.2161,0.3431,0.1549,-7.4376,1.1856,0.4239,0.3736,0.1995,0.2798,0,1,0,557.049,4.7947,0.38,-7.3024,0.1862,0.0033,0,1,0,0,B0,2024
C=CCC1=CC(=CC=Cc2cc(C=CC=C3C=C(c4ccccc4)OC(c4ccccc4)=C3)ncn2)C=C(c2cccc(-c3ccc(C(C)(C)C)cc3)c2)O1,1,0.4,0.7049,0.6,0.2951,3.8392,440.3685,68.3616,4.5402,0.3095,0.2704,0.2261,-7.0668,1.1003,0.4086,0.3873,0.2457,0.3152,0,1,0,446.8776,4.6207,0.3333,-7.1619,0.0953,0.013,0,1,0,0,B0,2024
Cc1cc(C=C2OC(=O)c3ccccc32)c(C)s1,1,0.5,0.55,0.5,0.45,2.6146,331.5636,39.1826,4.2227,0.4075,0.2052,0.2177,-7.4617,1.1772,0.5223,0.3784,0.2271,0.2813,0,0,0,351.5561,4.2178,0.1024,-7.4181,0.3729,0.0069,0,1,0,0,B0,2024
COc1c(C(=O)Cl)cccc1-c1ccccc1,1,0.6216,0.4857,0.3784,0.5143,1.7952,295.7738,30.6203,4.1988,0.2039,0.2171,0.1651,-7.0769,1.1338,0.4432,0.3692,0.1811,0.2834,0,1,0,288.101,4.2179,0.2715,-6.2688,0.1216,0.0065,0,1,0,0,B0,2024
O=C(CO)c1cc(O)c(Cl)cc1O,1,0.6333,0.5588,0.3667,0.4412,2.4455,268.9347,14.5855,3.7929,0.3477,0.1571,0.1542,-5.6178,0.4879,0.7876,0.2508,0.3894,0.3511,0,0,0,276.922,3.6396,0.1918,-6.0514,0.7603,0.0236,0,0,0,0,B0,2024
CC(C(=O)c1ccccc1)c1ccc(O)cc1,1,0.5938,0.1429,0.4062,0.8571,2.1581,301.3068,25.4485,3.9544,0.4873,0.1612,0.0965,-7.5003,1.0716,0.4211,0.3428,0.2418,0.3008,0,1,0,296.5014,4.0015,0.2816,-7.2028,0.4043,0.0237,1,1,1,1,B0,2024
Cc1cc(C)c(B(c2ccc(C#CCN3CCCCC3)cc2)c2c(C)cc(C)cc2C)c(C)c1,1,0.625,0.6545,0.375,0.3455,2.9567,350.3252,25.8907,4.2002,0.507,0.5081,0.2329,-7.5879,1.378,0.5214,0.4033,0.3914,0.3411,1,0,0,358.5416,4.4771,0.4597,-7.8853,0.5484,0.0412,1,0,0,0,B0,2024
C=CC(CCC[n+]1ccc(-c2cc(CCCCCC)c(-c3ccc(N(c4ccc(OC)cc4)c4ccc(OC)cc4)cc3)s2)cc1)OC(C)=O,1,0.3194,0.6119,0.6806,0.3881,3.6756,432.4733,61.6591,4.7038,0.2866,0.1983,0.1855,-6.6376,0.8875,0.3056,0.3567,0.06,0.1382,0,1,0,458.6027,4.853,0.1028,-6.3184,0.0137,0.0046,0,1,0,0,B0,2024
COc1cc2n(c1)[B-](F)(F)[n+]1c(C#N)cccc1C2=O,1,0.6522,0.6852,0.3478,0.3148,4.1069,400.789,56.7084,4.3476,0.4176,0.2957,0.2123,-6.9143,0.9088,0.6237,0.3374,0.2494,0.3059,1,0,0,414.3785,4.3507,0.3858,-6.4413,0.6293,0.0166,1,0,0,0,B0,2024
O=C(c1ccc(Cl)cc1)c1cc(Cc2cnc(C#Cc3ccc(C(F)(F)F)cc3)o2)ccc1O,1,0.5873,0.4915,0.4127,0.5085,2.7915,350.0949,49.7566,4.4889,0.3284,0.3597,0.246,-7.3884,1.0191,0.5762,0.4088,0.2351,0.3351,1,0,0,339.3958,4.3635,0.3681,-7.1732,0.1616,0.0069,1,1,1,1,B0,2024
Cc1cc(CC#Cc2ccc(N(C)C)c(F)c2)c(O)c(C(C)(C)C)c1,1,0.7532,0.54,0.2468,0.46,2.7269,339.7357,32.5879,4.2383,0.4936,0.4249,0.297,-7.1456,1.2616,0.4482,0.3827,0.3634,0.3728,1,1,1,342.5744,4.3248,0.3158,-6.1523,0.1436,0.0058,1,1,1,1,B0,2024
Clc1ccccc1C=Cc1cc[nH]c1,1,0.5938,0.6579,0.4062,0.3421,2.4297,306.7757,47.9982,4.0463,0.3705,0.116,0.1821,-4.8048,1.8344,0.6108,0.3515,0.3601,0.3291,0,0,0,311.6487,3.8572,0.1525,-5.1426,0.2939,0.059,0,1,0,0,B0,2024
Cn1c(C#N)nc2c1c(=O)[nH]c(=O)n2C,1,0.5263,0.7727,0.4737,0.2273,2.8343,341.5278,54.6149,3.5853,0.793,0.1429,0.1481,-5.8692,0.7063,0.6996,0.3215,0.4369,0.3477,0,0,0,327.0332,3.605,0.1218,-5.8283,0.8778,0.4185,0,0,0,0,B0,2024
CN(C)c1cccc2c1C(=O)c1c(O)c(CC(=O)O)cc(O)c1C2=O,1,0.6271,0.5472,0.3729,0.4528,2.5911,380.5414,63.7019,4.0182,0.4371,0.2346,0.2063,-7.2954,1.0276,0.6277,0.3252,0.1967,0.28,0,0,0,398.193,4.0031,0.2104,-6.2686,0.3516,0.012,0,1,0,0,B0,2024
CC1=C(N=Nc2ccc(F)o2)C[C@@]23C[C@@H]1C(C)(C)[C@@H]2CC[C@H]3C,1,0.6042,0.5741,0.3958,0.4259,6.188,429.8799,58.5896,3.8663,0.7235,0.5458,0.3734,-7.1353,0.6925,0.3362,0.3825,0.2647,0.3377,0,1,0,381.2802,4.1127,0.4818,-7.363,0.035,0.0122,1,1,1,0,B0,2024
COC(=O)c1ccc(C=CNC(=O)OC(C)(C)C)c(Cl)c1Cl,1,0.6667,0.6,0.3333,0.4,2.6424,335.1408,46.6772,4.1127,0.3939,0.1429,0.1974,-6.9501,0.7715,0.5255,0.3945,0.2185,0.3051,0,0,0,327.1737,4.0394,0.1433,-6.3468,0.2218,0.007,0,1,0,0,B0,2024
Cc1ccc(O)c(-c2ccccc2-c2c3ccccc3cc3ccccc23)c1,1,0.5581,0.5238,0.4419,0.4762,1.9811,402.7625,62.5187,4.1666,0.2632,0.3013,0.2367,-7.2495,1.4798,0.4623,0.3715,0.2793,0.3348,1,1,1,391.1771,3.9712,0.2328,-7.2552,0.0795,0.01,0,1,0,0,B0,2024
N#Cc1ccc(-n2ccc3c(-c4ccccc4)nc(-c4ccc(OCCc5ccc(O)c(C(=O)c6ccccc6C(F)(F)F)c5)cc4)nc32)cc1,1,0.4375,0.7011,0.5625,0.2989,2.9665,436.5894,88.9849,4.4728,0.2857,0.3443,0.2563,-7.0736,1.021,0.3519,0.3776,0.1069,0.2135,0,1,0,376.978,4.226,0.4114,-6.5439,0.0586,0.0073,1,1,1,1,B0,2024
C[C@H](N)C(=O)N[C@@H](C)C(=O)N1CCC[C@H]1C(=O)NC#N,1,0.6857,0.3265,0.3143,0.6735,3.4373,372.7323,62.4311,2.7148,1.1065,0.2564,0.268,-7.3108,0.5543,0.6241,0.3808,0.4265,0.3383,0,0,0,460.5909,3.0988,0.2019,-7.135,0.456,0.0859,0,1,0,0,B0,2024
CCCCc1c(C(=O)NCC)c(=O)oc2cc(N(C)C)ccc12,1,0.4909,0.7077,0.5091,0.2923,2.4335,380.5825,40.7657,4.2873,0.3468,0.3281,0.2893,-7.0301,1.0093,0.6662,0.3559,0.216,0.2945,1,0,0,383.2861,4.0345,0.3494,-6.0301,0.6086,0.0207,1,0,0,0,B0,2024
CC(=O)C[C@@H](O)c1ccc([N+](=O)[O-])cc1C(C)=O,1,0.2821,0.5625,0.7179,0.4375,2.8725,310.3334,37.7133,3.823,0.6209,0.1783,0.215,-7.0928,0.799,0.6041,0.3772,0.227,0.3128,0,0,0,307.9377,3.9518,0.2148,-7.0343,0.0914,0.0186,0,1,0,0,B0,2024
CN=C1CN(O)C(c2cccc(O)c2)=c2cc(Cl)ccc2=N1,1,0.2083,0.7167,0.7917,0.2833,3.2255,338.6759,62.7578,4.1301,0.4203,0.2848,0.2815,-7.4708,1.0123,0.6948,0.3232,0.2352,0.305,1,0,0,387.635,4.2066,0.2158,-7.5586,0.5153,0.0106,0,0,0,0,B0,2024
CC(=O)c1cc(N2c3ccccc3Oc3ccccc32)cc(N2c3ccccc3Oc3ccccc32)c1,1,0.439,0.6,0.561,0.4,2.4398,366.5709,26.7487,4.2719,0.3635,0.4898,0.1831,-7.3881,1.0098,0.4761,0.3449,0.1789,0.2508,1,1,1,363.3477,4.259,0.4751,-7.3649,0.1146,0.004,1,1,1,1,B0,2024
COc1cccc(-c2ccc(C(C)(C)C)cc2)c1,1,0.4857,0.3939,0.5143,0.6061,1.5131,300.7796,33.4453,4.2576,0.2592,0.3122,0.1824,-6.8089,1.3356,0.4058,0.3489,0.2988,0.3419,1,1,1,280.7632,4.1363,0.286,-6.2049,0.0351,0.0547,0,1,0,0,B0,2024
CC(C)(C)c1cc(SCO)c(C(C)(C)C)cc1O,1,0.697,0.3448,0.303,0.6552,2.8204,261.583,29.8064,3.6267,0.6394,0.2403,0.2089,-6.8904,0.8164,0.5683,0.3689,0.4381,0.3804,0,0,0,256.1017,3.8299,0.1959,-6.758,0.4423,0.23,0,1,0,0,B0,2024
O=S(=O)([O-])c1ccc(C(F)(F)F)c(O)c1,1,0.6757,0.6857,0.3243,0.3143,2.8826,271.9652,29.2175,3.8657,0.4869,0.2286,0.2028,-5.8793,0.7183,0.7476,0.3016,0.399,0.3426,0,0,0,294.5267,3.7488,0.3313,-6.1485,0.7351,0.0372,0,0,0,0,B0,2024
O=C1OC(c2nc(-c3ccccc3)nc(-c3ccc(C(F)(F)F)cc3)n2)C(Nc2ccc(F)cc2)=C1Br,1,0.5593,0.7,0.4407,0.3,3.267,390.574,74.5451,4.4075,0.1867,0.3031,0.2349,-7.5526,1.0901,0.4705,0.3919,0.2008,0.2796,1,1,1,369.6305,4.3907,0.2972,-7.6968,0.0827,0.0132,1,1,1,1,B0,2024
c1ccc(-c2ccc3ccc4cccc5ccc2c3c45)cc1,1,0.3438,0.5,0.6562,0.5,1.7836,358.2576,26.3414,4.3021,0.2453,0.3609,0.1071,-7.3198,1.5184,0.4623,0.3806,0.3224,0.3218,1,1,1,361.8754,4.3068,0.3837,-7.6096,0.121,0.0674,1,1,1,1,B0,2024
CC(=O)C=C1Oc2cccc(O)c2C1=O,1,0.4419,0.6923,0.5581,0.3077,2.725,358.0798,53.8026,3.9138,0.4291,0.083,0.0958,-5.6431,0.6729,0.621,0.3302,0.2418,0.2914,0,0,0,353.8078,3.9545,0.0983,-5.7916,0.5158,0.012,0,0,0,0,B0,2024
O=Cc1ccc([N+](=O)[O-])cc1,0,0.4667,0.5294,0.5333,0.4706,1.8059,312.296,19.7575,3.8747,0.4101,0.0939,0.1091,-5.6173,0.53,0.8405,0.2436,0.2621,0.2929,0,0,0,313.7011,3.7439,0.0448,-5.7403,0.7684,0.0559,0,0,0,0,B0,2024
Cc1cc(COC(=O)CC(C)C)n2c1C=C1C=CC=[N+]1[B-]2(F)F,1,0.5152,0.6842,0.4848,0.3158,4.0712,541.1894,28.2755,4.4665,0.3602,0.5393,0.3191,-7.1377,0.9062,0.4206,0.3862,0.2248,0.3064,0,1,0,525.6072,4.4832,0.6234,-6.842,0.2525,0.0107,0,1,0,0,B0,2024
CC(C)(C)c1cc(O)c(O)cc1/C=C(\C#N)C(=O)OC1C2(C)CCC(C2)C1(C)C,1,0.7162,0.5893,0.2838,0.4107,4.7799,378.1943,84.3621,3.7987,0.8287,0.129,0.1055,-7.2578,0.7326,0.4564,0.4028,0.2572,0.3353,0,1,0,405.4592,4.0549,0.0088,-6.3934,0.1199,0.013,0,1,0,0,B0,2024
CCCCCCCc1ccc2c(c1)c1ccccc1n2CC,1,0.4242,0.5652,0.5758,0.4348,1.8556,341.7811,62.5445,4.1947,0.3348,0.4462,0.212,-7.0473,1.5778,0.3566,0.3577,0.3117,0.3156,1,1,1,329.043,4.3108,0.4004,-7.5311,0.0782,0.0302,1,1,1,1,B0,2024
CCCc1cc(-c2cc3c(C#N)c4c5c(oc(=O)c4c(=N)n3[nH]2)-c2ccccc2SC5)cc(OC)c1OC,1,0.1429,0.7826,0.8571,0.2174,3.5067,427.7578,74.8683,4.2819,0.4398,0.2877,0.2271,-6.853,0.8745,0.5277,0.3711,0.1663,0.2556,0,0,0,411.9062,4.4624,0.3322,-6.6641,0.097,0.0128,1,1,1,1,B0,2024
CCCCCCCCCCCCc1c(O)c(N(C)C)c(N(C)C)c(C(C)(C)C)c1C(C)(C)C,1,0.7143,0.5,0.2857,0.5,2.9539,358.0545,91.1478,3.931,0.6263,0.3057,0.2565,-6.7007,1.046,0.3612,0.3421,0.2795,0.3123,1,1,1,373.2774,3.8471,0.2853,-6.1601,0.0809,0.003,1,1,1,1,B0,2024
CCCCc1ccc2c(c1)C(=O)C(=CC=CC=C1C=C(c3ccccc3)OC(c3cc(C(=O)OC)c(O)c(C(C)c4ccccc4)c3)=C1)C2=O,1,0.5493,0.5616,0.4507,0.4384,3.8282,467.0786,92.1696,4.4017,0.3033,0.286,0.2265,-6.8299,0.978,0.3745,0.3954,0.0975,0.1845,0,1,0,526.2967,4.1489,0.1243,-6.5808,0.0565,0.0061,0,1,0,0,B0,2024
COC1=C(C)C2=C(C)c3c(C)c(-c4nc(N5CCOCC5)sc4C(F)(F)F)c(C)n3[B-](F)(F)[N+]2=C1C,1,0.506,0.8315,0.494,0.1685,4.0246,527.0646,58.2035,4.4229,0.5514,0.4268,0.1962,-6.7072,0.969,0.4087,0.3957,0.2648,0.3329,0,1,0,552.2254,4.1017,0.2677,-7.2159,0.0266,0.0127,0,1,0,0,B0,2024
CCOC(=O)c1ccccc1,0,0.3571,0.0,0.6429,1.0,1.135,279.7997,33.9062,3.6761,0.4658,0.1729,0.1105,-4.5328,0.7682,0.3776,0.327,0.2164,0.2762,0,0,0,282.3432,3.656,0.2138,-3.814,0.0433,0.0268,0,0,0,0,B0,2024
O=P1(c2ccccc2)C(c2ccc(CCOC3CCCC3)cc2)=Cc2ccccc21,1,0.5,0.4783,0.5,0.5217,3.3536,375.7761,68.4804,4.2685,0.2581,0.5541,0.2269,-7.4787,1.0574,0.3069,0.3593,0.1957,0.2585,1,1,1,405.1629,4.1783,0.4432,-7.769,0.0172,0.0075,1,1,1,1,B0,2024
COc1cc(OC)c(C(=O)C#Cc2ccc(C#C[Si](C(C)C)(C(C)C)C(C)C)c3nc4cc5c(cc4nc23)C2c3ccccc3C5c3ccccc32)c(O)c1C,1,0.4,0.6286,0.6,0.3714,4.5929,485.8263,88.7258,4.3942,0.3307,0.2669,0.2166,-6.7938,0.8155,0.45,0.4031,0.1503,0.2762,0,1,0,485.0726,4.585,0.1062,-6.3701,0.0425,0.0066,0,1,0,0,B0,2024
CCCCc1cccc2c1c1ccccc1n2-c1ccc2cc(-c3ccc(C(=O)c4ccccc4)cc3)oc2c1,1,0.4754,0.6528,0.5246,0.3472,2.4775,377.8067,59.4534,4.515,0.3338,0.4882,0.2415,-7.3661,1.1391,0.4095,0.3656,0.1163,0.2021,1,1,1,350.8764,4.6036,0.5486,-7.6031,0.0626,0.0026,1,1,1,1,B0,2024
CCC1=CC(c2ccc3ccccc3c2)=[O+][B-](C(C)=O)(C(C)=O)O1,1,0.3043,0.6444,0.6957,0.3556,3.6096,380.2051,46.3074,4.3835,0.3809,0.4289,0.1613,-7.3568,0.9822,0.5087,0.3679,0.1267,0.2222,1,0,0,385.8682,4.2769,0.4844,-7.3581,0.532,0.0035,1,0,0,0,B0,2024
C=CC(C)(OC(C)OCC)N(c1ccccc1)c1ccc(C)cc1,1,0.6875,0.6481,0.3125,0.3519,3.5333,371.5911,53.6428,4.3175,0.416,0.156,0.1709,-7.2228,1.2493,0.4129,0.388,0.1799,0.281,0,1,0,366.581,4.149,0.2973,-6.72,0.0572,0.0277,1,1,1,1,B0,2024
CN(C)c1ccc(C(=O)C(=O)c2ccc(O)cc2)cc1,1,0.4483,0.2,0.5517,0.8,1.8908,355.1273,33.8374,4.1604,0.5191,0.1893,0.169,-7.358,1.1597,0.6522,0.3167,0.1902,0.2583,0,0,0,368.4089,4.1139,0.2585,-6.1135,0.399,0.0105,1,1,1,1,B0,2024
COC1=c2cc3c4c(c2Oc2c1ccc1cccc(O)c21)CCC[N+]=4CCC3,1,0.3182,0.7333,0.6818,0.2667,3.425,537.2367,116.1096,4.3357,0.5119,0.4306,0.3058,-6.6826,0.8057,0.5201,0.4082,0.1944,0.2612,0,0,0,487.6446,4.3363,0.3038,-5.8063,0.6446,0.0106,0,0,0,0,B0,2024
CCN(Cc1ccccc1O)c1ccc(/N=N/c2ccc([N+](=O)[O-])c(N(C)C)c2)c(C)c1,1,0.5072,0.7027,0.4928,0.2973,2.823,512.792,60.2508,4.411,0.3844,0.2305,0.2115,-7.1751,1.0873,0.5778,0.3828,0.1489,0.2584,0,0,0,506.4204,4.4396,0.1041,-6.0791,0.0991,0.0046,0,1,0,0,B0,2024
Cc1cc(C(=O)C=CO[N+](=O)[O-])c(C)s1,1,0.5926,0.6863,0.4074,0.3137,3.2725,314.5444,36.7286,3.9164,0.4036,0.1497,0.1252,-5.5764,1.0181,0.6047,0.3632,0.3072,0.3206,0,0,0,347.8957,3.7843,0.2314,-4.9256,0.3158,0.0226,0,0,0,0,B0,2024
COCc1ccccc1C(=O)c1cn(Cc2ccccc2)c2ccccc2c1=O,1,0.2292,0.6721,0.7708,0.3279,2.0565,341.0968,42.1218,4.2352,0.2699,0.5035,0.2163,-7.1777,0.9922,0.4187,0.3811,0.123,0.2224,1,1,1,313.1689,4.2118,0.3271,-6.5863,0.0471,0.004,1,1,1,1,B0,2024
CCCCN1CCC(OC(=O)Nc2cccc(CC)c2)CC1,1,0.6765,0.2593,0.3235,0.7407,1.975,296.5603,53.3635,3.6335,0.6315,0.3119,0.2829,-7.0867,0.8652,0.4225,0.4092,0.1038,0.1976,0,1,0,285.8002,3.9838,0.3662,-6.6071,0.0725,0.0044,0,1,0,0,B0,2024
Cc1nn(C)c2nc3c(F)c(F)c(F)c(F)c3c(-c3ccc(C(C)(C)C)cc3Cl)c12,1,0.5849,0.75,0.4151,0.25,2.8735,375.7289,57.6437,4.2742,0.36,0.3579,0.1109,-7.3409,1.0079,0.5518,0.3948,0.329,0.3338,1,0,0,381.6149,4.2276,0.4484,-7.3283,0.1012,0.0074,1,1,1,1,B0,2024
Oc1ccc(-c2ccccc2)cc1,1,0.3333,0.3182,0.6667,0.6818,1.2254,276.3291,20.354,4.0555,0.374,0.2359,0.1516,-4.2328,1.2697,0.5561,0.3154,0.3824,0.3231,0,0,0,281.8563,3.9881,0.2567,-3.8441,0.5611,0.0187,0,0,0,0,B0,2024
COC(=O)c1cccc(S(=O)(=O)[O-])c1,1,0.5429,0.4242,0.4571,0.5758,2.3046,318.3726,70.6011,3.6623,0.5467,0.1922,0.176,-5.5928,0.6721,0.6278,0.3503,0.263,0.2975,0,0,0,291.0188,3.697,0.2197,-5.6965,0.4979,0.1411,0,1,0,0,B0,2024
C=C(C)Cc1cc(CCCC)c(C)cc1N,1,0.6818,0.6757,0.3182,0.3243,2.4682,292.3434,71.9423,3.7691,0.5976,0.3306,0.2723,-6.711,1.5184,0.2852,0.3243,0.3357,0.3376,0,1,0,306.609,3.6966,0.3208,-6.8661,0.0862,0.0083,0,1,0,0,B0,2024
CC(C)c1ccc(-c2cc3c(=O)[nH]c(-c4ccc(Cl)c(Cl)c4)cn3n2)cc1,1,0.3962,0.7292,0.6038,0.2708,2.5036,333.6298,33.0102,4.1795,0.3864,0.2511,0.2015,-7.1944,0.9889,0.5703,0.38,0.3188,0.3488,1,0,0,326.3769,4.2301,0.3809,-7.0813,0.2746,0.0101,1,1,1,1,B0,2024
COC(=O)c1ccc(CCCCCCCN)cc1,1,0.6053,0.5,0.3947,0.5,1.6476,265.4439,26.868,3.8566,0.3787,0.3548,0.3169,-6.9168,0.7248,0.3793,0.3471,0.2311,0.3302,0,1,0,251.3718,3.514,0.2888,-7.351,0.0983,0.0056,0,1,0,0,B0,2024
CCCCN(CC(C)CC)C([13CH3])([13CH3])c1ccc(O)cc1,1,0.6833,0.6,0.3167,0.4,3.0145,288.5578,87.3928,3.6156,0.6835,0.2773,0.2494,-6.9798,1.0456,0.3869,0.3483,0.2543,0.3141,0,1,0,280.9851,3.6871,0.1975,-7.2209,0.2207,0.0201,0,1,0,0,B0,2024
N#Cc1ccc(O)c(O)c1O,1,0.5833,0.5667,0.4167,0.4333,2.5079,289.0279,27.4586,3.9214,0.2537,0.1291,0.0865,-5.663,0.3681,0.85,0.228,0.386,0.3356,0,0,0,309.7728,3.7988,0.1841,-5.6319,0.8366,0.1452,0,0,0,0,B0,2024
Cc1ccc(/C=C/c2nc(-c3cc(Cl)cc(S(=O)(=O)Cl)c3O)[nH]c2/C=C/c2ccc(C)cc2)cc1,1,0.5625,0.6667,0.4375,0.3333,2.9997,483.0716,123.7416,4.4969,0.3202,0.2701,0.2013,-7.3634,1.0062,0.5124,0.4148,0.2064,0.2982,0,0,0,443.563,4.4425,0.2153,-7.3002,0.0342,0.0068,0,1,0,0,B0,2024
[N-]=[N+]=C1C=Cc2c(cccc2S(=O)(=O)c2nc(-c3ccccc3)nc(-c3ccccc3)n2)C1=O,1,0.7231,0.5161,0.2769,0.4839,3.0695,382.1248,54.7909,4.4357,0.2386,0.5786,0.249,-7.3067,1.0369,0.5099,0.3689,0.2014,0.279,1,0,0,391.4007,4.3365,0.4594,-7.4704,0.1479,0.0152,1,1,1,1,B0,2024
COc1cc(-c2ncc3ccccn23)ccc1NC(=O)C1CCCCN1C,1,0.6207,0.597,0.3793,0.403,2.8906,343.6122,50.7931,4.1628,0.2683,0.2827,0.2187,-7.1208,0.9381,0.5469,0.4155,0.1919,0.2802,1,0,0,350.75,3.9552,0.1831,-6.9519,0.6015,0.0068,0,0,0,0,B0,2024
CC(C)(C)C=Nc1ccc2ccccc2c1,1,0.4375,0.6364,0.5625,0.3636,2.3407,307.1778,32.4177,3.3399,1.4544,0.2088,0.1906,-6.7625,1.9346,0.3484,0.3277,0.384,0.358,0,1,0,312.7413,3.4593,0.3488,-7.1192,0.1553,0.1104,0,1,0,0,B0,2024
CC1(C)OB(C(=O)c2ccc(OC#N)cc2)OC1(C)C,1,0.72,0.525,0.28,0.475,3.2748,303.0391,46.1901,4.0638,0.285,0.4465,0.2963,-6.9726,0.7935,0.5234,0.3634,0.1817,0.2632,1,0,0,299.8169,4.0035,0.4471,-6.3545,0.198,0.0162,1,1,1,1,B0,2024
CCN(c1ccccc1)c1ccc(/N=N/c2ccc([N+](=O)[O-])cc2C#N)cc1OC,1,0.2321,0.619,0.7679,0.381,2.7166,445.9421,71.3148,4.4888,0.6543,0.5347,0.3858,-6.8953,0.8156,0.5217,0.3841,0.1207,0.2116,0,0,0,441.8661,4.4351,0.2152,-6.6266,0.0282,0.0115,0,1,0,0,B0,2024
CCCCC(CC)COc1cc(C(=O)OCCCc2ccccc2)ccc1C=C(C#N)C(=O)O,1,0.5172,0.5286,0.4828,0.4714,2.9372,427.7396,74.4998,4.3993,0.2406,0.1854,0.1816,-6.9919,0.8869,0.4081,0.3637,0.0433,0.1188,0,1,0,402.9695,4.3325,0.2462,-7.8397,0.0728,0.0046,0,1,0,0,B0,2024
O=C(O)C(=CCC(=O)c1ccccc1)c1ccccc1,1,0.6316,0.3214,0.3684,0.6786,2.0395,350.448,39.5615,4.0367,0.4091,0.2345,0.3386,-7.4552,1.025,0.547,0.3313,0.2195,0.2794,0,0,0,331.7529,4.2485,0.3768,-7.5168,0.2101,0.0055,1,1,1,1,B0,2024
CC(C)(C)c1ccc(-c2ccc3c(=O)c4ccc(N5CCCCC5)cc4oc3c2)c(C(C)(C)C)c1,1,0.3696,0.6792,0.6304,0.3208,2.5326,363.5955,49.0015,4.394,0.4172,0.4619,0.1947,-7.7249,1.0462,0.427,0.368,0.2935,0.3556,1,1,1,396.2948,4.4975,0.5252,-8.0571,0.1547,0.0104,1,1,1,1,B0,2024
CN(C)c1ccc2c(c1)S(=O)(=O)C1=CC(=[N+](C)C)C=CC1=C2c1ccccc1CS,1,0.25,0.7612,0.75,0.2388,3.5177,673.9201,73.7899,4.358,0.3505,0.2704,0.2123,-7.1885,1.1291,0.5737,0.3703,0.2,0.2704,0,0,0,632.2182,4.2338,0.1918,-5.8439,0.6658,0.0113,0,0,0,0,B0,2024
CC(=C=C(c1ccccc1)c1ccc(-c2nc3ccccc3o2)cc1)C(=O)Oc1ccccc1,1,0.6066,0.383,0.3934,0.617,2.5124,350.518,35.7593,4.4862,0.2678,0.3727,0.1393,-7.161,0.9708,0.3741,0.375,0.1471,0.2257,1,1,1,350.937,4.2204,0.3149,-6.3385,0.0574,0.0045,1,1,1,1,B0,2024
CCOC(=O)c1ccc(I)cc1O,1,0.5135,0.2424,0.4865,0.7576,2.0041,273.2282,26.4781,3.7533,0.3616,0.1875,0.138,-5.5732,1.0546,0.3898,0.3765,0.1778,0.2668,0,1,0,301.2377,3.6091,0.2123,-4.5881,0.1298,0.2196,0,0,0,0,B0,2024
CC(C)C[C@H](NC(=O)[C@@]1(Cc2ccccc2)Cc2ccccc2N1)C(=O)N[C@@H](CC(F)F)[C@@H](O)C(=O)O,1,0.2394,0.7011,0.7606,0.2989,4.0896,291.7122,89.8786,4.3947,0.2945,0.3136,0.2632,-7.2841,0.8928,0.4395,0.3781,0.206,0.2976,1,1,1,305.0708,4.4007,0.3635,-7.1707,0.0881,0.0375,1,1,1,1,B0,2024
CCCCC#Cc1c2ccccc2c(C#Cc2c3ccccc3c(C#C[Si](C(C)C)(C(C)C)C(C)C)c3ccccc23)c2ccccc12,1,0.3143,0.62,0.6857,0.38,3.1158,518.4089,75.4486,4.4302,0.2072,0.2954,0.1619,-6.8601,1.6119,0.4843,0.3823,0.3335,0.3335,0,1,0,471.3456,4.4264,0.3024,-7.288,0.0398,0.0406,0,1,0,0,B0,2024
COc1cc2ccc3c(ccc4cc(-c5ccccc5)oc43)c2o1,1,0.2727,0.7,0.7273,0.3,2.4572,350.7116,30.2573,4.2113,0.2096,0.4408,0.2158,-7.0601,1.0112,0.432,0.352,0.1573,0.2559,1,1,1,360.4085,4.1704,0.4152,-6.5025,0.0752,0.0112,1,1,1,1,B0,2024
CCCCc1c(C(C)(C)C)cc(COC)c(O)c1CCC,1,0.7069,0.4878,0.2931,0.5122,2.5999,288.8119,57.5983,3.5502,0.6749,0.3414,0.2855,-6.9637,0.8031,0.2916,0.3274,0.229,0.3165,0,1,0,309.1412,3.6484,0.307,-6.8025,0.0162,0.0118,0,1,0,0,B0,2024
Cc1ccc(CN2CCCCC2)cc1,1,0.6226,0.4242,0.3774,0.5758,1.3814,270.5508,32.8027,3.8309,0.5337,0.1763,0.2015,-4.3172,1.2402,0.4983,0.3752,0.5752,0.3309,0,0,0,265.994,3.7823,0.201,-3.7415,0.238,0.958,0,0,0,0,B0,2024
CC(=O)OCCC=Cc1ccc(Cl)c(F)c1,1,0.7101,0.5854,0.2899,0.4146,2.2222,297.9344,40.8618,3.9639,0.5372,0.2184,0.1986,-6.9355,1.1849,0.2665,0.3669,0.1454,0.2554,0,1,0,289.6175,3.6729,0.2886,-6.4183,0.0238,0.0121,0,1,0,0,B0,2024
CC1(C)CC2(CC(C)(C)N1)OC(C)(CC(=O)O)NC2=O,1,0.7609,0.3514,0.2391,0.6486,4.4242,378.6817,126.493,3.0742,0.8833,0.1576,0.1686,-7.2286,0.9038,0.5597,0.3783,0.3671,0.3481,0,0,0,388.0128,2.781,0.1627,-7.9684,0.1596,0.0498,0,1,0,0,B0,2024
Cc1ccc(Nc2nc(C#N)c(C#N)nc2Oc2cccc(O)c2)cc1,1,0.6625,0.6981,0.3375,0.3019,2.638,335.6784,41.588,4.1937,0.2772,0.2693,0.2724,-7.0623,0.9168,0.5941,0.3782,0.1835,0.2908,1,0,0,321.5557,4.0646,0.4017,-6.3888,0.0687,0.0082,1,1,1,1,B0,2024
OCc1c(O)cc(I)cc1-c1ccccc1,1,0.6552,0.6316,0.3448,0.3684,2.2316,277.2633,46.9855,3.976,0.544,0.1762,0.1638,-7.1829,1.1868,0.5888,0.3534,0.2334,0.2998,0,0,0,296.6911,4.026,0.1068,-7.358,0.4431,0.1587,0,1,0,0,B0,2024
CN(C)c1ccc(/C=C/c2ccc(-c3cc(-c4cccc(-c5ccccc5O)c4)nc(-c4cccc(Cl)n4)c3)cc2)cc1,1,0.4561,0.6935,0.5439,0.3065,2.6825,407.7602,71.6226,4.4878,0.349,0.3515,0.2129,-7.0267,1.1605,0.5574,0.3773,0.1702,0.2661,1,0,0,396.5606,4.5106,0.2446,-6.0208,0.126,0.0052,0,1,0,0,B0,2024
COc1cccc(N(C)C)c1/C=C/C(=O)OCC1CCCCC1,1,0.7183,0.54,0.2817,0.46,2.4077,346.3674,64.4027,4.0336,0.72,0.1613,0.1621,-6.8249,0.7765,0.4508,0.3857,0.1207,0.2001,0,1,0,345.8568,4.1766,0.1533,-5.9587,0.1711,0.0032,0,1,0,0,B0,2024
CC(C)(C)N=Cc1ccc(N(c2ccccc2)c2ccccc2)cc1,1,0.4667,0.575,0.5333,0.425,2.1659,388.1002,49.5515,4.4699,0.212,0.1438,0.1488,-7.3102,1.5212,0.4978,0.356,0.2762,0.3252,0,1,0,391.4212,4.2765,0.2381,-7.4643,0.1447,0.0337,0,1,0,0,B0,2024
CCC1(SSC(=S)N(C)C)c2ccccc2-c2ccc(N3c4ccccc4Sc4ccc(/C=C(/C#N)C(=O)O)cc43)cc21,1,0.28,0.6875,0.72,0.3125,3.9388,464.6359,25.4921,4.2777,0.4203,0.2395,0.2174,-7.1232,1.1574,0.4538,0.3985,0.105,0.2214,0,1,0,445.8127,4.3154,0.251,-6.0255,0.1213,0.0042,0,1,0,0,B0,2024
C=COC(=O)c1ccc(O)c(CCCC)c1,1,0.66,0.525,0.34,0.475,2.3103,320.3398,54.6939,4.032,0.4252,0.1866,0.1946,-6.2183,1.4424,0.4543,0.3732,0.2019,0.264,0,1,0,320.4159,3.9246,0.3259,-6.5243,0.0915,0.0122,1,1,1,1,B0,2024
CCCCC(CC)COc1cc(C)ccc1C,1,0.6071,0.5424,0.3929,0.4576,2.361,286.9762,61.8309,3.5911,0.6629,0.2427,0.2524,-6.732,1.3576,0.283,0.3241,0.2378,0.3138,0,1,0,301.1971,3.785,0.2165,-6.5453,0.0222,0.5012,0,0,0,0,B0,2024
Cc1ccc(Sc2ccccc2C(=O)c2ccccc2)cc1,1,0.6444,0.4722,0.3556,0.5278,1.7365,321.4578,23.8382,4.2225,0.2822,0.3396,0.149,-7.3089,1.4711,0.4666,0.3837,0.2338,0.3004,1,1,1,312.9536,4.1535,0.3945,-7.1485,0.1425,0.0204,1,1,1,1,B0,2024
COc1cccc2ccc(-c3nc4ccccc4[nH]3)nc12,1,0.5333,0.5745,0.4667,0.4255,2.0015,333.7957,33.5533,4.1549,0.2395,0.5133,0.2688,-6.8774,0.879,0.435,0.3829,0.2306,0.2944,1,1,1,334.5644,4.1425,0.5049,-6.3501,0.0644,0.0123,1,1,1,1,B0,2024
CN(C)c1cccc(C#N)c1-c1c2ccccc2nc2cc3c(cc12)[Si](C)(C)O[Si](C)(C)O[Si]3(C)C,1,0.4074,0.7288,0.5926,0.2712,3.7761,386.2312,74.676,4.2663,0.2506,0.4357,0.1749,-7.0955,1.1056,0.5103,0.3532,0.2239,0.2864,1,0,0,401.3587,4.2403,0.4083,-6.0572,0.3136,0.0094,1,1,1,1,B0,2024
CCC(C)(C)c1cc(C)cc(Cc2cc(C)cc(C(=O)NN=Cc3ccccc3O)c2O)c1O,1,0.5273,0.4808,0.4727,0.5192,2.7777,368.0472,70.7835,4.3745,0.2825,0.2018,0.1419,-7.3214,0.9366,0.4568,0.4093,0.1378,0.2604,0,1,0,372.6162,4.3664,0.2915,-7.207,0.0743,0.0051,1,1,1,1,B0,2024
O=C(O)CN1CCCC2(CCNCC2)C1=O,1,0.7778,0.3846,0.2222,0.6154,3.0631,425.3464,137.3571,3.1187,0.9579,0.2159,0.2355,-6.6304,0.8698,0.5705,0.386,0.5091,0.3401,0,0,0,439.9777,3.031,0.2489,-7.2592,0.1746,0.8622,0,0,0,0,B0,2024
Cc1coc(C(=O)c2ccccc2)c1,1,0.6111,0.5333,0.3889,0.4667,2.0991,298.8844,46.2073,4.0582,0.3534,0.2183,0.1856,-5.2538,0.7974,0.3993,0.3291,0.2745,0.3079,0,1,0,273.1387,4.0033,0.1896,-4.8845,0.2586,0.0136,0,0,0,0,B0,2024
COC(=O)c1ccc2c(-c3ccc(O)cc3)csc2c1,1,0.58,0.381,0.42,0.619,2.0002,338.6483,33.4914,4.1149,0.314,0.1943,0.1425,-7.241,0.9992,0.5079,0.3861,0.1054,0.2081,0,0,0,323.3548,4.2517,0.2051,-6.352,0.3317,0.0058,0,1,0,0,B0,2024
COC(=O)c1cccc(C(=O)C2=C3C(C)=CC(C)=[N+]3[B-](F)(F)n3c(C)cc(C)c32)c1O,1,0.5075,0.6111,0.4925,0.3889,3.5969,506.7822,28.2359,4.7195,0.2846,0.2968,0.2088,-7.0437,0.8642,0.4939,0.4021,0.0957,0.1817,0,1,0,512.3944,4.6809,0.4085,-6.385,0.2299,0.0061,0,1,0,0,B0,2024
COc1ccc(C(=O)OCCC(C)C)cc1,1,0.5,0.2941,0.5,0.7059,1.5405,276.1848,32.5268,3.6716,0.5438,0.1443,0.166,-6.6127,1.146,0.2462,0.3049,0.1411,0.2405,0,1,0,271.3464,3.3869,0.2971,-6.7808,0.046,0.014,0,1,0,0,B0,2024
CCn1c(-c2ccc3c(c2)C(CC)(CC)c2cc(-c4ccc(/C=C(\C#N)C(=O)O)s4)ccc2-3)nc(C(=O)Oc2ccccc2)c1-c1ccccc1,1,0.2208,0.7,0.7792,0.3,3.3148,441.8988,29.2391,4.5353,0.2561,0.1703,0.1606,-6.9512,1.013,0.4337,0.4016,0.0733,0.1687,0,1,0,438.6682,4.2307,0.2002,-6.5278,0.0603,0.0053,0,1,0,0,B0,2024
C=Cc1ccc(C=C(C(=O)OCC)C(=O)OP(c2ccccc2)c2ccccc2)c(N(C)C)c1,1,0.68,0.5185,0.32,0.4815,3.117,370.2457,45.9277,4.3905,0.2229,0.2771,0.2376,-7.116,1.073,0.481,0.3837,0.0985,0.2068,1,1,1,379.1288,4.5142,0.2652,-6.013,0.0527,0.003,1,1,1,1,B0,2024
COc1cc(C=O)c(O)c(C(C)(C)C2CCCCC2)c1,1,0.6875,0.3659,0.3125,0.6341,2.6519,383.9712,58.3501,3.8177,0.6764,0.178,0.1619,-6.9185,0.7969,0.3231,0.3709,0.2473,0.3037,0,1,0,396.6382,3.7107,0.2161,-6.4027,0.0684,0.0088,0,1,0,0,B0,2024
O=C(c1ccc(-c2ccc(O)c(F)c2)cc1Cl)C(c1ccccc1)c1ccccc1,1,0.6818,0.4348,0.3182,0.5652,2.1413,321.7961,21.5985,4.233,0.5454,0.2296,0.164,-7.3673,1.0308,0.6014,0.3897,0.2081,0.3141,0,0,0,330.5266,4.2989,0.3677,-7.1096,0.0716,0.0067,1,1,1,1,B0,2024
O=C(NC1CCNCC1)c1ccc(O)cc1,1,0.7105,0.2647,0.2895,0.7353,1.8822,285.4835,66.5227,3.9977,0.5495,0.1466,0.1562,-6.9227,1.1015,0.5976,0.4078,0.3407,0.3385,0,0,0,252.4909,4.0095,0.1659,-7.5157,0.9062,0.0767,0,0,0,0,B0,2024
CCCCn1c2ccc(C#Cc3cccc(/C=C(\C#N)C(=O)c4cccc(Cl)c4Cl)c3)cc2c2nc3ccc(O)cc3nc21,1,0.3,0.6957,0.7,0.3043,3.1106,426.3966,70.2848,4.3556,0.6355,0.2375,0.2071,-7.3878,1.1533,0.5162,0.405,0.1489,0.2464,0,0,0,438.7194,4.4469,0.0605,-7.8326,0.1226,0.0061,0,1,0,0,B0,2024
CCCC=CCC(CC)CCCC,1,0.7407,0.5357,0.2593,0.4643,2.9268,257.8297,146.2417,3.8032,0.8593,0.1463,0.1724,-3.7452,1.0191,0.3107,0.314,0.4372,0.3468,0,0,0,287.9158,3.7623,0.1773,-4.8562,0.0249,0.5085,0,0,0,0,B0,2024
CCCCCc1ccc(O)cc1O,1,0.5714,0.4872,0.4286,0.5128,1.8635,274.9302,48.1702,3.8013,0.5483,0.2836,0.2638,-5.0042,0.7971,0.4791,0.3446,0.333,0.3159,0,1,0,272.4258,3.5965,0.1607,-5.3146,0.3816,0.071,0,1,0,0,B0,2024
CCCCCc1nc2n(C)c3ccccc3cc-2c(=O)n1,1,0.4375,0.6769,0.5625,0.3231,2.3154,378.2057,51.5268,4.0324,0.2631,0.421,0.2185,-7.0574,0.9519,0.3904,0.379,0.2562,0.2929,1,1,1,344.3441,3.9847,0.3252,-7.3022,0.2571,0.0727,1,1,1,1,B0,2024
O=C(O)CCc1cccc2ccccc12,1,0.4706,0.2963,0.5294,0.7037,1.5154,286.3639,28.5624,3.9966,0.2785,0.2923,0.2061,-5.5024,1.2654,0.4584,0.3401,0.2675,0.3031,0,1,0,288.4422,3.9231,0.3716,-5.0994,0.1562,0.0205,0,1,0,0,B0,2024
CCCCOc1nc2ccccc2s1,1,0.5946,0.5833,0.4054,0.4167,1.9619,306.9202,50.7522,3.8613,0.5828,0.1193,0.1869,-4.3421,1.1715,0.3454,0.3317,0.2079,0.2723,0,0,0,310.52,3.6804,0.1956,-4.8392,0.1673,0.2705,0,0,0,0,B0,2024
CC[n+]1c(/C=C/C=C/C=C2/Sc3ccccc3N2c2cc(C(C)C)cc(C(C)C)c2C(=O)c2ccc(C(=O)c3ccccc3)cc2)sc2ccccc21,1,0.4605,0.6056,0.5395,0.3944,3.5155,654.4964,98.7876,4.8716,0.3628,0.2396,0.186,-7.1681,1.2008,0.3928,0.3828,0.13,0.2523,0,1,0,633.8955,4.7816,0.1737,-5.9323,0.0184,0.005,0,1,0,0,B0,2024
COc1ccc(-c2ccc3c(c2)S(=O)(=O)NC3=O)cc1,1,0.5745,0.5526,0.4255,0.4474,2.2694,336.6998,27.5787,4.1608,0.2618,0.1765,0.1251,-6.9218,0.8932,0.5799,0.3439,0.2041,0.287,0,0,0,327.8751,4.3028,0.28,-6.3933,0.2345,0.0266,1,1,1,1,B0,2024
CC(C)(C)C1CC2CC1C1CCCC21,1,0.8222,0.4815,0.1778,0.5185,4.7222,336.9632,170.1525,3.7689,0.7596,0.2095,0.2152,-4.7288,1.7168,0.1716,0.2669,0.5821,0.3149,0,0,0,342.5816,4.0252,0.1102,-3.6666,0.0575,0.3782,0,0,0,0,B0,2024
CCOC(=O)C=Cc1ccccc1Nc1ccc(C2=Nc3sc(-c4ccccc4)n[n+]3[B-](F)(F)O2)cc1,1,0.5,0.5857,0.5,0.4143,3.358,460.6509,82.6763,4.307,0.3411,0.359,0.3307,-7.1509,0.9705,0.3969,0.3843,0.1054,0.2195,0,1,0,491.1438,4.1429,0.2637,-6.6151,0.0917,0.0038,0,1,0,0,B0,2024
O=C1CCC(c2nc3cccc(F)c3o2)C1=O,1,0.7049,0.7347,0.2951,0.2653,3.3008,333.3638,47.3946,4.0328,0.4825,0.2799,0.2188,-7.0565,1.2042,0.589,0.3772,0.3261,0.3167,1,0,0,308.2023,3.9869,0.5437,-7.373,0.7273,0.0276,1,0,0,0,B0,2024
Cc1ccc(C=Cc2cc(C=C(C#N)C(=O)O)sc2-c2ccc(S(=O)(=O)[O-])cc2)s1,1,0.2542,0.697,0.7458,0.303,3.3298,450.7134,59.0896,4.4251,0.2262,0.1712,0.1872,-7.356,0.9909,0.5518,0.3786,0.1804,0.2825,0,0,0,430.753,4.4575,0.1661,-7.4091,0.0444,0.0069,0,1,0,0,B0,2024
CS(=O)c1cc(C(C)(C)C)c(C(C)(C)C)c(C(N)Cn2cnc3c(NC4CC4)ncnc32)c1O,1,0.4928,0.75,0.5072,0.25,4.1099,378.9787,123.9067,4.2482,0.4857,0.3116,0.256,-7.2845,1.1359,0.4308,0.4208,0.2534,0.3401,1,1,1,344.6489,4.3671,0.1581,-6.7884,0.2534,0.0057,0,1,0,0,B0,2024
C[C@]12CC[C@H]3[C@@H](CCC4=CC(=O)CC[C@@]43C)[C@@H]1CC[C@@H]2c1ccccc1,1,0.7887,0.3265,0.2113,0.6735,3.7808,356.3859,81.4612,3.8195,0.8458,0.1977,0.2476,-7.1878,0.9591,0.4694,0.3941,0.2794,0.3152,0,1,0,404.3246,4.0491,0.3293,-7.8387,0.0705,0.0446,1,1,1,1,B0,2024
CCC(C)C1CCCCC1(C)c1ccc(F)o1,1,0.7727,0.6,0.2273,0.4,4.0598,267.7973,50.076,3.7561,0.6437,0.166,0.1934,-7.2688,0.9586,0.2343,0.328,0.3958,0.3385,0,1,0,308.9371,3.7646,0.141,-6.8881,0.0286,0.6671,0,0,0,0,B0,2024
Cn1c(=O)c(N=Nc2ccc(Nc3ccc([N+](=O)[O-])cc3C(C)(C)C)cc2)c(O)c2ccccc21,1,0.2308,0.6377,0.7692,0.3623,2.784,447.7412,68.7052,3.5482,1.0645,0.1296,0.176,-7.3117,0.9562,0.5773,0.401,0.205,0.3154,0,0,0,433.5224,2.9612,0.1278,-7.2369,0.313,0.0064,0,1,0,0,B0,2024
CC(C)(C)c1ccc(O)c(CC=C(C#N)C(=O)O)c1,1,0.6271,0.5319,0.3729,0.4681,2.6038,325.8595,48.6833,3.948,0.4976,0.1807,0.1865,-7.3226,0.8506,0.5595,0.3574,0.2571,0.3395,0,0,0,329.3858,3.8721,0.1439,-7.3704,0.0754,0.0321,0,1,0,0,B0,2024
COc1cccc(C(=O)c2ccccc2OC)c1,0,0.6,0.0,0.4,1.0,1.4979,315.5496,26.7136,4.1859,0.2952,0.2298,0.1965,-7.094,0.9366,0.2912,0.303,0.1416,0.2156,0,1,0,306.501,4.1789,0.2966,-6.3361,0.0446,0.0058,1,1,1,1,B0,2024
CCCCCCOc1cc(N(CC)CC)c(Cl)cc1/C=C/C(OC)=C(C#N)C#N,1,0.5072,0.6618,0.4928,0.3382,3.098,404.1063,56.5144,4.4964,0.4402,0.1735,0.1358,-6.7679,0.7793,0.5092,0.396,0.1757,0.2376,0,0,0,408.3043,4.0896,0.0908,-6.6002,0.1249,0.0038,0,1,0,0,B0,2024
CCC(=O)OCCc1cc(=O)oc2cc3c(c(C)c12)CCCN3C,1,0.6418,0.6552,0.3582,0.3448,2.7778,389.7633,69.6805,4.1433,0.3641,0.4431,0.2692,-7.1355,0.8614,0.4934,0.3723,0.1833,0.2464,1,1,1,397.3312,4.2986,0.2198,-7.7474,0.4738,0.009,0,1,0,0,B0,2024
CC(C)(C)c1cc(-n2ncc(-c3ccc(F)cc3)n2)cc(C(C)(C)C)c1O,1,0.4,0.6136,0.6,0.3864,2.534,335.5301,33.14,4.1292,0.5913,0.3544,0.2214,-7.3378,1.0529,0.4991,0.3542,0.2861,0.3568,1,1,1,327.2245,4.1971,0.4819,-7.3472,0.2231,0.0073,1,1,1,1,B0,2024
COC(=O)[C@]1(c2ccc(Br)cc2)C[C@]1(O[Si](C)(C)C(=O)c1cccc(C(F)(F)F)c1)c1ccc(C(F)(F)F)c(C)c1,1,0.4478,0.697,0.5522,0.303,4.1258,376.3826,80.5878,4.3609,0.2757,0.3765,0.1933,-6.9011,0.9617,0.4494,0.3944,0.1765,0.2585,1,1,1,355.9594,4.3462,0.3295,-6.2582,0.0594,0.0052,1,1,1,1,B0,2024
CCCCCCc1cc(-c2ccc(/C=C(\C#N)C(=O)O)s2)sc1-c1ccc(/C=C(/C#N)c2ccc(O)cc2O)s1,1,0.2258,0.6286,0.7742,0.3714,3.3602,472.0029,33.8782,4.4469,0.3438,0.1325,0.1199,-7.0926,1.0919,0.4426,0.3963,0.1169,0.2198,0,1,0,455.5158,4.4291,0.2539,-7.4603,0.0835,0.0042,0,1,0,0,B0,2024
CCOC(=O)c1ccc(Nc2ccccc2)cc1,1,0.45,0.3,0.55,0.7,1.3992,319.8822,52.2716,3.9311,0.3652,0.2045,0.1464,-7.2027,1.0128,0.4111,0.3674,0.0625,0.1443,0,1,0,308.887,4.0948,0.2617,-6.4362,0.0457,0.0031,1,1,1,1,B0,2024
CCCCC(CC)COCC(O)COc1ccc(CC)c(O)c1OC,1,0.6212,0.5652,0.3788,0.4348,3.2421,319.0563,67.2396,4.013,0.6959,0.2819,0.2677,-6.672,0.6616,0.4421,0.3599,0.1003,0.1967,1,1,1,342.1329,3.9079,0.2907,-6.6941,0.1433,0.0054,1,1,1,1,B0,2024
CCCCCCC(=O)c1cc(C#N)c(O)cc1O,1,0.6939,0.4889,0.3061,0.5111,2.3193,311.5194,41.6701,3.9347,0.4223,0.2915,0.2735,-7.0756,0.7486,0.4367,0.3605,0.2636,0.3185,1,1,1,344.0892,3.8197,0.257,-7.1753,0.1303,0.0336,1,1,1,1,B0,2024
CCC(C)CC(=O)OCc1ccccc1-c1ccc(C(C)(C)C)cc1,1,0.6667,0.5909,0.3333,0.4091,2.483,307.2745,40.7781,4.1582,0.2869,0.4159,0.2455,-7.348,1.1729,0.3169,0.3629,0.1216,0.238,1,1,1,293.4763,4.145,0.4011,-6.7385,0.0139,0.0066,1,1,1,1,B0,2024
CCc1ccccc1-c1ccccc1,1,0.4286,0.5862,0.5714,0.4138,1.2921,294.1164,43.2035,4.0642,0.4895,0.1587,0.1988,-4.183,1.1644,0.4196,0.3304,0.3522,0.3321,0,0,0,286.4952,4.2921,0.2492,-3.3166,0.1955,0.0703,0,0,0,0,B0,2024
CCCCCCC(=O)c1cc(C=O)cc(Cl)c1O,1,0.7115,0.4884,0.2885,0.5116,2.267,301.3846,56.8591,3.8858,0.5158,0.1767,0.1225,-6.9993,0.7936,0.4534,0.3915,0.2032,0.2665,0,1,0,327.1694,3.8488,0.2406,-7.207,0.1358,0.0043,0,1,0,0,B0,2024
CCCCn1cc(/C=C/c2cc(=O)oc3cc(C)ccc23)c2c(F)ccc(C#N)c21,1,0.4118,0.7361,0.5882,0.2639,2.93,409.5297,44.9993,4.4242,0.4088,0.2102,0.1987,-7.1504,1.0293,0.4483,0.4025,0.2135,0.2975,0,1,0,431.2669,4.4823,0.3627,-7.3051,0.0593,0.01,0,1,0,0,B0,2024
O=C(NCC1CCCNC1)c1c2ccccc2cc2ccccc12,1,0.6731,0.4615,0.3269,0.5385,2.5679,338.6541,57.919,3.9591,0.4181,0.3158,0.2337,-7.4663,0.9603,0.4683,0.4003,0.1621,0.2752,1,1,1,331.1185,4.0381,0.3362,-7.4177,0.4094,0.0054,1,1,1,1,B0,2024
C[C@H]1CCC[C@@H](CCCCCCCCCC(C)(C)C)N1,1,0.8571,0.3333,0.1429,0.6667,3.17,340.1906,153.2045,3.0763,0.8223,0.2977,0.2506,-6.8175,0.9873,0.279,0.3573,0.5074,0.2948,0,0,0,379.3645,3.1688,0.2915,-6.9419,0.1738,0.7235,0,0,0,0,B0,2024
CCCc1c(F)c2c(c3oc(=O)c4c(c13)CCC4=O)[C@@H]1C=CO[C@@H]1O2,1,0.7889,0.4688,0.2111,0.5312,4.338,377.9847,69.9965,4.0832,0.5247,0.4477,0.2181,-7.2666,0.8746,0.47,0.3641,0.2905,0.3054,1,1,1,410.1403,4.1565,0.3494,-7.2399,0.3123,0.0699,1,1,1,1,B0,2024
Oc1ccc(-c2ccc(Br)cc2F)cc1,1,0.6667,0.5,0.3333,0.5,1.67,285.1777,30.7181,4.0286,0.4952,0.2153,0.2135,-6.3534,1.9579,0.566,0.34,0.3669,0.3441,0,0,0,282.3857,4.235,0.2439,-7.1686,0.5358,0.0273,0,0,0,0,B0,2024
COc1ccc(N(c2ccccc2)c2ccccc2)cc1,0,0.0,0.5185,1.0,0.4815,1.5768,334.1965,33.325,4.3498,0.1257,0.3118,0.1136,-6.952,1.4297,0.4521,0.3402,0.2236,0.2949,1,1,1,355.3629,4.1935,0.377,-6.4362,0.0504,0.0538,1,1,1,1,B0,2024
COc1c(C#N)c(-c2ccccc2)c(OC)c(C#N)c1Oc1ccc(-c2ccccc2)cc1,1,0.2857,0.6444,0.7143,0.3556,2.4921,339.1267,35.3967,4.2884,0.3077,0.4064,0.1677,-6.8862,0.9246,0.4852,0.348,0.1677,0.2658,1,1,1,356.303,4.3376,0.3767,-6.3765,0.0465,0.0117,1,1,1,1,B0,2024
CC(=O)c1c(C)sc2ccccc12,1,0.5405,0.561,0.4595,0.439,2.0136,295.3052,40.9222,3.7965,0.4544,0.1582,0.2116,-4.3364,1.1914,0.3763,0.3334,0.258,0.3052,0,0,0,285.2413,3.6978,-0.0112,-3.5434,0.1334,0.0207,0,0,0,0,B0,2024
COc1ccc(N(c2ccc(OC)cc2)c2ccc(-c3ccc(-c4ccc(/C=C(\C#N)C(=O)O)s4)s3)s2)cc1,0,0.0,0.623,1.0,0.377,2.9612,498.5486,32.3334,4.4584,0.1567,0.1063,0.1064,-6.8356,0.9911,0.4864,0.3865,0.1102,0.2023,0,1,0,484.3601,4.4509,0.1109,-6.2891,0.1455,0.0061,0,1,0,0,B0,2024
CCc1ccc(/C=C/c2cc(/C=C/c3ccc(-n4c5ccccc5c5ccccc54)cc3)cc(/C=C/c3ccc(-n4c5ccccc5c5ccccc54)cc3)c2)cc1,1,0.2424,0.7,0.7576,0.3,2.7038,466.8206,110.48,4.5905,0.2465,0.5135,0.3103,-7.08,1.5065,0.4643,0.3684,0.3087,0.3394,0,1,0,458.0838,4.7765,0.5396,-7.6075,0.1115,0.0384,0,1,0,0,B0,2024
N#CC(=Cc1ncc(-c2ccccc2)s1)C(=O)O,1,0.4038,0.6346,0.5962,0.3654,2.572,312.9783,40.1925,4.1524,0.472,0.1711,0.2011,-7.3792,1.0108,0.5928,0.3552,0.2472,0.3048,0,0,0,350.8246,4.2401,0.0976,-7.1727,0.144,0.0227,0,1,0,0,B0,2024
Clc1coc2cc3ccoc3cc12,1,0.4231,0.7619,0.5769,0.2381,2.7637,310.7666,24.6348,3.9473,0.3422,0.1339,0.1762,-4.4381,1.1093,0.6506,0.347,0.347,0.3233,0,0,0,311.1688,3.8973,0.2538,-4.9175,0.6104,0.011,1,0,0,0,B0,2024
COc1cc(-c2cc(C(F)(F)F)c3c(c2)c2ncncc2c2c4ccccc4sc32)cc(OC)c1OC,1,0.5,0.7344,0.5,0.2656,2.895,409.2855,76.0292,4.3375,0.4293,0.3564,0.174,-6.8116,0.8374,0.5327,0.3631,0.2035,0.2885,1,0,0,406.2854,4.4634,0.3028,-6.2774,0.1098,0.0103,1,1,1,1,B0,2024
COc1ccc(/C=N/N=C/c2ccc(OC)cc2OCC(=O)c2ccc(-c3cc(O)cc(C#N)c3)cc2)c(OCC(=O)c2ccccc2)c1,1,0.3158,0.5323,0.6842,0.4677,2.9797,390.9576,83.2,4.4787,0.2943,0.1796,0.2073,-6.8797,0.9385,0.4455,0.3816,0.0932,0.2019,0,1,0,384.0869,4.416,0.2256,-6.5636,0.1126,0.0057,0,1,0,0,B0,2024
COc1ccc(-c2ccc(-c3oc4ccccc4c(=O)c3O)cc2)cc1,1,0.0278,0.5833,0.9722,0.4167,1.9203,366.4264,27.5885,4.193,0.2116,0.3048,0.2004,-6.9847,0.9605,0.5143,0.3556,0.1565,0.2259,1,0,0,350.2062,4.2016,0.3061,-6.3443,0.095,0.0052,1,1,1,1,B0,2024
CC1C(c2cccc(On3c(-c4ccc5cccc(O)c5n4)nc4ccccc43)c2)C2CCC(C2)N1C,1,0.5373,0.5625,0.4627,0.4375,4.7271,425.1644,131.0946,4.446,0.3298,0.4009,0.2473,-7.25,0.9401,0.4175,0.3984,0.2014,0.2852,0,1,0,394.6886,4.55,0.3679,-6.3915,0.043,0.0078,1,1,1,1,B0,2024
Cc1ccc(N(c2ccc(C)cc2)c2ccc(/C=C/c3ccc(CC#N)s3)cc2)cc1,1,0.4833,0.6545,0.5167,0.3455,2.4921,387.2157,49.1627,4.4924,0.3875,0.3188,0.2097,-7.4017,1.2261,0.5149,0.3736,0.2234,0.3012,1,0,0,407.8873,4.4596,0.3352,-7.3958,0.0972,0.0063,1,1,1,1,B0,2024
COc1cc(-n2cc3ccccc3c/c2=N/S(=O)(=O)c2ccc(C)cc2)ccc1-c1cc(C(C)(C)C)c(O)cc1C(C)(C)C,1,0.3281,0.6875,0.6719,0.3125,3.1081,453.0729,117.9386,4.1829,0.7262,0.2732,0.2024,-6.7476,0.8717,0.4405,0.4138,0.2253,0.3228,0,1,0,462.1135,4.1099,0.3233,-6.3309,0.053,0.0057,0,1,0,0,B0,2024
CCSCN(c1ccc(C)cc1)c1ccc(C)c(C)c1,1,0.6792,0.6792,0.3208,0.3208,2.3816,339.9229,59.3339,4.1528,0.4335,0.1776,0.1833,-7.1434,1.4504,0.42,0.3653,0.3419,0.3438,0,1,0,315.9101,4.0948,0.3163,-7.2766,0.2791,0.0357,1,1,1,1,B0,2024
N#Cc1ccccc1CN=Nc1ccc(O)c2ncccc12,1,0.5094,0.7143,0.4906,0.2857,2.7004,421.4747,35.1179,3.6984,0.7586,0.2147,0.2067,-7.3671,1.1073,0.6248,0.3708,0.2308,0.3157,0,0,0,408.2332,3.8995,0.2747,-7.4539,0.2047,0.0053,1,1,1,1,B0,2024
Cc1cc2c(C=Cc3ccc4c(c3)Sc3ccccc3N4CC3CCC(C)CC3=O)cc(=O)oc2cc1-c1ccc(C(C)(C)C)cc1,1,0.4762,0.747,0.5238,0.253,3.935,444.006,102.5991,4.316,0.4657,0.4945,0.2543,-7.1995,0.9835,0.4302,0.3869,0.1839,0.2876,0,1,0,407.6686,4.2806,0.3642,-7.1969,0.0509,0.0112,1,1,1,1,B0,2024
CCCCc1cc(N(CC)CC)cc2c1C(C(C)c1cc(C(=O)c3ccccc3)c(O)cc1O)=C1C=CC(=[N+](CC)CC)C=C1[Si]2(C)C,1,0.5287,0.6184,0.4713,0.3816,4.4126,544.9322,102.913,4.6434,0.4499,0.3638,0.2634,-7.0208,1.0536,0.4424,0.3861,0.1124,0.1886,0,1,0,568.5504,4.3811,0.4176,-7.1279,0.0438,0.0054,0,1,0,0,B0,2024
Nc1cc(-c2cccc(F)c2)ccc1O,1,0.6585,0.6176,0.3415,0.3824,1.7889,331.5516,56.827,3.9733,0.3237,0.2648,0.223,-5.2921,0.8522,0.7471,0.2937,0.2708,0.3055,1,0,0,321.3045,4.0671,0.3347,-5.1245,0.7281,0.0094,1,0,0,0,B0,2024
COC(=O)CCCCCCCCCCN1C(=O)c2ccc3c4ccc5c6c(ccc(c7ccc(c2c37)C1=O)c64)C(=O)NC5=O,1,0.3404,0.6481,0.6596,0.3519,2.8885,499.7494,59.8003,4.5318,0.206,0.5725,0.2751,-6.8029,1.0021,0.3098,0.3699,0.1063,0.1995,0,1,0,507.1522,4.6339,0.5456,-6.5892,0.1302,0.0042,0,1,0,0,B0,2024
COc1cc(C#N)cc(C(=O)NC2CN3CCC2CC3)c1,1,0.7288,0.1591,0.2712,0.8409,3.4771,333.9954,72.0778,4.2072,0.4744,0.396,0.259,-6.9319,0.722,0.5485,0.4242,0.2719,0.3306,1,0,0,326.8438,4.1103,0.4153,-6.4926,0.5708,0.026,1,0,0,0,B0,2024
Oc1cccc(-c2ccccc2)c1O,1,0.45,0.4286,0.55,0.5714,1.5953,292.8212,21.9069,3.9659,0.3828,0.1645,0.1206,-5.1666,0.8647,0.6883,0.283,0.2956,0.3058,0,0,0,309.0029,3.9701,0.2277,-4.9718,0.4973,0.0171,0,0,0,0,B0,2024
Oc1ccc(C=CC2CCc3cc(Cl)ccc3O2)cc1Cl,1,0.5818,0.6481,0.4182,0.3519,2.9284,311.8989,46.9027,4.232,0.531,0.2402,0.2283,-7.5848,0.8739,0.4467,0.4097,0.295,0.3498,0,1,0,303.4864,4.3588,0.2327,-7.2797,0.1034,0.009,0,1,0,0,B0,2024
CCCCn1cc(C(=O)c2c(O)ccc(C)c2F)cn1,1,0.7213,0.5094,0.2787,0.4906,2.4197,362.0314,76.7276,3.9888,0.5508,0.3579,0.2392,-7.3246,1.0511,0.5661,0.3632,0.2211,0.304,1,0,0,322.5557,3.8315,0.2773,-7.3742,0.2101,0.021,1,1,1,1,B0,2024
CCCCC(CC)COc1c(O)ccc2c1NC(=O)C2=O,1,0.68,0.5741,0.32,0.4259,3.1466,340.5268,76.1914,3.6079,1.0235,0.3161,0.2533,-7.3835,1.017,0.452,0.3758,0.1328,0.2347,0,1,0,351.158,3.6807,0.2067,-7.3022,0.1933,0.0146,0,1,0,0,B0,2024
COc1c(C)sc2ccccc12,1,0.5294,0.675,0.4706,0.325,2.053,307.2455,52.4942,3.7099,0.4073,0.1365,0.1849,-4.2297,1.229,0.3606,0.332,0.3443,0.3436,0,0,0,289.9086,3.6735,0.086,-3.5386,0.038,0.6057,0,0,0,0,B0,2024
N#Cc1c(F)cccc1-c1ccc2ccccc2c1,1,0.5833,0.6939,0.4167,0.3061,1.8418,328.6249,30.9856,4.1645,0.2782,0.3229,0.1927,-7.527,1.2475,0.5607,0.3603,0.3218,0.344,1,0,0,323.0832,4.0305,0.3965,-7.7432,0.3281,0.0078,1,1,1,1,B0,2024
CC=CC=Cc1c2ccc(=[NH2+])cc-2oc2c3c(ccc12)NC(C)(C)C=C3C,1,0.3871,0.8313,0.6129,0.1687,3.8362,506.8315,50.4711,4.3485,0.3114,0.2275,0.2008,-7.1016,0.9766,0.4977,0.3887,0.2921,0.3411,0,1,0,527.397,4.5321,0.2163,-5.8541,0.1791,0.0118,0,1,0,0,B0,2024
CC1(C)CC(OC(=O)c2ccccc2-c2ccc(C(C)(C)C)cc2)CC(C)(C)N1,1,0.6604,0.4222,0.3396,0.5778,2.4423,327.4403,46.5518,4.2443,0.3596,0.292,0.2231,-7.258,0.962,0.3903,0.3827,0.1457,0.2515,1,1,1,302.1147,4.2396,0.249,-6.2933,0.0161,0.0072,0,1,0,0,B0,2024
COc1ccc(-c2cc(C)ccc2CCCCCCCN2CCCCC2)cc1,1,0.6724,0.5536,0.3276,0.4464,1.9796,324.0408,39.7406,4.2733,0.3498,0.4316,0.248,-7.0987,1.274,0.4237,0.3697,0.2186,0.2893,1,1,1,325.4194,4.29,0.3834,-7.2827,0.0938,0.0267,1,1,1,1,B0,2024
CCCCCCCCc1ccc(OCc2cccc(F)c2)s1,1,0.6296,0.6964,0.3704,0.3036,2.215,341.695,73.7293,3.9922,0.6419,0.2803,0.3093,-6.8422,1.5061,0.3118,0.3286,0.2369,0.2878,1,1,1,361.5891,4.1743,0.2754,-6.6726,0.0316,0.0271,1,1,1,1,B0,2024
CCNc1ccc2c(c1)OC1=C(/C=C/C3=[N+](CC)c4ccc5ccccc5c4C3(C)C)CCCC1=C2/C=C1/N(C(C)=O)c2ccccc2C1(C)C,1,0.1744,0.7895,0.8256,0.2105,3.8035,707.6691,41.0626,5.2818,0.1315,0.2397,0.1497,-7.0962,1.0215,0.3137,0.3685,0.0896,0.181,0,1,0,711.554,5.2208,0.125,-7.3527,0.0118,0.0041,0,1,0,0,B0,2024
N#CC(=Cc1ncc2cc(N(C(=O)c3cc(Br)c(Br)[nH]3)c3cccc(O)c3)ccc2n1)C(=O)O,1,0.4154,0.7,0.5846,0.3,3.3344,412.8856,58.668,4.3615,0.3871,0.1682,0.1734,-7.2997,0.9999,0.5474,0.3726,0.1866,0.2864,0,0,0,436.7242,4.2276,0.3242,-7.4107,0.0531,0.0085,0,1,0,0,B0,2024
COc1ccc(N(c2ccc(C)cc2)c2ccc(-c3ccc(/C=C(\C#N)C(=O)O)s3)cc2)cc1,1,0.1346,0.6066,0.8654,0.3934,2.4938,456.9393,36.5589,4.4691,0.1295,0.1068,0.0852,-6.9864,0.9131,0.4909,0.3855,0.1228,0.231,0,1,0,435.7454,4.5134,0.1215,-6.3848,0.0687,0.0053,0,1,0,0,B0,2024
O=c1c(Cl)c[nH]c2ccccc12,1,0.5,0.5333,0.5,0.4667,1.986,285.2537,18.3089,3.8767,0.1945,0.2938,0.2677,-5.1451,0.7678,0.6531,0.3532,0.4375,0.3236,0,0,0,304.8314,3.7073,0.2977,-5.0711,0.4353,0.016,0,1,0,0,B0,2024
Cc1cc(-c2ccccc2)cc2cc(C)c3c4ccccc4[nH]c3c12,1,0.3333,0.66,0.6667,0.34,2.165,359.1754,49.0868,4.2521,0.1923,0.2996,0.2167,-7.1855,1.486,0.4417,0.3822,0.2952,0.3343,1,1,1,362.6683,4.4322,0.2116,-7.3916,0.0408,0.0322,0,1,0,0,B0,2024
CCCCN1c2ccccc2Sc2cc(-c3ccc(C(=O)C4CCC(C)(C)C=C4C)c4nsnc34)ccc21,1,0.4588,0.7013,0.5412,0.2987,3.712,420.3838,58.6587,4.0074,0.5406,0.284,0.2362,-6.9793,1.1356,0.4676,0.414,0.1493,0.2606,0,1,0,412.6758,4.1267,0.1689,-6.045,0.0329,0.0041,0,1,0,0,B0,2024
COC(=O)c1cc2c(s1)sc1c(-c3ccc(C(C)(C)C)cc3)cccc12,1,0.56,0.6383,0.44,0.3617,2.5,348.8358,30.7358,4.2591,0.3163,0.3404,0.1895,-7.2524,1.1597,0.4601,0.3671,0.1388,0.2354,1,1,1,353.7244,4.1782,0.2636,-6.4707,0.0293,0.0033,1,1,1,1,B0,2024
COC(=O)/C(C#N)=C\c1ccc(C=Cc2ccc3n2[B-](F)(F)[N+]2=C(C=Cc4ccc(N(C)C)cc4)C=CC2=C3c2ccc(C)cc2)cc1,1,0.4189,0.6234,0.5811,0.3766,3.791,649.1974,70.4895,4.773,0.2654,0.3655,0.2346,-6.8604,1.0543,0.4764,0.4019,0.1466,0.2622,0,1,0,634.0922,4.7872,0.2965,-5.9593,0.0928,0.0041,0,1,0,0,B0,2024
O=C(c1ccccc1)C1CCCNC1,1,0.6923,0.3947,0.3077,0.6053,2.2884,273.5843,48.8743,3.8841,0.44,0.2244,0.2717,-5.7662,0.9475,0.3939,0.3445,0.2937,0.3246,0,1,0,278.1528,3.7206,0.293,-5.4621,0.1271,0.0481,0,1,0,0,B0,2024
COc1ccc(/C=C/c2ccc(N(c3ccccc3)c3ccccc3)cc2)s1,1,0.4571,0.5227,0.5429,0.4773,2.3446,381.2845,34.49,4.5077,0.1973,0.3159,0.2012,-6.9281,1.4078,0.5568,0.3696,0.1746,0.2662,1,0,0,406.469,4.4588,0.2739,-6.453,0.0733,0.0474,1,1,1,1,B0,2024
CCOc1ccc(O)c(OC)c1,1,0.6,0.4412,0.4,0.5588,1.5316,277.0389,28.1175,3.7089,0.4843,0.2378,0.1924,-5.2315,0.6689,0.4751,0.3322,0.2543,0.2896,0,1,0,297.1,3.7871,0.2149,-5.7515,0.0467,0.0392,0,1,0,0,B0,2024
CCn1c2scc(O)c2c2c3nsnc3c3c4ccsc4n(C(=O)OC)c3c21,1,0.4259,0.7391,0.5741,0.2609,3.8458,389.5314,56.4258,4.28,0.3785,0.3041,0.222,-7.2042,0.9528,0.5275,0.3968,0.0988,0.2084,1,0,0,422.2233,4.2482,0.1751,-6.5877,0.2238,0.0058,0,1,0,0,B0,2024
CC=Cc1c(C)c(OC)c(O)c(OC)c1-c1ccc(OC)cc1,1,0.6512,0.617,0.3488,0.383,2.4771,357.7277,52.7923,4.1624,0.3716,0.1055,0.0976,-6.8306,0.9096,0.4614,0.3524,0.2132,0.3009,0,1,0,363.6291,4.1893,0.1488,-7.5384,0.0664,0.0048,0,1,0,0,B0,2024
C/C=C(\C)C(=O)OCCOC,1,0.7368,0.4,0.2632,0.6,2.3545,395.4202,118.951,2.7937,1.0234,0.1,0.0951,-5.3816,0.6041,0.429,0.3423,0.4208,0.3262,0,1,0,368.2435,3.0384,0.1426,-5.7486,0.1051,0.2371,0,1,0,0,B0,2024
COc1ccc(-c2cccc(-c3ccc4c(c3)N(CCC=C(C)CCC=C(C)C)c3ccc(-c5ccc(/C=C(\C#N)C(=O)O)s5)cc3S4)c2)cc1,1,0.3614,0.7356,0.6386,0.2644,3.3276,471.5532,59.1577,4.3991,0.409,0.2527,0.2161,-6.7553,1.0041,0.3753,0.3934,0.1017,0.1837,0,1,0,443.5284,4.5231,0.2553,-5.9588,0.0413,0.0052,0,1,0,0,B0,2024
COc1cc(F)c(F)cc1F,1,0.4231,0.6176,0.5769,0.3824,1.7567,302.2326,53.0133,3.5887,0.3817,0.1709,0.1616,-4.8535,0.8598,0.6093,0.305,0.4715,0.3347,0,0,0,286.6726,3.6065,0.2906,-3.5855,0.4601,0.0533,0,0,0,0,B0,2024
CCCCCC(=O)C1CCC(C(=O)OC)CN1,1,0.75,0.3611,0.25,0.6389,3.1725,397.1501,119.6045,3.1428,0.8702,0.3116,0.2667,-6.9465,1.0314,0.3159,0.3706,0.2561,0.3029,0,1,0,355.694,2.811,0.244,-7.1615,0.0388,0.254,0,1,0,0,B0,2024
COC(=O)c1c(C=C(C(=O)OSC)[N+](=O)[O-])ccc(OC)c1OC,1,0.697,0.5932,0.303,0.4068,3.0373,353.2472,44.1823,3.9528,0.8405,0.1392,0.1483,-6.7415,0.6727,0.6122,0.3572,0.196,0.2906,0,0,0,380.6979,4.1172,0.1993,-6.3424,0.5884,0.0092,0,0,0,0,B0,2024
COc1ccc(-c2c(C(=O)c3ccccc3)c(O)c(N(C)C)c(O)c2S(=O)(=O)O)cc1,1,0.6667,0.5208,0.3333,0.4792,2.6399,333.3537,55.9882,4.2094,0.2998,0.2085,0.1441,-6.8531,0.9324,0.4524,0.3517,0.1268,0.2263,0,1,0,357.8137,4.1626,0.1798,-6.072,0.0959,0.0106,0,1,0,0,B0,2024
CC(=O)c1c2c(nn1C)N(c1ccc(Cl)c(-c3ccccc3-c3ccc(C(C)(C)C)cc3)c1)C1=CC(c3ccccc3)N=CC1=C2,1,0.2941,0.7297,0.7059,0.2703,3.8206,437.1356,111.7752,4.2183,0.4078,0.3213,0.2026,-7.2355,1.0806,0.5259,0.3901,0.2524,0.3294,0,0,0,434.8688,4.1064,0.2806,-7.3061,0.0698,0.0042,0,1,0,0,B0,2024
COc1cc2c(cc1-c1ccc([N+](=O)[O-])cc1)Cc1c3c(c4c(c1-2)-c1cc(OC)c(-c2ccc([N+](=O)[O-])cc2)cc1C4)C(=O)N(CCC(C)C)C3=O,0,0.0,0.697,1.0,0.303,3.3562,416.6328,49.4354,4.4507,0.1772,0.1597,0.1527,-6.7217,0.8061,0.4349,0.3973,0.1494,0.2435,0,1,0,437.3544,4.4128,0.1534,-6.5725,0.1214,0.0162,0,1,0,0,B0,2024
Cc1cc(C(C)(C)C)cc(OC(=O)c2c3c4c(ccc(F)c4c4cc5c(cc24)[Si](C)(C)O[Si]5(C)C)N(C)C3=O)c1O,1,0.3235,0.7442,0.6765,0.2558,3.8058,506.2978,94.1661,4.1944,0.3458,0.3339,0.2448,-7.1088,1.0623,0.357,0.3831,0.1864,0.2894,0,1,0,527.2141,4.2649,0.2718,-6.3746,0.0453,0.0073,0,1,0,0,B0,2024
CCC#Cc1c(F)c(C#Cc2ccc(C)cc2)c(F)c(C#Cc2ccc(C)cc2)c1C#Cc1ccc(C)cc1,1,0.2333,0.6857,0.7667,0.3143,2.9731,366.8654,41.5219,4.5698,0.2059,0.4219,0.2022,-7.2221,1.4496,0.4598,0.3821,0.3782,0.3659,1,1,1,356.3886,4.6879,0.3266,-7.4417,0.0772,0.0463,1,1,1,1,B0,2024
CCCCCCCCCCCc1ccc2c(c1)c(-c1ccccc1)c(-c1ccccc1)[n+]1c3cc(Cl)ccc3c(-c3cccc(C)c3)c(-c3ccccc3)c21,1,0.4462,0.6892,0.5538,0.3108,3.1554,434.5107,60.4479,4.404,0.3568,0.407,0.1778,-6.8407,1.5953,0.4991,0.3681,0.3321,0.3563,0,1,0,436.2082,4.4291,0.3926,-7.3792,0.0368,0.0287,0,1,0,0,B0,2024
O=C(O)CC=CC(=O)c1ccccc1O,1,0.5263,0.4242,0.4737,0.5758,2.2413,319.1886,27.8294,3.8051,0.6137,0.0958,0.1547,-5.6333,0.4805,0.6192,0.3451,0.262,0.3209,0,0,0,320.2912,3.7828,0.2616,-5.8814,0.4605,0.0319,0,1,0,0,B0,2024
Cc1ccc(-c2ccccc2)c(C(=O)O)c1,1,0.4857,0.5278,0.5143,0.4722,1.4403,302.6706,22.4797,4.0585,0.3252,0.2197,0.1492,-6.4388,1.7556,0.505,0.3325,0.2461,0.2996,0,0,0,311.4256,4.1933,0.2826,-7.1695,0.3065,0.0185,1,1,1,1,B0,2024
CCCCCCN1c2ccc(-c3ccc(C=C(CS)C(=O)O)s3)cc2Sc2ccc(-c3ccc4ccc5cccc6ccc3c4c56)cc21,1,0.2051,0.7308,0.7949,0.2692,3.2698,437.8758,45.8916,4.5212,0.2082,0.2867,0.2131,-6.9533,1.1692,0.4094,0.4016,0.1267,0.237,0,1,0,445.7504,4.4848,0.1848,-5.8015,0.3587,0.0032,0,1,0,0,B0,2024
O=C(c1ccccc1)c1ccc(O)cc1,0,0.4444,0.0,0.5556,1.0,1.3708,306.8051,17.2944,4.1096,0.3244,0.1626,0.121,-5.389,0.8911,0.5892,0.3024,0.2552,0.284,0,0,0,313.321,3.9666,0.1781,-5.3438,0.5481,0.0156,0,0,0,0,B0,2024
Cc1cc(-c2nnc(Nc3ccc(Cl)cc3Cl)s2)ccc1O,1,0.4906,0.6792,0.5094,0.3208,2.1986,324.9633,49.7708,4.1603,0.3602,0.226,0.1678,-7.2285,0.9454,0.7446,0.3218,0.283,0.3503,0,0,0,313.8858,4.2326,0.1801,-7.3334,0.6248,0.006,0,0,0,0,B0,2024
COC(=O)C(C#Cc1c(F)c(C#Cc2ccc(C)cc2)c(F)c(C#Cc2ccc(C)cc2)c1C#Cc1ccc(C)cc1)=Cc1cccc(OC)c1,1,0.5556,0.4737,0.4444,0.5263,3.4708,387.3297,78.8485,4.5956,0.2372,0.2609,0.2047,-6.9424,1.0307,0.3903,0.3664,0.1131,0.2047,1,1,1,369.1526,4.7268,0.2792,-6.4762,0.0938,0.0043,1,1,1,1,B0,2024
CCc1c(F)cccc1OC,1,0.5862,0.6286,0.4138,0.3714,1.7434,281.7429,28.7841,3.4959,0.4331,0.2266,0.172,-4.3964,0.9722,0.4547,0.3547,0.4111,0.3242,0,0,0,289.4619,3.4499,0.2979,-3.2928,0.0694,0.2205,0,0,0,0,B0,2024
CCC(=O)N(CC)c1ccccc1,1,0.5357,0.5385,0.4643,0.4615,1.7298,270.4634,37.4539,3.5337,0.5596,0.1756,0.2067,-4.7336,0.835,0.3864,0.3037,0.367,0.3393,0,0,0,291.8031,3.549,0.2337,-4.3413,0.1122,0.0644,0,0,0,0,B0,2024
Cc1cc(O)cc(-c2ccc(-c3nc(-c4ccccc4)nc(-c4ccccc4)n3)cc2)c1,1,0.5667,0.4483,0.4333,0.5517,2.0425,338.8069,14.8162,4.4701,0.2352,0.2369,0.1646,-7.3302,1.0557,0.4494,0.3629,0.179,0.2682,0,1,0,337.4978,4.3818,0.2718,-7.2161,0.0378,0.005,1,1,1,1,B0,2024
CC(=O)c1c(C)c2cc3nc(Nc4cccc(Br)c4)n(CCOc4ccccc4)c3cc2oc1=O,1,0.125,0.6974,0.875,0.3026,2.634,418.6308,119.1046,4.3458,0.2961,0.3675,0.244,-6.9865,0.918,0.3442,0.3822,0.1209,0.2182,1,1,1,364.0811,4.4071,0.3426,-6.5345,0.0104,0.0065,1,1,1,1,B0,2024
OCCCCC=C1CC2CC1C1CCCC21,1,0.8158,0.359,0.1842,0.641,4.6577,440.9524,143.6335,3.3651,0.8111,0.0969,0.1335,-6.3211,1.6529,0.2575,0.3324,0.5411,0.3513,0,0,0,445.8728,3.5274,-0.0337,-6.9367,0.0496,0.5953,0,0,0,0,B0,2024
COc1ccc(N(c2ccccc2)c2ccc3ccc4c(C(C)(C)C)ccc5ccc2c3c54)cc1,1,0.2105,0.6383,0.7895,0.3617,2.4099,394.57,61.4935,4.3124,0.3227,0.39,0.0993,-6.9158,1.3977,0.4503,0.3697,0.2302,0.3165,1,1,1,398.0925,4.3674,0.412,-6.4261,0.0523,0.0549,1,1,1,1,B0,2024
COc1ccc(Nc2nc(Nc3ccc(N)cc3)nc(Nc3ccc(C(=O)c4ccccc4)cc3)n2)cc1,1,0.3158,0.2821,0.6842,0.7179,2.2771,357.2326,57.7975,4.4585,0.2468,0.2828,0.2206,-6.9381,0.9258,0.5071,0.3911,0.1047,0.2112,1,0,0,368.8496,4.2614,0.2282,-6.2635,0.0842,0.0049,0,1,0,0,B0,2024
CCOC(=O)c1ccc(C=CC2=[N+]3C(=C(c4ccccc4)c4ccc(C=Cc5ccc(C(=O)OC(=O)[C@@H]6CCCCN6)o5)n4[B-]3(F)F)C=C2)o1,1,0.2375,0.679,0.7625,0.321,4.5257,689.9446,84.7036,4.8328,0.1784,0.3638,0.241,-7.1197,0.9862,0.3169,0.3845,0.1088,0.2112,0,1,0,634.839,4.7653,0.2249,-6.5465,0.019,0.0042,0,1,0,0,B0,2024
CCOC(=O)C(C)=C=C(CC)c1ccccc1-c1ccccc1,1,0.5962,0.4545,0.4038,0.5455,2.5088,314.0573,24.9204,4.1509,0.3869,0.3779,0.1469,-7.2821,1.2011,0.3098,0.3301,0.1364,0.2307,1,1,1,317.5888,4.1719,0.3554,-6.6963,0.0191,0.0051,1,1,1,1,B0,2024
CCN(CC)c1ccc2cc3cc(-c4ccc(C#N)cc4)n(CCCC(=O)OC)c(=O)n3c2c1,1,0.2113,0.7027,0.7887,0.2973,2.9109,397.924,65.37,4.5435,0.3283,0.4422,0.1648,-6.9469,0.904,0.5007,0.4046,0.0805,0.1689,1,0,0,410.0752,4.2947,0.3992,-6.6057,0.0957,0.0053,1,1,1,1,B0,2024
COc1cccc(Oc2cc(-c3ccccc3)c(C=O)o2)c1,1,0.6458,0.5946,0.3542,0.4054,2.4422,376.4797,83.6422,4.3724,0.2284,0.1776,0.1777,-6.9019,0.9369,0.4867,0.3489,0.1788,0.2536,0,1,0,353.5244,4.2721,0.4518,-6.34,0.0372,0.0114,1,1,1,1,B0,2024
CC(C)(C)c1ccc(-c2ccccc2N2CCCCC2)cc1,1,0.6078,0.5143,0.3922,0.4857,1.7852,338.7832,42.7937,4.2342,0.2112,0.3544,0.195,-7.5323,1.3751,0.4696,0.3522,0.3765,0.3502,1,1,1,328.8752,4.2943,0.3704,-8.082,0.0886,0.0646,1,1,1,1,B0,2024
COC1=C2Nc3nc(C#N)[nH]c3C(=O)NC2(O)C=CC1=O,1,0.5932,0.7742,0.4068,0.2258,4.6405,325.2549,49.6046,4.1259,0.4798,0.2409,0.2027,-6.9652,0.8614,0.5641,0.3697,0.2518,0.2995,0,0,0,320.3004,4.2,0.2189,-6.3838,0.5169,0.0881,0,0,0,0,B0,2024
COc1cc2nn(-c3cc(C=CC=Cc4ccncc4)cc(C(C)(C)c4ccccc4)c3O)nc2cc1C(F)(F)F,1,0.6912,0.5312,0.3088,0.4688,3.1286,410.0993,72.1781,4.5043,0.3846,0.2347,0.1798,-6.782,0.9393,0.4649,0.3751,0.1971,0.2842,0,1,0,416.0672,4.4674,0.123,-6.2921,0.0809,0.0055,0,1,0,0,B0,2024
CC(=O)N(c1ccc(/C=C/C2=CC(=C(\C#N)C(=O)O)/CC(C)(C)C2)cc1)c1ccc(-n2c3ccccc3c3ccccc32)cc1,1,0.1406,0.7381,0.8594,0.2619,3.1749,475.1474,82.4918,4.5748,0.216,0.2915,0.2475,-7.238,1.0699,0.4831,0.3782,0.1339,0.2492,0,1,0,477.0216,4.5732,0.3443,-7.3605,0.1024,0.0074,0,1,0,0,B0,2024
CCC=Cc1c(O)c(O)c(O)c(O)c1O,1,0.7778,0.6154,0.2222,0.3846,3.1069,305.016,59.4367,3.7622,0.5407,0.0648,0.0733,-5.8851,0.9557,0.6193,0.3209,0.3715,0.3451,0,0,0,310.5488,3.6621,0.1088,-6.0065,0.6264,0.0229,0,0,0,0,B0,2024
CN(C)c1ccc(OC(=O)c2cc(-c3ccccc3)c(O)c(C(C)(C)C)c2)cc1,1,0.6327,0.3696,0.3673,0.6304,2.1587,410.2285,73.1873,4.2819,0.3706,0.2434,0.1779,-7.0058,1.0103,0.4373,0.3662,0.1612,0.2716,0,1,0,377.949,4.2503,0.1793,-5.9821,0.0386,0.005,0,1,0,0,B0,2024
COc1cc(C(=O)c2cc3nc4ccccc4n3cc2C)ccc1O,1,0.4364,0.4906,0.5636,0.5094,2.3722,336.2903,27.4407,4.168,0.2578,0.3289,0.2315,-6.9722,0.8115,0.5486,0.3866,0.1363,0.2381,1,0,0,339.5871,3.7045,0.2574,-6.3677,0.4098,0.0055,0,1,0,0,B0,2024
CCCCc1ccc(-c2ccc(OCC(CC)CCCC)s2)s1,1,0.6154,0.6154,0.3846,0.3846,3.1086,330.0254,55.3603,3.7276,0.8865,0.2925,0.2618,-6.7232,1.4484,0.4042,0.3603,0.2224,0.3085,0,1,0,331.4474,4.0968,0.2454,-6.7124,0.0762,0.3119,0,1,0,0,B0,2024
Cc1ccc(C[N+]2=C(C=CNC3CCNCC3)C(C)(C)c3ccccc32)c(-c2ccc(C(C)(C)C)cc2)c1,1,0.6463,0.7368,0.3537,0.2632,3.1601,448.308,103.7447,4.5443,0.4108,0.3235,0.255,-7.4539,1.1171,0.3978,0.383,0.2972,0.3553,0,1,0,493.4401,4.5322,0.4142,-7.4049,0.1203,0.0079,0,1,0,0,B0,2024
CC(C)(C)OC(=O)NC(Oc1ccc(O)c(C(=O)O)c1)c1ccc2oc(-c3ccc(OC(=O)c4ccccc4)cc3O)nc2c1,1,0.2568,0.5455,0.7432,0.4545,3.3867,374.9287,90.8368,4.4397,0.2997,0.203,0.2124,-7.0308,0.9799,0.3213,0.3679,0.1394,0.2571,0,1,0,389.3184,4.4592,0.2633,-6.32,0.0163,0.0077,1,1,1,1,B0,2024
Sc1nc2cc(-c3cccc(Cl)c3)ccc2s1,1,0.6731,0.5278,0.3269,0.4722,2.314,318.1673,27.6442,4.2035,0.2319,0.2529,0.2628,-7.2512,1.5172,0.782,0.2753,0.2982,0.3164,1,0,0,324.1452,4.1891,0.2245,-7.5157,0.7764,0.3883,0,0,0,0,B0,2024
CN(C)c1cc(O)cc(O)c1C(=O)NCc1cn(Cc2c3ccccc3cc3ccccc23)nn1,1,0.5301,0.7077,0.4699,0.2923,2.7254,393.6346,110.0745,4.3076,0.1738,0.3973,0.2623,-7.3427,1.0633,0.5723,0.4018,0.1261,0.2282,1,0,0,324.1311,4.3808,0.2325,-6.1071,0.3618,0.005,0,1,0,0,B0,2024
C(=C(c1ccccc1)c1nc2ccccc2o1)c1ccccc1,1,0.1842,0.6667,0.8158,0.3333,2.0274,354.7975,28.1026,1.8422,0.8539,0.0738,0.0999,-7.424,1.2491,0.4717,0.3294,0.2243,0.2809,0,1,0,354.9179,1.9121,0.0616,-7.6303,0.2816,0.0037,0,1,0,0,B0,2024
C=Cc1ccccc1C(=O)C=Cc1c(C)cc(N(C)C)cc1C,1,0.625,0.5909,0.375,0.4091,2.5195,424.4989,97.2197,4.3403,0.2851,0.244,0.2031,-7.3631,1.2634,0.4392,0.3833,0.2177,0.2915,0,1,0,403.3931,4.1906,0.2996,-6.1066,0.0273,0.0072,1,1,1,1,B0,2024
Oc1cccc(-c2cccc(-c3ccccc3)c2)c1O,1,0.5333,0.5455,0.4667,0.4545,1.7071,333.0855,31.8379,4.2149,0.2292,0.1905,0.1273,-7.4317,1.0846,0.6024,0.3262,0.238,0.296,0,0,0,327.0708,3.9773,0.2718,-7.3805,0.2338,0.0054,1,1,1,1,B0,2024
COc1ccc(-c2ccc3c(c2)C2(CCNCC2)NC3=O)c(F)c1,1,0.6719,0.5306,0.3281,0.4694,3.0052,364.6306,45.5535,4.1829,0.324,0.3401,0.2404,-6.8195,0.8062,0.4663,0.3667,0.2385,0.3122,1,1,1,350.4632,4.4771,0.3206,-6.3593,0.108,0.0336,1,1,1,1,B0,2024
CCCCCCCCC(=O)Nc1ccc(C(=O)C=Cc2cccc(C(=O)c3cc(C)c(O)c(OC)c3)c2)cc1,1,0.5205,0.5714,0.4795,0.4286,2.4271,417.5093,74.9218,4.2883,0.8299,0.2718,0.1962,-6.6782,0.8416,0.3794,0.3945,0.097,0.2185,1,1,1,421.3308,4.4486,0.1819,-6.6101,0.0912,0.0043,0,1,0,0,B0,2024
O=C(Nc1cn[nH]c1-c1ccnc(-c2cccs2)c1)c1c(Cl)cccc1Cl,1,0.5517,0.5672,0.4483,0.4328,2.5283,339.8314,67.4222,4.1077,0.5349,0.2213,0.1544,-7.6213,1.0241,0.5883,0.4039,0.2676,0.3258,0,0,0,323.6624,4.218,0.2988,-7.8431,0.1984,0.0065,1,1,1,1,B0,2024
COc1ccc(-c2cc[n+]3c(c2)C(=O)c2cccn2[B-]3(F)F)cc1,1,0.4043,0.7037,0.5957,0.2963,3.3302,473.0999,51.6171,4.5076,0.3541,0.348,0.2272,-6.9385,0.9883,0.5413,0.3458,0.1878,0.274,0,0,0,465.2524,4.5741,0.3558,-6.551,0.4506,0.0254,0,1,0,0,B0,2024
COc1ccc2c(c1)c(Cc1nc3ccccc3o1)c(C)n2C,1,0.6038,0.6154,0.3962,0.3846,2.2643,375.4873,75.775,4.2096,0.3522,0.3809,0.1207,-6.784,0.938,0.4647,0.3547,0.1912,0.2742,1,1,1,359.776,4.1455,0.3551,-5.8528,0.1535,0.011,1,1,1,1,B0,2024
C[n+]1c(C=C2C(=O)C(c3c(O)cc(OC(C)(C)C)c(-c4ccc(C(C)(C)C)cc4)c3O)=C2[O-])sc2ccccc21,1,0.4938,0.7143,0.5062,0.2857,3.5432,621.2932,94.6835,4.6037,0.3641,0.1891,0.1617,-6.8902,0.9593,0.528,0.3914,0.1673,0.265,0,0,0,616.5226,4.4708,0.1102,-6.3557,0.095,0.0072,0,1,0,0,B0,2024
Cc1c(-c2ccc(CO)cc2)c(C(C)c2cc(C(C)c3cccc(O)c3)cc(C(C)c3ccccc3)c2O)n2ccccc12,1,0.6265,0.5789,0.3735,0.4211,3.9699,457.8258,120.5159,4.4027,0.377,0.3564,0.2709,-7.2948,1.0592,0.4573,0.3848,0.1961,0.2809,0,1,0,421.3894,3.7711,0.294,-7.06,0.0245,0.0066,0,1,0,0,B0,2024
CC(C)(C)c1cccc(Cl)c1,1,0.5854,0.48,0.4146,0.52,1.5678,271.3622,18.8723,3.7142,0.5902,0.2295,0.1849,-4.0083,1.0864,0.4456,0.3488,0.6279,0.3062,0,0,0,294.2544,4.1028,0.2545,-3.3522,0.0416,0.7115,1,0,0,0,B0,2024
Cn1c(=O)cc(-c2cc(Cn3c(=S)sc4ccccc43)cc(C(C)(C)C)c2O)c2ccccc21,1,0.6393,0.3214,0.3607,0.6786,2.7518,390.3253,63.8163,4.0721,0.6501,0.3877,0.2837,-7.298,1.2013,0.4428,0.3755,0.2385,0.3397,1,1,1,372.5918,4.0799,0.2304,-7.3686,0.2001,0.004,0,1,0,0,B0,2024
COc1ccc2c(c1)C(C)(C)c1ccccc1C2(C)C,1,0.4583,0.5172,0.5417,0.4828,2.2543,325.3232,60.6511,4.2221,0.3097,0.3462,0.2407,-6.8468,1.3391,0.413,0.3489,0.3161,0.3338,1,1,1,345.1204,4.1433,0.3914,-6.4157,0.0409,0.0598,1,1,1,1,B0,2024
CCC(C)c1ccc(O)c(C(=O)C(C)C)c1C(=O)OC,1,0.6964,0.5385,0.3036,0.4615,2.9309,282.2952,59.4977,3.8849,0.4347,0.3092,0.2447,-7.1079,0.7663,0.3791,0.3744,0.1744,0.2763,0,1,0,303.0834,3.8167,0.1808,-6.6247,0.0532,0.0064,0,1,0,0,B0,2024
O=CC1=C(C(=O)O)C2=C[C@H]3c4ccccc4[C@]2(S1)c1ccccc13,1,0.2857,0.72,0.7143,0.28,4.545,358.5853,59.2784,4.0213,0.4505,0.0906,0.0967,-7.4766,0.9929,0.6314,0.3184,0.1755,0.2502,0,0,0,381.6417,3.8248,0.2953,-7.5232,0.3995,0.0062,1,1,1,1,B0,2024
COc1cc(Br)cc(Sc2cc(Br)cc(C(C)(C)C)c2O)c1O,1,0.6842,0.2424,0.3158,0.7576,2.7393,310.5739,50.0596,4.149,0.43,0.2425,0.2037,-6.68,0.744,0.5414,0.3759,0.3482,0.3781,0,0,0,306.2821,4.0161,0.0776,-6.2388,0.1677,0.2864,0,1,0,0,B0,2024
CC1CCC2C(C)(C)C3CC12CCC3(C)c1ccccc1,1,0.7719,0.4615,0.2281,0.5385,5.0991,301.4992,44.6107,3.8507,0.6635,0.2138,0.2354,-7.219,0.9678,0.2098,0.3041,0.4369,0.3604,0,1,0,283.08,3.9965,0.1498,-7.4531,0.0205,0.8683,0,0,0,0,B0,2024
COc1ccccc1OC(=O)c1ccc(-c2ccc(-c3ccc(/C=C(\C#N)C(=O)O)s3)s2)s1,1,0.3958,0.5932,0.6042,0.4068,2.7843,473.4074,53.8533,4.3058,0.3559,0.102,0.1079,-6.9599,0.8889,0.5,0.3837,0.1072,0.1988,0,0,0,435.0674,4.3815,0.0162,-6.3681,0.0655,0.006,0,1,0,0,B0,2024
CCCCC(CC)Cn1c2cc(COC(=O)c3cc(O)c(O)c(OC)c3)c3cccc4c5cccc6c(-c7ccc(OC)c(C(F)(F)F)c7)cc1c(c65)c2c34,1,0.5905,0.6154,0.4095,0.3846,3.8495,489.8881,73.8533,4.2978,0.5374,0.4754,0.31,-6.7099,0.8369,0.4026,0.4014,0.0834,0.2171,0,1,0,492.8774,4.4376,0.2731,-6.5103,0.0476,0.004,0,1,0,0,B0,2024
N#CC(=CCOC(=O)c1ccccc1O)C(=O)O,1,0.62,0.4359,0.38,0.5641,2.404,382.5008,58.5937,3.9517,0.4447,0.1263,0.1649,-7.2273,0.8246,0.465,0.4066,0.1596,0.2663,0,1,0,377.6134,4.1385,0.1613,-6.7457,0.2465,0.0078,0,1,0,0,B0,2024
CCC(C)c1ccc(N=Nc2nc3ccccc3s2)n1-c1cccc2ccccc12,1,0.3729,0.7222,0.6271,0.2778,3.3057,488.1651,30.3646,4.1885,0.5496,0.6149,0.2756,-7.3532,1.0818,0.4496,0.3984,0.1985,0.2713,0,1,0,435.9907,4.2507,0.4233,-7.1039,0.1396,0.0104,0,1,0,0,B0,2024
COc1ccccc1CC(C)OC(C)=O,1,0.6667,0.4,0.3333,0.6,2.3052,275.7047,26.5138,3.5699,0.5437,0.2654,0.2977,-5.3904,1.0033,0.1992,0.2796,0.1958,0.2798,0,1,0,255.8694,3.5618,0.1486,-5.3697,0.0101,0.0443,0,1,0,0,B0,2024
OB(O)c1ccc(-c2ccccc2C(F)(F)F)cc1,1,0.5714,0.6389,0.4286,0.3611,2.2215,288.5281,32.1469,4.0889,0.321,0.2681,0.2122,-7.1457,1.3092,0.6129,0.3311,0.2926,0.3188,0,0,0,286.5018,4.1955,0.3003,-7.0898,0.5705,0.0088,0,0,0,0,B0,2024
CCCc1ccc(Br)cc1,1,0.5517,0.48,0.4483,0.52,1.3846,287.2945,49.3185,3.9807,0.5087,0.2182,0.2395,-3.5838,0.91,0.3706,0.2786,0.5497,0.2965,0,0,0,280.2473,3.9854,0.2224,-3.1289,0.0451,0.3598,0,0,0,0,B0,2024
O=C(c1ccccc1)c1cc([N+](=O)[O-])c(Br)cc1-c1ccccc1,1,0.6552,0.4048,0.3448,0.5952,1.9844,340.6395,47.7499,4.2317,0.2792,0.173,0.1851,-7.3994,1.0096,0.5729,0.381,0.1767,0.2452,0,0,0,344.8439,4.1891,0.2202,-7.2207,0.1173,0.0054,0,1,0,0,B0,2024
COc1ccc(CC(c2ccc(O)c(C)c2)c2ccc(O)c(C)c2)cc1OC,1,0.6809,0.5476,0.3191,0.4524,2.2301,310.8452,33.6661,4.281,0.2825,0.3486,0.2447,-6.8637,0.7994,0.5961,0.3475,0.2239,0.3114,1,0,0,300.0104,4.3877,0.106,-6.5902,0.0737,0.0063,0,1,0,0,B0,2024
CCCCC(CC)COc1cccc2c3n(c(-c4[nH]c(C)cc4C)c12)[B-](F)(F)[N+]1=C(C)C=C(C)C1=C3C=CN1CCCCC1,1,0.4792,0.7273,0.5208,0.2727,4.5417,605.638,71.6256,4.6845,0.3771,0.3992,0.2935,-7.2385,1.1414,0.4033,0.3875,0.0843,0.1921,0,1,0,633.9503,4.7481,0.4813,-7.129,0.0992,0.0105,0,1,0,0,B0,2024
CCCCC(CC)COc1cc(C(=O)OCC)ccc1NC(=O)c1cc(OC)ccc1O,1,0.5634,0.4194,0.4366,0.5806,2.6821,321.7455,45.2702,4.2024,0.3172,0.3352,0.2366,-6.853,0.8322,0.438,0.4062,0.0414,0.1313,1,1,1,380.8163,4.1162,0.2992,-6.6616,0.2168,0.0043,1,1,1,1,B0,2024
CC1=C(C=Cc2ccccc2F)C2=Cc3c(C=CC(C)(C)C)c(C)c(C)n3[B-](F)(F)[N+]2=C1C,1,0.339,0.7826,0.661,0.2174,4.0071,566.9215,30.7996,4.7921,0.2309,0.27,0.2487,-7.1696,1.5334,0.4609,0.3973,0.3269,0.3487,0,1,0,574.0024,4.8397,0.2976,-7.1669,0.2036,0.0519,0,1,0,0,B0,2024
CC(C)(C)c1cc(C(=O)c2ccccc2)cc(C(C)(C)C)c1O,0,0.5333,0.0,0.4667,1.0,2.0499,315.6245,34.3757,4.1489,0.2548,0.261,0.1715,-7.4541,1.0672,0.4557,0.3489,0.2463,0.3181,1,1,1,310.9805,3.9945,0.1969,-7.2657,0.0812,0.0063,0,1,0,0,B0,2024
CC(C)c1cc(C(C)C)c(B2c3ccccc3Oc3cc(NC(=O)Cc4ccsc4)ccc32)c(C(C)C)c1,1,0.5694,0.5797,0.4306,0.4203,3.205,375.4842,79.7269,4.2197,0.3931,0.3677,0.25,-7.1901,1.1852,0.4662,0.3946,0.171,0.2921,1,1,1,361.2167,4.2646,0.3752,-6.8616,0.0432,0.0055,1,1,1,1,B0,2024
CCCCc1c(O)ccc(C(C)=O)c1O,1,0.6667,0.4474,0.3333,0.5526,2.1055,280.2249,45.4544,3.8171,0.5271,0.2889,0.2638,-5.4928,0.9748,0.4848,0.3936,0.2239,0.2899,0,1,0,303.8178,3.9493,0.2941,-5.0915,0.0888,0.0463,1,1,1,1,B0,2024
COCCc1cc(C(C)(C)C)c(O)c(C(C)(C)C)c1,1,0.6129,0.4138,0.3871,0.5862,2.2389,291.6732,66.8713,3.6314,0.6452,0.2982,0.2704,-6.9491,0.7882,0.3669,0.3322,0.3051,0.3398,0,1,0,253.8658,3.6459,0.3071,-6.7872,0.0423,0.0514,0,1,0,0,B0,2024
CC1=CCC(C#Cc2cc(C#N)c(C#Cc3ccccc3C#N)cc2C#N)CC1,1,0.5714,0.7143,0.4286,0.2857,3.7781,358.3375,49.8507,4.2185,0.4309,0.5109,0.2242,-7.4594,0.9186,0.5021,0.3617,0.2976,0.3429,1,0,0,352.4957,4.4957,0.4304,-7.3689,0.1176,0.0103,1,1,1,1,B0,2024
CN(C)C(=O)c1ccc(N)c([N+](=O)[O-])c1,1,0.5833,0.4103,0.4167,0.5897,1.9895,353.7129,53.9309,3.923,0.3157,0.1391,0.1413,-5.7019,0.5433,0.8415,0.2312,0.2359,0.2943,0,0,0,374.2893,3.8439,0.1846,-5.8104,0.8709,0.015,0,0,0,0,B0,2024
CN(C)c1ccc(C(=N)N)c(C(C)(C)C)c1,1,0.6889,0.6,0.3111,0.4,2.3363,286.1224,44.044,3.694,0.7974,0.218,0.1727,-6.7708,1.0511,0.5634,0.3439,0.4118,0.3912,0,0,0,335.9502,3.6873,0.2343,-5.9815,0.3751,0.017,0,1,0,0,B0,2024
C=CC(C)(CCC)OC(=O)CC,1,0.7949,0.3235,0.2051,0.6765,3.3829,389.495,99.0465,3.0759,0.9729,0.1127,0.151,-4.8747,0.5986,0.2312,0.2439,0.3459,0.3061,0,0,0,381.6583,3.0834,0.1084,-4.8944,0.0242,0.3174,0,0,0,0,B0,2024
CCOC(=O)c1ccc(C(=O)/C=C/c2ccc(N(C)CCO)cc2)cc1,1,0.3462,0.52,0.6538,0.48,2.0827,422.0739,26.3841,4.1901,0.6438,0.1425,0.1396,-6.9881,1.0149,0.5726,0.3739,0.0976,0.2035,0,0,0,406.8733,4.3107,0.2063,-6.014,0.162,0.0051,0,1,0,0,B0,2024
CCOc1ccc(C=CC(=O)c2oc3cccc4[n+]3c2-c2ccccc2-4)cc1,1,0.6061,0.5357,0.3939,0.4643,3.0225,393.8019,56.7762,4.3612,0.4053,0.1767,0.1479,-7.1635,1.0253,0.49,0.3653,0.0955,0.1935,0,1,0,430.8712,4.2367,0.2645,-6.5046,0.0209,0.0043,0,1,0,0,B0,2024
CNc1ccc2c3c(cccc13)C(=O)N(C(=O)C(C)(C)C)C2=O,1,0.2857,0.7021,0.7143,0.2979,2.5243,400.4225,55.4988,4.0577,0.3556,0.2935,0.2041,-7.3383,0.9713,0.547,0.368,0.1893,0.2703,1,0,0,414.5513,4.0418,0.5243,-7.4379,0.6079,0.0101,1,0,0,0,B0,2024
C1CCCCCC(OCN2CCCC2)CCCCC1,1,0.8077,0.5714,0.1923,0.4286,2.563,422.9682,137.4965,3.3614,0.8006,0.1082,0.1344,-7.2334,1.1139,0.2232,0.3135,0.4897,0.3284,0,1,0,441.402,3.5703,0.0257,-7.3355,0.0331,0.7697,0,0,0,0,B0,2024
CNc1nc(Nc2ccccc2)nc(Nc2ccc(C=Cc3ccc(N=Nc4ccc(N(C)CCO)cc4)cc3S(=O)(=O)[O-])c(S(=O)(=O)[O-])c2)n1,1,0.6338,0.3492,0.3662,0.6508,3.6736,490.8911,129.8652,4.0738,0.9043,0.2442,0.1893,-6.9386,1.1082,0.363,0.3866,0.1674,0.2676,0,1,0,486.994,4.0781,0.153,-6.1197,0.047,0.0056,0,1,0,0,B0,2024
CSc1cc(C(=O)O)ccc1O,1,0.4848,0.4516,0.5152,0.5484,2.0759,266.2169,22.9375,3.6294,0.4859,0.2248,0.2088,-5.6863,0.6962,0.6365,0.3381,0.3137,0.3373,0,0,0,268.0392,3.2279,0.149,-6.292,0.7315,0.0232,0,0,0,0,B0,2024
CCOc1ccc(N(c2ccc(CC)cc2)c2ccc(OCC)cc2)cc1,1,0.5938,0.5625,0.4062,0.4375,1.8308,376.0085,54.3382,4.3934,0.3341,0.432,0.1629,-7.231,1.2373,0.4185,0.3439,0.2349,0.2944,1,1,1,385.6283,4.3832,0.4592,-6.6205,0.0383,0.0168,1,1,1,1,B0,2024
Nc1ccc(-c2ccccc2)cc1,1,0.3333,0.45,0.6667,0.55,1.2663,285.3628,24.8452,3.998,0.3201,0.3451,0.2325,-4.872,1.066,0.6219,0.3371,0.4007,0.3445,0,0,0,290.3898,3.9925,0.3112,-4.7666,0.6286,0.0448,1,0,0,0,B0,2024
CN(C)c1cc(C=Cc2ccc(Cl)cc2Cl)ccc1-c1ccco1,1,0.7119,0.7302,0.2881,0.2698,2.4127,393.1776,73.8713,3.9216,1.0321,0.2877,0.2157,-7.0426,1.5407,0.6031,0.3595,0.2826,0.3424,1,0,0,354.1412,4.1738,0.1549,-6.0743,0.2418,0.0311,0,1,0,0,B0,2024
COc1ccc(N(c2ccc(OC)cc2)c2ccc(-c3sc(C(=S)SSC(=S)N(C)C)c(OC)c3OC)cc2)cc1,1,0.5556,0.7045,0.4444,0.2955,3.143,442.6664,69.8059,4.4167,0.3209,0.3692,0.1805,-6.678,1.0307,0.497,0.3559,0.1434,0.2352,0,1,0,436.2328,4.3611,0.3142,-5.9377,0.2326,0.0041,0,1,0,0,B0,2024
CCCCCCCCc1ccc(O)c(CC)c1,1,0.5217,0.1935,0.4783,0.8065,1.8129,294.4152,87.6754,3.5469,0.6784,0.3403,0.3,-6.9055,1.4076,0.3351,0.3018,0.353,0.338,0,1,0,298.854,3.5476,0.2564,-7.2596,0.034,0.2329,0,1,0,0,B0,2024
N#COC(=O)c1ccc(N)c(C#N)c1,1,0.5294,0.5366,0.4706,0.4634,2.8847,330.3345,37.6922,3.5933,0.7716,0.1665,0.1703,-5.5754,0.583,0.7283,0.3166,0.2366,0.2808,0,0,0,333.8872,3.8879,0.1712,-5.5216,0.8567,0.019,0,0,0,0,B0,2024
CC(C)(C)c1ccc2c(c1)Cc1cc(C(=O)c3ccc(O)cc3)c(O)cc1-2,1,0.4872,0.4545,0.5128,0.5455,2.3547,347.1452,44.6753,4.1921,0.3057,0.2707,0.1983,-7.4746,0.9228,0.4137,0.3572,0.1972,0.2931,1,1,1,360.7724,4.1792,0.3867,-7.3741,0.1881,0.0063,1,1,1,1,B0,2024
COc1ccc(-c2c(C#Cc3cc(C(C)(C)C)cc(C(C)(C)C)c3)c(C#Cc3cc(C=C(C#N)C(=O)O)cc(C(C)(C)C)c3)cc(O)c2OC)cc1,1,0.5441,0.5692,0.4559,0.4308,3.5598,445.1493,66.5,4.5017,0.2839,0.2067,0.1553,-6.826,0.9033,0.4944,0.3922,0.1462,0.2706,0,1,0,454.9878,4.5466,0.2161,-6.2991,0.0287,0.0082,0,1,0,0,B0,2024
CCCCCCOc1ccc(N(c2ccc(-c3ccc(O)cc3)cc2)c2ccc(-c3ccc(-c4ccc(/C=C(/C#N)C(=O)O)s4)s3)cc2F)cc1,1,0.2571,0.6438,0.7429,0.3562,3.1336,474.1294,26.097,4.595,0.2621,0.1984,0.2047,-6.992,1.0497,0.4269,0.3872,0.1066,0.2329,0,1,0,482.3032,4.7613,0.2219,-6.5835,0.0469,0.0047,0,1,0,0,B0,2024
O=C(O)c1cc(C(=O)O)c(C(=O)N=Cc2cccs2)cc1C(=O)O,1,0.5429,0.6579,0.4571,0.3421,2.698,348.4942,62.6959,4.1086,0.4361,0.2464,0.2674,-7.309,0.9756,0.688,0.325,0.2459,0.3139,0,0,0,363.6711,4.1924,0.2765,-8.629,0.3291,0.0168,1,1,1,1,B0,2024
CCCCC(CC)COc1ccc2c(c1)C(=C1OC(=O)C(C=O)=C1O)C(=O)O2,1,0.6438,0.5775,0.3562,0.4225,3.5837,385.6821,58.1419,4.2015,0.5195,0.1979,0.1521,-6.858,0.7231,0.4808,0.3942,0.0892,0.1936,0,1,0,441.1428,4.1206,0.3207,-6.6588,0.0848,0.0061,0,1,0,0,B0,2024
CCNc1ccc(OCC(O)CNC(C)C)cc1,1,0.4091,0.6604,0.5909,0.3396,2.4064,258.002,35.9134,3.8654,0.7663,0.2347,0.2163,-7.0199,0.7449,0.4918,0.3684,0.2314,0.3283,0,1,0,274.2268,3.7906,0.3131,-6.6583,0.2483,0.0172,0,1,0,0,B0,2024
CCCC(=O)C(=O)C=Cc1cc(O)c(O)cc1C#N,1,0.6531,0.625,0.3469,0.375,2.9392,372.0581,76.5814,3.8996,0.4807,0.1566,0.1376,-7.194,0.8228,0.5138,0.3853,0.3078,0.3347,0,0,0,414.8416,3.839,0.1767,-7.2259,0.296,0.0153,0,1,0,0,B0,2024
CCCC(=O)OCc1c[nH]c2c1CCc1cc(Cl)ccc1-2,1,0.463,0.6481,0.537,0.3519,2.5699,351.8426,95.2088,4.0373,0.648,0.2851,0.2032,-7.1446,0.9117,0.4755,0.401,0.1876,0.2993,1,1,1,305.6365,4.2458,0.2854,-6.4794,0.0922,0.0047,1,1,1,1,B0,2024
CC1(C)CCN2CCC(C)(C)c3c2c1cc1cc(/C=C(/C#N)C(=O)c2ccc(C(=O)ON4C(=O)CCC4=O)cc2)c(=O)oc31,1,0.3194,0.6757,0.6806,0.3243,3.4736,455.6406,93.4832,4.4568,0.3022,0.1508,0.1747,-7.0581,0.9791,0.3799,0.3906,0.1107,0.2151,0,1,0,483.473,4.5248,0.1966,-6.2998,0.0358,0.0064,0,1,0,0,B0,2024
COCOCCOCCNC(=O)c1cc2c(F)c(Cl)ccc2[nH]1,1,0.4643,0.6984,0.5357,0.3016,2.5217,304.0896,57.1064,3.879,0.4347,0.3062,0.2464,-6.9241,0.7428,0.6683,0.3626,0.152,0.2569,1,0,0,281.3504,3.7824,0.3593,-6.5586,0.5736,0.0142,0,0,0,0,B0,2024
CCCCC(CC)COc1cc(C=CC(=O)OCC)ccc1N(C)C,1,0.4333,0.4286,0.5667,0.5714,2.8453,358.87,63.4168,3.8285,0.8028,0.2582,0.1952,-6.8019,0.9297,0.3394,0.378,0.0667,0.1682,1,1,1,356.3564,4.2589,0.2326,-6.0101,0.1463,0.0036,0,1,0,0,B0,2024
COc1ccc(-c2cccc(C#N)c2C#Cc2ccc(N=NC(N)=O)cc2)cc1,1,0.5862,0.625,0.4138,0.375,2.6763,449.4014,37.1611,4.0275,0.8432,0.38,0.3148,-7.2805,1.0437,0.5547,0.37,0.1059,0.1937,0,0,0,416.203,4.246,0.4042,-6.8052,0.1279,0.007,1,1,1,1,B0,2024
CN1c2c(ccc3ccccc23)C(C)(C)C12C=Cc1c(ccc3oc(-c4ccccc4)c(C(c4ccccc4)c4ccccc4)c13)O2,1,0.1803,0.7692,0.8197,0.2308,4.0,362.0185,55.0654,4.4029,0.4409,0.3344,0.2798,-7.1118,1.2773,0.4002,0.3925,0.1988,0.2891,1,1,1,362.819,4.4748,0.1455,-6.5862,0.0454,0.0102,0,1,0,0,B0,2024
C=C(C)Cc1ccc2c(c1)Sc1ccccc1N2CCC,1,0.55,0.6122,0.45,0.3878,2.3692,347.8959,69.4363,3.8847,0.4223,0.2852,0.2228,-7.2292,1.5539,0.4749,0.3595,0.2616,0.3044,1,1,1,306.3349,4.1467,0.1763,-7.5286,0.1959,0.0164,0,1,0,0,B0,2024
COc1ccc(-c2ccc(C3=C4C(=O)N(C(=O)C5CCNCC5)C(c5ccc(-c6ccc(OC)cc6)cc5)=C4C(=O)N3C(=O)OC(C)(C)C)cc2)cc1,1,0.28,0.5439,0.72,0.4561,3.1715,464.6725,93.238,4.3647,0.4307,0.2919,0.2236,-7.1567,1.0559,0.4376,0.3982,0.1316,0.2281,0,1,0,468.0154,4.4157,0.4032,-6.9451,0.065,0.0064,0,1,0,0,B0,2024
C[Si](C)(C)C#Cc1ccccc1,1,0.3448,0.5588,0.6552,0.4412,2.1687,278.1989,31.4642,3.7058,0.46,0.1699,0.1544,-4.6726,1.1025,0.4285,0.3331,0.5673,0.3169,0,0,0,298.9343,3.8738,0.2271,-3.7114,0.1061,0.7054,0,0,0,0,B0,2024
COc1ccc(/C=C/C(=O)c2ccc(C)cc2)cc1,1,0.3684,0.35,0.6316,0.65,1.5896,334.6833,49.0383,4.2897,0.4535,0.085,0.128,-7.122,1.1449,0.5417,0.3395,0.1289,0.2298,0,0,0,323.565,4.139,0.1505,-6.4846,0.1571,0.0041,0,1,0,0,B0,2024
CN(C)CCCC(CO)c1cccc(F)c1,1,0.7317,0.6889,0.2683,0.3111,2.5834,284.6391,73.7996,3.5313,1.2581,0.2415,0.2431,-6.7033,1.1919,0.4089,0.3439,0.3499,0.3444,0,1,0,294.2956,3.7649,0.2631,-5.7534,0.1536,0.8818,0,0,0,0,B0,2024
COc1cc(C(C)(Cc2c(F)cccc2Cl)c2ccccc2)cc(OC)c1O,1,0.6667,0.4906,0.3333,0.5094,2.8453,346.2306,75.0749,4.0869,0.6831,0.281,0.1904,-7.1915,1.0375,0.5007,0.3882,0.1846,0.2787,1,0,0,341.3152,4.035,0.3504,-6.8977,0.0719,0.0037,1,1,1,1,B0,2024
CC(=O)CN1c2ccccc2Sc2cc(-c3ccc(-c4ccc(/C=C(\C#N)C(=O)O)cc4)c4nsnc34)ccc21,1,0.1791,0.6757,0.8209,0.3243,3.033,443.7488,35.0971,4.3822,0.3477,0.277,0.2211,-7.0712,1.1384,0.4738,0.3888,0.1204,0.2425,0,1,0,435.6828,4.2128,0.1884,-6.0824,0.084,0.0053,0,1,0,0,B0,2024
COC(=O)C=C(C(=O)OC)c1ccccc1-c1ccc(Cl)cc1,1,0.6585,0.5,0.3415,0.5,2.1387,344.3666,36.3213,4.2889,0.2263,0.2646,0.2465,-7.0682,0.9524,0.6246,0.3593,0.1728,0.266,1,0,0,331.654,4.2482,0.2684,-6.3692,0.2644,0.0045,1,1,1,1,B0,2024
CCc1ccc(N(c2ccc(C(C)(C)CC(C)(C)C)cc2)c2ccc3c4ccc5c6c(ccc(c7cccc2c73)c64)C(=O)OC5=O)cc1,1,0.0851,0.6923,0.9149,0.3077,3.0953,644.8514,95.8621,4.625,0.3868,0.4865,0.1986,-7.1216,1.0856,0.4374,0.3674,0.2691,0.3247,0,1,0,624.7194,4.7337,0.4351,-7.364,0.0411,0.0112,0,1,0,0,B0,2024
COc1c2ccccc2c(-c2c3ccccc3c(-c3ccccc3)c3ccccc23)c2ccccc12,1,0.0455,0.5676,0.9545,0.4324,1.8472,364.9234,59.0463,4.2856,0.1985,0.3747,0.1311,-6.8957,1.3882,0.4601,0.3483,0.3067,0.3355,1,1,1,368.7323,4.1764,0.415,-6.446,0.0745,0.0554,1,1,1,1,B0,2024
Fc1cccc2c(Nc3cc4nc5ccccc5nc4c4cccnc34)c3ccccc3cc12,1,0.5,0.7059,0.5,0.2941,2.5589,407.4039,73.0831,4.2796,0.3872,0.2526,0.19,-7.2772,1.0435,0.5208,0.4159,0.2592,0.3153,1,0,0,387.3951,4.1268,0.2292,-7.3307,0.5627,0.0108,0,0,0,0,B0,2024
CCCCCCCOC(=O)c1cc(O)cc(OC)c1,1,0.5641,0.2222,0.4359,0.7778,1.8923,305.2823,51.5233,3.9251,0.4251,0.3579,0.2557,-6.8251,0.7435,0.3864,0.3554,0.1283,0.2047,1,1,1,326.2781,3.9082,0.3032,-6.6108,0.0588,0.0025,1,1,1,1,B0,2024
Cc1cc(C(C)(C)C)cc(OCc2ccccc2)c1O,1,0.6604,0.5,0.3396,0.5,1.8794,292.0044,36.775,4.036,0.3593,0.3225,0.2395,-7.3082,1.0372,0.2951,0.3143,0.2338,0.2989,1,1,1,277.6581,3.9445,0.2518,-6.7158,0.0165,0.0043,0,1,0,0,B0,2024
COCCOCCOC(=O)OC(C)(C)C,1,0.6486,0.5556,0.3514,0.4444,2.17,413.2556,115.6066,2.8458,1.0521,0.1871,0.2007,-5.9146,0.9256,0.4038,0.3524,0.2735,0.3469,0,1,0,404.0238,2.9634,0.1774,-5.6404,0.1197,0.1055,0,1,0,0,B0,2024
OC/C=C/Cc1ccc(-n2c(-c3ccccc3)nc3c4ccccc4c4ccccc4c32)cc1,1,0.3556,0.7,0.6444,0.3,2.4682,380.4018,70.8004,4.307,0.4794,0.4262,0.2854,-7.3089,1.0814,0.4193,0.3763,0.2201,0.2915,1,1,1,346.504,4.3624,0.4199,-7.2681,0.0637,0.0047,1,1,1,1,B0,2024
COc1cc(C=CC(=O)OCc2cc(C)sc2C)ccc1O,1,0.6308,0.3654,0.3692,0.6346,2.3364,354.0776,60.089,4.1356,0.4968,0.263,0.2346,-7.0347,0.8719,0.569,0.3711,0.1441,0.2576,1,0,0,403.9119,4.1692,0.0482,-6.672,0.3099,0.0032,0,1,0,0,B0,2024
CCC(C#N)Cc1cc(C(C)(C)C)c(O)c(C(C)(C)C)c1,1,0.6667,0.3143,0.3333,0.6857,3.0886,273.8463,46.4052,3.5459,0.6541,0.3207,0.3065,-6.9228,0.7797,0.4405,0.3508,0.371,0.3658,0,1,0,267.8581,3.8078,0.2607,-7.1488,0.0913,0.0089,0,1,0,0,B0,2024
COc1ccc2c(c1)C(I)=C(C(C)CCCC1(C)CCc3c(C)c(O)c(C)c(C)c3O1)N(C)S2(=O)=O,1,0.5974,0.5467,0.4026,0.4533,4.1356,334.8984,118.6605,4.25,0.3843,0.3558,0.2573,-6.7516,0.8971,0.3444,0.3836,0.1198,0.2233,1,1,1,416.2284,4.1622,0.3086,-6.5913,0.0794,0.0075,1,1,1,1,B0,2024
Oc1cccc(-c2cc(-c3ccccn3)nc(-c3ccccn3)c2)c1,1,0.3333,0.6154,0.6667,0.3846,2.1672,331.3108,21.2806,4.1676,0.2052,0.2259,0.1469,-7.3722,1.1032,0.614,0.3354,0.1912,0.2552,0,0,0,328.4986,4.1598,0.1833,-7.4325,0.1265,0.0049,0,1,0,0,B0,2024
COc1ccc(N(C)C)cc1OC,1,0.5385,0.5667,0.4615,0.4333,1.5774,312.8326,40.5446,3.4851,0.6364,0.177,0.1277,-5.3347,0.8386,0.5439,0.3286,0.369,0.3265,0,0,0,333.7143,3.709,0.2176,-5.5951,0.2995,0.1133,0,1,0,0,B0,2024
CCCN1c2ccccc2Sc2cc(-c3cc(C(C)(C)C)ccc3O)ccc21,1,0.5588,0.5417,0.4412,0.4583,2.3818,350.8801,65.2998,4.1082,0.3745,0.2979,0.2102,-7.3749,1.3467,0.599,0.3681,0.2213,0.3081,1,0,0,376.9476,4.0697,0.2585,-6.1048,0.2237,0.0032,1,1,1,1,B0,2024
CCCCCCCC[C@H](N)C(=O)N(C)[C@@H](C)C(C)(C)C,1,0.7778,0.6,0.2222,0.4,3.0215,420.9166,178.1988,2.8895,0.9525,0.3043,0.2587,-6.3503,0.7144,0.3083,0.3555,0.223,0.2812,0,1,0,445.8211,2.9765,0.2532,-6.0626,0.0465,0.0252,0,1,0,0,B0,2024
C=CC=Cc1ccc(-c2nc(-c3ccccc3)c(-c3ccccc3)n2-c2ccccc2)cc1,1,0.2955,0.5962,0.7045,0.4038,2.2819,362.2225,65.7422,4.5757,0.1987,0.3318,0.2487,-7.2382,1.4823,0.4342,0.3861,0.2413,0.3032,1,1,1,337.5449,4.5154,0.2981,-7.4953,0.1638,0.0348,1,1,1,1,B0,2024
CN(C)c1cc(O)c2c(=O)c3c(F)c(F)c4oc5ccccc5[nH]c4c3c(=O)c2c1O,1,0.2745,0.7538,0.7255,0.2462,3.2639,403.5721,54.6584,4.3222,0.3913,0.3243,0.2148,-7.2051,1.0985,0.5081,0.3726,0.1844,0.2598,1,0,0,392.6784,4.1063,0.4127,-6.0691,0.1829,0.0062,1,1,1,1,B0,2024
COc1ccc(N(c2ccc(-c3ccc(C=C(C#N)C#N)o3)cc2)c2ccc(O)c(OC)c2)cc1,1,0.1837,0.6452,0.8163,0.3548,2.6589,454.5396,58.6992,4.4944,0.1281,0.1227,0.128,-6.9394,0.8827,0.5321,0.388,0.1283,0.2223,0,0,0,432.8013,4.5177,0.1801,-6.3251,0.115,0.0059,0,1,0,0,B0,2024
CCOC(=O)c1ccc(-c2cc(O)c(C(F)(F)F)c(OC)c2)cc1,1,0.6087,0.3182,0.3913,0.6818,2.1819,325.3983,26.1493,4.0373,0.4023,0.3384,0.2257,-6.9977,0.8935,0.5377,0.351,0.0921,0.2043,1,0,0,327.6544,4.0471,0.3384,-6.5408,0.1343,0.0033,1,1,1,1,B0,2024
CN1CC2CCCCN2CC(CCC(C#N)=Cc2ccc3c(c2)C2CCCC2N3c2ccc3c(c2)Cc2ccccc2-3)([N+](=O)[O-])C1,1,0.4624,0.6237,0.5376,0.3763,4.6324,471.819,133.8286,4.3718,0.4468,0.2443,0.1926,-7.5426,1.0531,0.5047,0.4231,0.1461,0.2673,0,0,0,463.0756,4.5129,0.1635,-8.0687,0.1047,0.0071,0,1,0,0,B0,2024
CN(C)c1cccc2c1Nc1ccccc1B2COC(=O)c1ccccc1O,1,0.6667,0.5849,0.3333,0.4151,3.1519,372.9924,88.6174,4.1244,0.349,0.3088,0.2076,-7.0931,1.0248,0.5162,0.3872,0.1017,0.2083,1,0,0,371.3022,4.2824,0.324,-6.016,0.1223,0.0048,1,1,1,1,B0,2024
Oc1ccc(-c2ccc(-c3ccccc3)cc2)cc1O,1,0.4737,0.3704,0.5263,0.6296,1.5326,332.8957,32.6217,4.2476,0.2081,0.2116,0.1313,-7.4483,1.0809,0.6016,0.3326,0.2313,0.2972,0,0,0,316.9091,4.1784,0.2905,-7.378,0.2338,0.0054,1,1,1,1,B0,2024
CCCCCCCc1sc(-c2ccc(C(C)(C)C)cc2)c2nc(-c3ccc(-c4ccc(C=C(C#N)C(=O)O)cc4)cc3)[nH]c12,1,0.2381,0.5821,0.7619,0.4179,3.026,434.4729,62.7644,4.5118,0.2243,0.2066,0.1671,-7.0138,1.085,0.362,0.354,0.1442,0.239,0,1,0,424.5343,4.5606,0.2097,-7.3627,0.0406,0.0042,0,1,0,0,B0,2024
COc1c2c(cc3c1=C(C(=O)OC1CC(C)CC(C)(C)C1)c1cc4c(cc1O3)N(C)C(C)(C)c1ccsc1-4)=[N+](C)C(C)(C)c1ccsc1-2,1,0.5253,0.686,0.4747,0.314,4.9068,642.6673,87.0783,4.8335,0.2905,0.2403,0.2018,-6.8386,0.8903,0.3418,0.3992,0.1171,0.2495,0,1,0,624.5088,4.8577,0.0477,-6.2983,0.0148,0.0068,0,1,0,0,B0,2024
CCC(C)(C)N(c1ccccc1)c1ccccc1,1,0.5385,0.5938,0.4615,0.4062,2.1655,293.6387,34.6031,4.1139,0.3676,0.2794,0.1786,-7.2529,1.453,0.3008,0.3032,0.3473,0.3272,1,1,1,302.4872,4.0919,0.3734,-7.0869,0.0851,0.0349,1,1,1,1,B0,2024
Cc1ccc(C2=Nc3cccc4[n+]3[B-](c3ccccc3)(NC(C=Cc3ccc(N=[N+]=[N-])cc3)=N4)N2)cc1,1,0.3929,0.6866,0.6071,0.3134,4.331,449.8816,56.7229,4.3807,0.2825,0.28,0.2362,-7.289,0.9527,0.4713,0.3695,0.2385,0.3333,0,1,0,431.8432,4.3762,0.2991,-7.3803,0.056,0.0139,0,1,0,0,B0,2024
CC(C)(C)c1cc(-c2cn3cccnc3n2)cc(Cc2c[nH]c3ccccc23)c1O,1,0.6833,0.3793,0.3167,0.6207,2.6913,349.2794,42.6059,4.1241,0.3635,0.2743,0.2312,-7.3889,1.012,0.3854,0.3673,0.2566,0.335,1,1,1,335.7678,4.1915,0.2804,-7.3625,0.0363,0.004,1,1,1,1,B0,2024
CCCCN1C(=O)C2=C(c3ccc(-c4ccc(/C=C(\C#N)C(=O)O)s4)s3)N(CCCC)C(=O)C2=C1CCN1CCC(=O)CC1,1,0.4103,0.6769,0.5897,0.3231,3.5693,563.8783,93.6626,4.4313,0.3465,0.1386,0.1529,-7.2252,1.1504,0.3971,0.4126,0.1481,0.257,0,1,0,580.1198,4.4452,0.1609,-7.4326,0.2227,0.0058,0,1,0,0,B0,2024
Nc1ccc(-c2cn(-c3ccccc3)nc2-c2ccccc2)cc1,1,0.6721,0.6739,0.3279,0.3261,1.8449,341.9846,34.9832,4.2493,0.1695,0.322,0.2388,-7.3614,1.135,0.6293,0.3611,0.2474,0.2963,1,0,0,333.7371,4.2095,0.3512,-7.4004,0.3284,0.0091,1,1,1,1,B0,2024
CCOc1ccc(O)c(C(C)=O)c1-c1ccccc1,1,0.6471,0.5333,0.3529,0.4667,1.9159,312.1204,23.0389,3.9563,0.5133,0.2224,0.1766,-7.2812,1.0191,0.3784,0.3408,0.0825,0.1683,0,1,0,312.9855,4.0854,0.2158,-6.5986,0.02,0.0043,0,1,0,0,B0,2024
CCOC(=O)C=Cc1cccc(O)c1,1,0.4894,0.0,0.5106,1.0,1.8878,301.824,23.848,3.9147,0.3816,0.1927,0.1645,-5.1023,0.6768,0.388,0.349,0.155,0.2539,0,1,0,297.8892,3.8819,0.1563,-4.6028,0.1301,0.0053,0,0,0,0,B0,2024
C=Cc1cc(C(F)(F)F)sc1N=NC(C)(C)C,1,0.2973,0.7955,0.7027,0.2045,3.7318,402.7697,53.8393,4.0142,0.5485,0.3451,0.2567,-7.1337,1.0379,0.436,0.3927,0.3851,0.344,1,1,1,413.4625,3.6514,0.1263,-7.0093,0.1619,0.0155,0,1,0,0,B0,2024
CN(C)c1cc(-c2cccc3c2C(=O)/C(=C2\Sc4ccccc4C2=O)S3)c(O)c([N+](=O)[O-])c1O,1,0.5918,0.7333,0.4082,0.2667,3.3187,458.2527,95.7562,4.2986,0.2396,0.2284,0.1857,-7.1664,1.2231,0.5923,0.386,0.1972,0.2735,0,0,0,454.3079,4.0813,0.1798,-6.1434,0.3001,0.0066,0,1,0,0,B0,2024
CN(C)c1ccc(-c2ccsc2)cc1,1,0.6111,0.6452,0.3889,0.3548,1.8697,313.2389,46.2429,3.905,0.4659,0.1362,0.1427,-4.5975,1.5977,0.5025,0.3155,0.3248,0.3178,0,0,0,327.1732,4.1258,0.2167,-3.4854,0.5144,0.0863,0,0,0,0,B0,2024
CC1=CC(C)=[N+]2C1=C([C@H]1CCC[C@@H](C)N1)c1c(C)c(O)c(C)n1[B-]2(F)F,1,0.6471,0.7869,0.3529,0.2131,4.7838,536.7237,47.1359,4.4503,0.7091,0.4209,0.2545,-7.1445,0.6784,0.4868,0.3875,0.295,0.3345,0,1,0,548.924,4.395,0.4332,-6.9963,0.4686,0.0092,0,1,0,0,B0,2024
CCCCC(CC)COc1cccc2sc3nc(-c4cc(-c5ccccc5)c(O)c(C(C)(C)C)c4)sc3c12,1,0.6667,0.5875,0.3333,0.4125,3.3871,400.3327,99.0223,4.35,0.3559,0.2822,0.2113,-6.8412,1.033,0.3727,0.3578,0.1332,0.2699,1,1,1,404.2186,4.4201,0.3021,-6.5088,0.0588,0.005,1,1,1,1,B0,2024
CCN1c2cc3c(cc2C(C)=CC1(C)C)C(c1ccccc1-c1ccc(Br)cc1)=c1cc2c(cc1C3(C)C)=[N+](CC)CCC2,1,0.2763,0.8125,0.7237,0.1875,3.5325,648.3159,63.8575,5.1752,0.2761,0.5069,0.2442,-7.0897,1.329,0.4769,0.3897,0.3116,0.3538,0,1,0,614.6032,5.0156,0.39,-7.3093,0.2786,0.0351,0,1,0,0,B0,2024
COc1cc(C(=O)O)c(C(=O)O)cc1C(=O)c1ccccc1,1,0.6216,0.1667,0.3784,0.8333,1.8494,337.7579,34.1011,4.0801,0.3301,0.2356,0.1751,-6.905,0.83,0.5201,0.3512,0.1322,0.1994,0,0,0,324.5496,4.1334,0.3203,-6.3574,0.1086,0.0114,1,1,1,1,B0,2024
CCCCc1coc(OC)c1,1,0.7021,0.625,0.2979,0.375,2.698,282.6755,52.8644,3.6464,0.5243,0.2759,0.2278,-4.5727,0.8516,0.3855,0.3488,0.3931,0.3172,0,0,0,297.783,3.5473,0.21,-4.3694,0.0344,0.7621,0,0,0,0,B0,2024
COc1ccc(-c2c(C(C#N)C#N)c(B3c4ccccc4Nc4ccccc43)c(O)c(O)c2C(C)(C)C)cc1,1,0.6885,0.6984,0.3115,0.3016,3.5733,508.4303,132.6359,4.2861,0.3783,0.2758,0.2105,-6.7477,1.0684,0.4521,0.3738,0.154,0.2591,0,1,0,465.2656,4.2618,0.2977,-6.3506,0.0402,0.0092,0,1,0,0,B0,2024
O=S(=O)(O)c1cc(-c2ccnc(-c3ccccc3)c2)c(O)cc1O,1,0.6444,0.5,0.3556,0.5,2.277,320.5664,45.3531,4.1564,0.3584,0.2574,0.1959,-7.2793,1.0163,0.5307,0.3526,0.228,0.2905,1,0,0,332.9754,4.0622,0.2719,-7.5118,0.2601,0.0174,1,1,1,1,B0,2024
CC(C)(C)c1ccc(O)c(-c2ccc3ccc4cccc5ccc2c3c45)c1,1,0.5,0.5128,0.5,0.4872,2.2249,365.2865,30.6248,4.2165,0.3754,0.3262,0.246,-7.3202,1.4958,0.4379,0.3926,0.3361,0.3403,1,1,1,384.3647,4.0903,0.2976,-7.4206,0.1174,0.0102,1,1,1,1,B0,2024
COc1ccc(C(=O)C=Cc2ccc(O)cc2)cc1C=C(C#N)C(=O)O,1,0.5397,0.38,0.4603,0.62,2.3773,397.7076,49.8411,4.283,0.318,0.1637,0.1656,-6.8867,0.7667,0.6236,0.3565,0.1385,0.2403,0,0,0,349.9118,4.3102,0.1743,-6.3687,0.1731,0.0117,0,1,0,0,B0,2024
CC(C)(c1ccccc1)c1cc(SSc2cc(C(C)(C)c3ccccc3)cc(C(C)(C)c3ccc(C(F)(F)F)o3)c2O)c(O)c(C(C)(C)c2ccccc2)c1,1,0.7407,0.2857,0.2593,0.7143,3.4992,424.6751,80.8487,4.5815,0.3404,0.3256,0.2151,-7.1203,1.0412,0.4366,0.39,0.2327,0.3009,0,1,0,428.2772,4.5297,0.3826,-6.599,0.1984,0.0069,0,1,0,0,B0,2024
Nc1ncnc2c1nc(C#Cc1ccccc1)n2C1OC(CO)C(O)C1O,1,0.2742,0.6966,0.7258,0.3034,3.848,299.6349,36.8131,4.0975,0.4215,0.1887,0.2188,-7.3252,0.9624,0.6587,0.3512,0.193,0.2635,0,0,0,298.6543,4.1492,0.1751,-7.7148,0.6166,0.0385,0,0,0,0,B0,2024
CCCc1c(O)cc(N=Nc2nc3ccccc3s2)n1-c1ccc(F)cc1,1,0.4688,0.7143,0.5312,0.2857,2.8991,479.5536,25.2319,4.1322,0.3864,0.2855,0.2181,-7.4059,1.0646,0.4133,0.3972,0.1584,0.2474,0,1,0,444.2727,4.1093,0.3338,-7.5068,0.1262,0.0038,0,1,0,0,B0,2024
CC(=O)Nc1cc(C=c2oc(=Cc3ccc(N(C)C)cc3)c3ccccc23)ccc1O,1,0.42,0.6275,0.58,0.3725,2.8358,420.9377,45.5423,4.4092,0.4228,0.1846,0.1593,-7.3048,1.04,0.6087,0.38,0.1303,0.2287,0,0,0,427.4552,4.4606,0.1143,-6.0555,0.0871,0.0059,0,1,0,0,B0,2024
COc1ccc(-c2cc(N(C)c3ccc(SC)cc3)ccc2/N=N/c2ccc([N+](=O)[O-])cc2)cc1,1,0.5902,0.7231,0.4098,0.2769,2.6328,416.8867,58.1764,4.2031,0.7086,0.4539,0.3715,-6.7655,0.9147,0.5754,0.3924,0.1315,0.2208,1,0,0,448.4325,4.5618,0.2071,-5.9911,0.0865,0.0133,0,1,0,0,B0,2024
COc1cccc2cc(C)ccc12,1,0.5484,0.5227,0.4516,0.4773,1.466,294.0796,15.6338,3.6855,0.3679,0.216,0.2059,-4.2176,1.2055,0.4195,0.3535,0.3731,0.3448,0,0,0,302.7266,3.7671,0.2604,-3.5149,0.0547,0.1395,0,0,0,0,B0,2024
CCCCCCCCN(C(=O)O)c1ccc(C(=O)c2ccccc2C(=O)O)c(O)c1,1,0.6349,0.2128,0.3651,0.7872,2.3082,387.5413,75.6125,4.1572,0.4491,0.3586,0.2261,-7.2965,1.0231,0.4661,0.3792,0.1233,0.2193,1,1,1,391.8352,4.045,0.2677,-7.5223,0.08,0.0041,1,1,1,1,B0,2024
CN1c2ccccc2Sc2cc3ccccc3c(/C=C/c3ccc(-c4ccc(-c5cccc(C=O)c5O)s4)s3)c21,1,0.375,0.6944,0.625,0.3056,3.1866,440.4541,55.928,4.421,0.2098,0.2047,0.1761,-7.1736,1.146,0.4951,0.3988,0.1599,0.2696,0,1,0,475.2004,4.5601,0.1717,-7.3727,0.0856,0.005,0,1,0,0,B0,2024
CC(C)(C)c1cccc2c1[C@H]1C=C3C4=C(S[C@]32c2ccccc21)C(=O)OC4=O,1,0.2917,0.7576,0.7083,0.2424,5.3313,386.0258,57.3411,4.0791,0.5887,0.5404,0.2461,-7.3729,0.9596,0.5193,0.3559,0.3196,0.3393,1,0,0,397.5175,3.9228,0.4784,-8.5474,0.222,0.0102,1,1,1,0,B0,2024
CC(C)c1cc(NC(=O)N(C)C)ccc1F,1,0.7045,0.5682,0.2955,0.4318,2.0324,279.3689,46.4136,3.8823,0.4434,0.3103,0.2717,-6.384,1.4203,0.4384,0.3655,0.4296,0.3791,0,1,0,281.9286,3.5704,0.3371,-6.095,0.1012,0.0782,0,1,0,0,B0,2024
CC1=CC(C)(C)Nc2ccc3c(-c4cccc(-c5ccc([N+](=O)[O-])cc5)c4)c4ccc(=[NH2+])cc-4n(C)c3c21,1,0.2727,0.7534,0.7273,0.2466,3.345,517.3528,91.8435,4.2514,0.4536,0.2212,0.2309,-7.1074,1.1358,0.5319,0.407,0.1476,0.2548,0,0,0,499.7635,4.1676,0.2268,-6.0889,0.1055,0.0132,0,1,0,0,B0,2024
CCCCCC1CC(=O)N(C2CC(C)(C)N(C(C)=O)C(C)(C)C2)C1=O,1,0.7529,0.0238,0.2471,0.9762,3.4724,353.547,96.6536,2.8058,0.95,0.1718,0.2074,-6.6312,0.7397,0.3665,0.3865,0.2271,0.2866,0,1,0,346.886,2.3166,0.1595,-7.226,0.1617,0.0067,0,1,0,0,B0,2024
O=C(COCCc1ccccc1)c1ccccc1,1,0.5854,0.4242,0.4146,0.5758,1.5374,296.5673,48.0038,4.1079,0.2623,0.3575,0.2696,-7.2994,1.1926,0.2479,0.2829,0.1743,0.2476,1,1,1,279.2621,4.0964,0.3226,-7.1233,0.0261,0.0072,0,1,0,0,B0,2024
COCn1cc(C(=O)c2ccc3c(c2)C(C)(C)c2cc(N(C)C)ccc2-3)nn1,1,0.2632,0.6852,0.7368,0.3148,2.7312,397.9662,63.2445,3.8622,0.9665,0.4188,0.194,-6.9266,0.9606,0.5624,0.3453,0.1193,0.1976,1,0,0,395.7266,4.1967,0.2054,-6.0144,0.2258,0.0048,0,1,0,0,B0,2024
CC(C)(C)C1=C2C=C3C(=[N+]2[B-](F)(F)n2c1cc1c2-c2ccccc2C12c1ccccc1-c1ccccc12)c1ccccc1C31c2ccccc2-c2ccccc21,1,0.2759,0.8,0.7241,0.2,4.5076,641.7236,95.3129,4.9261,0.2067,0.5483,0.2567,-7.1099,1.5081,0.4809,0.3669,0.3515,0.3326,0,1,0,629.557,5.0664,0.5378,-7.4345,0.4001,0.0519,0,1,0,0,B0,2024
CC(C)(C)c1ccc(-c2cc(N3c4ccc(C=C(C(=O)O)c5c(O)cc(O)cc5O)cc4C4CCCC43)cc3c2-c2ccccc2C3)cc1,1,0.4824,0.6883,0.5176,0.3117,4.0149,547.611,118.8409,4.3842,0.4972,0.205,0.1708,-7.2991,1.0222,0.4887,0.402,0.1892,0.2962,0,1,0,508.3562,4.3705,0.2475,-7.3494,0.0283,0.0079,0,1,0,0,B0,2024
CCOCCC1(Oc2ccc(OCc3ccc4c(c3)OCO4)cc2)C(=O)NC(=O)NC1=O,1,0.4655,0.6034,0.5345,0.3966,2.7581,352.1077,57.9147,4.2268,0.4043,0.4309,0.2665,-7.0184,0.8362,0.5181,0.3885,0.2043,0.2813,1,0,0,348.1461,4.2334,0.4585,-6.6233,0.0844,0.0371,1,1,1,1,B0,2024
CCNc1cc2oc3cc(=[NH+]c4cc(OC)cc(OC)c4C=CC(=O)OCC)c(C)cc-3c(-c3ccccc3C(=O)OCC)c2cc1C,1,0.3614,0.6076,0.6386,0.3924,3.5522,466.718,89.681,4.3757,0.4687,0.2565,0.1943,-6.7695,0.8523,0.319,0.3818,0.0507,0.1273,0,1,0,478.1096,4.6772,0.2329,-6.0002,0.0785,0.0036,0,1,0,0,B0,2024
CCOc1sc(C)cc1S,1,0.6667,0.7222,0.3333,0.2778,3.3562,272.5132,41.9545,3.5943,0.5045,0.2469,0.245,-4.1087,0.9208,0.4876,0.3711,0.4385,0.3126,0,0,0,310.6067,3.6481,0.1726,-3.2394,0.1719,0.9265,0,0,0,0,B0,2024
CC(Oc1ccc(C(=O)c2ccc(C#N)cc2)cc1)N(C)C,1,0.617,0.3947,0.383,0.6053,2.509,352.5263,46.218,4.1917,0.3462,0.3488,0.1535,-7.0244,1.0553,0.5198,0.3708,0.1669,0.2688,1,0,0,331.3482,3.9402,0.2893,-5.9975,0.1506,0.0123,1,1,1,1,B0,2024
COc1ccc(-c2cccc(C=O)c2O)cc1,1,0.4571,0.3333,0.5429,0.6667,1.8381,326.2447,28.5231,4.2223,0.3245,0.0624,0.0704,-7.0676,1.0042,0.4646,0.3475,0.1851,0.2498,0,1,0,332.4578,4.1607,0.1049,-6.3049,0.1066,0.0181,0,1,0,0,B0,2024
COc1cc(-c2cc(C(=O)O)ccc2-c2ccc(C(C)(C)C)cc2)c(OC)cc1-c1cccc(C#N)c1,1,0.4286,0.5472,0.5714,0.4528,2.3993,392.1955,65.9565,4.4106,0.2976,0.2935,0.2149,-6.965,0.8491,0.4892,0.3779,0.1266,0.2421,1,1,1,395.2523,4.3865,0.3462,-6.3471,0.0251,0.007,1,1,1,1,B0,2024
Cc1ccc2nc3cc4c5c(ccc(C)c5c3nc2c1)C(C=O)=C(c1ccccc1)O4,1,0.4516,0.7576,0.5484,0.2424,2.9179,403.8321,66.2429,4.3472,0.3794,0.3276,0.241,-7.2611,0.9699,0.4187,0.3565,0.1891,0.2566,1,1,1,429.1818,4.214,0.2514,-7.281,0.0962,0.0124,0,1,0,0,B0,2024
COC(=O)c1ccn2c(C(=O)Oc3ccc(Cl)cc3)c(-c3ccc(OC)cc3)nc2c1,1,0.3519,0.62,0.6481,0.38,2.3172,336.3718,24.8058,4.2734,0.3417,0.3154,0.1346,-6.9031,0.858,0.5301,0.4005,0.1681,0.2752,1,0,0,347.1972,4.1281,0.2044,-6.3296,0.0665,0.0051,0,1,0,0,B0,2024
CCCCCOc1cc(C)c(O)c(C)c1C(C)(C)C,1,0.6531,0.3333,0.3469,0.6667,2.3934,277.7777,54.7454,3.593,0.6739,0.2563,0.267,-6.9452,0.8273,0.2685,0.3105,0.2564,0.314,0,1,0,293.9474,3.6447,0.241,-6.8296,0.0282,0.0033,0,1,0,0,B0,2024
O=C(c1ccc(O)cc1)c1ccc(/C=C/c2ccc(N(c3ccccc3)c3ccccc3-c3ccccc3)cc2)cc1,1,0.4773,0.5122,0.5227,0.4878,2.3606,420.3207,44.1088,4.5243,0.3079,0.3401,0.2176,-7.2316,1.1526,0.4573,0.3833,0.1419,0.2351,0,1,0,427.906,4.4514,0.2484,-7.4421,0.1348,0.0059,0,1,0,0,B0,2024
Cc1ccccc1N=Nc1ccc(-c2ccccc2)c(-c2ccc(C(C)(C)C)cc2)c1,1,0.5676,0.6222,0.4324,0.3778,2.2366,432.9237,53.1091,4.1986,0.5607,0.7008,0.2778,-7.3571,1.2147,0.4964,0.3851,0.2775,0.3298,0,1,0,395.4882,4.0367,0.5565,-7.2525,0.0711,0.0067,1,1,1,1,B0,2024
COC(=O)c1ccc(N2c3ccccc3Oc3cccc(-c4ccccc4)c32)cc1F,1,0.6197,0.5357,0.3803,0.4643,2.3092,348.2217,29.2139,4.1789,0.4715,0.4158,0.1531,-7.0855,0.9738,0.4657,0.3764,0.1305,0.2215,1,1,1,352.2626,4.2088,0.4078,-6.3341,0.0698,0.0046,1,1,1,1,B0,2024
COC(=O)c1cc(N)c(N)c(N(C)C)c1,1,0.619,0.5588,0.381,0.4412,2.3977,324.3573,55.6164,4.0047,0.3089,0.1803,0.1845,-5.6982,0.6885,0.7366,0.2945,0.2903,0.3037,0,0,0,313.4933,3.8362,0.1675,-5.3444,0.8445,0.029,0,0,0,0,B0,2024
CC(C)=CCCC(C)CCOC(F)(F)F,1,0.8214,0.3824,0.1786,0.6176,3.1461,399.0134,183.992,3.1325,0.7757,0.1585,0.1765,-4.6865,1.5796,0.1134,0.2187,0.3185,0.3112,0,0,0,484.8764,3.2848,0.191,-4.8858,0.0134,0.2118,0,0,0,0,B0,2024
O=C(N=Nc1ccc(O)c(CO)c1)Nc1ccc(C(=O)c2ccccc2)cc1,1,0.629,0.52,0.371,0.48,2.3797,443.6216,48.8134,4.1124,0.5923,0.1643,0.1839,-7.4485,0.9615,0.6278,0.3732,0.1522,0.2625,0,0,0,412.2771,4.165,0.0772,-7.4938,0.1447,0.0065,0,1,0,0,B0,2024
CCCCCCOc1ccc(N(OC)c2ccc(/C=C/c3cc4c(s3)c3sc(/C=C(\C#N)C(=O)O)cc3n4-c3ccc(OCCCCCC)cc3)cc2)cc1,1,0.1159,0.6154,0.8841,0.3846,3.6343,507.8692,26.3909,4.5679,0.2388,0.3202,0.2326,-6.8134,1.0165,0.384,0.3912,0.0717,0.1439,0,1,0,496.1209,4.6573,0.2629,-6.3472,0.0569,0.0044,0,1,0,0,B0,2024
Cc1cccc(C(=O)c2ccccc2Oc2ccccc2)c1,1,0.6444,0.2,0.3556,0.8,1.6093,329.9087,21.9442,4.213,0.2617,0.3709,0.1516,-7.2339,1.2255,0.3228,0.3268,0.1649,0.254,1,1,1,336.1479,4.1345,0.3142,-6.4701,0.0247,0.0036,1,1,1,1,B0,2024
Clc1ccccc1-c1ccccc1,0,0.2941,0.6,0.7059,0.4,1.1883,284.8774,32.4207,3.9773,0.5048,0.1266,0.1409,-4.146,1.1425,0.6303,0.3452,0.4072,0.3323,0,0,0,291.0728,3.9396,0.1791,-3.9274,0.2557,0.1007,0,0,0,0,B0,2024
CC(C)(C)c1cc(C(C)(C)C#N)ccc1O,1,0.6667,0.2333,0.3333,0.7667,2.4319,282.3481,49.929,3.8946,0.5509,0.2447,0.2168,-6.7796,1.3868,0.4956,0.3543,0.3743,0.3455,0,1,0,287.0783,3.7607,0.2365,-7.2234,0.0873,0.0213,0,1,0,0,B0,2024
CCCCc1cc(OC(=O)C(=Cc2ccccc2)C(=O)[O-])c(Cl)cc1F,1,0.7229,0.5273,0.2771,0.4727,2.7278,351.8934,61.2099,4.085,0.4296,0.1356,0.1188,-6.9818,0.9343,0.4571,0.3982,0.148,0.256,0,1,0,372.2396,4.0144,0.3042,-6.5932,0.0462,0.004,1,1,1,1,B0,2024
CC[C@H]1[C@](O[Si](C)(C)C)(c2cccc(F)c2)[C@@]1(C(=O)OC)c1ccc(Br)cc1,1,0.2115,0.6923,0.7885,0.3077,3.9473,361.8235,104.3745,4.3838,0.3184,0.2003,0.2258,-7.2937,0.8628,0.3755,0.3678,0.1309,0.2387,0,1,0,270.4613,4.256,0.255,-6.7418,0.0441,0.0044,0,1,0,0,B0,2024
COc1ccc(NC(=O)c2cc(Br)ccc2O)cc1OC,1,0.7083,0.3333,0.2917,0.6667,1.7166,331.7924,46.2207,4.2206,0.3064,0.1905,0.1358,-6.9294,0.8066,0.6873,0.3429,0.1418,0.2405,0,0,0,305.7104,4.0029,0.2146,-6.2937,0.6794,0.007,0,0,0,0,B0,2024
CCCCC#CCN(CCCCCC)c1ccc2cc3cc(C(=O)CC)ccc3cc2c1,1,0.2292,0.6462,0.7708,0.3538,2.7139,415.4446,58.1073,4.4112,0.2976,0.3986,0.1912,-7.4013,1.166,0.3992,0.3844,0.1598,0.2412,1,1,1,434.9784,4.3745,0.4276,-7.5219,0.0849,0.0074,0,1,0,0,B0,2024
COc1ccc(CC#Cc2c3ccccc3c(C#C[Si](C)(C)C)c3cc4c(cc23)-c2ccccc2C4(C)C)cc1N(C)C,1,0.386,0.7606,0.614,0.2394,3.2445,447.377,71.0729,4.2996,0.3578,0.4452,0.2676,-6.5595,1.3358,0.5056,0.3592,0.2671,0.3138,0,0,0,500.5386,4.3972,0.4024,-5.9757,0.0541,0.0374,0,1,0,0,B0,2024
Oc1cccc(CCCN2CCCCC2)c1,1,0.6923,0.54,0.3077,0.46,1.7419,267.1552,41.5281,3.6632,0.6309,0.3654,0.2866,-7.1679,1.4096,0.3906,0.3488,0.4123,0.3462,0,1,0,246.7502,3.5257,0.2552,-7.5427,0.121,0.6422,0,0,0,0,B0,2024
COc1ccc(-c2cccc(CCCC(=O)OCc3ccccc3)c2)cc1,1,0.6207,0.4468,0.3793,0.5532,1.7185,326.3234,36.4218,4.1612,0.3853,0.4384,0.2111,-7.1111,0.9922,0.2874,0.3135,0.0648,0.1449,1,1,1,317.1288,3.989,0.4204,-6.7389,0.0137,0.0025,1,1,1,1,B0,2024
COc1ccc(-c2cc(O)cc(Cl)c2)cc1,1,0.5625,0.3889,0.4375,0.6111,1.6827,297.6052,21.4823,4.1601,0.34,0.2268,0.178,-7.0697,1.135,0.5984,0.3364,0.2128,0.2717,0,0,0,278.7563,4.2594,0.1839,-6.4081,0.2541,0.0115,0,1,0,0,B0,2024
COC(=O)c1cc(C#N)cc(OP(=O)(O)O)c1O,1,0.6829,0.4884,0.3171,0.5116,2.6566,308.627,53.6308,3.6338,1.0123,0.2097,0.256,-7.1162,0.7768,0.6959,0.3336,0.2926,0.3201,0,0,0,294.4556,4.0927,0.2464,-6.4509,0.9074,0.1419,0,0,0,0,B0,2024
COc1cc(C)c(C(F)(F)F)c(C)c1,1,0.6977,0.6176,0.3023,0.3824,2.123,288.0722,54.3302,3.6853,0.5084,0.1508,0.1459,-4.2334,1.1844,0.3709,0.3346,0.4601,0.3374,0,0,0,293.9078,3.6842,0.3183,-3.5354,0.1028,0.4027,0,0,0,0,B0,2024
CN(C)c1ccc2oc3c(F)c(F)c4c(=O)c5c(O)ccc(O)c5c(=O)c4c3[nH]c2c1,1,0.3061,0.7333,0.6939,0.2667,3.1933,402.2848,57.1369,4.3986,0.3036,0.3098,0.2175,-7.2262,1.1041,0.5128,0.3846,0.1962,0.2697,1,0,0,395.3885,4.3406,0.4932,-6.0691,0.2409,0.007,1,1,1,1,B0,2024
COc1ccc(-c2cccc(C(=O)NCCC3CCCNC3)c2)cc1,1,0.6842,0.5424,0.3158,0.4576,2.3973,316.8951,69.3287,4.0161,0.402,0.3493,0.2505,-7.0393,0.7579,0.4617,0.3978,0.1184,0.2105,1,1,1,293.0626,3.9686,0.3141,-6.6117,0.5061,0.0049,1,0,0,0,B0,2024
COc1cccc(C=Cc2ccc([N+](=O)[O-])cc2C#N)c1O,1,0.5645,0.54,0.4355,0.46,2.3852,362.3386,33.5837,4.2585,0.2915,0.1318,0.1616,-6.8284,0.8233,0.6146,0.385,0.1591,0.2543,0,0,0,357.1622,4.2766,0.083,-6.3477,0.1412,0.0116,0,1,0,0,B0,2024
COC1OC(=O)C(Br)=C1Nc1ccccc1,0,0.2368,0.7021,0.7632,0.2979,3.1583,254.9546,21.9613,4.1182,0.3105,0.1967,0.1974,-6.7929,0.8919,0.5666,0.3623,0.2808,0.3158,0,0,0,257.5321,4.0957,0.2015,-6.3266,0.2524,0.0362,0,1,0,0,B0,2024
CC(=O)O[C@@H]1C[C@H](C2CC(C)(C)NC(C)(C)C2)CC[C@H]1C,1,0.7083,0.5366,0.2917,0.4634,3.868,408.1946,166.4814,2.9096,1.0096,0.2639,0.2576,-6.7288,0.7318,0.2958,0.382,0.3587,0.3552,0,1,0,339.6628,2.9406,0.221,-6.314,0.0554,0.2358,0,1,0,0,B0,2024
CCCCCCOOCc1cc(O)cc(COc2cc(C(=O)OC)cc(C(=O)OC)c2)c1,1,0.6957,0.3023,0.3043,0.6977,2.5493,334.8914,47.1171,4.1611,0.4901,0.3379,0.2485,-6.9696,0.8979,0.4076,0.3691,0.1134,0.1902,1,1,1,359.7192,4.0912,0.2832,-6.6043,0.0355,0.0048,1,1,1,1,B0,2024
COc1ccc2cc(-c3cc4ccc(Sc5ccc(O)c(C(C)(C)C)c5)cc4oc3=O)oc2c1,1,0.38,0.54,0.62,0.46,2.7378,386.2837,67.1369,4.3861,0.3073,0.2571,0.1765,-6.9574,0.9188,0.5343,0.3638,0.2032,0.2951,1,0,0,407.2574,4.6388,0.3601,-5.8989,0.2131,0.007,1,1,1,1,B0,2024
COc1cc(O)c(O)c(O)c1,1,0.5517,0.48,0.4483,0.52,2.0165,285.7207,27.5153,3.7865,0.3522,0.1793,0.1051,-5.572,0.4581,0.7437,0.2607,0.3556,0.3342,0,0,0,277.5255,3.7514,0.1645,-5.4488,0.3874,0.1194,0,1,0,0,B0,2024
COC(=O)c1ccc(/C=C/C2=C(c3ccc(C(=O)OC)cc3)C(/C=C/c3ccc(OC)cc3)=[O+][B-](F)(F)O2)cc1,1,0.0,0.5714,1.0,0.4286,3.2635,497.8704,41.4474,4.6663,0.2522,0.3553,0.1336,-6.7705,0.9436,0.5129,0.3862,0.1103,0.2057,0,0,0,518.4236,4.744,0.3565,-6.3126,0.1928,0.0051,0,1,0,0,B0,2024
FC(F)(F)c1ccc2c3cccc4ccc5sc6ccc1c2c6c5c43,1,0.3438,0.6154,0.6562,0.3846,2.5375,398.973,46.8376,4.2408,0.2802,0.3348,0.1838,-7.404,1.4127,0.5331,0.3911,0.3687,0.3367,1,0,0,409.1086,4.3115,0.4206,-7.3197,0.0857,0.0698,1,1,1,1,B0,2024
CC=COC(=O)OC(C)(C)C,1,0.7027,0.6944,0.2973,0.3056,2.935,403.9938,113.6848,2.9278,0.9999,0.0947,0.1197,-5.0916,0.5814,0.4079,0.3376,0.505,0.336,0,0,0,437.335,3.0255,0.0667,-5.1771,0.0185,0.4703,0,1,0,0,B0,2024
CC(C)(C)Cc1c(C#Cc2cccs2)c(C#Cc2cccs2)cc(C#Cc2cccs2)c1C#Cc1cccs1,1,0.3714,0.717,0.6286,0.283,3.7283,364.0264,54.7948,4.4595,0.2233,0.3788,0.1455,-7.0003,1.4953,0.4011,0.3861,0.3225,0.3283,1,1,1,360.1354,4.5815,0.3722,-7.4225,0.0547,0.0464,1,1,1,1,B0,2024
CC(C)=CCCC(C)=Cc1sc2sc(-c3nnc(C=Cc4ccccc4)o3)c(C)c2c1C,1,0.3393,0.7042,0.6607,0.2958,3.3397,385.8575,68.4363,4.3763,0.5451,0.3391,0.2676,-7.2589,1.0261,0.407,0.3826,0.1619,0.2611,1,1,1,418.0325,4.4327,0.1691,-7.0471,0.1135,0.0045,0,1,0,0,B0,2024
CCCCC(CC)COc1c(Sc2cc(C(C)(C)C)c(O)c(C(C)(C)C)c2)cc(C(C)(C)C)c(O)c1C=C(C)c1nc2ccccc2o1,1,0.6377,0.6216,0.3623,0.3784,4.008,437.55,77.8528,4.2516,0.4981,0.1666,0.1619,-6.8549,0.9365,0.4276,0.3974,0.1452,0.2767,0,1,0,446.4606,4.0511,0.1143,-6.0366,0.2074,0.0057,0,1,0,0,B0,2024
O=c1[nH]c(=O)n(-c2ccc(O)cc2O)cc1F,1,0.6735,0.6667,0.3265,0.3333,2.5473,302.9353,34.9031,3.8959,0.5514,0.1996,0.2169,-6.9046,1.1788,0.7417,0.2875,0.3334,0.3326,0,0,0,299.0251,3.9995,0.2983,-7.4264,0.8364,0.2458,1,0,0,0,B0,2024
C=C(C)CC(C)OOc1cc2ccccc2c2c1oc1cc3cccc(CCCC)c3cc12,1,0.5077,0.7324,0.4923,0.2676,3.4432,374.2492,41.6541,4.2408,0.3756,0.3966,0.1628,-7.1885,0.9995,0.2748,0.3211,0.1711,0.2866,1,1,1,372.9091,4.0882,0.287,-6.7679,0.0057,0.0047,1,1,1,1,B0,2024
Cc1cc2nc(N=Nc3ccc(O)c(C(C)(C)c4ccccc4)c3)sc2cc1C,1,0.5161,0.549,0.4839,0.451,2.7312,475.1257,39.8004,4.2311,0.4333,0.2317,0.2338,-7.3209,1.001,0.4521,0.3849,0.2189,0.2864,0,1,0,448.9357,4.1297,0.2973,-6.985,0.1143,0.0048,0,1,0,0,B0,2024
CCn1c2ccccc2c2cc(-c3cc(-c4cc5c6ccccc6n(CC)c5cc4-c4ccc(OC)cc4)nc(S(C)(=O)=O)n3)ccc21,1,0.2642,0.6757,0.7358,0.3243,2.9108,370.299,48.3913,4.3376,0.3221,0.3992,0.1971,-6.7819,0.9373,0.4644,0.3765,0.1195,0.2135,1,1,1,373.2667,4.3057,0.2126,-6.6012,0.054,0.0127,0,1,0,0,B0,2024
C[C@H]1O[C@@H](CC(=O)O)[C@@H](O)[C@@H](N)[C@@H]1O,1,0.78,0.74,0.22,0.26,3.8896,378.3115,115.1372,2.8014,1.1238,0.2629,0.2646,-6.1692,0.7617,0.6089,0.342,0.4754,0.34,0,0,0,363.834,3.1248,0.2945,-6.2532,0.19,0.4423,0,1,0,0,B0,2024
O=c1cc(-c2ccccc2)oc2c(C(F)(F)F)c(Cl)cc(O)c12,1,0.5,0.6981,0.5,0.3019,2.5124,365.3854,54.2508,4.186,0.2269,0.2757,0.1991,-7.2314,1.1627,0.7,0.3163,0.2205,0.2774,1,0,0,350.1271,4.0958,0.3111,-7.1659,0.3746,0.0058,1,1,1,1,B0,2024
CCCCOC1CCNCC1,0,0.75,0.0,0.25,1.0,2.1961,419.7976,135.155,3.5131,0.7466,0.2778,0.2419,-5.0903,1.3592,0.2552,0.2809,0.5286,0.3283,0,0,0,325.2147,3.125,0.2298,-4.7163,0.042,0.7314,0,0,0,0,B0,2024
CCCONc1cccc(Cl)c1,1,0.6522,0.7,0.3478,0.3,2.1563,275.7456,37.7634,3.6971,0.5311,0.255,0.2396,-4.1764,1.1077,0.4433,0.3648,0.3742,0.3371,0,0,0,298.035,3.7006,0.3154,-4.3705,0.0676,0.8388,0,0,0,0,B0,2024
COC(=Cc1c(Cl)cc(-c2sc(-c3ccc(N(c4ccccc4)c4cccc5ccccc45)cc3)c3c2OCCO3)cc1C#N)C(=O)O,1,0.358,0.7,0.642,0.3,3.32,465.0677,53.2734,4.4365,0.2749,0.2088,0.2006,-6.9902,0.9669,0.4946,0.4082,0.0943,0.1938,0,1,0,436.1512,4.3868,0.0943,-6.6888,0.0491,0.0049,0,1,0,0,B0,2024
COC(=O)c1ccc2n1[B-](F)(F)[N+]1=C(c3cc4n(c3-2)CC=C4)C(C)(C)c2cc(-c3ccc(C(C)(C)C)cc3)ccc21,1,0.4588,0.7595,0.5412,0.2405,3.9395,598.0074,114.5559,5.024,0.3421,0.5337,0.2396,-6.9322,1.0034,0.456,0.3781,0.1546,0.2752,0,1,0,574.844,5.092,0.4868,-6.2831,0.2032,0.0052,0,1,0,0,B0,2024
Nc1ncnc2c1c(C(=O)c1ccc(Cl)cc1)nn2C1CC(O)C(CO)O1,1,0.4714,0.7302,0.5286,0.2698,3.65,308.0905,55.0896,4.0813,0.426,0.2087,0.2403,-7.4317,0.8934,0.5824,0.4053,0.2718,0.3394,0,0,0,303.9168,4.0074,0.1118,-7.7476,0.7605,0.0099,0,0,0,0,B0,2024
CCn1c2ccccc2c2cc(/C=C/c3cc(/C=C/c4ccc5c(c4)c4ccccc4n5C(=O)c4cc(OC)c(OC)cc4Cl)ncn3)ccc21,1,0.3621,0.589,0.6379,0.411,3.1765,365.3653,42.6749,4.582,0.279,0.354,0.2483,-6.8367,0.9004,0.4806,0.3906,0.0762,0.179,1,1,1,391.9223,4.5305,0.382,-6.5176,0.0675,0.0031,1,1,1,1,B0,2024
CCCCCCCCC1(CCCCCCCC)c2cc(C=COC(=O)CCC(=O)OCC)ccc2-c2ccc(C=C(C#N)C(=O)O)cc21,1,0.3478,0.6377,0.6522,0.3623,3.2823,439.2605,57.1318,4.4518,0.4366,0.2323,0.194,-6.8108,1.0327,0.2686,0.3329,0.0883,0.1965,0,1,0,462.4702,4.5881,0.3392,-6.3318,0.0378,0.0038,0,1,0,0,B0,2024
Cc1cc(=O)oc2cc(OCC(C)(C)C)ccc12,1,0.3182,0.2821,0.6818,0.7179,2.1403,307.6858,30.316,4.0968,0.3057,0.3967,0.2625,-6.9346,0.8878,0.4343,0.3426,0.2361,0.3124,1,1,1,312.454,4.0783,0.3806,-6.2913,0.1306,0.0167,1,1,1,1,B0,2024
CC(C)c1c(O)c2c(c3oc(=O)c4c(c13)CCC4=O)[C@@H]1C=CO[C@@H]1O2,1,0.7797,0.4516,0.2203,0.5484,4.3552,377.9137,76.9778,4.1243,0.4982,0.2668,0.1855,-7.2643,0.8626,0.5162,0.373,0.3308,0.3324,1,0,0,399.407,4.1888,0.2431,-7.274,0.2987,0.0445,0,1,0,0,B0,2024
CCCCC(CC)COc1cc(/C=C/C(=O)OOC)ccc1/C=C/C(=O)OCC,1,0.4355,0.45,0.5645,0.55,3.1998,349.7289,54.7045,4.3507,0.3036,0.2511,0.191,-6.8742,0.8193,0.3593,0.3875,0.0679,0.1487,1,1,1,366.5583,4.1875,0.2508,-6.7007,0.0843,0.0039,1,1,1,1,B0,2024
O=C(CO)CC1CCCNC1,1,0.775,0.4857,0.225,0.5143,3.1038,439.5171,117.0385,3.149,1.0804,0.2754,0.2504,-5.8823,0.6609,0.6047,0.3969,0.6018,0.3238,0,0,0,447.5318,3.2175,0.3168,-6.1004,0.9106,0.9034,0,0,0,0,B0,2024
COc1ccc(C(C(=O)c2ccccc2)c2cc(C=O)c(OC)cc2C=Cc2ccnc(C#N)c2)cc1,1,0.6,0.5574,0.4,0.4426,3.2567,387.718,59.2869,4.4005,0.3264,0.434,0.24,-6.8632,0.7806,0.4366,0.3731,0.1354,0.2433,1,1,1,362.6846,4.5575,0.3415,-6.336,0.017,0.0055,1,1,1,1,B0,2024
CCNc1nnc(-c2ccc(NC(=S)C(=O)/C=C/C(=O)OC)cc2)s1,1,0.4259,0.6984,0.5741,0.3016,2.7262,370.2289,86.7974,4.1966,0.3301,0.1846,0.1943,-7.1104,0.8963,0.6102,0.3673,0.1272,0.2411,0,0,0,391.785,4.3112,0.0265,-6.6342,0.5473,0.0112,0,0,0,0,B0,2024
CC/C=C\CCC=CN(C)C,1,0.7429,0.5217,0.2571,0.4783,3.0909,252.6635,106.5809,3.4892,0.6868,0.1205,0.1212,-4.3783,0.916,0.3149,0.3342,0.5599,0.3125,0,0,0,323.1141,3.5986,0.0791,-4.4484,0.0626,0.6564,0,0,0,0,B0,2024
CN(C)c1cc2c(-c3ccc(C(C)(C)C)cc3)c3c(cc4n3CCCCCC=C4)oc-2cc1=[NH2+],1,0.4444,0.7391,0.5556,0.2609,3.95,439.061,93.2043,4.3169,0.366,0.438,0.2637,-7.4822,1.1633,0.4847,0.3904,0.3057,0.3517,0,1,0,460.0712,4.3386,0.5982,-6.5652,0.249,0.0148,0,1,0,0,B0,2024
C#CC(C)(O)c1ccc(C#N)c2ccccc12,1,0.6216,0.6585,0.3784,0.3415,3.0998,329.0578,29.9285,3.6507,0.8104,0.1008,0.1719,-7.4644,1.3029,0.5628,0.3594,0.2972,0.3263,0,0,0,325.3558,4.0093,0.2339,-7.7888,0.2467,0.0172,0,1,0,0,B0,2024
CCCCc1ccc(-c2sc(-c3ccc(N(c4ccccc4)c4cccc5ccccc45)cc3)c3c2OCCO3)cc1C#N,1,0.3562,0.7606,0.6438,0.2394,2.9126,421.8091,77.6989,4.4879,0.2641,0.4164,0.1855,-6.9598,1.1022,0.4071,0.3752,0.1561,0.229,0,1,0,411.2276,4.4166,0.4514,-7.4957,0.0529,0.0086,1,1,1,1,B0,2024
CC(=O)c1c(O)cc(ONC(=O)c2cccc3c2C#Cc2c(N)ccc(-c4ccccc4)c2OCCCO3)cc1O,1,0.4928,0.6944,0.5072,0.3056,4.0413,445.6612,121.4439,4.3671,0.3216,0.2921,0.241,-7.0504,0.9764,0.5291,0.3804,0.0736,0.1758,0,0,0,435.367,4.3704,0.2505,-6.342,0.0575,0.0055,0,1,0,0,B0,2024
CCc1ccc(O)c(S(=O)c2ccccc2C)c1,1,0.6944,0.587,0.3056,0.413,2.8478,297.6013,29.07,4.0476,0.3595,0.3574,0.2671,-7.3515,1.0236,0.4465,0.3484,0.2111,0.3017,1,1,1,299.295,3.9246,0.1551,-7.1816,0.1615,0.0042,0,1,0,0,B0,2024
CC(C)(C)c1cc(/C=C2\C(=O)C(C(=O)c3cc(C(C)(C)C)c(O)c(C(C)(C)C)c3)C2[O-])cc(C(C)(C)C)[o+]1,1,0.5658,0.5957,0.4342,0.4043,4.4076,526.8862,136.2791,4.4081,0.2783,0.1715,0.1609,-7.2277,0.9674,0.4891,0.3789,0.2761,0.3587,0,1,0,472.2852,4.563,0.2375,-7.8961,0.128,0.0105,0,1,0,0,B0,2024
CCCCCCc1ccc(-n2c3c4ccc(-c5ccccc5)c(OC)c4nnc3c3c2c2nnc4c(OC)cccc4c2n3OC(=O)O)cc1,1,0.3333,0.6905,0.6667,0.3095,3.4268,521.3902,121.3403,4.3282,0.3991,0.3198,0.2641,-6.7751,0.9461,0.3656,0.378,0.114,0.2125,0,1,0,465.7076,4.2326,0.0486,-7.7528,0.023,0.0037,0,1,0,0,B0,2024
Cc1cc(C(=O)c2ccccc2)ccc1-c1ccc(Nc2ccc(N)cc2)cc1,1,0.575,0.4615,0.425,0.5385,1.8826,341.0904,48.1903,4.3665,0.2832,0.2715,0.2031,-7.3278,0.9355,0.5581,0.3754,0.1325,0.2333,1,0,0,348.0639,4.1782,0.2476,-7.2106,0.0434,0.0041,0,1,0,0,B0,2024
CCCCCCn1nc2c(-c3ccc(/C=C(/C#N)C(=O)O)s3)ccc(-c3ccc(Oc4ccc(C(=O)c5ccc(Oc6ccccc6C#N)cc5)cc4)s3)c2n1,1,0.3976,0.6667,0.6024,0.3333,3.5623,475.0722,51.3835,4.476,0.3495,0.2231,0.2016,-6.9567,1.0949,0.3387,0.3576,0.0788,0.1649,0,1,0,477.916,4.4064,0.1165,-6.5846,0.0226,0.0034,0,1,0,0,B0,2024
O=C(O)COc1cccc(-c2c3nc(cc4ccc([nH]4)c(-c4cccc(C(=O)c5cccc(O)c5)c4)c4nc(cc5ccc2[nH]5)CC4)CC3)c1,1,0.1864,0.6094,0.8136,0.3906,5.2685,620.8464,122.3241,4.5657,0.3785,0.3668,0.2462,-7.1021,1.0074,0.3303,0.3674,0.1335,0.2262,0,1,0,576.2824,4.3845,0.3403,-6.559,0.0214,0.0063,0,1,0,0,B0,2024
CCOC(=O)c1ccc(-c2c3ccc4cc(N)ccc4c3[o+]c3c2ccc2cc(N)ccc23)cc1,1,0.413,0.5532,0.587,0.4468,2.9228,448.8855,119.0691,4.3762,0.3555,0.3088,0.2021,-7.1921,0.9549,0.4659,0.3835,0.0887,0.198,0,1,0,428.0994,4.3677,0.2583,-6.6316,0.0804,0.0048,0,1,0,0,B0,2024
CC(C)(C)c1ccc(-c2cccc(Oc3ccc(C=CC(=O)c4ccc(O)cc4)cc3)c2)cc1,1,0.6316,0.5,0.3684,0.5,2.1436,367.823,41.2593,4.3554,0.7769,0.2259,0.1641,-7.1825,0.9756,0.5068,0.3979,0.1099,0.2223,0,0,0,363.651,4.524,0.233,-6.3661,0.0419,0.0044,0,1,0,0,B0,2024
Cn1cccc1C(C#N)C1CCCCN1,1,0.5366,0.6275,0.4634,0.3725,3.7892,257.2377,32.2363,3.6215,0.5347,0.1735,0.1787,-6.4936,1.0809,0.4666,0.3766,0.3966,0.3665,0,1,0,287.2705,3.3961,0.2044,-6.5039,0.2223,0.0666,0,1,0,0,B0,2024
CC(C)=CCC/C(C)=C/COC(=O)c1ccc(C#Cc2ccccc2)cc1,1,0.6538,0.2143,0.3462,0.7857,2.4093,403.6249,54.0623,4.2769,0.3904,0.1893,0.1665,-7.273,1.1925,0.23,0.3171,0.1067,0.2062,0,1,0,389.5843,4.0658,0.2354,-6.7095,0.0335,0.0061,0,1,0,0,B0,2024
CCCCC(CC)COc1c(C)c(O)cc(C)c1C(=O)[Si](C)(C)C,1,0.6515,0.5556,0.3485,0.4444,3.388,310.7126,47.4673,3.5916,0.7679,0.2812,0.2177,-6.8145,0.7423,0.3858,0.3768,0.1223,0.2289,0,1,0,321.9917,3.811,0.21,-6.7675,0.0719,0.0054,0,1,0,0,B0,2024
CON(C)C(=O)Nc1ccc(-c2ccc3ccc4cccc5ccc2c3c45)cc1,1,0.5818,0.5102,0.4182,0.4898,2.2608,400.3324,66.9279,4.3256,0.2747,0.2535,0.1699,-7.0173,1.0329,0.5,0.3928,0.1436,0.2445,1,0,0,402.599,4.2897,0.1763,-5.903,0.0548,0.0048,0,1,0,0,B0,2024
N#Cc1cccc2c1CC(=O)NC21CCNCC1,1,0.7273,0.4286,0.2727,0.5714,3.4768,313.1316,45.0835,4.1178,0.301,0.2694,0.2329,-7.3659,0.7196,0.5568,0.4032,0.3149,0.3177,1,0,0,311.7259,4.1646,0.2866,-7.5316,0.3084,0.0571,1,1,1,1,B0,2024
CCN1O/C(=c2\c(=CC(=O)c3cc(Cl)c(O)c(C(C)(C)C)c3N)sc(=O)n2CC(=O)O)SC1=S,1,0.567,0.7733,0.433,0.2267,4.077,468.9498,86.7124,4.2616,0.4718,0.1969,0.2117,-7.084,0.882,0.6445,0.3643,0.2335,0.3197,0,0,0,508.086,4.0118,0.2242,-7.0807,0.4437,0.0136,0,1,0,0,B0,2024
CCCCC(CC)COc1c([C@H](NC(=O)OCc2ccccc2)C(=O)OCc2cc(=O)oc3cc(OC)ccc23)ccc(O)c1O,1,0.4337,0.6444,0.5663,0.3556,3.6912,348.335,90.0688,4.4003,0.2925,0.2879,0.2411,-6.7631,0.8986,0.3223,0.3773,0.0519,0.1213,1,1,1,409.8022,4.1991,0.2635,-6.6129,0.0129,0.0047,1,1,1,1,B0,2024
Cc1ccc(SC(=O)c2ccccc2)cc1,1,0.5946,0.3103,0.4054,0.6897,1.7568,290.6801,43.1722,4.2599,0.3307,0.15,0.1921,-7.1286,1.5537,0.3532,0.3238,0.2449,0.2952,0,1,0,286.4276,4.2434,0.2891,-7.2698,0.2973,0.0353,0,1,0,0,B0,2024
Cc1ccc(S(=O)(=O)/N=c2/cc3ccccc3cn2C(=O)OC2CC(C)(C)NC(C)(C)C2)cc1,1,0.4915,0.6102,0.5085,0.3898,3.1077,363.6738,78.132,4.1163,0.3656,0.3112,0.2092,-7.1765,0.8693,0.4667,0.3942,0.1701,0.2682,1,1,1,401.1834,4.1132,0.3824,-6.0255,0.0408,0.0085,1,1,1,1,B0,2024
Cc1cc(-c2ccc(Br)cc2C(=O)Oc2ccccc2)c(O)cc1C#N,1,0.6852,0.5263,0.3148,0.4737,2.3065,354.678,55.717,4.1508,0.3205,0.2463,0.1928,-7.1866,0.9879,0.4353,0.3705,0.1234,0.2272,0,1,0,337.4159,4.14,0.2295,-6.3236,0.0306,0.0058,0,1,0,0,B0,2024
COc1oc2cccc3[n+]2c1-c1ccccc1-3,1,0.5926,0.7568,0.4074,0.2432,3.3661,376.7787,86.7715,4.0699,0.2712,0.2667,0.2243,-7.0658,1.2879,0.4324,0.3343,0.2466,0.3028,1,1,1,399.1664,3.9032,0.2883,-6.2155,0.0996,0.0266,1,1,1,1,B0,2024
CC(CCCC(C)(C)O)CN1CCN(c2c(F)cc3c(c2F)OC2=C(/C=C/C4=[N+](C)c5ccccc5C4(C)C)CCCC2=C3)CC1,1,0.2989,0.7576,0.7011,0.2424,4.1851,629.0381,80.1602,5.01,0.3019,0.3578,0.241,-6.8124,0.9865,0.4247,0.3854,0.2432,0.3501,0,1,0,662.1966,5.0782,0.4864,-6.8413,0.1338,0.0077,0,1,0,0,B0,2024
N#C/C(=C\C1=C2SC(c3ccccc3)=CC(c3ccccc3C(F)(F)F)=C2CCC1)C(=O)O,1,0.2414,0.7534,0.7586,0.2466,3.1642,527.4157,67.1893,4.3462,0.3008,0.1139,0.096,-7.4373,1.0229,0.5135,0.3921,0.1301,0.2042,0,0,0,511.9347,4.373,0.1138,-8.3754,0.2326,0.0066,0,1,0,0,B0,2024
COc1ccc(/C=C/C(=O)N=CN(C)C)cc1C,1,0.6522,0.5417,0.3478,0.4583,2.6349,351.2223,43.1024,4.1618,0.3875,0.172,0.1474,-6.6912,0.8169,0.4951,0.3632,0.2268,0.3109,0,1,0,346.3615,4.075,0.1498,-5.8894,0.6277,0.008,0,0,0,0,B0,2024
CC(C)CCc1ccc(-c2nc3cccc4c3n2-c2ccccc2C4(C)C)cc1,1,0.4211,0.7273,0.5789,0.2727,2.3872,337.3014,37.7192,3.9843,0.4405,0.4826,0.235,-7.214,1.4568,0.4235,0.3913,0.2872,0.3282,1,1,1,315.1414,4.1493,0.4089,-8.1589,0.0962,0.0405,1,1,1,1,B0,2024
N#CC(=Cc1ccccc1)C(=O)O,1,0.2812,0.4,0.7188,0.6,1.918,319.4464,26.3351,3.9891,0.5258,0.0758,0.1172,-5.66,0.5829,0.6576,0.338,0.2917,0.3132,0,0,0,326.5104,3.8415,0.1168,-5.9894,0.6849,0.0178,0,0,0,0,B0,2024
CCCc1cc(-c2ccc(I)cc2)c(O)c(C(c2cc(CCC)cc(C(C)(C)C)c2O)C2CCCCC2)c1,1,0.7692,0.26,0.2308,0.74,3.3812,355.397,113.3638,4.3492,0.3009,0.3489,0.2516,-7.2485,1.0703,0.409,0.3707,0.2877,0.3603,1,1,1,390.3564,4.4334,0.2493,-6.945,0.0392,0.0079,0,1,0,0,B0,2024
COC(=O)c1c(C(=O)OC)c2ccc(COC3CCCCCCCCCCC3)nn2c1C(=O)OC,1,0.5263,0.6557,0.4737,0.3443,3.2039,397.2878,93.0998,4.2039,0.4488,0.4539,0.2327,-7.1979,0.8333,0.3608,0.3905,0.1463,0.238,1,1,1,351.5284,4.2838,0.2868,-6.6835,0.0433,0.0052,1,1,1,1,B0,2024
COC(=O)c1ccccc1C(=O)O,0,0.1818,0.3214,0.8182,0.6786,1.4439,285.6715,23.615,3.9424,0.409,0.2293,0.1362,-5.4023,0.6033,0.474,0.3449,0.1937,0.2469,0,1,0,281.3811,3.7349,0.265,-5.4575,0.3085,0.0132,0,1,0,0,B0,2024
CCOc1ccc(C(=O)C(=O)c2ccc3cc(N(C)C)ccc3c2)cc1,1,0.4211,0.5625,0.5789,0.4375,2.0445,386.4302,32.0246,4.2249,0.4287,0.4014,0.1295,-7.1332,1.0463,0.4946,0.3557,0.0948,0.1654,1,1,1,396.3346,4.2315,0.3682,-5.9792,0.0269,0.0049,1,1,1,1,B0,2024
COc1cc2oc(=O)c(C=Cc3ccc([N+](=O)[O-])cc3)cc2cc1-c1cccc(-c2ccccc2)c1,1,0.3833,0.6462,0.6167,0.3538,2.4446,376.3441,43.9626,4.4989,0.2366,0.4107,0.2365,-6.8687,0.8285,0.5331,0.3988,0.1254,0.2206,1,0,0,381.688,4.5507,0.2383,-6.3491,0.052,0.0137,0,1,0,0,B0,2024
COC(=O)c1cccc2c1C(=O)C=C(Nc1ccc([N+](=O)[O-])cc1-c1ccc(C(C)=O)cc1)C2=O,1,0.5385,0.5735,0.4615,0.4265,2.6104,444.3376,78.0304,4.3471,0.2658,0.2004,0.2331,-6.9633,0.9635,0.5365,0.3937,0.1072,0.2115,0,0,0,454.9494,4.3336,0.0986,-6.0591,0.1889,0.006,0,1,0,0,B0,2024
CC(C)(c1ccc(O)c(-c2cc(O)cc(C(F)(F)F)c2)c1)c1ccc(O)c(C(C)(C)c2ccccc2)c1,1,0.7258,0.3659,0.2742,0.6341,2.7677,357.4803,62.2358,4.2768,0.3835,0.268,0.178,-7.4438,1.0178,0.4804,0.3707,0.212,0.2805,1,1,1,366.6742,4.2216,0.3813,-6.9579,0.0691,0.0053,1,1,1,1,B0,2024
C=CC(C)c1ccc(/C=C(\C#N)C(=O)O)cc1,1,0.4884,0.5319,0.5116,0.4681,2.9744,315.3718,35.2159,4.0296,0.6176,0.1315,0.1926,-7.2527,0.8867,0.4525,0.3917,0.2913,0.3321,0,1,0,297.8761,4.0271,0.1049,-7.2728,0.1265,0.036,0,1,0,0,B0,2024
CCc1cc(-c2ccccc2N(c2ccccc2)c2ccccc2)c(-c2ccccc2)cc1-c1ccccc1N(c1ccccc1)c1ccccc1,1,0.2424,0.7111,0.7576,0.2889,2.5034,358.1756,24.9039,4.4496,0.3982,0.4166,0.136,-7.0557,1.5094,0.4374,0.3561,0.2312,0.2886,1,1,1,375.8138,4.4647,0.3767,-7.5458,0.0987,0.0373,1,1,1,1,B0,2024
O=[N+]([O-])C=C1c2ccccc2C=Cc2ccccc21,1,0.5833,0.725,0.4167,0.275,2.5189,343.7435,36.7339,4.26,0.2778,0.0618,0.0741,-7.4191,1.1123,0.6316,0.3592,0.2431,0.2878,0,0,0,363.0227,4.2167,0.1461,-8.0626,0.2963,0.0114,0,1,0,0,B0,2024
CCCCN(CCCC)c1ccc(C=Cc2ccc3nc(C=Cc4ccc(OC)cc4)c(=O)n(CCC)c3c2)cc1,1,0.1111,0.6812,0.8889,0.3188,2.7809,470.6139,69.1267,4.6897,0.2191,0.2693,0.1711,-6.6258,0.9217,0.4515,0.3976,0.1497,0.2423,0,1,0,454.3319,4.6081,0.2002,-6.5578,0.0212,0.0115,0,1,0,0,B0,2024
[O-]c1ccc(CCCCc2ccc(O)cc2)cc1,1,0.5517,0.5667,0.4483,0.4333,2.3109,323.852,57.8685,3.9445,0.512,0.4235,0.2872,-7.2444,1.1379,0.5302,0.3553,0.3624,0.3488,1,0,0,289.8838,3.9204,0.2796,-8.2432,0.511,0.017,0,0,0,0,B0,2024
CN(C)c1cccc(C(=O)[O-])c1C(=O)OC(C)(C)C,1,0.6739,0.4865,0.3261,0.5135,2.7482,366.3961,59.7976,3.8594,0.7893,0.6272,0.3154,-7.0293,0.8856,0.4956,0.4081,0.2289,0.2967,1,1,1,376.4924,3.8419,0.3849,-6.5806,0.4314,0.0138,1,1,1,1,B0,2024
CCN(c1ccccc1)c1cccc(-c2ccccc2)c1,1,0.5357,0.6087,0.4643,0.3913,1.7286,333.897,33.5391,4.2158,0.3477,0.3804,0.1624,-7.3035,1.5038,0.4217,0.3532,0.2995,0.3181,1,1,1,321.5868,4.2137,0.4622,-7.5599,0.0584,0.0286,1,1,1,1,B0,2024
c1ccc(CCN2CCCCC2)cc1,1,0.6042,0.5,0.3958,0.5,1.394,260.4436,27.313,3.7978,0.4707,0.2006,0.2455,-4.7891,1.0813,0.3402,0.332,0.4746,0.3012,0,0,0,260.9576,3.6916,0.2356,-3.8132,0.1489,0.9468,0,0,0,0,B0,2024
CC(=O)c1cccc(-c2c3nc(cc4ccc([nH]4)c(-c4cc(OCC(=O)O)ccc4N(C)C)c4nc(cc5ccc2[nH]5)CC4)CC3)c1,1,0.3235,0.7308,0.6765,0.2692,5.3387,655.2089,119.176,4.5803,0.3619,0.3875,0.2369,-7.2429,1.149,0.3803,0.3763,0.1255,0.2112,0,1,0,580.6906,4.481,0.4881,-6.3923,0.0184,0.0057,0,1,0,0,B0,2024
Cc1cc(S)c(N=Nc2cc(Cl)cc(Br)c2O)s1,1,0.5532,0.7059,0.4468,0.2941,3.431,476.6011,37.6809,3.7624,0.7091,0.275,0.2555,-7.0002,1.0195,0.6778,0.3504,0.3737,0.3632,0,0,0,439.9937,3.4766,0.2919,-6.7164,0.722,0.1524,0,0,0,0,B0,2024
CC(C)(C)c1cc(Cc2ccc3ccc4cccc5ccc2c3c45)cc(C(C)(C)C)c1O,1,0.5349,0.475,0.4651,0.525,2.4938,367.0952,25.2566,4.3899,0.4383,0.4122,0.2818,-7.3039,1.4868,0.36,0.375,0.32,0.3433,1,1,1,375.3982,4.281,0.3329,-7.4072,0.098,0.0099,1,1,1,1,B0,2024
O=C(c1ccccc1)c1ccc(N2CCOCC2)cc1,0,0.5476,0.0,0.4524,1.0,1.6155,332.0701,33.7513,4.0662,0.2731,0.2591,0.1559,-7.6972,1.0121,0.4777,0.3395,0.2216,0.2674,1,1,1,303.9749,3.7822,0.1866,-7.6823,0.3307,0.0127,0,1,0,0,B0,2024
CCCCCCCCCCCc1ccccc1,1,0.5172,0.1905,0.4828,0.8095,1.4375,279.3926,53.5168,3.6345,0.6456,0.2632,0.2625,-6.8223,1.3742,0.2061,0.2268,0.3879,0.3063,0,1,0,274.5649,3.8963,0.2264,-7.6423,0.052,0.5814,0,0,0,0,B0,2024
CCCCCCCCCc1ccc(/C=C/C2=[O+][B-](F)(F)OC(/C=C/c3ccc(OC)c4c(C#N)cccc34)=C2c2ccccc2)c2ccccc12,1,0.3973,0.7262,0.6027,0.2738,3.685,480.0924,78.9885,4.565,0.2802,0.3685,0.1911,-6.717,0.942,0.36,0.387,0.1429,0.2202,0,1,0,470.6548,4.6653,0.3495,-6.5524,0.0872,0.0073,0,1,0,0,B0,2024
CCN(C=C1N(CCCCCC(=O)O)c2ccc(S(=O)(=O)[O-])cc2C1(C)C)C(=O)c1ccc(C(=O)c2ccccc2)cc1,1,0.4625,0.6338,0.5375,0.3662,3.1578,630.761,94.1573,4.3521,0.4174,0.2251,0.1676,-6.9144,1.0538,0.4615,0.4056,0.1573,0.2611,0,1,0,577.3252,4.5029,0.353,-7.5141,0.108,0.0048,0,1,0,0,B0,2024
COC(=O)c1c(C(=O)N2CCC3(CC2)COCCN3)c2ccc(-c3ccccc3)nn2c1C(=O)c1ccc(F)cc1,1,0.507,0.6267,0.493,0.3733,3.5039,365.3548,92.8782,4.2736,0.3794,0.337,0.2094,-6.8591,0.92,0.4276,0.3889,0.1469,0.2604,1,1,1,414.9975,4.1789,0.339,-5.9198,0.1964,0.0083,1,1,1,1,B0,2024
C=C(C)Cc1c2ccc(=[NH2+])cc-2sc2cc(N)cc(C(=O)OC)c12,1,0.6269,0.7069,0.3731,0.2931,3.4546,477.2686,80.3056,4.059,0.4184,0.3469,0.2607,-6.8783,0.8619,0.6697,0.3061,0.1561,0.2384,0,0,0,466.1635,4.139,0.2889,-6.0204,0.6499,0.0081,0,0,0,0,B0,2024
O=C(c1ccccc1)c1ccc(-c2ccc(Br)cc2)cn1,1,0.5909,0.4545,0.4091,0.5455,1.7565,350.6582,52.1305,4.2314,0.2408,0.3445,0.1319,-7.5625,1.0494,0.5531,0.3387,0.242,0.2839,1,0,0,321.9457,4.1972,0.2272,-7.6034,0.2019,0.0041,0,1,0,0,B0,2024
N#CC(c1ccccc1)c1ccccc1-c1nc(-c2nc(-c3ccccc3)c(-c3ccccc3)o2)oc1-c1ccccc1,1,0.45,0.6346,0.55,0.3654,3.1531,419.0983,93.1258,4.4127,0.2642,0.4654,0.1612,-7.1342,1.1163,0.4689,0.3845,0.2042,0.2708,1,1,1,382.1698,4.4895,0.3606,-7.2034,0.0229,0.0128,1,1,1,1,B0,2024
Cn1c(-c2ccccc2)c(N=Nc2ccccc2)c2ccccc21,1,0.3864,0.7442,0.6136,0.2558,2.1763,420.8941,34.6633,3.1338,1.711,0.7622,0.228,-7.5438,1.1007,0.4776,0.3587,0.2626,0.3109,0,1,0,422.7788,3.7564,0.6418,-7.6566,0.3365,0.007,0,1,0,0,B0,2024
CC(C)CN(C)Cc1ccccc1,1,0.6296,0.4615,0.3704,0.5385,1.5729,257.3376,29.7442,3.3877,0.4946,0.135,0.1397,-4.671,1.0245,0.264,0.311,0.5278,0.3238,0,0,0,263.12,3.1225,0.2263,-3.7467,0.0759,0.9817,0,0,0,0,B0,2024
COC1=CC(=O)c2ccccc2C1=O,1,0.5,0.6591,0.5,0.3409,2.0119,359.7949,74.7316,3.491,0.5905,0.0529,0.0805,-5.5271,0.7179,0.588,0.3438,0.286,0.3103,0,0,0,405.5455,3.4113,0.1417,-5.6832,0.2734,0.0247,0,1,0,0,B0,2024
CCOCC(O)COc1ccc(-c2nc(-c3ccc(C)cc3C)nc(-c3ccc(C)cc3C)n2)c(O)c1,1,0.7333,0.2679,0.2667,0.7321,3.0937,352.0446,79.2767,4.3369,0.2834,0.3118,0.2393,-7.1126,0.9548,0.448,0.3866,0.18,0.2913,1,1,1,389.1624,4.4104,0.3872,-6.5979,0.0211,0.0066,1,1,1,1,B0,2024
COc1ccc(-c2cccc(N(c3ccccc3)c3ccc(C(C#N)=CC(=O)c4cccc5ccc(O)cc45)cc3)c2)cc1,1,0.5217,0.6212,0.4783,0.3788,2.7022,422.0928,56.9925,4.5381,0.2347,0.18,0.1511,-6.9303,0.976,0.4644,0.3875,0.0981,0.2063,0,1,0,432.0859,4.3796,0.1382,-6.628,0.0359,0.0047,0,1,0,0,B0,2024
Oc1cccc(-[n+]2cc3ccc4c[n+](Cc5ccccc5)cc5ccc(c2)c3c45)c1,1,0.3824,0.6596,0.6176,0.3404,3.1989,403.9123,75.4152,4.2773,0.2806,0.3122,0.2093,-7.6008,1.06,0.3902,0.3424,0.244,0.2998,1,1,1,400.3834,4.036,0.252,-7.5927,0.1702,0.0037,1,1,1,1,B0,2024
COC(=O)c1ccc(C=C2N=C(C)N(CCN3C(=O)C(=Cc4ccc(N(C)C)cc4)N=C3C)C2=O)cc1,1,0.2391,0.6316,0.7609,0.3684,3.0338,445.6926,94.744,4.5026,0.3527,0.1406,0.1259,-6.8312,0.8843,0.5182,0.3844,0.108,0.2168,0,0,0,444.4254,4.5354,0.1692,-5.99,0.0665,0.0051,0,1,0,0,B0,2024
CN(C)C(=S)SSc1cccc2c(=O)[nH][nH]c(=O)c12,1,0.6346,0.6757,0.3654,0.3243,3.2561,287.1592,44.3826,4.1785,0.3977,0.2182,0.2412,-7.2176,1.0847,0.6499,0.314,0.2315,0.2846,0,0,0,312.0351,4.1366,0.2827,-6.1482,0.6879,0.0154,1,0,0,0,B0,2024
Cc1ccc(O)c(-c2[nH]c(=O)n3c2-c2ccccc2C3=O)c1,0,0.0,0.6,1.0,0.4,2.5528,376.1554,20.3234,4.1654,0.2943,0.4218,0.0907,-7.2899,0.9976,0.6021,0.3402,0.2479,0.3008,1,0,0,353.0032,4.0613,0.4156,-7.3482,0.444,0.0147,1,1,1,1,B0,2024
Nc1ccc2c(ccc3c(C(=O)c4ccc5c(c4)Cc4cc(S(=O)(=O)[O-])ccc4-5)c4ccc5cc(N)ccc5c4[o+]c32)c1,1,0.5818,0.4528,0.4182,0.5472,3.527,401.4893,93.8329,4.488,0.2308,0.3442,0.2757,-7.1575,1.0027,0.421,0.4121,0.2165,0.3128,1,1,1,413.812,4.4376,0.3103,-7.5274,0.1734,0.0076,1,1,1,1,B0,2024
CCON1CCOC2(CCNCC2)C1,1,0.8406,0.5435,0.1594,0.4565,3.7862,428.4259,157.3276,3.2503,0.8447,0.2205,0.2231,-5.8308,0.7603,0.5694,0.4026,0.4917,0.3505,0,0,0,384.5405,3.1879,0.2746,-5.7903,0.0781,0.3613,0,1,0,0,B0,2024
CCN(C(=O)c1ccc(O)c(Cl)c1)/C(C)=N\c1ccc2c3c(cc(-c4ccc(C(C)(C)C)cc4)cc13)C(=O)c1ccccc1-2,1,0.5616,0.6901,0.4384,0.3099,3.0651,406.9624,68.6055,4.4025,0.3743,0.2729,0.183,-7.1771,1.0607,0.5471,0.3916,0.1679,0.2841,1,0,0,442.098,4.5186,0.2186,-7.0821,0.1942,0.005,0,1,0,0,B0,2024
Cc1cc(C2=C(c3ccccc3)c3ccccc3[Si]2(c2ccccc2)c2ccccc2)cc(C)c1N,1,0.3243,0.7381,0.6757,0.2619,2.9665,392.6882,93.2522,4.3623,0.1555,0.2702,0.1605,-7.3819,1.2156,0.4681,0.3771,0.3191,0.3594,1,1,1,415.4653,4.269,0.4062,-7.4349,0.1007,0.012,1,1,1,1,B0,2024
COc1cc(F)c(C(=O)C(=O)c2cc(O)ccc2N(C)C)cc1F,1,0.4878,0.5682,0.5122,0.4318,2.5099,345.3125,50.6094,4.1125,0.5849,0.2578,0.2045,-6.8516,0.9146,0.6228,0.364,0.1707,0.2709,1,0,0,338.4757,4.2204,0.234,-6.0264,0.3924,0.0106,0,1,0,0,B0,2024
c1ccc(-c2nc3c(ccc4[nH]ccc43)o2)cc1,0,0.0,0.6327,1.0,0.3673,2.0786,330.0487,26.5421,4.1463,0.3193,0.4422,0.2385,-7.378,1.0706,0.4725,0.3719,0.2954,0.326,1,1,1,346.7041,4.122,0.4362,-7.3731,0.1213,0.0105,1,1,1,1,B0,2024
COC(=O)c1cc(C)cc(C)c1-c1nc(-c2ccc(C)cc2C)nc(-c2ccc(C(C)(C)C)cc2O)n1,1,0.6716,0.56,0.3284,0.44,2.7213,472.2286,129.1111,4.4558,0.2845,0.3426,0.2613,-7.0479,0.8913,0.4151,0.374,0.1917,0.2842,0,1,0,422.7274,4.4226,0.3417,-6.277,0.0303,0.0074,0,1,0,0,B0,2024
C=CC(C)=CN1CCN([C@H]2Cc3ccccc3C[C@@H]2O)CC1,1,0.566,0.6957,0.434,0.3043,3.5665,300.4809,63.8567,4.0416,1.0254,0.1731,0.2005,-7.267,0.8543,0.4889,0.378,0.2176,0.2941,0,1,0,319.321,4.4433,0.1931,-7.6683,0.2355,0.0174,0,1,0,0,B0,2024
CCCCCCCCC(N)C(=O)N(C)c1ccc(C=Cc2ccc3c(c2)C(=O)c2cc(C=Cc4ccc(OC)cc4)ccc2C3=O)cc1,1,0.4717,0.5909,0.5283,0.4091,3.3396,454.0496,78.6361,4.4698,0.2942,0.3723,0.2429,-6.5495,0.8846,0.3171,0.3678,0.0861,0.1836,0,1,0,463.4058,4.6182,0.2513,-6.0679,0.0453,0.0036,0,1,0,0,B0,2024
Fc1ccccc1-c1ccc(C2CCNCC2)cc1,1,0.7273,0.575,0.2727,0.425,1.8501,325.0046,44.1106,4.1958,0.2588,0.3055,0.23,-7.553,1.1863,0.4018,0.3492,0.3237,0.3336,1,1,1,283.5445,4.0692,0.3504,-7.5398,0.3813,0.0584,0,1,0,0,B0,2024
CCCCCCC1=CCC(C=O)CC1,1,0.7222,0.375,0.2778,0.625,3.1805,400.6365,127.4415,3.5499,0.8095,0.1447,0.1676,-4.1603,1.3089,0.1831,0.2489,0.4008,0.3297,0,0,0,350.0504,3.5141,0.1325,-4.7186,0.0417,0.2517,0,0,0,0,B0,2024
CCCCCCCCOC(=O)C(C#N)=C(C#N)c1ccc(N(CCOC(=O)c2ccccc2)CCOC(=O)c2ccccc2)cc1,1,0.5968,0.2,0.4032,0.8,2.901,467.4425,83.0508,4.5285,0.2675,0.4059,0.241,-6.8639,1.0694,0.3923,0.385,0.0687,0.1455,0,1,0,459.3933,4.4169,0.3179,-6.3237,0.0315,0.0029,0,1,0,0,B0,2024
CCC(=O)c1cccc2ccc(C)cc12,1,0.6061,0.561,0.3939,0.439,1.7382,305.3156,30.6395,3.943,0.6959,0.2827,0.209,-4.792,1.6844,0.3044,0.3094,0.2559,0.3,1,0,0,291.1432,3.67,0.3122,-3.3745,0.118,0.0211,0,0,0,0,B0,2024
COc1oc2c(C)c3c(-c4ccc(Br)cc4)c(-c4ccc(Br)cc4)oc3c(C)c2c1-c1ccc(Br)c(C)c1,1,0.381,0.7966,0.619,0.2034,3.0882,314.8828,64.5712,4.4097,0.3069,0.4265,0.18,-6.9183,1.0441,0.4799,0.3667,0.2626,0.3244,1,1,1,376.9596,4.4531,0.4414,-6.4753,0.0665,0.0117,1,1,1,1,B0,2024
CC1(C)c2cccnc2-c2nc(C#N)ccc21,1,0.375,0.75,0.625,0.25,2.7724,356.68,75.4079,3.7881,0.6453,0.3604,0.2657,-7.2816,1.2403,0.6435,0.3305,0.3075,0.3221,0,0,0,386.9482,3.9761,0.3905,-7.4058,0.4379,0.032,1,1,1,1,B0,2024
CCN(C=O)C1CC(C)NC(C)C1,1,0.8261,0.3,0.1739,0.7,4.2353,450.3803,128.9554,3.313,0.8139,0.121,0.1417,-5.7194,0.7696,0.3988,0.3694,0.5508,0.31,0,0,0,471.5942,3.1196,0.1601,-5.9985,0.3167,0.8268,0,0,0,0,B0,2024
CN(N=C1C(=O)C(=O)C1=NN(C)c1ccccc1)C(=O)c1ccc(O)c(O)c1,1,0.425,0.5769,0.575,0.4231,3.1089,385.9474,55.3822,4.2632,0.3851,0.2039,0.1766,-7.299,1.0243,0.7027,0.2944,0.2044,0.2829,0,0,0,410.816,4.2403,0.1998,-6.7361,0.4366,0.0144,0,1,0,0,B0,2024
CCc1ccc(-n2c(-c3ccc(C)cc3)nc(-c3ccc(O)c(OC(C)(C)C(=O)O)c3)c2-c2ccccc2)cc1,1,0.3793,0.6269,0.6207,0.3731,2.569,411.0739,92.3767,4.7525,0.338,0.4043,0.3046,-7.0902,1.0027,0.4634,0.3993,0.1028,0.2118,1,1,1,418.1783,4.7384,0.3445,-6.6445,0.1238,0.0053,1,1,1,1,B0,2024
O=C(Nc1ccc(N=Nc2c(F)cccc2F)cc1)C1CCCNC1,1,0.6667,0.3878,0.3333,0.6122,2.9377,404.0497,44.6057,3.754,0.7845,0.5445,0.3446,-7.8296,0.9124,0.5554,0.4004,0.1775,0.2626,0,0,0,425.9274,3.8291,0.4108,-7.8279,0.3661,0.0066,0,1,0,0,B0,2024
C=CCCCCc1ccc(OC)cc1C#N,1,0.64,0.6512,0.36,0.3488,2.2155,317.6241,50.0999,4.0383,0.3725,0.2469,0.205,-6.6226,1.3136,0.3839,0.3425,0.2298,0.2801,0,1,0,303.2428,3.8561,0.2602,-6.6067,0.2018,0.0254,1,1,1,1,B0,2024
COc1cccc(-c2ccc(/C=C(\C#N)C(=O)O)s2)c1O,1,0.4038,0.537,0.5962,0.463,2.5657,351.7584,23.8807,4.2241,0.4667,0.1285,0.1524,-6.9845,0.8592,0.5516,0.3709,0.1558,0.2417,0,0,0,383.6099,4.3234,0.0619,-6.3556,0.0806,0.0134,0,1,0,0,B0,2024
O=C(c1cccc(C(F)(F)F)c1)c1ccccc1-c1cccc(Cl)c1,1,0.6226,0.5111,0.3774,0.4889,1.8711,330.1418,29.5006,4.1251,0.3349,0.3622,0.1331,-7.3195,1.4951,0.6242,0.3714,0.2739,0.3119,1,0,0,323.1354,4.2439,0.3648,-7.2714,0.2774,0.0191,1,1,1,1,B0,2024
COC(=O)C=Cc1ccc(C=CC(C)(C)C)c(-c2ccccc2)c1,1,0.6667,0.4884,0.3333,0.5116,2.3834,352.6448,32.8779,4.3199,0.3185,0.2341,0.2172,-7.2083,1.1546,0.4287,0.4004,0.1251,0.2513,0,1,0,350.1076,4.2683,0.307,-6.4827,0.1228,0.0037,1,1,1,1,B0,2024
CCCCCCc1c(/C=C(\C#N)C(=O)O)sc2cc(-c3cc4sc(C(C)(C)C)c(CCCCCC)c4s3)sc12,1,0.3571,0.7059,0.6429,0.2941,3.5522,457.5141,44.7197,4.4269,0.2263,0.197,0.2152,-6.9193,1.0104,0.3157,0.3583,0.1843,0.277,0,1,0,475.4926,4.177,0.2087,-8.063,0.0114,0.004,0,1,0,0,B0,2024
Oc1ccc(CCCc2ccc3ccc4c(-c5ccncc5)ccc5ccc2c3c54)cc1Cc1ccccc1,1,0.56,0.5439,0.44,0.4561,2.531,379.0648,50.7091,4.3765,0.3404,0.4374,0.2477,-7.2858,1.1791,0.3851,0.355,0.1937,0.2806,1,1,1,387.6185,4.143,0.3689,-7.5837,0.0576,0.0031,1,1,1,1,B0,2024
CCCCc1cc(OCC(C)O)ccc1C=CC(=O)O,1,0.7024,0.5714,0.2976,0.4286,2.7267,277.868,38.087,3.9101,0.3838,0.2289,0.1917,-7.0073,0.73,0.4679,0.3712,0.2386,0.3292,0,1,0,328.1098,3.8737,0.2099,-6.6916,0.2744,0.018,0,1,0,0,B0,2024
COc1cc(OC)cc(-c2nnc(C(=O)[O-])o2)c1,1,0.4474,0.5714,0.5526,0.4286,2.6523,325.3319,40.0409,4.2034,0.5732,0.2778,0.1933,-6.9958,0.8167,0.5882,0.3673,0.2786,0.3096,1,0,0,304.6527,4.1876,0.2702,-6.304,0.2904,0.1069,1,1,1,1,B0,2024
COC(=O)c1cccc(-c2c(-c3ccc(Br)cc3)oc3c(C)c4c(-c5ccc(Br)cc5)c(-c5ccc(Br)cc5)oc4c(C)c23)c1,1,0.4091,0.5192,0.5909,0.4808,2.9886,339.7626,75.2143,4.45,0.3227,0.4058,0.1925,-6.9409,1.002,0.418,0.3902,0.1155,0.189,1,1,1,379.4714,4.4654,0.3443,-6.2369,0.044,0.0038,1,1,1,1,B0,2024
C=C(C)C=Cc1ccc(N(c2ccccc2)c2ccccc2)cc1,1,0.3636,0.4054,0.6364,0.5946,2.0628,373.5358,18.6779,4.4102,0.4223,0.2402,0.2108,-7.3519,1.5175,0.5306,0.3478,0.2651,0.3284,0,0,0,388.1879,4.3291,0.2351,-7.609,0.1184,0.0179,0,1,0,0,B0,2024
CC(=O)c1ccc(N(c2ccccc2)c2ccccc2)cc1,1,0.4348,0.3077,0.5652,0.6923,1.668,348.7605,41.4912,4.3554,0.2134,0.3411,0.1018,-7.6153,1.2101,0.4126,0.3377,0.1945,0.279,1,1,1,362.395,4.2283,0.3179,-7.632,0.0741,0.0074,1,1,1,1,B0,2024
CC(NC(=O)c1cc(-c2ccc(C=C(C#N)C(=O)O)s2)ccc1OCC(F)(F)F)C1CCCCN1,1,0.5889,0.3816,0.4111,0.6184,3.7193,459.8397,91.1364,4.4008,0.306,0.2275,0.1844,-7.1532,0.8397,0.4921,0.394,0.1526,0.2754,0,1,0,414.7215,4.3887,0.2151,-6.6024,0.0829,0.0087,0,1,0,0,B0,2024
CN1C(=Cc2cc(SC(C)(C)Sc3cc(C(C)(C)C)c(O)c(C(C)(C)C)c3)cc(C(C)(C)C)c2O)C(C)(C)c2ccccc21,1,0.5926,0.5532,0.4074,0.4468,3.4618,425.7778,74.2315,4.3296,0.4644,0.1881,0.1766,-7.107,1.0729,0.4417,0.3973,0.2343,0.3253,0,1,0,443.7402,4.5411,0.173,-7.3103,0.0371,0.0062,0,1,0,0,B0,2024
Fc1cccc2c1c1ccccc1n2-c1cncc(-c2cncc(-c3ccccc3)c2)n1,1,0.42,0.75,0.58,0.25,2.4862,419.4224,55.8583,4.283,0.4593,0.4982,0.2543,-7.2891,1.1011,0.4338,0.3742,0.2165,0.2854,1,1,1,398.2675,4.1202,0.4833,-7.3355,0.3518,0.0044,1,1,1,1,B0,2024
O=C(OC(Cc1ccc(O)c(O)c1)C(=O)O)[Te]c1ccccc1C(=O)c1ccccc1,1,0.5263,0.5818,0.4737,0.4182,3.2899,323.0277,64.3394,4.2888,0.3086,0.271,0.221,-7.0617,0.9232,0.4316,0.3765,0.1741,0.2878,1,1,1,326.124,4.2357,0.3403,-6.6219,0.0616,0.0142,1,1,1,1,B0,2024
CC(C)OP(=O)(NCCNC(=O)c1ccccc1)OC(C)C,1,0.6842,0.5918,0.3158,0.4082,2.4988,277.9465,47.6697,3.5594,0.8333,0.2629,0.2407,-6.976,0.6669,0.5482,0.3906,0.1878,0.2854,0,0,0,285.5542,3.5589,0.3272,-6.6298,0.342,0.0185,0,1,0,0,B0,2024
CCCCc1c(C(C)(C)c2cc(C(C)(C)CC(C)(C)C)c(O)c(C(C)(C)C(=O)O)c2)cc(C(C)(C)CC(C)(C)C)c(O)c1C(C)(C)CC(C)(C)C,1,0.7763,0.5,0.2237,0.5,3.7424,483.9192,128.187,4.4284,0.3175,0.3967,0.2423,-6.7831,0.9374,0.3558,0.3822,0.2224,0.3081,0,1,0,471.9436,4.2816,0.4091,-6.645,0.0899,0.0057,0,1,0,0,B0,2024
COC(=O)c1ccc(CC[C@H](N[C@@H](Cc2ccc(OC)cc2)C(=O)N[C@@H](CC(=O)O)C(N)=O)C(=O)O)cc1,1,0.3273,0.5962,0.6727,0.4038,3.2756,319.6225,97.5032,4.169,0.5224,0.3449,0.2464,-6.8023,0.8403,0.4719,0.3875,0.1579,0.2782,1,1,1,313.8374,4.2399,0.3762,-7.7877,0.1053,0.0477,1,1,1,1,B0,2024
CON1C(=O)CSC1=Nc1c2ccccc2nc2ccccc12,1,0.3617,0.6875,0.6383,0.3125,2.7714,355.1537,27.4005,4.1875,0.228,0.3419,0.2104,-7.0337,0.9495,0.5772,0.3557,0.2264,0.3055,1,0,0,350.0696,4.0935,0.3969,-6.3541,0.1862,0.0128,1,1,1,1,B0,2024
CC(=O)Oc1c(O)c2ccc(C#N)cc2c2cc(C)ccc12,1,0.5217,0.625,0.4783,0.375,2.3283,356.3473,40.5374,4.2374,0.2186,0.2175,0.1447,-7.1539,0.9713,0.4938,0.3881,0.1639,0.2647,0,1,0,349.6667,4.1165,0.197,-6.395,0.0557,0.0081,0,1,0,0,B0,2024
COC(=O)/C(C)=C\C(=O)C=C(C#N)C(=O)O,1,0.6667,0.5455,0.3333,0.4545,3.1195,345.5299,53.5936,2.9328,1.1189,0.0635,0.0939,-6.4923,1.0793,0.6861,0.355,0.435,0.3393,0,0,0,387.6408,3.2779,0.0725,-5.6293,0.6686,0.4699,0,0,0,0,B0,2024
CCOC(=O)c1sc2nc(C)c(-c3ccc(C(=O)c4ccc(C)cc4C(=O)O)c(O)c3)c(C#N)c2c1N,1,0.4857,0.5972,0.5143,0.4028,2.872,463.4757,103.7042,4.2219,0.5526,0.3216,0.2641,-7.2409,0.9731,0.5138,0.3925,0.0864,0.206,0,0,0,438.5709,3.9213,0.3394,-6.6104,0.0387,0.0039,0,1,0,0,B0,2024
CCOc1ccc(OC)cc1O,1,0.6383,0.5263,0.3617,0.4737,1.5834,275.7424,26.9547,3.6465,0.4299,0.2309,0.1812,-5.2509,0.6508,0.442,0.3302,0.2367,0.276,0,1,0,286.0195,3.6667,0.2068,-5.7565,0.1013,0.0392,0,1,0,0,B0,2024
O=C(O)/C(=C/c1ccc(O)c(O)c1)c1c(N(c2ccccc2)c2ccc(-c3nc4c5ccccc5c5ccccc5c4[nH]3)c(O)c2)ccc(O)c1O,1,0.4062,0.6164,0.5938,0.3836,3.3387,415.9423,72.1245,4.5171,0.3051,0.3376,0.2821,-7.2117,1.0696,0.3733,0.3947,0.1764,0.2787,1,1,1,409.5907,4.4846,0.4558,-7.4218,0.0406,0.008,1,1,1,1,B0,2024
CC(C)C=c1o/c(=C\c2ccccc2C(F)(F)F)c2ccccc12,1,0.6304,0.7636,0.3696,0.2364,2.9766,353.6421,28.4325,4.2794,0.3091,0.129,0.1638,-7.2553,1.5002,0.4397,0.3616,0.3463,0.3422,0,1,0,348.9057,4.1469,0.2558,-6.9973,0.0671,0.0358,1,1,1,1,B0,2024
CC(C)(C)c1ccc(-c2ccc(C=Cc3ccc(-n4c5ccccc5c5ccccc54)cc3)s2)s1,1,0.2,0.7667,0.8,0.2333,2.6001,381.8479,55.1497,4.549,0.2532,0.2311,0.214,-7.2586,1.5778,0.4972,0.3696,0.2993,0.3336,0,1,0,383.5922,4.5948,0.2253,-7.4822,0.1083,0.0519,0,1,0,0,B0,2024
O=C(O)CCCCc1ccc(O)c(Cc2ccccc2)c1,1,0.625,0.325,0.375,0.675,1.8093,318.8642,49.2064,3.8049,0.4872,0.4638,0.2832,-7.3828,1.0232,0.4165,0.3773,0.2147,0.3,1,1,1,292.3138,3.7951,0.3749,-7.4568,0.0758,0.0062,0,1,0,0,B0,2024
Cn1sc(-c2ccccc2)cc1=O,1,0.6207,0.5333,0.3793,0.4667,2.4163,278.5199,34.009,3.7889,0.8071,0.1047,0.1605,-5.1742,0.7829,0.6151,0.3288,0.2938,0.3036,0,0,0,297.8511,3.8992,0.1644,-4.7467,0.7758,0.0404,0,0,0,0,B0,2024
CC(CC(C)(C)C)c1ccc(N(C)C)cc1,1,0.6452,0.6667,0.3548,0.3333,2.4947,287.8338,47.9541,3.3831,0.699,0.188,0.1446,-6.3998,1.6222,0.3409,0.3163,0.5029,0.3195,0,0,0,307.4991,3.3094,0.1544,-5.9071,0.0703,0.8528,0,0,0,0,B0,2024
Oc1ccc(/N=N/c2sc(F)cc2-c2ccccc2)s1,1,0.4737,0.6957,0.5263,0.3043,3.3014,430.2005,49.1232,4.0523,0.4699,0.2987,0.2792,-7.3991,1.1725,0.5762,0.3811,0.2038,0.2692,0,0,0,446.882,4.1974,0.3395,-7.3663,0.3021,0.005,0,1,0,0,B0,2024
Cc1cc(C=CNC(=O)c2ccccc2O)n2c1C=C1C=CC=[N+]1[B-]2(F)F,1,0.375,0.7188,0.625,0.2812,4.0267,560.5197,28.8911,4.5384,0.3138,0.2039,0.2215,-7.3386,0.9199,0.6216,0.3604,0.2194,0.3015,0,0,0,554.6458,4.6621,0.3899,-7.3739,0.475,0.0113,0,1,0,0,B0,2024
COC(C)(C)c1cc(Cl)c(O)c(Cc2cc(C(C)(C)CC(C)(C)C)cc(Cl)c2O)c1N(C)C,1,0.8,0.4167,0.2,0.5833,3.2786,353.9362,97.7664,4.2656,0.4926,0.3914,0.2703,-6.8229,0.8856,0.5997,0.3867,0.232,0.3071,1,0,0,364.9814,4.2883,0.5429,-5.9862,0.1076,0.0051,1,1,1,1,B0,2024
COC(=NNc1cc(C)cc2c(=O)[nH][nH]c(=O)c12)C(C)=O,1,0.4792,0.7234,0.5208,0.2766,3.1815,331.855,60.4697,4.1164,0.7098,0.1656,0.1891,-7.1807,0.8844,0.7128,0.3216,0.2498,0.3052,0,0,0,382.7553,4.1171,0.1499,-6.488,0.8829,0.1234,0,0,0,0,B0,2024
CCN(CC(=O)N[C@@H](CC(=O)O)C(=O)N[C@@H](CC1CCCCC1)C(N)=O)C(=O)CCc1cc(F)cc(/C=C/c2cc(C)c3n2[B-](F)(F)[N+]2=CC=CC2=C3)c1,1,0.56,0.5524,0.44,0.4476,4.7322,648.0202,115.2261,4.7502,0.3382,0.3668,0.2409,-7.0926,1.0103,0.359,0.4155,0.2144,0.3381,0,1,0,593.9709,4.8307,0.3664,-7.59,0.1923,0.0088,0,1,0,0,B0,2024
CCCCC(CC)COc1c(N(C)C)c(F)cc2c(=O)c3cc(F)c(N4CCCCC4)c(-c4ccc(C(C)(C)C)cc4)c3n(C)c12,1,0.6709,0.7,0.3291,0.3,3.6904,421.278,97.3386,4.4484,0.2913,0.4303,0.1791,-6.9568,1.1787,0.439,0.4167,0.1796,0.2946,0,1,0,415.2967,4.5313,0.5329,-6.5313,0.1928,0.011,1,1,1,1,B0,2024
CCCCCCCCCCC[N+](=O)[O-],1,0.6842,0.64,0.3158,0.36,2.1312,367.6387,158.2374,3.1567,1.0687,0.1648,0.2055,-4.4585,1.1649,0.3297,0.3357,0.3338,0.2994,0,0,0,343.596,2.8673,0.1109,-4.8175,0.0441,0.0887,0,0,0,0,B0,2024
C(=C\c1ccncn1)/c1ccc(OCc2ccccc2)cc1,1,0.4,0.5385,0.6,0.4615,1.9858,337.7007,35.3586,4.3171,0.3418,0.1378,0.1551,-7.3128,1.0942,0.4166,0.3483,0.1624,0.2437,0,1,0,318.3044,4.2336,0.1987,-6.7248,0.0924,0.0139,0,1,0,0,B0,2024
CC(C)(C)c1ccc(-c2ccc3c(c2)C(C)(C)c2cccc(Cl)c2C3(C)C)cc1,1,0.617,0.5952,0.383,0.4048,2.5133,342.2404,38.6174,3.959,0.7823,0.4527,0.2438,-7.4788,1.5536,0.5955,0.3526,0.3822,0.3658,1,0,0,356.2461,4.2234,0.4068,-7.8964,0.0424,0.0826,1,1,1,1,B0,2024
COOC(=O)C1OC1(C)c1ccccc1,1,0.7037,0.3421,0.2963,0.6579,3.5716,268.9743,48.7964,3.8676,0.51,0.1268,0.1608,-5.5196,0.7186,0.377,0.336,0.1818,0.2564,0,1,0,266.5862,3.4422,0.2052,-5.8478,0.045,0.0363,0,1,0,0,B0,2024
O=C(c1cccc(O)c1)n1c(-c2ccccc2)nc2nc3ccccc3nc21,1,0.5417,0.6,0.4583,0.4,2.3229,363.261,42.6504,3.9538,0.6606,0.2674,0.2021,-7.3953,0.9988,0.5161,0.3661,0.1652,0.2435,1,0,0,349.2772,3.7289,0.2708,-7.3386,0.334,0.0076,0,1,0,0,B0,2024
CCCCCCCc1cccc([N+](=O)[O-])c1,1,0.4634,0.5676,0.5366,0.4324,1.6831,314.7599,48.1164,3.786,0.5788,0.1705,0.2273,-6.6695,1.3949,0.37,0.3735,0.2408,0.2875,0,1,0,317.9749,3.4949,0.0844,-7.101,0.081,0.0197,0,1,0,0,B0,2024
Cc1cc(/C=C/c2ccccc2C(C)(C)c2ccc(O)cc2)n2c1C=C1C=CC=[N+]1[B-]2(F)F,1,0.3226,0.6721,0.6774,0.3279,3.8182,564.9036,16.7172,4.7147,0.289,0.2893,0.2152,-7.5455,1.0528,0.5104,0.3883,0.3244,0.3281,0,0,0,563.9064,4.602,0.3524,-7.2035,0.1953,0.0041,0,1,0,0,B0,2024
CCCCCCCCC[C@H]1Oc2cc(O)ccc2C(=O)[C@@H]1O,1,0.5294,0.6604,0.4706,0.3396,3.1645,325.9846,92.3347,3.6612,0.7593,0.303,0.2806,-6.9937,0.7806,0.4561,0.372,0.1944,0.2664,0,1,0,333.6614,3.741,0.1523,-7.5677,0.3362,0.0038,0,1,0,0,B0,2024
CCCCC(CC)COc1c(C)cc(C(CC(C)CN)c2cc(C)cc(C)c2O)c(O)c1C,1,0.7024,0.5536,0.2976,0.4464,3.8741,321.1058,75.73,4.1963,0.534,0.3588,0.2438,-7.0393,0.9516,0.2985,0.3629,0.176,0.3082,1,1,1,352.2978,4.0349,0.3034,-6.6872,0.0464,0.0054,1,1,1,1,B0,2024
CC1=CCCC(C)(C)C1CCC(C)C,1,0.7917,0.2973,0.2083,0.7027,3.2778,345.9864,174.6597,3.6003,0.7405,0.2204,0.2681,-4.5719,1.6976,0.0971,0.1949,0.5077,0.3404,0,0,0,325.7797,3.6545,0.1835,-3.5619,0.0082,0.3545,0,0,0,0,B0,2024
Cc1c(O)c(C)n2c1C=[N+]1[N+](=C3C=NC=CN3[B-]1(F)F)[B-]2(F)F,1,0.3529,0.8387,0.6471,0.1613,5.2928,442.8676,77.4152,4.3828,0.3065,0.3507,0.2701,-7.0142,1.1202,0.6138,0.3506,0.3624,0.3491,0,0,0,468.6443,4.2281,0.4687,-7.1195,0.6938,0.0104,0,0,0,0,B0,2024
Cc1ccc2c(C#N)cc3ccc(-c4cnc(NC(=O)C5CCNCC5)s4)cc3c2c1,1,0.5714,0.5692,0.4286,0.4308,2.6552,374.3318,78.5248,4.3101,0.3318,0.1977,0.1757,-7.695,0.9385,0.448,0.4138,0.1781,0.2879,0,1,0,378.2918,4.2508,0.2767,-7.513,0.1286,0.0111,1,1,1,1,B0,2024
Cc1cc(C)c(CCn2c3ccccc3c3cc(/C=C/c4cc(=O)oc5cc(C)ccc45)ccc32)c(O)c1,1,0.3134,0.6667,0.6866,0.3333,2.7888,414.5036,54.0725,4.4208,0.2483,0.3798,0.2523,-7.2429,1.0667,0.4285,0.3782,0.1142,0.2322,1,1,1,406.5848,4.4797,0.3327,-7.3246,0.1361,0.0041,1,1,1,1,B0,2024
O=C(c1ccc(F)cc1)c1ccc(Oc2[nH]c(=O)n3c2-c2ccccc2C3=O)cc1,1,0.551,0.4773,0.449,0.5227,2.4458,379.5589,39.7413,4.2143,0.4903,0.3496,0.1681,-7.1532,0.9742,0.5493,0.3565,0.1599,0.2456,1,0,0,354.8088,4.1026,0.3065,-6.3795,0.175,0.008,1,1,1,1,B0,2024
CCCCc1c(O)ccc2nc(C(=O)C#Cc3ccc(C#C[Si](C(C)C)(C(C)C)C(C)C)c4nc5c6ccccc6c(=O)c6ccccc6c5nc34)[nH]c12,1,0.4688,0.7209,0.5312,0.2791,3.867,523.1523,91.0623,4.4253,0.2751,0.4431,0.2751,-6.9377,0.9863,0.3609,0.3871,0.1502,0.2446,0,1,0,521.4915,4.4157,0.1707,-7.01,0.0253,0.0061,0,1,0,0,B0,2024
CC(=O)Oc1c(-c2ccccc2)cc(C)c(F)c1C(C)(C)C,1,0.6923,0.6304,0.3077,0.3696,2.2984,327.6887,32.3346,4.0782,0.4604,0.3645,0.2052,-7.2627,1.2047,0.2817,0.3512,0.117,0.2133,1,1,1,313.6143,4.1854,0.3602,-6.4725,0.0155,0.0038,1,1,1,1,B0,2024
N#Cc1cc2c(cn1)sc1cc(OC(=O)c3ccc(O)cc3)ccc12,1,0.7037,0.52,0.2963,0.48,2.4522,369.1238,52.5763,4.0977,0.3319,0.2271,0.1876,-7.1567,0.9426,0.6064,0.3574,0.166,0.2767,0,0,0,365.6098,4.2698,0.2077,-6.3704,0.2716,0.0092,0,1,0,0,B0,2024
COc1ccc(Cl)c(C#N)c1,1,0.5385,0.5854,0.4615,0.4146,1.8439,279.4897,14.644,3.615,0.3332,0.1315,0.1377,-4.8991,0.6797,0.6332,0.3243,0.3357,0.3169,0,0,0,287.3541,3.6,0.2253,-5.187,0.7196,0.0144,0,0,0,0,B0,2024
CCN(CC)OC(C)(C)C1CC=C(C)CC1,1,0.7593,0.4286,0.2407,0.5714,3.7519,393.7139,148.6928,3.2566,0.8398,0.1911,0.2221,-6.6892,1.3392,0.166,0.2822,0.4354,0.352,0,1,0,320.8777,3.2695,0.2102,-6.466,0.0707,0.3794,0,1,0,0,B0,2024
CCCCCCCCN1c2ccc(C#Cc3ccc(-c4ccccc4)cc3)cc2Sc2cc(C=O)ccc21,1,0.2456,0.6207,0.7544,0.3793,2.646,368.1678,33.8008,4.4864,0.3107,0.4506,0.2041,-7.2313,1.3376,0.4512,0.3752,0.1411,0.2274,1,1,1,359.0326,4.6184,0.3814,-7.5455,0.1873,0.012,1,1,1,1,B0,2024
COc1cccc(C(C(=O)c2ccccc2)c2cccc([C@](C)(N)C(=O)O)c2)c1,1,0.6429,0.2791,0.3571,0.7209,2.9783,320.9914,41.073,4.2639,0.2508,0.2448,0.1743,-6.8745,0.8178,0.4768,0.3474,0.1474,0.2692,0,1,0,323.2299,4.2701,0.2543,-6.3029,0.0555,0.0072,1,1,1,1,B0,2024
CCCCC(CC)COc1cc(N(C)C)ccc1C=Cc1cc(C(C)(C)CC)ccc1O,1,0.6,0.6061,0.4,0.3939,3.1696,411.5264,66.6253,4.3554,0.3923,0.3166,0.2273,-7.0599,1.1092,0.4645,0.3733,0.1279,0.246,1,1,1,426.2306,4.2421,0.2312,-6.1173,0.0955,0.0041,0,1,0,0,B0,2024
CC1=CC[C@H](c2ccc(Cl)s2)CC1O,1,0.7143,0.6,0.2857,0.4,3.7427,261.028,33.8155,3.8896,0.4394,0.2275,0.2549,-5.9928,1.856,0.4226,0.3865,0.5031,0.3686,0,0,0,276.7333,3.9704,0.1979,-6.5205,0.105,0.8288,0,0,0,0,B0,2024
CCCCC(CC)COc1nc(N2CCC(C)CC2)nc2c1c(=O)nc1n2CCS1,1,0.5,0.7349,0.5,0.2651,3.5499,371.0269,70.3071,3.8166,0.7241,0.375,0.2338,-6.9536,0.8659,0.3973,0.4098,0.1875,0.2786,1,1,1,391.8606,3.8633,0.087,-6.6966,0.1715,0.014,0,1,0,0,B0,2024
COc1cccc2c1-c1nc3c(F)c(F)c(F)c(F)c3n1C2=O,1,0.3864,0.7143,0.6136,0.2857,2.7943,353.9974,35.2385,3.6874,1.0056,0.3755,0.1273,-6.8076,0.8386,0.5469,0.3662,0.2487,0.3001,0,0,0,329.9297,3.9473,0.3384,-6.3154,0.1653,0.0255,1,1,1,1,B0,2024
CC(C)c1c2ccccc2c(-c2ccccc2[Si](C)(C)C=Cc2ccc(-c3cccc4[nH]c5ccccc5c34)cc2)c2ccccc12,1,0.12,0.7647,0.88,0.2353,3.0624,386.2667,89.9519,4.454,0.5196,0.2617,0.2073,-6.9987,1.4827,0.4836,0.3882,0.309,0.3511,1,1,1,405.9316,4.5867,0.2922,-7.3098,0.0861,0.034,1,1,1,1,B0,2024
Cc1ccc(-c2ccc(C(C)(C)C)cc2)cc1,1,0.1875,0.381,0.8125,0.619,1.4308,293.8342,31.7574,4.2555,0.3666,0.2496,0.1887,-7.0393,1.5699,0.3287,0.3126,0.4569,0.3504,0,1,0,278.8653,4.297,0.2671,-7.0747,0.0342,0.1259,0,1,0,0,B0,2024
COc1ccc(C#Cc2c(F)c(F)c(C#Cc3ccc(Cc4cc(Br)c(O)c(C(C)(C)C)c4)cc3)c(F)c2F)cc1,1,0.4894,0.4681,0.5106,0.5319,3.0899,383.4924,76.3916,4.4967,0.2608,0.3348,0.24,-6.9914,1.0428,0.4599,0.3827,0.2296,0.3105,1,1,1,359.4419,4.4954,0.3156,-6.6654,0.2146,0.0052,1,1,1,1,B0,2024
COc1ccc(C#Cc2ccccc2)cc1,1,0.3333,0.5135,0.6667,0.4865,1.6388,309.403,21.7729,4.0406,0.3577,0.2174,0.1321,-6.1374,1.9586,0.4454,0.3101,0.3474,0.3308,0,1,0,314.4825,4.0815,0.3386,-6.1179,0.2135,0.2291,1,1,1,1,B0,2024
Cc1cc(N(c2ccccc2)c2ccc(-c3cnc(-c4ccncc4)s3)cc2)cc(-c2cc(C(C)(C)C)cc(C)c2O)c1O,1,0.3774,0.6379,0.6226,0.3621,2.9823,408.4404,70.217,4.4374,0.121,0.3134,0.1919,-7.025,1.1594,0.452,0.385,0.2578,0.3332,1,1,1,400.6831,4.3783,0.1961,-6.9152,0.0316,0.0085,0,1,0,0,B0,2024
CN(C)c1ccc(C=Cc2cc3c(-c4ccccc4)cccc3c[n+]2C)cc1,1,0.2955,0.7037,0.7045,0.2963,2.5242,417.1862,33.9246,4.6341,0.2615,0.1862,0.1656,-7.0995,1.526,0.4699,0.3567,0.2275,0.3008,0,1,0,443.7415,4.6709,0.238,-6.0777,0.0945,0.0501,0,1,0,0,B0,2024
OOOc1c(Cl)cc(NN2CCc3ccc(C4CCNCC4)cc3CC2)cc1Cl,1,0.6719,0.5397,0.3281,0.4603,3.0496,408.913,113.9024,4.1257,0.5595,0.2056,0.1892,-7.1853,0.8151,0.6188,0.3845,0.2891,0.356,0,0,0,347.9836,4.1708,0.2803,-6.4396,0.2298,0.0063,1,1,1,1,B0,2024
O=COc1ccc(-c2ccc(Cl)c(Cl)c2)cn1,1,0.561,0.6957,0.439,0.3043,2.2718,317.8547,54.1452,4.172,0.4154,0.1761,0.1528,-6.9684,0.9729,0.6675,0.3384,0.2638,0.3148,0,0,0,348.5912,4.4189,0.2753,-6.2198,0.1782,0.0258,1,1,1,1,B0,2024
CC(C)=CCCC(C)=CCOC(=O)N=Nc1ccc(Cl)s1,1,0.6364,0.5192,0.3636,0.4808,3.367,442.2004,59.3724,3.9652,0.5637,0.1877,0.2163,-7.0169,0.8037,0.3968,0.4082,0.1624,0.2407,0,1,0,448.565,3.8244,0.2076,-6.5765,0.1481,0.0037,0,1,0,0,B0,2024
CC1(C)/C(=C/C=Cc2cccc(C(=O)c3ccccc3)c2)N(CCCCCC(=O)O)c2ccc(S(=O)(=O)[O-])cc21,1,0.3636,0.6338,0.6364,0.3662,2.9525,608.3633,108.3553,4.5507,0.4062,0.2267,0.1826,-6.9142,1.048,0.3667,0.3844,0.1649,0.2725,0,1,0,550.9688,4.5309,0.219,-7.5262,0.0613,0.0057,0,1,0,0,B0,2024
CCCC1=[N+]2C(=Nc3c4ccccc4c(-c4ccc(C)s4)n3[B-]2(F)F)c2ccccc21,1,0.2642,0.7833,0.7358,0.2167,3.5412,622.9519,68.3347,4.8585,0.1961,0.3423,0.1564,-7.56,1.2778,0.4896,0.3888,0.2768,0.3306,0,1,0,591.3302,4.6745,0.2921,-7.4649,0.2254,0.0164,0,1,0,0,B0,2024
Cc1c(C)n2c(CNC(=O)C3CCNCC3)c(C)c(=O)n2c1=O,1,0.4565,0.4878,0.5435,0.5122,3.0356,316.7217,51.5942,3.6909,0.7037,0.2983,0.2804,-7.6927,0.7748,0.6432,0.3976,0.3326,0.3474,0,0,0,308.7655,3.5764,0.4468,-7.5647,0.8272,0.1606,0,0,0,0,B0,2024
COc1ccc(C(=O)c2ccc(C)cc2)cc1,1,0.4516,0.1739,0.5484,0.8261,1.3263,305.2052,25.5079,4.1927,0.3513,0.1871,0.1288,-7.094,1.1286,0.4214,0.3314,0.1884,0.2585,0,1,0,303.3891,4.0386,0.1967,-6.2744,0.1676,0.0115,0,1,0,0,B0,2024
CC(C)(C)Oc1cnccn1,1,0.6744,0.7632,0.3256,0.2368,2.4838,300.5696,62.1357,3.5413,0.5935,0.2259,0.1886,-5.5659,0.7163,0.5858,0.3201,0.459,0.3219,0,0,0,291.1319,3.488,0.1692,-5.9327,0.1507,0.3519,0,1,0,0,B0,2024
CCOC(=O)c1ccc(F)cc1,1,0.4,0.3214,0.6,0.6786,1.2661,285.5382,24.4825,3.6566,0.488,0.1417,0.1489,-4.6967,0.6704,0.2822,0.2951,0.1938,0.2537,0,0,0,281.5168,3.7405,0.3278,-4.3829,0.1113,0.0124,0,0,0,0,B0,2024
CCC=Cc1cc2ccc(N(CC)CC)cc2oc1=O,1,0.2826,0.6809,0.7174,0.3191,2.5497,390.9543,35.5747,4.3588,0.2612,0.3768,0.2836,-7.5485,1.0772,0.4314,0.3631,0.2452,0.2983,1,1,1,402.1651,4.2814,0.3301,-7.5696,0.0761,0.0083,1,1,1,1,B0,2024
CCOC(=O)c1ccc(C(=O)c2ccccc2)cc1,0,0.3056,0.0,0.6944,1.0,1.4129,309.3843,20.5404,3.916,0.3593,0.2195,0.1621,-7.1727,1.0229,0.3209,0.3346,0.0928,0.1704,0,1,0,304.1015,3.9595,0.2483,-6.5735,0.0275,0.0054,0,1,0,0,B0,2024
CCN(CC)c1ccc(C=C2CC(=Cc3ccc(N(CC)c4c(C)c([N+](=O)[O-])c(C)c([N+](=O)[O-])c4C(C)(C)C)cc3)C2=O)cc1,1,0.463,0.6364,0.537,0.3636,3.4311,459.4046,112.1922,4.6596,0.343,0.1824,0.1597,-6.9973,1.0134,0.3234,0.4091,0.2608,0.361,0,1,0,476.6232,4.6174,0.2646,-7.1204,0.0201,0.0152,0,1,0,0,B0,2024
COc1ccc(C#C[N+](=O)[O-])cc1,1,0.5,0.6053,0.5,0.3947,2.5849,343.9615,84.364,3.8235,0.4239,0.2261,0.1933,-5.4638,0.6155,0.5796,0.3453,0.2928,0.2909,0,0,0,329.0259,3.8371,0.2534,-5.4991,0.7792,0.0398,1,0,0,0,B0,2024
CC[Si](C(C)C)(C(C)C)C(C)C,1,0.75,0.7059,0.25,0.2941,3.1409,305.0957,178.8505,3.3845,0.7514,0.2302,0.2332,-3.8388,1.0923,0.2322,0.2682,0.5937,0.2843,0,0,0,389.956,3.538,0.2208,-3.4287,0.0311,0.342,0,0,0,0,B0,2024
COc1ccc(N(c2ccc(/C=C/c3ccc4c(c3)c3cc(C=C(C(=O)O)C(S)=Cc5ccc(O)c(OC)c5)ccc3n4C)cc2)c2ccc(OC)cc2)cc1,1,0.3881,0.4746,0.6119,0.5254,3.3414,437.3176,75.417,4.5946,0.274,0.3951,0.2879,-6.8506,0.9342,0.4967,0.4191,0.0923,0.2017,0,1,0,424.1776,4.737,0.3841,-6.366,0.4594,0.0068,0,1,0,0,B0,2024
CC(=O)c1sc(-c2sc(-c3ccc(C=O)s3)c(Cc3ccccc3)c2C#N)cc1O,1,0.4746,0.6613,0.5254,0.3387,3.0816,398.2761,58.9677,4.2689,0.2653,0.1534,0.1515,-7.4971,0.9996,0.4627,0.3823,0.1573,0.2797,0,1,0,409.8074,4.4058,0.1759,-7.5073,0.0388,0.0055,0,1,0,0,B0,2024
N#Cc1ccc2c(c1)Sc1ccccc1N2CC=C(c1ccccc1)c1ccccc1,1,0.5088,0.66,0.4912,0.34,2.42,375.5946,42.5791,4.1878,0.6239,0.1619,0.1516,-7.405,1.2599,0.5634,0.3799,0.214,0.2823,0,0,0,379.028,4.1878,0.1761,-7.5836,0.1651,0.0044,0,1,0,0,B0,2024
CC(=O)c1cc(On2c3ccccc3c3c(C(C)(C)C)cccc32)ccc1O,1,0.7011,0.5769,0.2989,0.4231,2.629,372.5687,35.0428,4.0168,0.61,0.2474,0.1779,-7.2155,0.9557,0.3854,0.3652,0.2093,0.3334,0,1,0,371.3514,4.0563,0.2471,-6.3425,0.0102,0.0052,0,1,0,0,B0,2024
Oc1cccc2nc3ccc4ccncc4n3c12,1,0.359,0.75,0.641,0.25,2.6002,338.2368,37.9123,4.1594,0.291,0.3128,0.2557,-7.4472,1.0762,0.6282,0.346,0.3024,0.3113,1,0,0,340.784,3.8418,0.3096,-7.4501,0.4188,0.0104,1,1,1,1,B0,2024
Cc1ccc2c(-c3csc4ccccc34)sc(-c3ccc(-c4ccc(-c5sc(OCc6ccccc6)c6ccccc56)s4)s3)c2c1,1,0.4423,0.7015,0.5577,0.2985,3.2507,399.4768,40.3912,4.4391,0.3517,0.4476,0.2167,-6.8779,1.444,0.3438,0.3514,0.2142,0.2865,1,1,1,388.0384,4.5596,0.4097,-6.66,0.0346,0.0371,1,1,1,1,B0,2024
CC(C)(C)c1ccc(-c2ccc3c(O)c4ccccc4c(-c4ccccc4)c3c2)cc1,1,0.5098,0.4737,0.4902,0.5263,2.0477,358.0919,30.6938,4.2845,0.2423,0.2736,0.2101,-7.2901,1.5018,0.4573,0.3741,0.2822,0.334,1,1,1,353.4192,4.1524,0.3128,-7.4286,0.2053,0.0101,1,1,1,1,B0,2024
CCN1C(=O)OC(c2ccccc2)(c2ccccc2)[C@@H]1C(C)C,1,0.4348,0.7059,0.5652,0.2941,2.9322,328.5559,67.7095,4.0772,0.3962,0.3911,0.2271,-7.615,1.0085,0.4749,0.381,0.2736,0.3167,1,1,1,354.9868,4.1226,0.2656,-7.3876,0.2176,0.0095,1,1,1,1,B0,2024
Cc1cc(CCOC(=O)c2ccc(N)cc2)c(C)s1,1,0.575,0.475,0.425,0.525,2.1286,307.4224,39.7628,4.0317,0.3858,0.2838,0.2348,-7.0937,0.9287,0.6051,0.354,0.1189,0.2127,1,0,0,299.1236,3.9897,0.1408,-6.5708,0.1987,0.0061,0,1,0,0,B0,2024
COC(=O)c1cc(O)c(-[n+]2ccc(C=Cc3cc4cccc5ccc6cccc3c6c54)cc2)c(OC)c1,1,0.5082,0.5965,0.4918,0.4035,2.9844,476.2929,64.5385,4.5261,0.2968,0.2545,0.2023,-6.9232,0.8198,0.4474,0.4076,0.1198,0.2115,0,1,0,443.7268,4.2097,0.2356,-6.3086,0.0874,0.0046,0,1,0,0,B0,2024
O=C(c1ccccc1)c1ccccc1-c1cccc(F)c1,1,0.5676,0.375,0.4324,0.625,1.5649,342.6513,49.8311,4.2314,0.214,0.3537,0.151,-7.3773,1.488,0.48,0.3438,0.2348,0.2868,1,1,1,346.3979,4.1636,0.3945,-7.58,0.2101,0.0184,1,1,1,1,B0,2024
COc1ccc(C(=O)N(c2ccccc2)c2ccccc2)cc1,1,0.4688,0.4571,0.5312,0.5429,1.6786,342.6206,36.0328,4.3075,0.1967,0.3773,0.1188,-7.2312,1.0178,0.4785,0.3521,0.1392,0.2187,1,1,1,344.2308,4.1349,0.4402,-6.4944,0.069,0.0038,1,1,1,1,B0,2024
CC(=O)N=Nc1ccc(O)c2ncccc12,1,0.3409,0.6875,0.6591,0.3125,2.6738,363.4553,48.6971,3.6982,0.8027,0.2526,0.2317,-6.4737,1.5015,0.5869,0.3668,0.2496,0.3199,0,0,0,366.7099,3.7188,0.299,-5.0631,0.3515,0.022,0,1,0,0,B0,2024
O=c1oc2ccccc2cc1-c1ccc(-c2ccc3[nH]c(-c4ccccc4)nc3c2)cc1,1,0.3953,0.5472,0.6047,0.4528,2.1698,367.8373,34.624,4.6418,0.4282,0.6278,0.2842,-7.2928,1.0294,0.4092,0.4003,0.2055,0.2601,1,1,1,349.2212,4.8309,0.4966,-8.613,0.1051,0.0098,1,1,1,1,B0,2024
CCc1cc(OC)cc(OC)c1,1,0.6129,0.5652,0.3871,0.4348,1.5875,274.6408,17.6994,1.9825,2.0967,0.1734,0.1682,-4.5139,0.8282,0.4159,0.31,0.3463,0.3043,0,0,0,285.0158,3.1772,0.3368,-3.5615,0.1404,0.0845,0,0,0,0,B0,2024
CCCc1cccc(-c2cccc(C(=O)OC)c2)c1O,1,0.6444,0.3778,0.3556,0.6222,1.8842,339.2514,39.3652,4.0746,0.3638,0.3185,0.2393,-7.2219,0.9425,0.4813,0.3523,0.0936,0.178,1,1,1,326.5837,3.9981,0.306,-6.6025,0.1535,0.0041,1,1,1,1,B0,2024
CC(=O)OCC1=C2C=CC(=[N+](C)C)C=C2P(=O)([O-])c2cc(N(C)C)ccc21,1,0.4219,0.7385,0.5781,0.2615,4.3496,618.163,57.9962,4.2107,0.5199,0.3551,0.236,-7.0031,0.9019,0.495,0.4194,0.2028,0.2813,0,1,0,560.865,3.9462,0.202,-6.833,0.2459,0.0067,0,1,0,0,B0,2024
COc1ccc(N(c2ccc(C)cc2)c2ccc(-c3ccc(O)cc3O)cc2)cc1,1,0.5,0.5588,0.5,0.4412,2.086,375.6393,44.5742,4.3835,0.2325,0.2995,0.2437,-6.9727,0.9369,0.5698,0.3752,0.1753,0.2814,1,0,0,373.4304,4.3588,0.2174,-6.3612,0.2202,0.005,0,1,0,0,B0,2024
CC(=O)CCCCCCn1c2ccc(-c3ccc(/C=C(\C#N)C(=O)O)s3)cc2c2cc(-c3ccc(/C=C(\C#N)C(=O)O)s3)ccc21,1,0.1852,0.6806,0.8148,0.3194,3.2975,447.1966,37.6851,4.5586,0.2262,0.1449,0.1438,-7.0182,1.0732,0.4055,0.3863,0.1381,0.2506,0,1,0,449.9806,4.6515,0.1898,-7.3161,0.1074,0.005,0,1,0,0,B0,2024
COC(=O)c1ccc(/N=N/c2ccc(-c3cc(C(C)(C)C)ccc3O)cc2C(C)(C)C)cc1,1,0.5926,0.5294,0.4074,0.4706,2.6234,415.8468,60.3604,4.1581,0.6299,0.2938,0.231,-7.1205,0.9171,0.4981,0.3844,0.1725,0.2903,1,1,1,416.8426,4.2684,0.3905,-6.3376,0.0618,0.0062,1,1,1,1,B0,2024
COC(=O)c1cccc(N(c2ccc(C=O)cc2)c2c(C(C)(C)C)ccc(O)c2C(C)=O)c1,1,0.6667,0.5789,0.3333,0.4211,2.6719,429.071,54.886,4.3909,0.2463,0.2353,0.2076,-7.0925,0.901,0.4568,0.3813,0.1442,0.2892,0,1,0,403.3404,4.3512,0.1322,-6.3806,0.032,0.0058,0,1,0,0,B0,2024
O=c1c2cccc3c(-c4ccccc4)ccc(c4n1CCN=4)c32,1,0.5397,0.7308,0.4603,0.2692,2.4602,380.9536,51.1238,4.0834,0.4236,0.3982,0.2224,-7.5229,1.0496,0.5511,0.3749,0.2856,0.3,1,0,0,391.9933,4.269,0.2971,-7.5982,0.3746,0.0264,1,1,1,1,B0,2024
CCOC(=O)COc1ccc2c(c1)COCO2,1,0.6863,0.58,0.3137,0.42,2.1235,315.0875,59.1106,3.9042,0.453,0.2941,0.2562,-7.1141,0.7284,0.3881,0.3764,0.1491,0.2104,1,1,1,287.6608,3.8403,0.35,-6.8155,0.1469,0.0091,0,1,0,0,B0,2024
CCCCc1ccccc1N(c1ccccc1)N1CCCCC1=O,1,0.697,0.6875,0.303,0.3125,2.508,415.4015,71.6462,4.2273,0.3161,0.5612,0.297,-7.6806,1.2516,0.3825,0.3624,0.2469,0.2972,1,1,1,383.8868,4.2428,0.541,-8.1833,0.1577,0.0072,1,1,1,1,B0,2024
CC(C)(C)c1ccc(-c2ccccc2C2=[O+][B-](F)(F)OC(c3ccc4c(c3)Sc3cc(C5=CC(c6ccccc6)=[O+][B-](F)(F)O5)ccc3N4C(C)(C)C)=C2)cc1,1,0.3667,0.7119,0.6333,0.2881,4.3841,444.9239,89.9051,4.4233,0.2572,0.3762,0.1558,-6.9658,1.1588,0.494,0.3851,0.257,0.3174,0,1,0,442.9772,4.4574,0.4036,-5.9917,0.1412,0.0097,0,1,0,0,B0,2024
CCN(CC)C(=O)c1ccc2nc(Cl)[nH]c2c1,1,0.5098,0.4048,0.4902,0.5952,2.2476,303.4871,44.5585,3.9176,0.315,0.295,0.2551,-7.314,0.9372,0.5564,0.3533,0.2114,0.2759,1,0,0,303.1666,3.7526,0.2181,-7.4654,0.1199,0.0232,0,1,0,0,B0,2024
CC1(C)CC(c2ccccc2)CC(C)(C)N1,1,0.6047,0.5278,0.3953,0.4722,2.3324,257.6189,36.998,3.6122,0.7222,0.257,0.2427,-6.7915,1.5211,0.2866,0.3082,0.4649,0.3381,0,1,0,255.0561,3.6911,0.2417,-7.2619,0.0513,0.9271,0,0,0,0,B0,2024
O=C(OCCCCCCCCCc1cccc2ccccc12)c1c(O)cccc1O,1,0.6279,0.425,0.3721,0.575,2.1705,325.7972,39.6703,4.3103,0.2158,0.3701,0.2337,-7.1324,0.9988,0.4374,0.3671,0.1233,0.2453,1,1,1,324.9691,4.1497,0.3685,-6.6181,0.0271,0.003,1,1,1,1,B0,2024
CCCCCCCC(=O)C=Cc1cccc(C(C)(C)C)c1,1,0.619,0.549,0.381,0.451,2.0914,301.4769,44.4485,4.0205,0.4447,0.2348,0.1874,-6.8953,1.3988,0.3315,0.3604,0.2464,0.3078,0,1,0,318.163,3.9512,0.2645,-7.2534,0.0717,0.0139,1,1,1,1,B0,2024
Cc1[nH]c2cccc(C=C3C(=O)c4ccccc4S3(=O)=O)c2c1-c1cc(C(C)(C)C)c(O)c(C(C)(C)C)c1,1,0.6364,0.4921,0.3636,0.5079,3.1798,498.6296,128.1729,4.4014,0.3603,0.2254,0.2025,-7.0206,0.9997,0.4938,0.3939,0.2413,0.3263,0,1,0,473.8867,4.4618,0.1895,-7.1637,0.1632,0.0061,0,1,0,0,B0,2024
CCCCCCCCCCC(CCCCCCCN(C)C)(c1ccc(O)cc1)c1ccc(O)c(-c2ccc(C(C)(C)C)cc2)c1,1,0.7069,0.4444,0.2931,0.5556,3.2619,368.3077,86.1473,4.2582,0.4671,0.3732,0.2312,-6.8556,1.1403,0.4139,0.3871,0.2099,0.3013,1,1,1,398.2507,4.3899,0.3954,-5.7428,0.2426,0.0035,1,1,1,1,B0,2024
N#Cc1cc(C(=O)c2ccccc2)ccc1O,1,0.5833,0.3548,0.4167,0.6452,1.8627,323.3,20.511,3.8371,0.7656,0.1953,0.162,-7.3606,1.1707,0.6667,0.3221,0.2008,0.2516,0,0,0,323.5394,3.9278,0.2357,-7.3765,0.2719,0.0212,0,1,0,0,B0,2024
Cn1c(=O)c2c(nc(C(C)(C)C)n2C)n(C)c1=O,1,0.4474,0.5714,0.5526,0.4286,2.5537,300.3036,53.8418,3.7615,0.6649,0.2308,0.2128,-7.3527,0.8863,0.597,0.3643,0.477,0.34,0,0,0,307.4538,3.7016,0.0785,-7.0524,0.4346,0.2055,0,1,0,0,B0,2024
N#Cc1cc(C=Cc2ccc(N(c3ccccc3)c3ccccc3)cc2)ccc1-c1ccc(-c2ccccc2)cc1C#N,1,0.1579,0.6471,0.8421,0.3529,2.5214,392.8168,27.8236,4.5695,0.2612,0.4196,0.2046,-7.0918,1.1154,0.4508,0.3802,0.1341,0.2154,1,1,1,390.4355,4.6313,0.5218,-6.2127,0.1263,0.0093,1,1,1,1,B0,2024
O=S(=O)(c1ccccc1)C1CCNCC1,1,0.6809,0.5676,0.3191,0.4324,2.0773,271.5513,65.6063,3.9294,0.3983,0.2653,0.259,-6.643,1.0106,0.5327,0.3707,0.4253,0.3494,0,0,0,269.736,3.8345,0.2885,-6.3846,0.144,0.9626,0,0,0,0,B0,2024
CCC(C)(C)c1cc(-n2nc3ccccc3n2)c(O)c(C(C)(C)C=C2C(=O)Nc3c(Cl)cccc32)c1,1,0.7,0.4355,0.3,0.5645,3.216,444.7177,87.2313,4.3866,0.2638,0.241,0.2018,-7.6118,1.0181,0.5226,0.4002,0.2177,0.2996,0,0,0,443.7463,4.283,0.3299,-7.7967,0.0722,0.0054,0,1,0,0,B0,2024
CN1C(=Cc2ccc(OC(F)(F)F)cc2)C(C)(C)c2ccccc21,1,0.5217,0.7255,0.4783,0.2745,2.3328,443.5156,68.8509,4.4413,0.424,0.1088,0.0955,-7.0378,1.4789,0.4496,0.3761,0.2016,0.29,0,1,0,422.11,4.0931,0.0954,-6.4089,0.0212,0.0547,0,1,0,0,B0,2024
CC(C(=O)/C=C/c1ccc(O)c(O)c1)c1ccccc1,1,0.5556,0.4324,0.4444,0.5676,2.5939,320.4433,51.9309,4.1939,0.4757,0.1158,0.1297,-7.4771,0.9544,0.6186,0.3479,0.2014,0.3154,0,0,0,316.2287,4.2121,0.1932,-7.2004,0.1079,0.0075,0,1,0,0,B0,2024
CCCCCCCC(C)CC(C)(C)C,1,0.7273,0.5,0.2727,0.5,2.4388,225.6841,163.8762,3.7447,0.8179,0.2193,0.2263,-4.9066,1.8647,0.1946,0.2417,0.4931,0.3179,0,0,0,267.5555,3.7998,0.3393,-3.443,0.0185,0.3459,0,0,0,0,B0,2024
Cc1cc(F)c(C(=O)Nc2ccc(C(=O)C=CCOC(=O)c3ccccc3O)cc2)cc1[N+](=O)[O-],1,0.5833,0.6,0.4167,0.4,2.4917,402.4622,60.8606,4.1989,0.7024,0.2505,0.2322,-7.1541,0.9018,0.5011,0.3921,0.1022,0.2383,1,0,0,406.4088,4.5017,0.1674,-6.5933,0.0686,0.0037,0,1,0,0,B0,2024
CC(C)CC=CSC=C1CCCCCC1,1,0.5429,0.7073,0.4571,0.2927,3.4265,325.393,167.7323,3.3287,0.7706,0.117,0.1476,-6.6389,1.5006,0.2734,0.3259,0.5748,0.306,0,0,0,370.8694,3.4005,0.0743,-6.8125,0.1198,0.9326,0,0,0,0,B0,2024
COC(=O)c1c(C(=O)OC)c2ccc(C#Cc3ccc(F)cc3)nn2c1OC(N)=O,1,0.283,0.7018,0.717,0.2982,2.9897,385.812,61.6529,4.3086,0.3328,0.3223,0.244,-6.9946,0.8962,0.6146,0.3729,0.1758,0.2891,1,0,0,357.5403,4.2622,0.4731,-6.4022,0.7081,0.0096,1,0,0,0,B0,2024
CCN1CCCC12CCCCN2,1,0.8085,0.5854,0.1915,0.4146,4.0706,396.8846,145.6383,3.4598,0.5895,0.2948,0.2398,-5.1566,1.1792,0.26,0.334,0.6096,0.3037,0,0,0,399.8579,3.3435,0.1647,-4.6888,0.0841,0.9426,0,0,0,0,B0,2024
CCC[n+]1c(/C=C/C(=CC(=O)OCCCc2cc(-n3nc4ccc(Cl)cc4n3)c(O)c(C(C)(C)C)c2)c2ccc([N+](=O)[O-])cc2)sc2ccccc21,1,0.5676,0.5248,0.4324,0.4752,3.575,567.7565,120.2188,4.8495,0.3486,0.2996,0.2268,-6.8735,0.9946,0.5269,0.4295,0.1572,0.3057,0,0,0,569.7475,4.5911,0.1731,-6.493,0.0925,0.0033,0,1,0,0,B0,2024
COC(=O)c1ccc(N=Nc2c(-c3ccccc3)[nH]c3c(N=Nc4ccccc4)c(C)nn23)cc1,1,0.26,0.661,0.74,0.339,2.9974,443.068,34.3279,3.6657,0.8625,0.3516,0.3028,-7.0722,0.8604,0.3813,0.3713,0.1345,0.2419,0,1,0,433.3787,3.6408,0.4139,-6.38,0.0134,0.0057,0,1,0,0,B0,2024
Cc1cccc2c1C(C)(C)c1cccc(C)c1C2(C)C,1,0.5238,0.64,0.4762,0.36,2.5697,312.8959,33.1159,4.2561,0.2022,0.2837,0.2593,-7.291,1.3713,0.3787,0.3532,0.4245,0.3655,1,1,1,307.809,4.2406,0.3284,-7.4292,0.0205,0.073,1,1,1,1,B0,2024
C/[O+]=C(\c1ccccc1)c1ccc(C=Cc2ccccn2)cc1,1,0.475,0.5814,0.525,0.4186,2.5699,351.8444,28.0935,4.2646,0.4935,0.1646,0.1955,-7.4729,1.2483,0.5497,0.3275,0.2703,0.333,0,0,0,346.0814,4.2052,0.2843,-7.5769,0.0948,0.0039,1,1,1,1,B0,2024
CCOc1ccc(/C=C(\C#N)C(=O)O)s1,1,0.4146,0.5833,0.5854,0.4167,2.9143,295.1979,50.1582,3.8784,0.5678,0.1008,0.1412,-6.0399,1.3109,0.5365,0.3603,0.2007,0.2738,0,0,0,359.939,3.7948,0.0504,-4.6341,0.1693,0.0161,0,0,0,0,B0,2024
Cc1ccc(-c2ccc(-c3ccc4c(c3)C3CCCC3N4c3ccc(C)cc3)s2)cc1,1,0.3559,0.7451,0.6441,0.2549,3.0522,359.2157,59.3963,4.3025,0.3509,0.4071,0.1917,-7.4359,1.2355,0.3709,0.3893,0.3716,0.3514,1,1,1,373.4158,4.4009,0.3056,-7.3295,0.207,0.0589,1,1,1,1,B0,2024
COC(=O)NC(C)C1CCCCN1,1,0.7609,0.4889,0.2391,0.5111,3.2221,472.2709,145.6975,3.1474,0.9482,0.2075,0.2125,-5.9052,0.7992,0.4578,0.3759,0.4692,0.3402,0,1,0,455.3344,2.7236,0.2005,-6.3989,0.0807,0.5669,0,0,0,0,B0,2024
COC(=O)c1cc(N(c2ccccc2)c2ccccc2)sc1C=C(C#N)c1cc(S(=O)c2cc(C(C)(C)C)c(O)c(C(C)(C)C)c2)cc(C(C)(C)C)c1O,1,0.6316,0.6393,0.3684,0.3607,4.2186,479.8831,67.9906,4.4264,0.2777,0.3271,0.2821,-6.8181,1.1934,0.4143,0.3929,0.1607,0.2953,0,1,0,467.4394,4.2671,0.1808,-6.3928,0.0438,0.006,0,1,0,0,B0,2024
O=C(CC(=O)n1ccc2nccn2c1=O)c1ccccc1O,1,0.661,0.5385,0.339,0.4615,2.7116,354.7636,29.2592,4.089,0.3927,0.1748,0.1515,-7.4405,0.9933,0.6865,0.338,0.2318,0.3108,0,0,0,339.9448,3.9286,0.197,-7.4231,0.51,0.0137,0,0,0,0,B0,2024
CCCN1C(=O)OC2(CCCNC2)C1=O,1,0.7547,0.2105,0.2453,0.7895,3.8778,386.3807,109.3844,3.4216,0.9243,0.2674,0.251,-6.0969,0.811,0.5192,0.3914,0.4761,0.3451,0,0,0,395.3797,3.6054,0.2415,-5.9795,0.1341,0.8001,0,0,0,0,B0,2024
C=C(C(=O)ON1C(=O)C=CC1=O)C(C)(C)C,1,0.7,0.7447,0.3,0.2553,3.3949,392.8455,102.7037,3.5979,0.8291,0.3124,0.2857,-6.334,1.0323,0.6252,0.3506,0.3797,0.3243,0,0,0,415.8846,3.4981,0.1777,-6.1709,0.8268,0.0888,0,0,0,0,B0,2024
O=C(OCCN1C(=O)C(=Cc2ccc(-c3ccc4ccc5cccc6ccc3c4c56)s2)SC1=S)c1ccccc1O,1,0.303,0.6613,0.697,0.3387,2.8369,465.0144,50.4195,4.4154,0.2685,0.1802,0.1964,-7.0834,1.0497,0.3798,0.3911,0.1165,0.233,0,1,0,479.4428,4.3992,0.1611,-6.5652,0.0886,0.0037,0,1,0,0,B0,2024
CCOc1nc2cccc(C(=O)OC)n2c1NC1CCCCC1,1,0.3448,0.6724,0.6552,0.3276,2.6421,327.3137,58.9486,3.9674,0.429,0.2648,0.2186,-7.2884,0.8675,0.3969,0.3907,0.1354,0.2131,1,1,1,318.8469,3.9232,0.261,-6.6297,0.0928,0.0111,1,1,1,1,B0,2024
C=CCCCCCCCCc1ccc(-n2c3ccccc3c3cccc(-c4ccc(C(C)(C)C)cc4)c32)c(C)c1,1,0.5873,0.7077,0.4127,0.2923,2.5495,352.9342,29.7673,4.4069,0.344,0.2133,0.1929,-6.8742,1.4789,0.3541,0.3917,0.3408,0.3484,0,1,0,339.3626,4.2181,0.3142,-7.2608,0.048,0.0346,1,1,1,1,B0,2024
C#Cc1cccc(-c2ccc(C(=O)OC)c(C(C)(C)C)c2)c1O,1,0.6591,0.5294,0.3409,0.4706,2.4869,329.8999,22.0273,4.1261,0.3698,0.2113,0.161,-7.3778,1.0617,0.4957,0.3736,0.1743,0.2903,0,1,0,345.3649,3.9621,0.3328,-6.8065,0.0846,0.0048,1,1,1,1,B0,2024
O=C(c1ccccc1)c1ccc(C=Nc2ccc([N+](=O)[O-])cc2O)cc1,1,0.4528,0.4146,0.5472,0.5854,2.1853,362.4946,24.7747,4.0799,0.5956,0.0999,0.1139,-7.4121,1.0139,0.6598,0.3624,0.1445,0.2482,0,0,0,359.4098,3.7445,0.0052,-7.2622,0.2213,0.0079,0,1,0,0,B0,2024
COC(=O)CCCCc1cc(C(C)(C)C)c(O)c(C(C)(C)C)c1,1,0.6481,0.4054,0.3519,0.5946,2.241,302.6716,49.7342,3.4788,0.6935,0.3938,0.3029,-6.8038,0.7361,0.3219,0.3527,0.1989,0.2878,0,1,0,271.296,3.6772,0.3095,-6.6249,0.0345,0.0052,0,1,0,0,B0,2024
CCN(CC)CCc1c(O)cc2c(c1N(C)C)CC(C(=O)O)[N+]2=CC=C1C=C(C(=O)O)NC(C(=O)O)C1,1,0.5059,0.7595,0.4941,0.2405,4.6642,489.384,71.0112,4.7093,0.3052,0.1552,0.1772,-7.2195,0.7911,0.5014,0.4174,0.2369,0.3468,0,0,0,547.5018,4.8076,0.1655,-6.766,0.2438,0.0265,0,1,0,0,B0,2024
O=C[C@H](O)[C@@H](O)[C@H](O)c1ccccc1,1,0.6071,0.5769,0.3929,0.4231,3.2225,262.1645,35.8998,3.6324,0.5319,0.1219,0.1723,-6.3105,0.929,0.5893,0.3399,0.3249,0.3238,0,0,0,282.3531,3.305,0.1283,-6.6966,0.1526,0.258,0,1,0,0,B0,2024
O=C(c1ccccc1)c1ccccc1-c1ccccc1O,1,0.6061,0.303,0.3939,0.697,1.6373,332.9215,23.963,4.1798,0.2363,0.2622,0.2169,-7.532,1.0916,0.4663,0.3374,0.2051,0.2733,1,1,1,330.7682,4.0545,0.374,-7.4136,0.2068,0.0057,1,1,1,1,B0,2024
CC(=O)c1cc(OCc2ccccc2)c(NC(=O)C2=C([O-])c3ccccc3S(=O)(=O)N2C)cc1O,1,0.5075,0.5312,0.4925,0.4688,2.8623,344.7817,64.9494,4.2439,0.2824,0.2406,0.2286,-7.1072,0.8988,0.5646,0.3698,0.108,0.1946,0,0,0,354.6072,4.2947,0.2784,-6.5971,0.3903,0.0103,1,1,1,1,B0,2024
CCCCCCc1cc(OC)cc(O)c1O,1,0.6719,0.5556,0.3281,0.4444,1.9987,274.4742,42.3123,3.8818,0.475,0.3269,0.2946,-6.6554,1.175,0.3866,0.337,0.2642,0.3143,0,1,0,305.1714,3.7856,0.2573,-6.5391,0.0578,0.0243,0,1,0,0,B0,2024
CCC(=O)C(=O)Cc1ccccc1,1,0.56,0.4667,0.44,0.5333,1.9131,307.0714,67.0382,3.6184,0.5061,0.1993,0.2543,-5.561,0.8511,0.3442,0.3145,0.3162,0.309,0,1,0,277.919,3.6001,0.2598,-5.8427,0.066,0.0115,0,1,0,0,B0,2024
CC(C)(c1cc(Br)c(O)c(Br)c1)c1ccc(F)cc1F,1,0.6792,0.4375,0.3208,0.5625,2.4851,340.416,77.3893,4.1448,0.457,0.226,0.1985,-7.1395,1.4652,0.5228,0.3771,0.4086,0.3647,0,0,0,311.4753,4.0922,0.2233,-7.2482,0.4029,0.2028,0,1,0,0,B0,2024
COC(=O)c1cc[n]2->[Ru+2]34(<-[n]5ccccc5-c5cccc[n]->35)(<-[n]3ccccc3-c3cccc[n]->43)<-[n]3ccccc3-c2c1,1,0.5,0.5854,0.5,0.4146,4.0799,384.7915,73.2538,4.3992,0.2915,0.2839,0.1595,-6.9028,1.0037,0.3923,0.3682,0.1612,0.2375,1,1,1,388.7013,4.3342,0.3732,-6.2942,0.1025,0.0047,1,1,1,1,B0,2024
CCCc1cc(Cc2cc(CCC)c(C)c(C(C)(C)C)c2O)c(O)c(C(C)(C)C)c1,1,0.7143,0.2432,0.2857,0.7568,2.8884,318.4522,60.9963,4.1657,0.5487,0.386,0.2858,-7.1487,0.8938,0.3716,0.3609,0.3483,0.3628,1,1,1,358.3558,4.075,0.3515,-6.7989,0.0567,0.0052,1,1,1,1,B0,2024
CCCCC(CC)COc1c(C(=O)c2cccc(C(=O)OC)c2O)cc(OC)c2cc(C#N)c(=N)oc12,1,0.64,0.6235,0.36,0.3765,3.5355,362.3514,98.4224,4.3408,0.2594,0.4022,0.2779,-6.857,0.7454,0.467,0.3808,0.0443,0.102,1,1,1,389.866,4.373,0.2742,-6.6348,0.048,0.0057,1,1,1,1,B0,2024
N#Cc1ccc(/C=C/c2ncc(/C=C/c3ccc(C4CCCNC4)c(C(F)(F)F)c3)o2)cc1,1,0.5303,0.7465,0.4697,0.2535,3.5073,364.9323,70.6179,4.4008,0.4439,0.3501,0.2061,-7.52,0.9411,0.4183,0.399,0.2262,0.3068,1,1,1,392.7288,4.6213,0.3283,-7.2086,0.0699,0.0136,1,1,1,1,B0,2024
CC(=O)OC(C)C#Cc1ccc(N(c2ccc(C#Cc3ccc(-c4ccccc4)nn3)cc2)c2ccc(C#Cc3ccc(-c4ccccc4)nn3)cc2)cc1,1,0.3333,0.6852,0.6667,0.3148,3.7366,440.4408,69.9961,4.4681,0.5167,0.4032,0.1648,-7.0209,1.0325,0.3401,0.3661,0.1349,0.2491,0,1,0,398.2532,4.4001,0.4303,-6.371,0.012,0.0094,1,1,1,1,B0,2024
CCCc1ccc(C(C)(C)C)cc1,1,0.5455,0.4231,0.4545,0.5769,1.504,293.4434,55.279,3.8269,0.6379,0.2668,0.242,-3.979,1.093,0.3175,0.27,0.5582,0.3294,1,0,0,275.2754,3.9414,0.2772,-3.1038,0.0632,0.9024,0,0,0,0,B0,2024
Oc1cccc(Br)c1-c1c(-c2ccco2)nc(-c2ccccc2)n1Cc1ccccc1,1,0.3,0.7424,0.7,0.2576,2.4554,334.1185,46.5393,4.1661,0.4871,0.3555,0.2573,-7.3804,1.0589,0.4759,0.4141,0.2032,0.2992,1,1,1,308.4425,3.9886,0.3854,-7.3057,0.1318,0.0046,1,1,1,1,B0,2024
CC1=C(OCCc2ccc3c(c2)c2ccccc2c2cccc(C(F)(F)F)c23)C(=O)CC1,1,0.7231,0.6111,0.2769,0.3889,2.6999,390.8526,59.6786,4.2887,0.2236,0.4767,0.177,-7.2103,1.1045,0.4034,0.359,0.2234,0.2926,1,1,1,382.266,4.2178,0.5024,-6.7023,0.0368,0.0095,1,1,1,1,B0,2024
Cc1ccc(-c2ccc(N(C)C)cc2)cc1,1,0.5217,0.56,0.4783,0.44,1.4354,308.92,28.8939,4.1263,0.4266,0.2649,0.128,-6.5524,1.8957,0.4215,0.3267,0.4041,0.3462,1,1,1,319.2163,4.117,0.3441,-5.6105,0.2217,0.1241,1,1,1,1,B0,2024
CC(C)(C)c1cc(C#N)cc(C(C)(C)C)c1O,0,0.5556,0.0,0.4444,1.0,2.3471,280.1538,43.2859,4.1116,0.5063,0.2295,0.2173,-7.0646,0.7746,0.5075,0.348,0.395,0.3598,0,0,0,289.5214,3.9138,0.2485,-7.0132,0.1383,0.0185,0,1,0,0,B0,2024
CCCCCCCC[N+]1=C(/C=C2/C(=O)C(C(=O)C=Cc3ccc(N=[N+]=[N-])cc3)=C2[O-])C(C)(C)c2cc(C(=O)O)ccc21,1,0.4494,0.6835,0.5506,0.3165,3.6027,512.8023,84.5844,4.6628,0.3558,0.1989,0.1712,-6.9124,1.063,0.4596,0.4009,0.1615,0.2794,0,1,0,536.5084,4.6542,0.195,-7.3738,0.144,0.0045,0,1,0,0,B0,2024
N#CC(c1ccc(C(=O)c2ccccc2)cc1)c1ccc(N(c2ccccc2)c2ccccc2)cc1,1,0.4872,0.3158,0.5128,0.6842,2.6197,407.0594,64.398,4.4156,0.3128,0.3792,0.1251,-7.3873,1.0676,0.4582,0.3785,0.1806,0.2606,1,1,1,376.5541,4.2783,0.2178,-7.2911,0.0594,0.0058,0,1,0,0,B0,2024
COc1ccc2cc(Oc3ccccc3)ccc2c1,1,0.4828,0.32,0.5172,0.68,1.4996,331.9406,63.0705,4.2918,0.2149,0.2799,0.1591,-6.8888,1.4171,0.3568,0.3092,0.2331,0.2979,1,1,1,319.4173,4.252,0.3276,-6.435,0.049,0.0182,1,1,1,1,B0,2024
CCCCc1c([Si](C)(C)OCCN(C)c2ccc(-c3ccc(-c4ccc(/C=C(\C#N)C(=O)O)s4)s3)cc2)cc(C(C)(C)C)c(O)c1C(C)(C)C,1,0.3735,0.7284,0.6265,0.2716,3.7069,517.8168,103.3541,4.472,0.2527,0.2351,0.1755,-6.8152,1.0492,0.4071,0.3964,0.1273,0.2629,0,1,0,560.9611,4.6344,0.1323,-5.9928,0.0545,0.005,0,1,0,0,B0,2024
COC(=O)c1c(C=C(C(=O)c2ccc(C#Cc3ccc(C=C(C#N)C(=O)O)cc3)cc2)[N+](=O)[O-])ccc(OC)c1OC,1,0.5526,0.6087,0.4474,0.3913,3.1176,393.9946,75.0177,4.3107,0.6229,0.1749,0.1742,-6.7362,0.8712,0.5254,0.3938,0.1244,0.2591,0,0,0,408.165,4.2721,0.2252,-6.3152,0.1561,0.0074,0,1,0,0,B0,2024
CN(C)c1cccc2c(C=C3CCC(=Cc4ccc(N(C)C)c5c(N(C)C)cccc45)C3=O)ccc(C(=O)c3ccc(C(=O)C(=O)c4ccc(O)cc4)cc3)c12,1,0.3333,0.6393,0.6667,0.3607,3.4357,457.8925,85.2675,4.3934,0.4267,0.1696,0.1432,-7.1758,1.1382,0.4524,0.4027,0.2006,0.3126,0,1,0,499.2068,4.3237,0.1695,-6.1478,0.151,0.0065,0,1,0,0,B0,2024
CC1=CC(C)=[N+]2C1=C(c1ccccc1)c1c(C)cc(C)n1[B-]2(F)F,0,0.2,0.7719,0.8,0.2281,3.3443,497.4618,11.9592,4.8804,0.2004,0.4068,0.1637,-7.1725,1.5447,0.4502,0.3754,0.2864,0.3246,0,1,0,516.5258,4.7345,0.4602,-7.3835,0.3009,0.0482,0,1,0,0,B0,2024
Cc1cccc(C(=O)CC(=O)c2cc(-c3ccccc3)ccc2O)c1,1,0.5455,0.325,0.4545,0.675,1.9289,320.6135,22.851,4.1993,0.2861,0.2323,0.1656,-7.4323,0.9861,0.5535,0.3909,0.118,0.228,0,0,0,322.1046,4.0724,0.3343,-7.1686,0.0886,0.0039,1,1,1,1,B0,2024
CCN(CCC(C)C)c1ccc2c(c1)Cc1c-2[o+]c2c3c4c(cc2c1-c1ccccc1C(=O)[O-])CCCN4CCC3,1,0.137,0.7195,0.863,0.2805,3.61,557.4035,85.1207,4.6513,0.4644,0.1548,0.1464,-7.1334,1.0352,0.3802,0.3873,0.1108,0.215,0,1,0,591.894,4.8037,0.2125,-7.0421,0.0439,0.0076,0,1,0,0,B0,2024
CCCOC(=O)C(NC(=O)OC(C)(C)C)c1c[nH]c2ccccc12,1,0.3443,0.629,0.6557,0.371,2.7294,318.1732,57.3054,4.0493,0.332,0.3522,0.2199,-7.0432,0.8166,0.3282,0.3622,0.1283,0.2476,1,1,1,327.2222,3.8406,0.3763,-6.616,0.0149,0.0042,1,1,1,1,B0,2024
CCCCN1c2ccc(/C=C(\C#N)C(=O)O)cc2Sc2cc(CCCCCCCCCCCCCOc3cc(O)cc(C(=O)OC)c3)ccc21,1,0.4096,0.5352,0.5904,0.4648,3.1381,472.105,48.1447,4.4548,0.3364,0.2699,0.2309,-6.8872,1.0159,0.3868,0.3743,0.097,0.2074,0,1,0,470.0074,4.3696,0.2527,-6.2853,0.021,0.0047,0,1,0,0,B0,2024
CCCCC(CC)COc1cc(OCCCN=[N+]=[N-])ccc1-c1ccc(Br)cc1,1,0.6316,0.5857,0.3684,0.4143,2.9688,337.4382,62.2717,4.3258,0.3062,0.4827,0.2226,-7.066,0.9609,0.3857,0.3763,0.1278,0.2311,1,1,1,350.4744,4.3502,0.3722,-6.5983,0.2123,0.0105,1,1,1,1,B0,2024
CC(O)COc1ccc(C(=O)c2cc(=O)cc(-c3ccccc3)o2)c(O)c1,1,0.678,0.3774,0.322,0.6226,2.8265,366.6219,63.1813,4.1722,0.3357,0.2111,0.1903,-7.3934,0.9258,0.4629,0.3726,0.1444,0.2412,0,1,0,317.1969,4.16,0.1783,-7.1961,0.1663,0.0138,0,1,0,0,B0,2024
C=CCc1ccc(-n2c(C)ccc2C)c(OCC(CC)CCCC)c1,1,0.6667,0.6078,0.3333,0.3922,2.9674,347.5053,62.2656,4.3495,0.4503,0.2587,0.2189,-6.8691,1.533,0.4191,0.402,0.1934,0.2983,1,1,1,335.418,4.3028,0.2688,-6.7342,0.162,0.0414,1,1,1,1,B0,2024
CC1=CCCC(C)(C)C1C=Cc1cc2cccc3ccc4cccc1c4c32,1,0.5455,0.5769,0.4545,0.4231,3.1711,364.8047,40.59,4.2808,0.4127,0.3489,0.2614,-7.4066,1.1908,0.3117,0.3907,0.3147,0.3396,1,1,1,411.4806,3.9693,0.304,-7.2314,0.0229,0.0623,1,1,1,1,B0,2024
CN(C)c1ccnc(-c2ccccc2)c1,1,0.55,0.6818,0.45,0.3182,1.756,309.8303,49.3641,4.1135,0.367,0.2298,0.1912,-5.5917,1.6908,0.5212,0.3078,0.3573,0.3152,0,0,0,311.5315,4.0409,0.3539,-3.5847,0.4454,0.1141,1,0,0,0,B0,2024
O=C(Nc1ccccc1)C1CCNCC1,1,0.5625,0.2727,0.4375,0.7273,1.6745,277.9264,72.1761,3.9063,0.4719,0.1671,0.1668,-6.2,1.0917,0.5386,0.3802,0.3126,0.3335,0,0,0,273.456,3.8585,0.2111,-6.5105,0.0998,0.0458,0,1,0,0,B0,2024
Brc1csc(-c2ccccc2)c1,1,0.5769,0.6667,0.4231,0.3333,1.817,277.0778,26.6848,4.1101,0.3748,0.0913,0.1515,-4.4678,1.4626,0.5057,0.3492,0.434,0.3414,0,0,0,288.0598,4.1543,0.0772,-3.4381,0.1904,0.8902,0,0,0,0,B0,2024
Cc1cc(C=CC#N)n2c1C=C1C=CC=[N+]1[B-]2(F)F,1,0.3269,0.7843,0.6731,0.2157,4.6473,510.7075,62.903,4.4555,0.2694,0.2606,0.2335,-7.2558,0.9232,0.6039,0.3379,0.414,0.3642,0,0,0,553.1922,4.3048,0.356,-7.2302,0.3954,0.0202,0,1,0,0,B0,2024
COC(=O)c1c(C(=O)CC(=O)c2ccc(OC)cc2O)ccc(OC)c1OC,1,0.6538,0.4286,0.3462,0.5714,2.3408,316.2804,25.7064,4.0567,0.5024,0.1962,0.1398,-6.8171,0.6548,0.5333,0.3686,0.142,0.2521,0,0,0,327.0899,4.0784,0.2594,-6.5722,0.2209,0.0099,1,1,1,1,B0,2024
CC(C)=CCCc1c2ccccc2c(-c2cccc(-c3c4ccccc4c(-c4ccccc4)c4ccccc34)n2)c2ccccc12,1,0.4054,0.6981,0.5946,0.3019,2.5895,378.8611,45.6656,4.4034,0.2924,0.2519,0.2286,-7.108,1.5127,0.3982,0.3708,0.2011,0.2806,1,1,1,362.0977,4.3529,0.2281,-7.5856,0.0662,0.0162,0,1,0,0,B0,2024
CC(C)(C)c1ccc(N2c3ccccc3Sc3cc(-c4ccc(C(=O)O)s4)ccc32)cc1,1,0.3492,0.6786,0.6508,0.3214,2.4877,354.7801,43.5918,4.1523,0.4615,0.3126,0.2141,-7.3348,1.1258,0.4617,0.3767,0.1976,0.2875,1,1,1,376.3802,4.1631,0.2708,-5.9335,0.1096,0.004,1,1,1,1,B0,2024
CC(C)(C)c1ccc(-c2ccccc2C(=O)c2ccc(OCc3ccccc3)cc2O)cc1,1,0.6415,0.4082,0.3585,0.5918,2.0557,332.6699,50.6498,4.2742,0.4039,0.3034,0.2206,-7.1965,0.9693,0.3539,0.3303,0.0956,0.1893,1,1,1,327.744,4.2168,0.247,-6.5564,0.0167,0.004,0,1,0,0,B0,2024
CC(C)(C)c1ccc(-c2cc(F)cc3c2nc(N)n[n+]3[O-])cc1,1,0.5238,0.6889,0.4762,0.3111,2.8255,390.1492,67.5174,4.2281,0.3293,0.2479,0.2158,-7.2551,1.0627,0.615,0.3426,0.2892,0.3248,0,0,0,357.0912,4.2567,0.3197,-7.1182,0.3548,0.0286,1,1,1,1,B0,2024
CCN(CC)c1ccc(/C=C/C(=C(C#N)C#N)c2ccc(N(c3ccccc3)c3ccccc3)cc2)c(OCCc2oc3ccccc3c2C(=O)c2cccc(Cl)c2)c1,1,0.4,0.6588,0.6,0.3412,3.472,505.6726,65.658,4.6119,0.3785,0.2046,0.2246,-7.019,0.996,0.549,0.3994,0.083,0.1718,0,0,0,500.5874,4.7545,0.2346,-6.6279,0.057,0.0045,0,1,0,0,B0,2024
CC(c1ccc(CO)cc1)c1ccccc1O,1,0.697,0.4667,0.303,0.5333,2.3286,279.1373,26.5816,3.9962,0.4205,0.3278,0.2732,-7.3466,1.0302,0.4816,0.3559,0.2996,0.328,0,1,0,252.7013,3.8934,0.2557,-7.1708,0.1591,0.0242,0,1,0,0,B0,2024
CCCCC=CCC/C=C1\N(CCC[SH](=O)([O-])O)c2cc(OC)c(S(=O)(=O)[O-])cc2C1(C)CCCC(=O)O,1,0.5,0.7324,0.5,0.2676,4.5702,483.0406,124.5126,4.228,0.5173,0.1741,0.1497,-6.6129,0.8147,0.4804,0.408,0.135,0.2634,0,1,0,483.3523,4.3535,0.2478,-6.4159,0.0479,0.0068,0,1,0,0,B0,2024
CCOC(=O)CC(C(=O)OCC)C(=O)OCC,1,0.6471,0.3913,0.3529,0.6087,2.1766,440.5807,134.282,3.0049,0.9787,0.2175,0.2224,-7.0295,0.763,0.4653,0.3672,0.2951,0.2991,0,1,0,382.2152,3.0772,0.2281,-6.827,0.1028,0.0297,0,1,0,0,B0,2024
Cc1ccc(N(c2ccc(/C=C3\SC(=S)N(CC(=O)O)C3=O)cc2)c2ccc(/C=N/N(Cc3cccc(C=O)c3O)c3ccccc3)cc2)cc1,1,0.3056,0.7375,0.6944,0.2625,3.2326,467.3454,49.8664,4.473,0.3137,0.2098,0.2202,-7.1502,1.0209,0.3792,0.3926,0.138,0.2637,0,1,0,470.4856,4.5279,0.1018,-7.3888,0.0676,0.0058,0,1,0,0,B0,2024
Cc1c(C(N)=O)c(=O)oc2cc3c(cc12)nc(Nc1ccc(F)cc1)n3C(C)c1cc(O)c(O)c(O)c1,1,0.2319,0.7586,0.7681,0.2414,3.4397,352.3249,61.5973,4.27,0.3713,0.2544,0.1994,-7.329,0.8984,0.4761,0.4106,0.1972,0.3205,1,1,1,326.9188,4.4956,0.3089,-6.1207,0.1677,0.007,1,1,1,1,B0,2024
CCCCC1CCC(C)CC1O,1,0.7586,0.5484,0.2414,0.4516,3.2364,396.2887,129.3209,3.5521,0.7503,0.3222,0.2631,-4.1641,1.1439,0.1174,0.2006,0.5707,0.3006,0,0,0,345.0911,3.2822,0.2682,-3.2908,0.039,0.9052,0,0,0,0,B0,2024
CCCCCC(=O)c1ccc(Cl)cc1,1,0.4848,0.5273,0.5152,0.4727,1.4548,292.0077,58.1192,3.7939,0.5542,0.1906,0.2437,-4.5688,1.6001,0.3899,0.3693,0.329,0.3348,0,0,0,283.1834,3.7034,0.2274,-3.3653,0.0698,0.3723,0,0,0,0,B0,2024
Cc1cc(C#N)c(O)c(CCCCCCCC=O)c1,1,0.7273,0.6346,0.2727,0.3654,2.496,312.4293,59.1759,3.8868,0.4956,0.1893,0.1478,-6.911,0.7668,0.4738,0.3815,0.2926,0.3434,0,1,0,303.3694,3.8731,0.3016,-7.0684,0.1188,0.0046,1,1,1,1,B0,2024
c1ccc(-c2ccncc2)cc1,1,0.3913,0.5238,0.6087,0.4762,1.3317,279.9068,19.9073,4.0421,0.2827,0.2225,0.1446,-4.658,0.9786,0.5587,0.3253,0.4382,0.3193,0,0,0,286.3061,3.9833,0.3589,-3.6967,0.5273,0.0566,0,0,0,0,B0,2024
CC(C)(C)c1ccc(C(=O)O)cc1,1,0.5238,0.2857,0.4762,0.7143,1.4663,260.8804,17.5211,3.6312,0.6374,0.2501,0.2401,-5.1588,0.6814,0.4518,0.3114,0.4618,0.3563,0,1,0,286.877,3.6817,0.2733,-5.0837,0.0833,0.0518,0,1,0,0,B0,2024
COc1ccc2nc3cc(Cl)ccc3c(NCCOc3ccccc3)c2c1,1,0.3833,0.4923,0.6167,0.5077,2.0143,338.6889,34.9723,4.2013,0.2458,0.2484,0.161,-7.0995,1.0596,0.4649,0.3821,0.2139,0.2993,0,1,0,332.5848,4.1077,0.3464,-7.1797,0.0563,0.0144,1,1,1,1,B0,2024
CCC1(CC)c2cc(/C=C/c3cccs3)ccc2-c2c1c1c(c3c2C(CC)(OC)c2cc(/C=C/c4cccs4)ccc2-3)C(CC)(CC)c2ccccc2-1,1,0.1731,0.7714,0.8269,0.2286,4.3093,385.3379,69.0114,4.7057,0.2503,0.2656,0.1899,-6.8681,1.4361,0.4357,0.3859,0.2169,0.3093,1,1,1,413.5543,4.718,0.2538,-6.6639,0.0501,0.029,1,1,1,1,B0,2024
CC1=CC(C)=[N+]2C1=C(c1c(F)c(F)c(NCCCCC(C)(C)C)c(F)c1F)c1c(C)c(-c3ccccc3)c(C)n1[B-]2(F)F,1,0.5119,0.8101,0.4881,0.1899,3.7661,556.6234,64.7408,4.6554,0.2767,0.4879,0.2441,-6.7847,1.5049,0.4163,0.4083,0.2814,0.3288,0,1,0,573.1016,4.7585,0.504,-7.2695,0.3718,0.0213,0,1,0,0,B0,2024
CC1(C)Nc2cccc3c(C(=O)CC(=O)c4ccccc4O)ccc(c23)N1,1,0.5686,0.5263,0.4314,0.4737,2.7237,372.4558,67.3689,4.1586,0.3418,0.2531,0.1859,-7.4963,0.9609,0.4885,0.3864,0.1238,0.2416,1,1,1,387.3088,4.227,0.2714,-7.4021,0.049,0.0052,1,1,1,1,B0,2024
O=C(c1ccc(-c2ccccc2)cc1)c1ccccc1C=C1C=Cc2ccccc2N1Cc1ccccc1,1,0.5238,0.5714,0.4762,0.4286,2.4334,412.2489,81.8585,4.3649,0.3531,0.1539,0.1508,-7.4889,1.3273,0.4747,0.4017,0.2073,0.2942,0,1,0,414.1404,4.4502,0.1585,-7.5403,0.1782,0.01,0,1,0,0,B0,2024
CC1=C(c2cccc(O)n2)C(=O)CC1,1,0.6571,0.6977,0.3429,0.3023,3.0202,301.3208,38.5391,3.9035,0.3189,0.2077,0.1621,-5.4356,0.6975,0.5328,0.3264,0.3089,0.3114,0,0,0,291.2258,3.8418,0.2478,-4.9964,0.2256,0.0121,0,0,0,0,B0,2024
C=Cc1c(/N=N/c2sc(C)c(C(=O)OC)c2N)sc(C)c1F,1,0.7273,0.72,0.2727,0.28,3.6369,465.247,55.8206,3.8294,0.6165,0.3024,0.3386,-7.0776,0.9477,0.5985,0.3699,0.2122,0.3153,0,0,0,471.5906,3.5688,0.2207,-6.4181,0.0868,0.0065,0,1,0,0,B0,2024
COc1ccc2nc3c4c(C)nn(C(C)c5ccccc5)c4cc(C)n3c2n1,1,0.5333,0.7213,0.4667,0.2787,3.2378,376.8269,83.445,3.9833,0.4754,0.4101,0.1673,-6.8227,0.8759,0.4254,0.3676,0.2526,0.3308,1,1,1,356.972,4.1128,0.3017,-6.3764,0.0389,0.0113,1,1,1,1,B0,2024
N#Cc1ccc(N(c2ccccc2)c2ccc(C#Cc3ncnc4ccccc34)cc2)cc1C(F)(F)F,1,0.34,0.7119,0.66,0.2881,2.7399,413.0266,75.9779,4.4766,0.3102,0.4102,0.1526,-7.2994,1.077,0.5172,0.3729,0.2303,0.2861,1,0,0,389.4544,4.4747,0.4739,-7.2162,0.4245,0.0113,1,1,1,1,B0,2024
Cc1cc(/N=N/c2ccccc2)ccc1OCCC(C)C,1,0.6341,0.6279,0.3659,0.3721,2.1487,382.4858,68.2752,3.6947,0.7133,0.9032,0.1266,-7.1602,1.0205,0.3372,0.3783,0.1847,0.2746,0,1,0,427.7378,3.4635,0.6902,-6.8109,0.0184,0.0081,0,1,0,0,B0,2024
Cc1cc(CCCCCc2ccccc2)c(O)c(-n2nc3cccc(Cl)c3n2)c1,1,0.5714,0.3704,0.4286,0.6296,2.3916,406.7793,144.4034,4.1757,0.3159,0.4029,0.247,-7.4198,1.1261,0.4895,0.3953,0.2197,0.291,1,1,1,333.6434,4.1221,0.5142,-8.5917,0.046,0.0034,1,1,1,1,B0,2024
CCCCCCCC[N+]1=C(/C=C2\C(=O)C(/C=C3/N(CC)c4cc5ccccc5cc4C3(C)C)=C2[O-])C(C)(C)c2cc(C(C)C)ccc21,1,0.2105,0.7805,0.7895,0.2195,3.6288,655.8166,42.5539,5.2813,0.1714,0.2346,0.1999,-6.8602,1.0247,0.2724,0.367,0.192,0.2766,0,1,0,660.0,5.1614,0.2475,-7.1071,0.0247,0.0091,0,1,0,0,B0,2024
COc1n[nH]c(-c2ccccn2)n1,1,0.4444,0.7317,0.5556,0.2683,2.4902,312.1606,44.2684,3.9437,0.3193,0.2786,0.204,-5.4859,0.5965,0.5892,0.334,0.3214,0.3326,1,0,0,294.6102,3.859,0.2088,-5.5046,0.5918,0.0264,0,0,0,0,B0,2024
O=C(c1ccc2c(c1)c1ccccc1n2-c1ccccc1)C1CCCCC1,1,0.5094,0.5,0.4906,0.5,1.9631,367.0283,43.7139,4.2704,0.2013,0.3775,0.1447,-7.8621,1.0524,0.4342,0.3677,0.2191,0.3072,1,1,1,369.2898,4.2034,0.3911,-8.2053,0.2076,0.0093,1,1,1,1,B0,2024
CCCCSCc1cc(C2=C3C=CC(c4ccccc4)=[N+]3[B-](F)(F)n3c2ccc3-c2ccccc2)ccc1O,1,0.4098,0.6154,0.5902,0.3846,3.4522,576.7556,59.0364,4.8362,0.1454,0.3422,0.2073,-7.1993,1.1892,0.4596,0.3871,0.1833,0.2845,0,1,0,594.057,4.8608,0.3885,-7.419,0.1094,0.0027,0,1,0,0,B0,2024
Cc1cc(O)c(C(C)(C)C)cc1C=Cc1cnc2ccccc2n1,1,0.5714,0.6047,0.4286,0.3953,2.5131,344.634,33.674,3.8991,1.0073,0.2106,0.2163,-7.2253,1.037,0.4671,0.362,0.2679,0.331,0,1,0,360.5302,4.1762,0.1276,-7.1883,0.0818,0.0049,0,1,0,0,B0,2024
COc1ccc(-c2cccc(-c3ccc(C(=O)O)cc3O)c2)cc1,1,0.525,0.3721,0.475,0.6279,1.7872,331.1934,27.8079,4.2717,0.2921,0.2546,0.1623,-7.0884,0.9275,0.4899,0.367,0.1029,0.1898,1,1,1,329.3104,4.0354,0.2825,-6.3484,0.0596,0.0062,1,1,1,1,B0,2024
N=c1oc2cc(O)ccc2cc1C(=O)c1ccc(O)c(C=O)c1,1,0.5417,0.5217,0.4583,0.4783,2.6441,329.6519,44.2896,4.2915,0.4046,0.1336,0.1414,-7.4692,0.9803,0.6356,0.3591,0.211,0.2906,0,0,0,362.107,4.2168,0.2067,-7.4936,0.4593,0.0226,0,1,0,0,B0,2024
CCCCOCc1c(-c2ccc(C(C)(C)C)cc2)c(C(C)(C)C)c(O)c(C(C)(C)C)c1C(F)(F)F,1,0.7125,0.5577,0.2875,0.4423,2.9878,426.44,139.6287,4.3817,0.421,0.3559,0.2228,-7.2963,1.0348,0.3867,0.3571,0.1566,0.2554,0,1,0,373.2634,4.3181,0.4016,-6.8374,0.0342,0.0031,1,1,1,1,B0,2024
CC(C)(C)ON=Nc1ccc(C(F)(F)F)o1,1,0.4286,0.8,0.5714,0.2,3.6046,361.8929,46.0524,3.8421,0.5164,0.5212,0.382,-5.284,1.4057,0.4287,0.3691,0.329,0.32,1,1,1,339.6867,3.6031,0.4912,-4.8623,0.0839,0.0382,0,0,0,0,B0,2024
CN(C)C(=Cc1ccc(N(C)C)cc1)c1ccnc(C(=O)NC2CCNCC2)c1,1,0.6,0.5593,0.4,0.4407,2.7558,444.8845,67.5186,4.3576,0.2688,0.2475,0.22,-7.2709,0.9983,0.5628,0.386,0.2322,0.3284,0,0,0,385.1914,4.3713,0.2581,-6.0917,0.6004,0.0209,1,0,0,0,B0,2024
CC(C)c1cccc(C=CC(=O)c2cc(O)ccc2O)c1N1C(=O)c2cccc3c(Oc4ccccc4)ccc(c23)C1=O,1,0.3788,0.6232,0.6212,0.3768,2.8305,411.1314,70.0267,4.5612,0.3814,0.2286,0.1893,-7.0456,0.9499,0.4493,0.4098,0.1309,0.2564,0,1,0,446.6406,4.5272,0.1837,-6.3494,0.0337,0.0087,0,1,0,0,B0,2024
O=C(O)c1cc(C(=O)O)cc(-c2nc(OC(=O)c3ccccc3)nc(-c3ccc(/C=C/c4ccc(-c5ccc(N(c6ccccc6)c6ccccc6)cc5)s4)s3)n2)c1,1,0.1818,0.7077,0.8182,0.2923,3.3525,452.5487,34.3034,4.4519,0.449,0.2619,0.2818,-7.0567,1.0074,0.3842,0.3868,0.1623,0.2889,0,1,0,453.0318,4.6043,0.1813,-6.2876,0.0367,0.0074,0,1,0,0,B0,2024
CCCCC=Cc1ccccc1,1,0.6129,0.5,0.3871,0.5,1.6838,286.1098,37.7053,3.8617,0.5643,0.1243,0.1429,-3.9906,1.2007,0.3824,0.3092,0.399,0.3439,0,0,0,299.926,3.9213,0.1902,-4.4061,0.056,0.3982,0,0,0,0,B0,2024
c1ccc(-c2cccc3c2Nc2ccccc2S3)cc1,0,0.0,0.7073,1.0,0.2927,2.0583,347.1724,42.8136,3.8402,0.7979,0.2898,0.2398,-7.3872,1.552,0.6217,0.3322,0.286,0.3024,1,0,0,341.9058,3.9751,0.3241,-7.6137,0.2359,0.0593,1,1,1,1,B0,2024
Cc1cc(-c2cccc(Cl)c2)ccc1O,1,0.6,0.4737,0.4,0.5263,1.622,281.9343,20.7681,3.8618,0.453,0.2056,0.1995,-6.0599,2.072,0.5986,0.3512,0.35,0.3488,0,0,0,280.7386,4.1342,0.2476,-6.7655,0.2863,0.0201,0,1,0,0,B0,2024
CCCCC(CC)COc1cc2c(CNC3CC(C)(C)NC(C)(C)C3)ccc3ccc4c(O)ccc1c4c32,1,0.5075,0.6818,0.4925,0.3182,3.4691,383.6448,97.6872,4.184,0.4139,0.3276,0.2543,-7.0146,1.0033,0.4534,0.3987,0.1015,0.1973,1,1,1,436.1654,4.1011,0.4847,-6.6888,0.0842,0.0058,0,1,0,0,B0,2024
CCCCC[CH2][Ge]([CH2]C)([CH2]C)[c]1cc(C(C)(C)C)cc(C(C)(C)C)c1O,1,0.7069,0.2778,0.2931,0.7222,3.445,409.7382,98.6463,3.7209,0.7691,0.2919,0.2606,-6.6761,1.344,0.3416,0.3358,0.4357,0.3423,0,1,0,321.0934,3.7687,0.2072,-6.8951,0.0315,0.1782,0,1,0,0,B0,2024
Nc1ccc(N=NC(=O)[O-])o1,1,0.5152,0.7447,0.4848,0.2553,4.3363,368.9908,54.8827,3.4197,1.3909,0.2781,0.2931,-5.6344,0.4423,0.7745,0.3124,0.3842,0.3336,0,0,0,413.1826,3.5471,0.2485,-5.5835,0.7533,0.1785,0,0,0,0,B0,2024
COCNc1nc2c(c(=O)n(C)c(=O)n2C)n1C,1,0.35,0.6429,0.65,0.3571,2.7555,325.2794,55.6978,3.8918,0.4124,0.335,0.2764,-7.0834,0.842,0.5817,0.3848,0.3343,0.3174,1,0,0,311.1576,3.8799,0.0407,-6.6189,0.8062,0.2722,0,0,0,0,B0,2024
COc1sc(-c2csc3ccccc23)c2ccccc12,1,0.4211,0.6304,0.5789,0.3696,2.5422,349.2759,56.8028,4.228,0.2927,0.318,0.1767,-6.857,1.3965,0.427,0.3533,0.2273,0.2886,1,1,1,326.1731,4.2573,0.3122,-6.4266,0.0536,0.0536,1,1,1,1,B0,2024
CC1(Cc2ccc(Cl)o2)CCC(=O)O1,1,0.75,0.5714,0.25,0.4286,3.5868,270.5201,30.6306,3.8301,0.5704,0.1788,0.1882,-5.3347,0.7075,0.4675,0.4007,0.3858,0.3399,0,1,0,287.6172,3.9004,0.1973,-5.4295,0.3053,0.9712,0,0,0,0,B0,2024
OCc1ccc2ccccc2c1,1,0.5152,0.5556,0.4848,0.4444,1.4514,283.7615,17.3494,3.7588,0.3079,0.3375,0.2586,-4.6607,0.9909,0.4816,0.357,0.3645,0.3347,0,0,0,271.102,3.6126,0.3019,-3.5442,0.3835,0.0341,0,0,0,0,B0,2024
CCC1(CC)c2ccccc2-n2c3ccc(-c4ccc(-c5ccc(OC)s5)s4)cc3c3cccc1c32,1,0.3768,0.7742,0.6232,0.2258,3.0009,361.393,29.0386,4.2231,0.5247,0.4476,0.248,-6.876,1.3742,0.4475,0.3849,0.1813,0.2706,1,1,1,355.5984,4.318,0.5138,-6.6307,0.0456,0.0323,1,1,1,1,B0,2024
Cc1ccc(O)c(C(=O)[C@](C)(CC[N+](=O)[O-])c2ccccc2Br)c1,1,0.5283,0.5417,0.4717,0.4583,3.2461,310.0923,43.1871,4.0153,0.4799,0.2843,0.2356,-7.3688,0.9913,0.49,0.3933,0.1937,0.3183,1,1,1,326.2842,3.954,0.2228,-7.153,0.1301,0.0046,0,1,0,0,B0,2024
COC(=O)c1cc(C(F)(F)F)c(-c2ccc(OC)cc2)c(C(F)(F)F)c1,1,0.561,0.4722,0.439,0.5278,2.2023,330.7724,31.7649,4.1777,0.3875,0.359,0.1271,-7.0612,0.9282,0.4909,0.3529,0.1416,0.2294,1,1,1,333.7031,4.0783,0.3377,-6.449,0.0742,0.004,1,1,1,1,B0,2024
CC(C)(C)c1ccc(-c2cccc(C(=O)c3c(O)ccc4ccccc34)c2)cc1,1,0.6383,0.5,0.3617,0.5,2.0346,334.8801,22.3979,4.3082,0.2201,0.2291,0.1343,-7.4896,1.0198,0.4764,0.3627,0.1334,0.2348,0,1,0,334.6358,4.0924,0.2424,-7.242,0.1682,0.0036,0,1,0,0,B0,2024
COc1sc(N(C)C)c2c1OCCO2,1,0.7222,0.8,0.2778,0.2,3.3056,305.4021,68.8682,3.7565,0.5081,0.1608,0.2112,-5.7237,0.7566,0.5197,0.3734,0.4078,0.3558,0,0,0,329.1942,3.8416,0.1934,-5.9714,0.1892,0.4826,0,1,0,0,B0,2024
N#CC(=Cc1ccc(-c2cnc(Nc3ccc(OC(=O)c4ccccc4O)cc3)c3nccnc23)s1)C(=O)O,1,0.481,0.6479,0.519,0.3521,2.9541,472.6224,60.8986,4.4069,0.3121,0.2567,0.2392,-7.0523,1.0358,0.4341,0.3995,0.133,0.2425,0,1,0,457.5539,4.3848,0.1694,-6.3665,0.0549,0.0077,0,1,0,0,B0,2024
CCCCc1cc(OCCCCCCCCCOc2ccc(C(=O)c3ccccc3)cc2)c(O)cc1C(=O)c1ccccc1,1,0.6143,0.375,0.3857,0.625,2.4863,382.3798,82.4568,4.4717,0.2642,0.3077,0.2079,-6.879,1.05,0.3311,0.3575,0.0869,0.1866,1,1,1,412.8757,4.3618,0.4291,-6.2991,0.0235,0.0045,1,1,1,1,B0,2024
CC(C)(C=C(c1ccccc1)c1ccccc1)C(=O)c1ccc(-c2cccc(F)c2)c2[nH]ccc12,1,0.4906,0.566,0.5094,0.434,2.6648,434.6201,85.5123,4.5411,0.3364,0.4552,0.2791,-7.5,0.9799,0.419,0.35,0.1803,0.2893,0,1,0,425.9106,4.182,0.3796,-7.4848,0.0567,0.0041,0,1,0,0,B0,2024
N#Cc1nncc2cc(-c3ccccc3)ccc12,1,0.6,0.6667,0.4,0.3333,2.2871,335.7815,35.8819,4.2159,0.219,0.3216,0.1787,-7.2976,1.0549,0.6547,0.3442,0.2211,0.2866,1,0,0,338.5275,4.3195,0.3714,-7.4191,0.3781,0.0247,1,1,1,1,B0,2024
CCCc1cccc2c1C(=O)c1cccc([N+](=O)[O-])c1C2=O,1,0.3235,0.6923,0.6765,0.3077,2.216,370.59,68.8266,4.0676,0.3792,0.1598,0.2252,-7.2957,1.0524,0.6542,0.3516,0.2462,0.2997,0,0,0,384.2437,4.0955,0.0238,-7.3754,0.4511,0.0371,0,1,0,0,B0,2024
CCOc1cc(O)c(C(=O)CCCc2ccccc2)c(Cl)c1,1,0.7,0.537,0.3,0.463,2.0482,296.6096,39.2769,4.0271,0.4684,0.4882,0.2776,-7.1564,1.055,0.4226,0.3789,0.0915,0.1809,1,1,1,315.2113,4.0298,0.3533,-7.7507,0.0127,0.0039,1,1,1,1,B0,2024
CC(C)C(=O)c1oc(F)cc1Cl,1,0.75,0.6905,0.25,0.3095,3.2515,266.1436,25.7484,3.5139,0.5801,0.2122,0.2395,-5.2114,0.8713,0.4537,0.3828,0.4528,0.3381,0,1,0,284.4612,3.3319,0.1744,-5.4715,0.1233,0.8386,0,0,0,0,B0,2024
COC(=O)c1ccc2cn(-c3ccc(OC)c(CCCCC(=O)Oc4ccc(C)cc4)c3)/c(=N\S(=O)(=O)c3ccc(C)cc3)cc2c1,1,0.4667,0.6757,0.5333,0.3243,2.973,400.5269,77.0818,4.2792,0.6841,0.4285,0.2132,-6.6821,0.8319,0.3853,0.3781,0.1159,0.2221,1,1,1,407.8189,4.222,0.2811,-6.5492,0.0682,0.0052,1,1,1,1,B0,2024
COc1ccc(C(=O)c2ccnc(-c3ccc(C(C)(C)C)cc3)c2)c(O)c1,1,0.6716,0.4375,0.3284,0.5625,2.1031,322.3076,24.5249,4.1739,0.4058,0.212,0.1461,-6.9744,0.8904,0.4908,0.3496,0.1644,0.2675,0,1,0,324.7712,4.1854,0.3235,-6.3335,0.0731,0.0055,1,1,1,1,B0,2024
COC(=O)COc1c(C(=O)c2ccccc2)ccc2ccccc12,1,0.5918,0.3077,0.4082,0.6923,1.8641,329.5994,44.3666,4.0379,0.4583,0.3452,0.1812,-7.0608,0.9323,0.441,0.3658,0.1164,0.207,1,1,1,333.4725,4.1795,0.3688,-6.5807,0.1589,0.004,1,1,1,1,B0,2024
Cc1c(O)c(O)c(C)c(C(C)(C)C)c1Cl,1,0.7241,0.5667,0.2759,0.4333,2.869,273.2214,46.737,4.1184,0.5919,0.2578,0.2697,-6.2278,1.3192,0.5534,0.3817,0.5233,0.3651,0,0,0,298.3123,3.8996,0.2246,-6.4435,0.1461,0.2721,0,1,0,0,B0,2024
CC(C)(C)OS(=O)(=O)c1cccc2cccc(-c3ccc(C(C)(C)C)cc3)c12,1,0.617,0.6098,0.383,0.3902,2.4485,371.5745,42.0321,4.3432,0.3967,0.3293,0.18,-7.085,1.0314,0.498,0.3712,0.231,0.2924,1,1,1,370.1066,4.3547,0.3207,-6.4022,0.043,0.0136,1,1,1,1,B0,2024
CCCCCCCCCCCCCCc1ccc2oc3ccccc3c2c1,1,0.5952,0.5455,0.4048,0.4545,2.0058,347.9563,65.9761,4.1975,0.336,0.3819,0.2005,-6.9929,1.5236,0.3865,0.347,0.2828,0.2967,1,1,1,340.7206,4.2261,0.4558,-7.5221,0.0679,0.0306,1,1,1,1,B0,2024
COc1ccc(-c2cc(OC)ccc2C=CC(=O)Oc2ccc(-c3cnc4cccc(-c5ccc(OC)cc5)n34)cc2)cc1,1,0.4259,0.5763,0.5741,0.4237,2.7185,353.62,37.0604,4.4168,0.2805,0.2025,0.1863,-6.8161,0.9466,0.3979,0.3725,0.1466,0.2413,0,1,0,410.2275,4.4455,0.1382,-6.3456,0.064,0.004,0,1,0,0,B0,2024
CC(=O)SCCCOc1ccc(C(=O)c2ccc(N(c3ccccc3)c3ccccc3C(C)(C)C)cc2)cc1,1,0.5614,0.3529,0.4386,0.6471,2.5277,420.7958,60.9781,4.4016,0.4249,0.4127,0.1678,-6.9598,1.1026,0.4366,0.3741,0.1215,0.2502,0,1,0,391.5302,4.2664,0.4052,-6.6053,0.1372,0.0043,1,1,1,1,B0,2024
CCC=CCOC(=O)c1ccccc1N,1,0.6304,0.2703,0.3696,0.7297,2.1312,348.7284,66.255,3.8933,0.6266,0.0534,0.0749,-5.3885,0.9017,0.2111,0.2918,0.0893,0.1816,0,1,0,345.7233,3.7582,0.1626,-5.0921,0.0124,0.0059,0,1,0,0,B0,2024
CC(=O)CC(O)CCC(=O)OC1CC(C)(C)NC(C)(C)C1,1,0.7368,0.3611,0.2632,0.6389,3.3154,410.4494,135.9967,2.8703,0.901,0.2986,0.2736,-6.5517,0.5868,0.4284,0.3948,0.299,0.3438,0,1,0,332.6614,2.8447,0.267,-6.692,0.0318,0.419,0,1,0,0,B0,2024
O=C1C(=CC=CC=C2C=C(c3ccccc3)OC(c3ccccc3)=C2)C(=O)c2ccccc21,0,0.0,0.6944,1.0,0.3056,2.7814,479.8416,49.8256,4.3479,0.22,0.1511,0.1293,-7.3142,1.0767,0.4574,0.4013,0.2562,0.3024,0,1,0,479.3385,4.3642,0.203,-7.058,0.2489,0.0128,0,1,0,0,B0,2024
COc1ccc(N(c2ccc(OC)cc2)c2ccc(C(C)c3cc(C(C)(C)C)c(O)c(C(C)(C)C)c3)s2)cc1,1,0.6491,0.5686,0.3509,0.4314,3.2922,416.5926,100.5089,4.3984,0.2459,0.3001,0.1934,-6.6889,0.9144,0.4744,0.3747,0.2271,0.3278,1,1,1,404.1364,4.3737,0.2726,-6.2203,0.118,0.0077,1,1,1,1,B0,2024
O=C(c1cc(C(F)(F)F)c(F)cc1O)c1ccccc1Cl,1,0.6596,0.425,0.3404,0.575,2.1507,331.3582,41.1592,4.1579,0.2717,0.2604,0.2208,-7.7167,1.1051,0.6716,0.3559,0.2051,0.2893,1,0,0,300.599,4.0512,0.2461,-7.734,0.4037,0.0052,0,1,0,0,B0,2024
CC1=CC(=O)c2cccc3c(OC4CC(CNC(=O)OC(C)(C)C)=C(c5c(C)sc(C)c5C#N)C4=O)ccc1c23,1,0.494,0.766,0.506,0.234,3.9338,505.6057,121.9724,4.27,0.3356,0.3196,0.2385,-6.9051,0.8704,0.5325,0.3829,0.1461,0.2362,0,0,0,514.9382,4.3813,0.1643,-6.618,0.0783,0.005,0,1,0,0,B0,2024
c1ccc(C(c2ccccc2)c2ccccc2)cc1,1,0.5263,0.4706,0.4737,0.5294,1.144,300.4637,28.5469,4.0996,0.6808,0.308,0.1285,-7.3744,1.5333,0.4048,0.3458,0.3681,0.3266,1,1,1,303.5351,4.1623,0.355,-7.1364,0.0507,0.0717,1,1,1,1,B0,2024
CCCCCCCCCC=O,1,0.6471,0.0,0.3529,1.0,1.9008,386.2871,140.7549,3.3797,0.9306,0.1375,0.173,-3.7327,1.0683,0.2285,0.2261,0.6118,0.2884,0,0,0,356.725,3.4391,0.1842,-4.2963,0.0402,0.9059,0,0,0,0,B0,2024
CN(C)c1ccnc2cccc(C(F)(F)F)c12,1,0.6531,0.7209,0.3469,0.2791,2.3197,329.1832,47.311,4.0099,0.5384,0.2758,0.2065,-6.9825,1.5669,0.5156,0.3225,0.4168,0.3282,1,0,0,324.4486,3.9655,0.3765,-5.7767,0.5112,0.1349,1,0,0,0,B0,2024
CC(C)=CCCC(C)=CCO[Si](C)(C)[Si](C)(C)c1c2ccccc2cc2ccccc12,1,0.5581,0.566,0.4419,0.434,3.1312,392.0341,58.3235,4.3882,0.3399,0.2698,0.2254,-7.0011,1.3915,0.2727,0.3514,0.2313,0.2869,1,1,1,399.904,4.2413,0.2516,-6.6818,0.0145,0.0167,1,1,1,1,B0,2024
COc1ccccc1C(=O)c1ccc(C(=O)c2cccc(OC)c2OC)cc1,1,0.6111,0.1562,0.3889,0.8438,1.8754,324.1116,25.9945,3.9557,0.4988,0.3198,0.1637,-6.9916,0.8748,0.4768,0.3544,0.1192,0.2157,1,1,1,338.8274,4.1792,0.1733,-6.3256,0.0816,0.0038,0,1,0,0,B0,2024
O=C(N=c1cc2ccccc2cn1-c1ccccc1)c1cccc(O)c1,1,0.5385,0.5714,0.4615,0.4286,2.397,363.478,54.4895,4.1018,0.407,0.2244,0.1372,-7.4593,1.0139,0.5506,0.3475,0.1839,0.2592,0,0,0,365.7954,4.133,0.2403,-7.4659,0.3435,0.0057,0,1,0,0,B0,2024
O=C(N=Nc1ccc(S)o1)c1ccccc1,1,0.5676,0.6316,0.4324,0.3684,3.1038,390.0578,40.1627,3.9002,0.7161,0.4021,0.311,-7.3223,1.2324,0.5834,0.3662,0.2336,0.2831,1,0,0,361.3944,3.6965,0.3202,-7.1809,0.8457,0.0128,0,0,0,0,B0,2024
CC(=O)OC1CCCC(N2CCC(C)CC2)C1,1,0.7593,0.525,0.2407,0.475,2.9397,400.8926,131.2919,2.6307,1.5435,0.1897,0.2735,-6.9768,0.7769,0.1618,0.3076,0.4722,0.3534,0,1,0,380.2512,2.1966,0.078,-6.5273,0.0093,0.4514,0,1,0,0,B0,2024
c1cc(N2CCCCC2)ccn1,1,0.05,0.7368,0.95,0.2632,1.7271,273.0276,25.6778,3.6294,0.4398,0.1404,0.1717,-5.179,0.9146,0.505,0.3603,0.508,0.3069,0,0,0,303.9934,3.6225,0.1251,-3.9862,0.2896,0.5448,0,0,0,0,B0,2024
CN(C)c1ccc(C#CC(C)(C)C)cc1,1,0.5556,0.6176,0.4444,0.3824,2.2471,300.2055,36.3061,3.6944,0.5236,0.1759,0.1127,-5.304,1.8367,0.4748,0.3233,0.5503,0.3278,0,0,0,325.6744,3.7744,0.1753,-5.4435,0.4162,0.4456,0,1,0,0,B0,2024
CCCCc1c(F)c(CC(=O)c2ccc(O)cc2O)cc2oc3cc(O)c(F)cc3c(=O)c12,1,0.6061,0.6567,0.3939,0.3433,2.9296,369.0478,53.6216,4.2833,0.4596,0.3838,0.2354,-7.2684,0.9825,0.4991,0.3895,0.2147,0.3309,1,1,1,384.4646,4.3695,0.2422,-7.3228,0.1448,0.0045,0,1,0,0,B0,2024
CC(C(=O)O)c1ccc(-c2ccc3c(c2)OC2(CCNCC2)NC3=O)cc1,1,0.6909,0.4921,0.3091,0.5079,3.5749,368.3326,51.943,4.1465,0.4274,0.2829,0.2409,-7.2408,0.8511,0.4599,0.3783,0.2431,0.3225,1,1,1,369.3206,4.2425,0.2986,-7.2071,0.1043,0.0467,1,1,1,1,B0,2024
CC(C)(C)OC(=O)Nc1cc2sc(-c3ccc(/C=C(\C#N)C(=O)O)s3)cc2s1,1,0.4615,0.6562,0.5385,0.3438,3.1061,454.5325,52.2734,3.9644,0.8949,0.1841,0.2218,-7.1408,0.9213,0.5191,0.3992,0.145,0.2499,0,0,0,427.1132,3.9603,0.1385,-6.3726,0.0602,0.0082,0,1,0,0,B0,2024
CCOC(=O)C=CC=Cc1ccc(N(C)C)c(-c2ccccc2)c1,1,0.5849,0.3913,0.4151,0.6087,2.3029,369.0165,37.3273,4.2864,0.4198,0.236,0.2124,-7.2861,1.1121,0.4166,0.3715,0.0764,0.1768,0,1,0,361.25,4.2881,0.2923,-6.094,0.0211,0.0025,1,1,1,1,B0,2024
N#CC(C#N)=Cc1ccc(-c2ccc(N(CCOc3ccccc3)c3cccc(Cl)c3)cc2)cc1,1,0.4906,0.6667,0.5094,0.3333,2.4959,459.2786,79.7278,4.4659,0.238,0.2463,0.2028,-7.0514,1.0073,0.4942,0.3982,0.0956,0.1792,0,1,0,408.598,4.4801,0.2856,-6.6441,0.0695,0.005,1,1,1,1,B0,2024
O=C(c1ccc(Nc2ccc([N+](=O)[O-])cc2[N+](=O)[O-])cc1)c1ccc(Sc2ccccc2)cc1,1,0.5614,0.5217,0.4386,0.4783,2.2507,372.0643,70.8085,4.3853,0.4054,0.1375,0.1734,-7.3405,0.9914,0.6117,0.3993,0.1677,0.2538,0,0,0,378.0066,4.1793,0.019,-7.2969,0.2862,0.0073,0,1,0,0,B0,2024
CC(C)(C)NC(=O)C(OC(=O)c1ccc(C#N)cc1)C1=CC2=C(C=CC(=O)OC(C)(C)C)c3cccn3[B-](F)(F)[N+]2=C1,1,0.4419,0.64,0.5581,0.36,4.3823,520.7762,71.8436,4.6046,0.3253,0.2304,0.1959,-6.9335,0.9851,0.4449,0.3911,0.1101,0.2258,0,1,0,554.0806,4.7377,0.2477,-6.3405,0.0544,0.0087,0,1,0,0,B0,2024
CN(C)S(=O)(=O)Nc1cccc(N2CCCCC2)c1,1,0.6471,0.5686,0.3529,0.4314,2.0248,275.8503,37.3373,4.0845,0.6109,0.2433,0.2297,-7.1521,0.9703,0.6543,0.3471,0.2813,0.3165,0,0,0,337.0958,3.9334,0.342,-6.5384,0.5209,0.0367,1,0,0,0,B0,2024
CCc1cc(C(C)(C)C)c(C)cc1O,1,0.6875,0.3667,0.3125,0.6333,2.2469,260.5529,33.6575,3.6231,0.6763,0.3011,0.2516,-4.2963,1.1426,0.3017,0.3269,0.4389,0.3838,0,0,0,283.546,3.5991,0.3249,-3.4516,0.0553,0.3287,0,0,0,0,B0,2024
C=C(C)C1CC=C(c2ccccc2)CC1,1,0.7353,0.4412,0.2647,0.5588,2.6232,271.0737,38.0765,4.0129,0.4525,0.1791,0.2146,-5.9661,2.2342,0.3734,0.3188,0.3939,0.3607,0,1,0,266.952,4.0437,0.165,-6.7686,0.3736,0.06,0,1,0,0,B0,2024
Cc1nc(Cl)c2cc(C3CCNCC3)ccn12,1,0.6071,0.6441,0.3929,0.3559,2.8232,281.9026,35.412,4.0505,0.382,0.1702,0.165,-7.5264,0.874,0.5089,0.3977,0.4146,0.346,0,0,0,288.5965,4.1217,0.1816,-7.3359,0.0905,0.5526,0,0,0,0,B0,2024
CNC1(C(N)=O)CCN(CCCN2c3ccc(-c4ccccc4)cc3Sc3cc(-c4ccc(/C=C(\C#N)C(=O)O)s4)ccc32)CC1,1,0.3289,0.6184,0.6711,0.3816,3.26,453.6202,64.6461,4.3518,0.4034,0.2505,0.205,-6.8986,1.1083,0.4073,0.4002,0.1216,0.239,0,1,0,415.919,4.4101,0.1659,-6.097,0.044,0.004,0,1,0,0,B0,2024
COC(=O)c1ccc([N+](=O)[O-])c(CN=[N+]=[N-])c1O,1,0.6889,0.4468,0.3111,0.5532,2.7854,324.9445,29.3377,3.7306,0.6103,0.2159,0.2602,-7.1021,0.8424,0.6482,0.3504,0.2104,0.2895,0,0,0,338.7699,3.8424,0.2271,-6.5719,0.8418,0.0124,0,0,0,0,B0,2024
CCc1sc2ccccc2c1C(=O)c1ccc(O)c(C(C)(C)C)c1,1,0.7234,0.2955,0.2766,0.7045,2.3821,326.5391,43.7332,4.1779,0.4187,0.3952,0.2612,-7.5034,1.0526,0.506,0.3678,0.1759,0.3031,1,0,0,349.0331,4.1737,0.1947,-7.277,0.2144,0.0035,0,1,0,0,B0,2024
c1ccc(Oc2ccc(-n3c4ccccc4c4ccccc43)cc2)cc1,1,0.4688,0.52,0.5312,0.48,1.6694,344.8048,11.6323,4.2279,0.1127,0.3855,0.1243,-7.0794,1.4964,0.4233,0.3423,0.307,0.3164,1,1,1,336.7012,4.2316,0.369,-6.4989,0.0927,0.0359,1,1,1,1,B0,2024
O=[N+]([O-])C=Cc1nc2c3cccc(Cl)c3c3ccccc3c2o1,1,0.551,0.7647,0.449,0.2353,2.7988,387.8843,44.9935,4.1752,0.5935,0.205,0.1843,-7.6842,1.0746,0.7182,0.3435,0.2264,0.2895,0,0,0,434.2264,3.9894,0.4625,-7.9307,0.1755,0.0096,0,1,0,0,B0,2024
CCOC(=O)C=c1sc2n(c1=O)C(c1ccc(OC)c(NC(=O)C3CCCNC3)c1)C1=C(N=2)C1=Cc1ccc(OC)c(OC)c1,1,0.2857,0.6559,0.7143,0.3441,3.8906,511.1016,133.266,4.2178,0.509,0.2976,0.2261,-6.9399,0.9637,0.4193,0.4161,0.1251,0.237,0,1,0,511.4818,4.4296,0.0887,-6.9936,0.5649,0.0101,0,0,0,0,B0,2024
O=C1NC(=O)c2cc(-c3ccccc3)ccc21,1,0.44,0.6286,0.56,0.3714,1.7779,327.3371,30.7278,3.8469,0.7076,0.2679,0.2073,-7.2768,1.1664,0.6339,0.3242,0.2666,0.2894,1,0,0,332.9236,4.2258,0.33,-7.3736,0.4825,0.0348,1,1,1,1,B0,2024
c1cc(C2CCNCC2)ccn1,1,0.6579,0.5152,0.3421,0.4848,2.1527,272.268,61.0034,3.7277,0.483,0.1815,0.1641,-5.876,0.9958,0.3828,0.3522,0.5413,0.3109,0,0,0,271.6358,3.6942,0.2287,-6.0834,0.1491,0.9459,0,0,0,0,B0,2024
CCCCC(CC)COc1ccc2c(-c3cc(OC)c4c(c3Cl)O[C@]3(C4=O)C(OC)=CC(=O)C[C@H]3C)c3ccccc3cc2c1,1,0.7207,0.4938,0.2793,0.5062,4.6126,400.8313,87.0463,4.2499,0.5499,0.3895,0.2386,-6.6878,0.8282,0.4973,0.4056,0.1331,0.2578,1,1,1,428.2898,4.3448,0.4409,-6.5886,0.1331,0.0124,0,1,0,0,B0,2024
CCOC(=O)N1CCC(NC(=O)c2c(F)cc(N(CC)CC)c(F)c2C#N)CC1,1,0.6883,0.5965,0.3117,0.4035,2.7838,333.0153,52.6768,4.1532,0.9327,0.3,0.2354,-7.084,0.6796,0.6373,0.3897,0.2576,0.3458,1,0,0,313.7301,3.928,0.3623,-6.6245,0.5655,0.0094,1,0,0,0,B0,2024
CCN(CC)C(=O)COc1ccc(C(=O)c2ccccc2)cc1F,1,0.6111,0.3409,0.3889,0.6591,1.9057,318.715,50.5726,4.1198,0.4834,0.4007,0.1804,-7.0224,0.9214,0.4684,0.361,0.1286,0.239,1,1,1,317.1688,3.934,0.3592,-6.577,0.1014,0.0066,1,1,1,1,B0,2024
COC(=O)c1ccc(C(O)C(Cl)CCc2ccccc2)cc1Cl,1,0.6444,0.5385,0.3556,0.4615,2.9086,284.8015,35.844,4.0297,0.4438,0.3338,0.2948,-7.0048,0.7998,0.467,0.3925,0.0901,0.1715,0,1,0,241.1526,3.9997,0.3834,-7.7553,0.0189,0.0057,0,1,0,0,B0,2024
CCCCCC(=O)c1ccc(Cl)cc1Cl,1,0.6512,0.4783,0.3488,0.5217,1.697,286.399,55.9798,3.9516,0.4578,0.212,0.2432,-6.6449,1.7039,0.4432,0.371,0.3509,0.3486,0,1,0,304.9375,3.8244,0.2126,-6.6508,0.0825,0.3506,0,1,0,0,B0,2024
CCc1cc(-n2nc3cc(O)c(Cl)cc3n2)c(O)c(C(C)(C)C)c1,1,0.7091,0.4902,0.2909,0.5098,2.693,332.499,47.8306,4.1337,0.4965,0.4264,0.2756,-7.2505,0.9523,0.5885,0.3707,0.2959,0.351,1,0,0,321.8627,4.266,0.2891,-7.1027,0.2665,0.0072,1,1,1,1,B0,2024
CC(C)(C)C1=N/C(=C\c2ccc(C#N)cc2Cl)C(=O)O1,1,0.6071,0.68,0.3929,0.32,2.8034,356.8182,34.0525,4.2438,0.3021,0.1673,0.1454,-7.1198,0.8691,0.6596,0.3422,0.3073,0.3326,0,0,0,353.3676,4.1996,0.2035,-7.3683,0.552,0.0142,0,0,0,0,B0,2024
Cn1c(P(c2ccccc2)c2ccccc2)cn(C(C)(C)C)c1=S,0,0.0,0.75,1.0,0.25,3.0262,306.3394,36.8017,4.1885,0.2273,0.3413,0.2347,-7.2069,1.4729,0.5057,0.3656,0.3676,0.3372,1,0,0,330.7558,4.2193,0.3898,-7.5099,0.3876,0.0536,1,1,1,1,B0,2024
CCC(=O)OCC=Cc1ccccc1-c1ccc(OC)cc1,1,0.5682,0.4667,0.4318,0.5333,2.052,401.9868,71.1745,4.1094,0.4215,0.1141,0.1259,-7.4891,1.0813,0.3334,0.3459,0.0606,0.1314,0,1,0,381.279,3.8978,0.2819,-7.295,0.0065,0.0022,1,1,1,1,B0,2024
COc1ccccc1/C=C/C(=O)OCCON1CCCCC1,1,0.7059,0.3878,0.2941,0.6122,2.3938,331.4855,69.8492,3.9722,0.4649,0.1595,0.1682,-7.1416,0.9205,0.454,0.387,0.1276,0.2271,0,1,0,315.0258,3.9008,0.1967,-7.1775,0.1024,0.0056,0,1,0,0,B0,2024
CCCCc1ccc2c3ccccc3n(-c3cc(CC(c4cc(C)cc(C)c4O)c4cc(C)cc(C)c4O)c(C#N)cc3C#N)c2c1,1,0.6341,0.6364,0.3659,0.3636,3.1971,381.0407,76.7668,4.3473,0.3314,0.4483,0.2553,-6.9041,1.0644,0.3821,0.3909,0.2143,0.3004,1,1,1,419.1852,4.15,0.4057,-6.977,0.0166,0.0062,1,1,1,1,B0,2024
CCCC(=O)OC[C@@H]1CCCCN1,0,0.7317,0.0,0.2683,1.0,2.7436,437.2418,111.1551,3.2144,1.0464,0.2448,0.221,-5.4434,0.907,0.2368,0.3102,0.3396,0.3281,0,1,0,351.3876,3.2783,0.171,-6.1427,0.0085,0.0704,0,1,0,0,B0,2024
COc1ccc(-c2cc(-c3cc(C(=O)c4ccc(O)c(O)c4O)cc(OC)c3OC)ccc2O)cc1,1,0.62,0.3404,0.38,0.6596,2.4919,353.1797,57.7581,4.2941,0.4607,0.2166,0.1702,-6.9272,0.8418,0.5431,0.3625,0.1307,0.2418,0,0,0,361.6404,3.8251,0.2669,-6.3363,0.0582,0.0063,1,1,1,1,B0,2024
C=CCCCCCCCCC(OCC=C(C)CCC=C(C)C)Oc1ccc(C(=O)OC)cc1Cl,1,0.7385,0.4333,0.2615,0.5667,3.3145,397.5509,86.2465,4.3827,0.3828,0.3451,0.261,-6.7793,0.8079,0.3671,0.3943,0.1174,0.2271,1,1,1,340.935,4.0619,0.4543,-6.3268,0.0429,0.0062,1,1,1,1,B0,2024
N#Cc1ccccc1C(=O)c1ccc(Br)cc1,1,0.6471,0.2667,0.3529,0.7333,1.7939,312.0345,37.2418,4.2051,0.2967,0.2704,0.1981,-7.317,1.0856,0.6154,0.3539,0.2328,0.2893,1,0,0,307.3702,4.1623,0.2964,-7.2811,0.4259,0.0091,1,1,1,1,B0,2024
N#Cc1ccc(N=Nc2sc(N)c(C(=O)c3ccc4[nH]c(-c5ccc(S(=O)(=O)[O-])cc5-c5nc6ccc(S(=O)(=O)[O-])cc6[nH]5)nc4c3)c2-c2ccccc2)cc1,1,0.5465,0.5455,0.4535,0.4545,3.892,520.0229,117.9321,4.2523,0.6946,0.5251,0.3265,-6.9645,0.9858,0.3544,0.3883,0.1369,0.2445,0,1,0,508.5816,4.4403,0.3941,-7.4254,0.0362,0.0064,0,1,0,0,B0,2024
CCOc1ccccc1-c1ccc(O)c(C)c1O,1,0.6226,0.5714,0.3774,0.4286,1.9652,304.3112,22.2619,4.0568,0.5443,0.2142,0.1652,-7.2661,1.0396,0.4923,0.3775,0.1726,0.2744,0,1,0,306.7221,3.9333,0.212,-6.5452,0.046,0.0046,0,1,0,0,B0,2024
C=C1CCNC(c2ccc3nc(N=Nc4c(N)nn5c(N)c(N=Nc6nc7ccc(C)cc7s6)c(N)nc45)sc3c2)C1,1,0.3662,0.8101,0.6338,0.1899,4.3506,439.3408,52.0465,4.2189,0.57,0.3316,0.296,-7.4778,1.1125,0.4935,0.4021,0.2351,0.3114,0,1,0,449.2678,3.8806,0.227,-7.87,0.0855,0.0111,0,1,0,0,B0,2024
CCCCc1cc(N(C)C)ccc1C1CCCNC1C(=O)OC,1,0.7,0.5738,0.3,0.4262,3.3397,385.774,71.2157,3.8789,0.8811,0.3786,0.3137,-6.7999,0.7745,0.4941,0.3846,0.1609,0.2582,1,1,1,349.4342,3.8923,0.45,-5.9967,0.3529,0.0096,1,1,1,1,B0,2024
CC12SC(Cl)=CC1=c1nc(-c3ccc(C(=O)N4CCC(NCCCCCOc5ccccc5)CC4)cc3)[nH]c1=C1C=C(Cl)SC12C,1,0.5,0.5375,0.5,0.4625,4.2967,475.0299,125.213,4.3495,0.3585,0.2883,0.2185,-7.0564,1.0744,0.4647,0.4142,0.1192,0.2102,0,1,0,429.3862,4.2115,0.2438,-6.5764,0.16,0.0047,0,1,0,0,B0,2024
CCOC(=O)N1CCC[C@H](NC2CCC2)C1,1,0.72,0.3333,0.28,0.6667,2.5455,413.4523,112.2295,2.9871,0.969,0.2985,0.2703,-6.7442,0.923,0.4255,0.4032,0.2898,0.3177,0,1,0,537.5869,2.8205,0.2262,-6.5119,0.2773,0.1533,0,1,0,0,B0,2024
O=C(C=Cc1ccc(-c2cccc(Br)c2)cc1)c1ccc(Br)s1,1,0.4167,0.6415,0.5833,0.3585,2.1285,355.5813,42.6161,4.2744,0.5346,0.1973,0.1785,-7.2536,1.4281,0.5069,0.3985,0.2181,0.2989,0,0,0,368.0996,4.2841,0.2313,-7.595,0.3389,0.0189,0,1,0,0,B0,2024
CCCCC(CC)COc1ccc(C=CC(=O)ON=Nc2ccc(O)[nH]2)cc1Br,1,0.5676,0.5507,0.4324,0.4493,3.7928,424.1024,59.7109,4.3575,0.3954,0.3655,0.3175,-7.0174,0.8902,0.4043,0.3976,0.0786,0.1971,0,1,0,422.939,4.0318,0.2644,-6.6382,0.0758,0.0065,0,1,0,0,B0,2024
COc1ccc(C=Cc2scc(Cl)c2OP(=O)(OCC(C)C)OCC(C)C)cc1,1,0.6038,0.65,0.3962,0.35,3.039,392.4768,67.6592,4.3299,0.3925,0.2955,0.2685,-6.8202,0.7486,0.5159,0.3945,0.2315,0.3244,1,0,0,351.4534,4.2376,0.3077,-6.6206,0.1603,0.0136,1,1,1,1,B0,2024
CC(C)(C)[C@@H]1OC[C@H](O)[C@H](O)[C@H]1O,1,0.7907,0.6667,0.2093,0.3333,3.857,381.5727,162.1928,3.0843,0.964,0.2434,0.2307,-6.0726,0.6482,0.5306,0.3742,0.5469,0.3554,0,0,0,408.0679,3.2776,0.3133,-5.9925,0.3265,0.6856,0,0,0,0,B0,2024
Cc1ccc(OC(=O)c2ccccc2N)cc1,1,0.6154,0.303,0.3846,0.697,1.5717,310.9335,20.5677,4.0481,0.366,0.1992,0.1489,-7.1827,0.9968,0.2985,0.3289,0.1592,0.2742,0,1,0,306.4756,4.0079,0.2363,-6.2547,0.0813,0.0112,0,1,0,0,B0,2024
COc1ccc(COC(=O)c2nnc(-c3ccccc3)c(-c3ccccc3)n2)cc1,1,0.6226,0.4681,0.3774,0.5319,2.0834,334.9304,35.0267,4.1927,0.3165,0.438,0.2055,-6.9833,1.0126,0.4287,0.368,0.0901,0.1795,1,1,1,344.5204,4.1813,0.3576,-6.0134,0.0254,0.0036,1,1,1,1,B0,2024
CCCCCCC1(Cc2ccccc2)c2cc(N3c4ccccc4Sc4cc(/C=C(\C#N)C(=O)O)ccc43)ccc2-c2c(C(F)(F)F)cccc21,1,0.2683,0.7303,0.7317,0.2697,3.7332,464.7123,56.5608,4.4077,0.3574,0.228,0.2012,-7.0437,1.1089,0.381,0.3806,0.1126,0.2098,0,1,0,462.851,4.4019,0.3006,-7.1365,0.0592,0.0032,0,1,0,0,B0,2024
CN(C)c1cccc(N(c2ccccc2)N2N=C(c3ccc4c(c3)C3(c5ccccc5-c5ccccc53)c3ccccc3-4)CC2c2ccccc2)c1,1,0.3966,0.7826,0.6034,0.2174,4.0469,368.1396,35.8805,4.3131,0.4543,0.6038,0.2476,-7.1936,1.234,0.5314,0.3713,0.2458,0.2956,1,0,0,383.5878,4.4797,0.5369,-6.1985,0.1068,0.0137,1,1,1,1,B0,2024
Cn1cc(C(C)(C)C)c2ccccc21,1,0.6522,0.4324,0.3478,0.5676,2.0038,289.4378,25.4617,3.7871,0.7395,0.2582,0.2398,-4.3176,1.2516,0.4264,0.3344,0.4613,0.3545,0,0,0,288.8282,3.7733,0.4115,-3.6594,0.1732,0.1342,0,0,0,0,B0,2024
CC(C)(C)Oc1c(C#N)c2ccccn2c1N,1,0.4792,0.7333,0.5208,0.2667,2.8292,334.89,43.8837,4.0424,0.3349,0.2321,0.2102,-7.1367,1.0808,0.526,0.3818,0.245,0.3153,0,0,0,332.6324,3.8772,0.212,-6.3056,0.0834,0.0333,0,1,0,0,B0,2024
O=C1C(=Cc2ccc(N(C(=O)c3ccccc3)c3ccccc3)cc2)S(=O)(=O)c2ccccc21,1,0.2889,0.5686,0.7111,0.4314,2.5084,425.6655,58.11,4.469,0.2796,0.1436,0.1595,-7.3931,1.0499,0.4463,0.3922,0.1959,0.2576,0,1,0,429.4236,4.628,0.1426,-7.6125,0.0383,0.0065,0,1,0,0,B0,2024
COc1ccc(C2=NC(=CC(=O)c3ccccc3)C(=O)N2)cc1OC,1,0.3061,0.5893,0.6939,0.4107,2.4868,372.9278,19.0109,4.191,0.5382,0.1784,0.1271,-6.8354,0.7837,0.5617,0.3393,0.1436,0.2414,0,0,0,386.6504,4.2608,0.2516,-6.3661,0.1173,0.0101,1,1,1,1,B0,2024
CCOC(=O)C=Cc1ccccc1Oc1ccccc1F,1,0.6,0.2857,0.4,0.7143,1.9067,349.1112,32.8842,4.1705,0.4159,0.1458,0.1763,-7.3936,1.0316,0.3745,0.3566,0.0955,0.2119,0,1,0,330.6423,3.9975,0.254,-6.7323,0.072,0.0022,1,1,1,1,B0,2024
CC(C)(C)c1cc(C(O)C(CO)NC(=O)C(Cl)Cl)ccc1-c1ccc(C=C(C#N)C(=O)O)cc1,1,0.6164,0.5909,0.3836,0.4091,3.5617,416.6031,112.1188,4.2594,0.468,0.219,0.1935,-7.2336,0.932,0.4524,0.405,0.2111,0.3376,0,1,0,346.5994,4.3295,0.2967,-7.0404,0.0244,0.0077,1,1,1,1,B0,2024
O=C(c1ccc(O)cc1)c1cc(C(=O)c2ccc(O)cc2)cc(-c2ccc(O)cc2)c1,1,0.625,0.2174,0.375,0.7826,1.9563,333.347,38.1472,4.5335,0.284,0.2356,0.1444,-7.4534,0.992,0.5805,0.3821,0.2283,0.3192,0,0,0,337.0822,4.4066,0.1763,-7.5159,0.1225,0.0081,0,1,0,0,B0,2024
COc1cc(OC)c(C(C)(C)C)c(C2=C3C(C)=C(I)C(C)=[N+]3[B-](F)(F)n3c(C=CC(C)C)c(I)c(C)c32)c1,1,0.443,0.7722,0.557,0.2278,4.1157,571.2077,62.7168,4.5803,0.3207,0.3005,0.1795,-6.7545,1.0998,0.4576,0.3844,0.3065,0.3751,0,1,0,585.8188,4.5621,0.3004,-6.4309,0.072,0.0082,0,1,0,0,B0,2024
OCCSOC1CCNCC1,1,0.8269,0.6176,0.1731,0.3824,3.3957,423.846,146.2342,3.0691,0.9477,0.3259,0.2799,-5.7767,0.8038,0.4613,0.3848,0.5556,0.3306,0,0,0,463.3288,3.2195,0.3639,-6.0095,0.4353,0.7342,0,0,0,0,B0,2024
CCCCC(C)=CC(OC)OC,1,0.75,0.4333,0.25,0.5667,2.8589,432.6728,168.0556,3.2168,0.8229,0.1228,0.1342,-4.2771,0.9736,0.3333,0.3165,0.3862,0.3207,0,0,0,342.9697,3.259,0.079,-4.9402,0.1794,0.3518,0,0,0,0,B0,2024
CCC(=O)NC1CCNCC1,0,0.7292,0.0,0.2708,1.0,2.1484,431.4889,115.1475,3.0708,1.0287,0.2365,0.1993,-5.8661,0.6758,0.5281,0.3899,0.6049,0.3236,0,0,0,343.4542,2.9684,0.2143,-6.0991,0.14,0.8679,0,0,0,0,B0,2024
COC(=O)c1ccc2c3ccccc3n3c4ccccc4nc3c2c1,1,0.4286,0.6071,0.5714,0.3929,2.0314,349.7456,23.2227,4.359,0.3019,0.3883,0.1444,-7.0865,0.9748,0.5074,0.3724,0.1237,0.2215,1,0,0,356.1289,4.1664,0.367,-6.3297,0.0984,0.0044,1,1,1,1,B0,2024
CCCCCCOC(=O)c1nc2c3ccc(C(C)(C)C)cc3c3ccccc3c2[nH]1,1,0.6212,0.5893,0.3788,0.4107,2.5097,345.3427,45.5077,4.3601,0.2637,0.3879,0.219,-7.0523,0.9812,0.3153,0.3489,0.121,0.2352,1,1,1,379.9807,4.1981,0.3251,-6.6208,0.0075,0.0022,1,1,1,1,B0,2024
O=C(O)CCC(=CCC(=O)c1ccccc1)c1ccccc1,1,0.65,0.3667,0.35,0.6333,2.1554,353.6249,49.3342,4.0884,0.503,0.2743,0.3317,-7.4485,1.055,0.507,0.355,0.2008,0.2672,1,0,0,348.7016,4.2916,0.3658,-7.5176,0.0983,0.0059,1,1,1,1,B0,2024
CCCCCCCCCCCc1ccccc1-c1ccc(C(C)(C)C)cc1,1,0.6154,0.5,0.3846,0.5,1.9049,328.7035,35.4982,4.2645,0.3006,0.3349,0.258,-6.9811,1.5364,0.3687,0.3546,0.3228,0.314,1,1,1,311.4349,4.3253,0.2662,-7.4251,0.0541,0.0428,1,1,1,1,B0,2024
Cc1[nH]cnc1-c1cc(-[n+]2nc3c(-c4ccccc4)cc(-c4ccccc4)cc3c3ccccc32)c(O)c(C(C)(C)C)c1,1,0.5238,0.5085,0.4762,0.4915,3.2083,481.7526,73.8427,4.4763,0.4065,0.3531,0.2633,-7.102,1.0568,0.4223,0.3802,0.258,0.3412,0,1,0,475.7834,4.4634,0.348,-7.0671,0.1297,0.0061,0,1,0,0,B0,2024
OOOc1c(Cl)cc(-c2ccccc2)cc1Cl,1,0.5122,0.6486,0.4878,0.3514,2.2335,297.9394,58.5793,3.97,0.5983,0.1619,0.1497,-6.9839,0.9912,0.6118,0.3338,0.2474,0.3199,0,0,0,277.1716,3.9234,0.2116,-6.2895,0.1016,0.0096,0,1,0,0,B0,2024
Oc1cc(-c2cnc3ccccc3n2)ccc1Cl,1,0.6341,0.617,0.3659,0.383,1.938,316.346,18.5256,4.135,0.2817,0.1949,0.1466,-7.3974,1.0633,0.7255,0.3186,0.2579,0.3123,0,0,0,314.6305,3.9315,0.2289,-7.4537,0.5351,0.0052,0,0,0,0,B0,2024
CCCCCCOc1ccc(N(c2ccc(OCCCCCC)cc2)c2ccc(-c3ccc(-c4ccc(-c5ccccc5)s4)s3)cc2)cc1,1,0.386,0.5319,0.614,0.4681,2.6138,406.9426,42.6952,4.4613,0.2518,0.3715,0.1889,-6.9068,1.3186,0.3219,0.3492,0.1573,0.2406,1,1,1,407.6422,4.5143,0.3776,-6.3542,0.0483,0.0109,1,1,1,1,B0,2024
Cc1ccc(C#Cc2ccccc2C(=O)c2ccccc2)cc1,1,0.5122,0.2188,0.4878,0.7812,1.8638,334.9145,23.784,4.2808,0.2069,0.4041,0.1422,-7.3068,1.4797,0.4523,0.365,0.2389,0.2977,1,1,1,340.8976,4.3089,0.3913,-7.4372,0.1669,0.0156,1,1,1,1,B0,2024
COc1ccc(C(=O)C(=O)O)c(O)c1,1,0.6458,0.2581,0.3542,0.7419,1.9482,292.8418,26.2913,3.792,0.4092,0.2404,0.2747,-5.5383,0.5908,0.6017,0.3269,0.2532,0.3044,0,0,0,295.6711,3.7493,0.2785,-5.6923,0.213,0.0339,0,1,0,0,B0,2024
COc1ccc(C(=O)CC(=O)CCN2C(=O)c3cccc4c(-c5ccc(C)s5)ccc(c34)C2=O)cc1OC,1,0.4545,0.6269,0.5455,0.3731,2.6339,396.139,72.7583,4.6833,0.564,0.3905,0.163,-6.7218,0.8062,0.4124,0.4008,0.1264,0.2291,1,1,1,433.9854,4.5508,0.3313,-6.5684,0.1116,0.005,0,1,0,0,B0,2024
CCCCCCn1c2ccc(-c3ccc(/C=C(\C#N)C(=O)O)o3)cc2c2cc(-c3ccc(C=C(C#N)C(=O)O)o3)cc(-c3ccccc3)c21,1,0.2131,0.6709,0.7869,0.3291,3.2402,431.764,42.3148,4.5132,0.1776,0.1701,0.1748,-7.0312,1.0443,0.3526,0.358,0.1052,0.2226,0,1,0,443.7311,4.4648,0.2584,-7.3789,0.0549,0.004,0,1,0,0,B0,2024
CCC(=O)OCc1cc2sc3cc(N(CC)CC)c(F)cc3c(=O)c2cc1F,1,0.3333,0.6981,0.6667,0.3019,2.7992,380.8844,58.4456,4.171,0.5505,0.4538,0.2485,-7.0735,0.9337,0.5417,0.3585,0.1725,0.2819,1,0,0,385.322,4.3297,0.3364,-6.5962,0.1241,0.0033,1,1,1,1,B0,2024
Cc1nc(C)nc(C(C)(C)C)n1,1,0.7826,0.76,0.2174,0.24,2.4979,278.8552,46.4941,3.4758,0.6324,0.1782,0.1577,-5.5769,0.8119,0.5155,0.3508,0.5909,0.3205,0,0,0,296.5446,3.5264,0.2172,-6.0525,0.101,0.4984,0,1,0,0,B0,2024
CCCn1c(C(C)(C)C)nc2cc3c(C)c(C(N)=O)c(=O)oc3c(OC)c21,1,0.5467,0.7313,0.4533,0.2687,2.9655,353.828,43.5347,4.0586,0.498,0.3126,0.2494,-6.8283,0.73,0.4606,0.3895,0.2084,0.2893,1,1,1,365.0552,4.0534,0.2742,-6.6756,0.2262,0.0104,1,1,1,1,B0,2024
CCN1CCCCC1c1nc(-c2ccc(C(C)(C)C)cc2)c(-c2ccccc2)o1,1,0.6346,0.7167,0.3654,0.2833,2.7749,347.7899,50.2968,4.2756,0.2802,0.3531,0.2,-7.9434,0.9057,0.4356,0.3797,0.2335,0.3041,1,1,1,353.5666,4.2976,0.403,-8.0917,0.4256,0.008,1,1,1,1,B0,2024
COc1ccc(-c2cc(-c3ccc4c(c3)sc3sccc34)ccc2OC)cc1,1,0.5818,0.6875,0.4182,0.3125,2.343,357.6815,41.0535,4.3391,0.2917,0.4163,0.1853,-6.7489,1.3046,0.4704,0.365,0.2433,0.3439,1,1,1,388.1435,4.2937,0.3421,-6.3936,0.1331,0.0192,1,1,1,1,B0,2024
Cc1cc(C)c(O)c(C(C)(C)c2ncc(-c3ccncc3)s2)c1,1,0.6545,0.5238,0.3455,0.4762,2.701,335.3771,57.2175,4.1785,0.3195,0.2066,0.1675,-7.2613,1.0514,0.5172,0.3828,0.2912,0.3395,0,0,0,352.7618,4.2953,0.1681,-6.7404,0.1904,0.0069,0,1,0,0,B0,2024
Oc1ccc(Br)cc1C=Cc1ccccc1,1,0.6286,0.5641,0.3714,0.4359,1.8522,287.4868,31.4084,4.262,0.2679,0.1722,0.1881,-7.1388,1.6299,0.5105,0.3426,0.3219,0.3335,0,0,0,302.0211,4.1883,0.1267,-7.5812,0.2452,0.0245,0,1,0,0,B0,2024
COC(=O)C1=C(C(=O)C(C)C)[Se]C23C1=CC(c1ccccc12)c1ccccc13,1,0.1957,0.7115,0.8043,0.2885,4.5996,349.4641,51.5263,4.0594,0.4442,0.3583,0.2406,-7.0012,0.8867,0.4326,0.3903,0.1454,0.2458,1,1,1,327.6033,3.7784,0.3686,-6.3963,0.1152,0.0066,0,1,0,0,B0,2024
O=[N+]([O-])c1ccccc1S(=O)(=O)NCCC1(c2ccccc2)CCNCC1,1,0.6316,0.6,0.3684,0.4,2.4799,330.2772,68.0177,3.9144,0.5236,0.24,0.2263,-7.3149,0.9622,0.5455,0.4001,0.2673,0.3255,0,0,0,344.0461,4.0068,0.1916,-7.412,0.0779,0.0574,0,1,0,0,B0,2024
COc1cc(C(C)c2ccc(O)c(-c3ccc(-n4ncc(-c5ccc(F)cc5)n4)cc3)c2)ccc1O,1,0.5,0.5385,0.5,0.4615,3.0174,344.4165,78.81,4.3713,0.3078,0.3281,0.2508,-6.8799,0.8538,0.4916,0.3941,0.1515,0.2633,1,1,1,342.5598,4.3347,0.3247,-6.3537,0.1658,0.0089,1,1,1,1,B0,2024
CCCCc1ccc2ncccc2c1OCC(CC)CCCC,1,0.66,0.6364,0.34,0.3636,2.699,311.5366,46.5213,3.776,0.7165,0.3329,0.2695,-7.0965,1.2187,0.344,0.3464,0.2179,0.3019,0,1,0,324.4285,4.0557,0.2727,-6.7162,0.0569,0.0142,1,1,1,1,B0,2024
CCN(c1ccc(C(=O)Nc2ccc3c(c2)OCCOCCOCCOCCO3)cc1)C(C)(C)c1cccc(C(C)(C)c2ccc(O)cc2)c1,1,0.4062,0.6333,0.5938,0.3667,3.6007,441.7139,88.3211,4.5076,0.5304,0.2706,0.1979,-7.3547,1.0296,0.4644,0.407,0.1809,0.3059,0,1,0,410.79,4.514,0.1923,-7.1879,0.1,0.0057,0,1,0,0,B0,2024
Cn1c(=O)cc(-c2ccccc2)c2ccccc21,1,0.4,0.6522,0.6,0.3478,1.6726,374.5487,68.7787,4.0588,0.822,0.2929,0.2373,-7.4312,1.2272,0.5199,0.3365,0.3192,0.3243,1,0,0,344.3838,4.1138,0.3861,-7.5165,0.6557,0.0499,1,0,0,0,B0,2024
CC(C)=CCCC(C)c1ccccc1,1,0.6,0.5,0.4,0.5,2.3664,258.4851,25.0656,3.5751,0.616,0.1054,0.1496,-4.2014,1.1459,0.2403,0.2981,0.3494,0.3422,0,0,0,264.2326,3.4172,0.1454,-4.9789,0.0165,0.1594,0,0,0,0,B0,2024
CCc1nc2ccc3c(c2nc1-c1ccccc1)C(=O)c1ccccc1C3=O,1,0.2683,0.6538,0.7317,0.3462,2.274,372.2995,42.0785,3.9735,0.4403,0.3603,0.1444,-7.3319,1.0955,0.4663,0.3629,0.2051,0.2761,1,1,1,406.9136,3.9647,0.2912,-7.264,0.2013,0.0112,1,1,1,1,B0,2024
CC1=CC(C)=[N+]2C1=C(c1c(F)c(F)c(NCCCCN(C)CC(=O)c3ccc(O)c(O)c3)c(F)c1F)c1c(C)c(C(F)(F)F)c(C)n1[B-]2(F)F,1,0.5612,0.6905,0.4388,0.3095,4.0829,587.9209,85.2525,4.8522,0.2799,0.4488,0.2555,-6.8253,1.0579,0.436,0.422,0.1896,0.3205,0,1,0,600.5285,4.7593,0.3086,-6.0044,0.2385,0.0052,0,1,0,0,B0,2024
COc1ccc(N(CCOC(N)=O)c2cc3ccc4cc(N(c5ccccc5)c5ccc(OC)cc5C(C)(C)C)cc5ccc(c2)c3c45)cc1,1,0.5357,0.6721,0.4643,0.3279,3.1487,434.2474,72.6933,4.0158,0.5525,0.3038,0.1752,-6.8501,0.954,0.3927,0.3931,0.1088,0.2459,0,1,0,459.424,4.0211,0.3002,-6.5974,0.0211,0.0036,0,1,0,0,B0,2024
Cc1cc(CI)c(O)c(C(C)(C)c2ccccc2)c1,1,0.7021,0.2941,0.2979,0.7059,2.4141,284.4593,45.8268,4.0518,0.4538,0.2264,0.2267,-7.0483,1.433,0.382,0.3706,0.3264,0.3275,0,1,0,293.4538,3.9647,0.2123,-7.2044,0.1254,0.0474,0,1,0,0,B0,2024
CCCCCCOc1ccc(-c2ccc3c(c2)Sc2cc(/C=C/c4cc[n+](CC(=O)O)cc4)ccc2N3CCCCCC)c(OCCC(C)(C)C)c1,1,0.0986,0.6824,0.9014,0.3176,3.3343,555.2921,85.9421,4.7664,0.3765,0.3479,0.2374,-6.8205,1.1061,0.3069,0.3602,0.0916,0.1997,0,1,0,533.1424,4.8371,0.3248,-5.7193,0.0401,0.0039,0,1,0,0,B0,2024
CC(C)c1c[nH]c2c1CCc1cc(Cl)ccc1-2,1,0.4222,0.7288,0.5778,0.2712,2.5544,291.452,23.1673,4.1061,0.474,0.2357,0.2265,-7.3478,1.339,0.4747,0.3755,0.4794,0.3728,0,1,0,278.158,4.1552,0.1541,-7.0581,0.0758,0.091,0,1,0,0,B0,2024
CCCC(=C=C(C)C(=O)OCC)c1cccc(F)c1,1,0.6604,0.4444,0.3396,0.5556,2.7986,331.1748,57.6804,3.9786,0.4675,0.2936,0.2192,-7.156,1.0833,0.2184,0.2988,0.1009,0.1716,1,1,1,350.826,3.8177,0.4157,-6.6897,0.0168,0.0053,1,1,1,1,B0,2024
CCC1=C(CC)C(C)=[N+]2C1=Cc1c(C)c3cc4c(c(C(F)(F)F)c3n1[B-]2(F)F)=[N+]1C(=Cc2c(C(=O)OC(C)C)c(CC)c(C)n2[B-]1(F)F)C=4C,1,0.4699,0.7979,0.5301,0.2021,4.9271,596.6955,116.8345,4.8865,0.209,0.4535,0.2528,-6.8984,0.9966,0.432,0.4002,0.1876,0.2808,0,1,0,695.1548,4.777,0.4599,-6.4581,0.1164,0.0074,0,1,0,0,B0,2024
CC(C)(C)OC(=O)c1ccc(Cn2c(C(N)=O)cc3c2-c2nc(N)ncc2CCC3)cc1,1,0.254,0.6721,0.746,0.3279,2.752,305.1017,56.2591,4.338,0.4059,0.4317,0.2948,-7.1801,0.907,0.5511,0.3798,0.1512,0.2605,1,0,0,326.706,4.3335,0.3734,-6.6843,0.4148,0.012,1,1,1,1,B0,2024
CC(C)=CCCC(C)=CCN=Nc1sc(C)cc1C=O,1,0.5319,0.5778,0.4681,0.4222,3.6557,467.9736,43.2114,3.9445,0.5751,0.2406,0.1989,-6.8832,0.7803,0.4887,0.4037,0.2423,0.2935,0,1,0,447.2634,3.8144,0.2866,-6.9124,0.2293,0.0061,0,1,0,0,B0,2024
Cc1cc(C)c(O)c(C(C)(C)c2ccccc2)c1,0,0.6667,0.0,0.3333,1.0,1.9897,293.2297,42.07,4.1717,0.3173,0.2505,0.1975,-7.1549,1.4535,0.3413,0.3561,0.3546,0.3462,1,1,1,315.6875,3.9991,0.2238,-6.8817,0.1597,0.0101,0,1,0,0,B0,2024
CCOC(=O)c1cccc(-c2ccc(OC)cc2)c1,1,0.45,0.3,0.55,0.7,1.4514,312.7734,22.3351,3.8929,0.4247,0.2609,0.1709,-7.2111,0.9756,0.3586,0.3281,0.0825,0.1534,1,1,1,303.9256,4.0773,0.2928,-6.7266,0.033,0.0025,1,1,1,1,B0,2024
COc1ccc(-c2c(F)cc3c(c2F)OC2=C(/C=C/C4=[N+](C)c5ccccc5C4(C)C)CCCC2=C3)cc1OC,1,0.375,0.7778,0.625,0.2222,3.415,596.7626,93.3262,4.6653,0.3651,0.336,0.249,-6.8614,0.9566,0.4724,0.3716,0.1881,0.2983,0,1,0,560.3978,4.5133,0.519,-6.5653,0.0417,0.0064,0,1,0,0,B0,2024
N#Cc1nc(COCCOCCO)ccc1-c1nc2ccccc2o1,1,0.6667,0.7067,0.3333,0.2933,2.6379,326.1974,42.8866,3.9913,0.5854,0.2797,0.2477,-7.0498,0.9192,0.52,0.3813,0.154,0.2525,1,0,0,329.1172,3.7561,0.4529,-6.6319,0.1929,0.0083,0,1,0,0,B0,2024
OCCN(c1ccccc1)c1ccccc1,1,0.5484,0.6,0.4516,0.4,1.7739,299.494,36.4577,3.9833,0.4013,0.272,0.2028,-6.8138,1.6616,0.4891,0.3096,0.2844,0.2892,1,1,1,302.8921,4.0521,0.2896,-7.1038,0.2511,0.0192,1,1,1,1,B0,2024
CCCCCCCN1CC2C(C1)N2CC=C(c1cccc(C(F)(F)F)c1)c1cc(Cl)cc(C(F)(F)F)c1,1,0.4516,0.7031,0.5484,0.2969,3.6831,364.2528,56.263,4.2999,0.3713,0.2093,0.2164,-7.2963,1.3128,0.462,0.3955,0.2454,0.3136,0,1,0,363.1364,4.4217,0.2214,-7.3333,0.0728,0.0181,0,1,0,0,B0,2024
N#Cc1cc(Cl)cc2c(N)cc(Cl)nc12,1,0.5526,0.7872,0.4474,0.2128,2.706,306.9734,41.407,4.0426,0.3527,0.2322,0.1978,-6.7224,1.491,0.8324,0.2334,0.3167,0.3151,0,0,0,318.1088,4.0412,0.2549,-6.843,0.6478,0.0515,1,0,0,0,B0,2024
CC(=O)C=Cc1cc[nH+]c2ccccc12,1,0.5227,0.5556,0.4773,0.4444,3.5999,308.8031,27.7603,2.7828,1.8999,0.1633,0.19,-5.8081,1.3314,0.5769,0.361,0.2523,0.321,0,0,0,321.7518,3.6949,0.1677,-5.1985,0.6792,0.0093,0,0,0,0,B0,2024
N#CCOc1cc(C(=O)c2cccs2)c(OCC#N)cc1C(=O)c1ccccc1,1,0.6923,0.2439,0.3077,0.7561,2.5322,326.6729,35.7004,4.2632,0.2815,0.3706,0.1574,-7.1031,0.9361,0.4872,0.373,0.1191,0.2097,1,1,1,337.5163,4.2053,0.2952,-6.6036,0.1428,0.0055,1,1,1,1,B0,2024
Cn1cccc1C=CC1CCCC1=O,1,0.6792,0.7174,0.3208,0.2826,3.534,300.6886,56.869,3.9193,0.5235,0.1441,0.1727,-5.2534,0.8612,0.3953,0.3525,0.3997,0.3436,0,1,0,319.8846,3.9432,0.2157,-5.0761,0.339,0.1421,0,1,0,0,B0,2024
CC1(N(c2ccccc2)c2ccc(Br)cc2)CCNCC1,1,0.6981,0.5227,0.3019,0.4773,2.6015,340.681,54.5846,4.2985,0.2913,0.1721,0.2055,-7.2281,1.2885,0.4213,0.3575,0.2826,0.3096,0,1,0,334.8295,4.1226,0.2565,-7.5993,0.0634,0.0458,1,1,1,1,B0,2024
CC=CC1(O)CCC2C3CCC4=CC(=O)CCC4(C)C3C(O)CC21C,1,0.7361,0.3559,0.2639,0.6441,4.5474,391.8506,84.0292,2.8898,1.1142,0.1081,0.1487,-7.2278,0.7542,0.3354,0.3833,0.3631,0.3663,0,1,0,467.3705,2.666,0.0356,-7.4117,0.0895,0.2023,0,1,0,0,B0,2024
C=Cc1sc(/N=N/c2sc(C)cc2S)c(S)c1-c1ccc(OC)cc1,1,0.5208,0.7111,0.4792,0.2889,3.5875,486.5055,52.8313,4.1461,0.4667,0.377,0.3012,-6.9766,0.9133,0.5269,0.3825,0.2154,0.3146,0,0,0,423.4194,4.2699,0.4275,-6.3846,0.3188,0.009,0,1,0,0,B0,2024
CC1(C)CC(N(C=O)CCCCCCN(C=NC(C#N)=C(C#N)N=Cc2c(O)ccc3ccc(O)cc23)C2CC(C)(C)NC(C)(C)C2)CC(C)(C)N1,1,0.597,0.5484,0.403,0.4516,4.3861,499.8936,116.4451,4.1974,0.5066,0.2215,0.172,-7.0822,1.038,0.4364,0.4164,0.1766,0.2856,0,1,0,482.863,4.6786,0.2013,-7.5014,0.2595,0.0054,0,1,0,0,B0,2024
CCCCCc1cccc(C(=O)c2cccc(N(C)C)c2Oc2ccccc2)c1,1,0.7015,0.4909,0.2985,0.5091,2.1408,335.8712,51.633,4.0033,0.6119,0.3522,0.2046,-7.109,1.1164,0.3444,0.3429,0.0938,0.1704,1,1,1,350.5566,4.2647,0.2419,-6.0769,0.041,0.0027,0,1,0,0,B0,2024
Cc1cc(C#Cc2ccc(C#Cc3cc(C(C)CC4CCCC4=O)ccc3C#N)cc2C#N)ccc1N(c1ccccc1)c1ccccc1,1,0.5735,0.6933,0.4265,0.3067,4.0283,407.0449,70.8948,4.4649,0.254,0.327,0.2285,-7.1002,0.9811,0.3678,0.3686,0.1643,0.2489,1,1,1,462.8853,4.3096,0.4661,-7.0387,0.056,0.0143,0,1,0,0,B0,2024
COc1ccc(-c2ccc3c(c2)-c2ccccc2C3=Cc2ccc(O)cc2)cc1,1,0.5476,0.6078,0.4524,0.3922,2.0417,371.3844,49.7724,4.3373,0.2712,0.1452,0.1585,-7.1178,1.0058,0.4535,0.366,0.1266,0.2216,0,1,0,364.3807,4.24,0.0476,-6.5248,0.0436,0.0044,0,1,0,0,B0,2024
CCCc1ccc(Cl)cc1O,1,0.5185,0.55,0.4815,0.45,1.8089,275.0819,48.5718,3.7129,0.5268,0.2729,0.2225,-3.8563,1.0513,0.5162,0.3561,0.5054,0.332,0,0,0,317.4546,3.5797,0.2009,-3.1709,0.1989,0.9085,0,0,0,0,B0,2024
Cc1ccc(O)c(C(=O)c2ccccc2)c1,0,0.5714,0.0,0.4286,1.0,1.5331,307.09,18.1187,4.0529,0.3352,0.1687,0.125,-6.608,1.5346,0.4571,0.3431,0.227,0.2826,0,1,0,309.7826,4.0727,0.2784,-7.1596,0.233,0.0181,1,1,1,1,B0,2024
CC(C)(C)c1cc(/C=C2\SC(=N)NC2=O)cc(-c2ccccc2)c1O,1,0.6491,0.2553,0.3509,0.7447,2.7725,391.5071,71.2539,4.1619,0.4735,0.1396,0.1564,-7.4078,1.0034,0.5098,0.3651,0.2233,0.3196,0,0,0,386.2325,4.2395,0.1807,-7.3775,0.2549,0.0072,0,1,0,0,B0,2024
COc1cc(C=Cc2nc3ccccc3s2)c(OC)cc1C=CC(=O)Nc1ccc(F)cc1C1CCNCC1,1,0.5205,0.5753,0.4795,0.4247,2.8741,380.0615,79.2023,4.5678,0.2791,0.4115,0.2897,-6.8607,0.8917,0.4083,0.4009,0.1165,0.2188,1,1,1,431.5345,4.6003,0.3039,-6.3341,0.1434,0.006,0,1,0,0,B0,2024
C(=CC1CCCNC1)c1ccncc1,1,0.6757,0.587,0.3243,0.413,3.0315,298.2873,61.5724,3.8569,0.4548,0.1396,0.1932,-5.6075,0.95,0.3396,0.3477,0.4337,0.3438,0,1,0,320.7992,3.8449,0.1099,-5.0433,0.2862,0.0681,0,1,0,0,B0,2024
COc1cc(-n2cncn2)c(O)c(OC)c1OC,1,0.7,0.5952,0.3,0.4048,2.4519,315.2446,39.8345,4.0566,0.3964,0.1874,0.1735,-6.8486,0.8241,0.6121,0.3303,0.3139,0.3203,0,0,0,303.2689,3.8618,0.1408,-6.3392,0.6612,0.0148,0,0,0,0,B0,2024
COC=N/C(C#N)=C(C#N)\N=C\c1ccccc1O,1,0.2424,0.6327,0.7576,0.3673,3.5628,338.371,33.5645,4.1008,0.4714,0.0799,0.0966,-6.9676,0.9051,0.5275,0.385,0.2322,0.3007,0,0,0,382.359,4.151,0.1446,-6.3953,0.3544,0.0101,0,1,0,0,B0,2024
COC(=O)c1ccc(-c2[nH]c3ccccc3c2-c2ccc(OC)cc2)cc1,1,0.3617,0.4615,0.6383,0.5385,1.8992,335.6246,17.0193,4.1113,0.3007,0.236,0.1418,-6.9812,0.9132,0.3886,0.3635,0.0916,0.1781,0,1,0,355.3189,4.0929,0.2507,-6.3288,0.018,0.0042,1,1,1,1,B0,2024
CS(=O)(=O)NCc1ccccc1,1,0.5758,0.625,0.4242,0.375,1.5261,255.5071,42.843,3.6704,0.5413,0.2686,0.2433,-5.8309,0.4524,0.5679,0.3693,0.4614,0.3325,0,0,0,283.3186,3.4917,0.2835,-6.0163,0.457,0.6368,0,0,0,0,B0,2024
Nc1ccc2c(-c3ccc(C(=O)O)cc3C(=O)O)c3ccc(N)c(S(=O)(=O)NCCN(c4ccccc4)c4ccccc4)c3[o+]c2c1S(=O)(=O)[O-],1,0.2687,0.7162,0.7313,0.2838,3.63,521.4716,80.9256,4.4896,0.3659,0.2895,0.2344,-7.1497,1.0596,0.4465,0.41,0.1437,0.257,0,1,0,534.6318,4.4337,0.217,-7.3686,0.0745,0.0048,0,1,0,0,B0,2024
COC(=O)c1cc(C)cc(C(C)(C)C)c1O,1,0.6176,0.2727,0.3824,0.7273,2.0646,281.4176,44.027,3.9394,0.5059,0.2447,0.2039,-6.4985,0.9321,0.4151,0.3733,0.3451,0.3426,0,1,0,292.4738,3.845,0.251,-6.2226,0.1273,0.0693,1,1,1,1,B0,2024
CCCC(=O)Oc1cc(Cl)c(F)cc1C(=O)OC,1,0.6585,0.5714,0.3415,0.4286,2.1021,284.0703,29.9209,3.9452,0.5222,0.3582,0.2561,-6.8629,0.6819,0.4397,0.3965,0.2128,0.3102,0,1,0,314.7528,3.9059,0.3485,-6.6043,0.0584,0.0232,1,1,1,1,B0,2024
CCc1nc2c3ccccc3c3cc(-c4ccccc4)ccc3c2n1-c1ccc2c(c1)C(C)(C)C(/C=C1\C(=O)C(/C=C3\N(C)c4ccccc4C3(C)C)=C1[O-])=[N+]2C,1,0.3679,0.7905,0.6321,0.2095,3.8013,601.5766,114.2919,5.1751,0.2218,0.2713,0.2424,-7.0308,1.0717,0.3988,0.3909,0.119,0.2143,0,1,0,612.5046,5.1779,0.3435,-7.3872,0.0453,0.0109,0,1,0,0,B0,2024
CC1=NC(=C[Si](Cl)(Cl)Cl)C(=O)N1C,1,0.4722,0.7857,0.5278,0.2143,3.9672,413.3365,134.8462,3.4212,0.8465,0.0514,0.0744,-6.3,1.1346,0.617,0.3626,0.5868,0.331,0,0,0,402.693,3.2891,0.1026,-5.1576,0.2075,0.9666,0,0,0,0,B0,2024
CN(C)C(=Cc1ccccc1)c1ccnc(-c2cc(OC3C4(C)CCC(C4)C3(C)C)ccn2)c1,1,0.4286,0.7031,0.5714,0.2969,4.656,388.1808,96.0522,4.107,0.5359,0.1782,0.1692,-7.1775,1.06,0.4129,0.3739,0.1681,0.2516,0,1,0,376.6194,4.3639,0.0901,-5.9212,0.0286,0.0049,0,1,0,0,B0,2024
COc1ccccc1P(c1ccccc1)c1cn(C(C)(C)C)c(=S)n1C,1,0.2857,0.72,0.7143,0.28,3.5016,308.939,37.099,4.2306,0.2698,0.3542,0.2439,-6.8092,1.3447,0.4576,0.3834,0.2503,0.3065,1,1,1,334.7006,4.2245,0.3275,-6.4234,0.1009,0.0186,1,1,1,1,B0,2024
COC(=O)c1cc(O)cc(O)c1OC,1,0.5588,0.3333,0.4412,0.6667,2.1933,299.963,35.4948,3.9481,0.2967,0.1821,0.1558,-5.5155,0.604,0.6585,0.3445,0.307,0.3269,0,0,0,286.3158,3.7407,0.2068,-5.3467,0.6615,0.0222,0,0,0,0,B0,2024
CN(C)c1ccc2nc(-c3ccc(O)cc3)sc2c1,1,0.2632,0.6429,0.7368,0.3571,2.0281,364.4318,49.1058,4.2201,0.3338,0.3405,0.2695,-7.4471,1.215,0.5498,0.3512,0.2674,0.3243,1,0,0,350.3954,4.2075,0.4775,-6.1243,0.6401,0.0051,1,0,0,0,B0,2024
C=C(C)C1CCC(C)=C1CC(C)(C)CCCn1c(=CC=CC2=[N+](C)c3ccccc3C2(C)C)c2cccc3cccc1c32,1,0.3951,0.6966,0.6049,0.3034,4.0558,582.168,114.4377,4.9924,0.3055,0.1635,0.183,-7.1243,1.3022,0.3622,0.3773,0.221,0.3006,0,1,0,619.5138,4.8737,0.3096,-7.4242,0.0654,0.023,0,1,0,0,B0,2024
O=C(C=Cc1ccc(O)cc1)c1ccccc1,1,0.2222,0.0,0.7778,1.0,1.6417,330.6791,23.3311,4.1883,0.524,0.0611,0.1111,-7.4213,1.2562,0.5676,0.3386,0.2393,0.2947,0,0,0,324.9994,4.1334,0.1582,-7.3958,0.4948,0.0216,0,1,0,0,B0,2024
CCCCCCCC=C1N=C(c2ccccc2O)NC1=O,1,0.64,0.6727,0.36,0.3273,2.7848,354.5643,52.8698,3.994,0.3977,0.1585,0.14,-7.5215,1.0499,0.4306,0.3707,0.2159,0.2757,0,1,0,338.9028,3.8846,0.2417,-8.1349,0.0902,0.0037,0,1,0,0,B0,2024
COc1ccc(N2c3cc(OC)ccc3N=c3cc4c(cc32)=Nc2cc(C(C)(C)C)cc(COC(=O)c3cc(O)c(O)c(O)c3)c2O4)cc1,1,0.3472,0.7067,0.6528,0.2933,3.4853,414.7301,102.0043,4.307,0.463,0.3565,0.2804,-7.0062,0.9893,0.4442,0.3928,0.1311,0.2587,1,1,1,545.0082,4.4288,0.397,-6.6849,0.0465,0.0037,0,1,0,0,B0,2024
CCC(=O)CCC(=O)OCCN1CCCCC1,1,0.7581,0.2258,0.2419,0.7742,2.0776,407.6138,106.2826,2.8183,1.2262,0.2064,0.2441,-7.0392,0.9915,0.3141,0.3661,0.2868,0.308,0,1,0,418.8142,2.6083,0.364,-7.167,0.0587,0.0516,0,1,0,0,B0,2024
COc1ccc(C(=O)Cc2ccc(N(C)C)cc2)c(O)c1C,1,0.66,0.4318,0.34,0.5682,2.0686,377.0521,43.5873,4.4122,0.3814,0.3462,0.304,-6.7755,0.8476,0.4724,0.3727,0.2071,0.2754,1,1,1,343.97,4.1949,0.2317,-6.0225,0.1968,0.0078,0,1,0,0,B0,2024
CC(Br)C(=O)N1C(=O)OC(c2ccccc2)(c2ccccc2)[C@@H]1c1cc(NC(=O)c2ccsc2)ccc1O,1,0.5224,0.6081,0.4776,0.3919,3.6599,410.9068,88.7423,3.8436,0.659,0.2466,0.1945,-7.187,1.0001,0.5523,0.3911,0.1971,0.3093,0,0,0,443.5847,4.3134,0.1426,-7.1118,0.1049,0.0088,0,1,0,0,B0,2024
CC1=CC(C)=[N+]2C1=C(c1ccc(C(=O)O)cc1O)c1c(C)cc(C)n1[B-]21Oc2ccccc2O1,1,0.381,0.7031,0.619,0.2969,4.1575,535.169,51.7996,4.9033,0.1939,0.2969,0.2438,-7.4238,0.9292,0.4474,0.3852,0.1681,0.2564,0,1,0,554.2755,4.9546,0.4332,-7.2036,0.1295,0.0066,0,1,0,0,B0,2024
CC1=CCC(C(C)(C)c2ccc(O)cc2)CC1,1,0.7347,0.4286,0.2653,0.5714,2.9669,269.7937,37.6912,3.9483,0.5207,0.2531,0.2135,-7.2853,1.0644,0.2708,0.2993,0.4932,0.3716,0,1,0,279.2642,3.679,0.1956,-7.202,0.0953,0.0344,0,1,0,0,B0,2024
O=C(c1ccccc1)c1ccc(OCc2ccccc2)cc1,1,0.1379,0.037,0.8621,0.963,1.4018,319.7194,33.3058,4.1013,0.3482,0.414,0.2195,-7.3161,1.226,0.3235,0.2916,0.1582,0.2202,1,1,1,297.5196,3.9922,0.2827,-6.6864,0.034,0.0051,1,1,1,1,B0,2024
C/C(=C\CO)Cc1cc2ccc(N)cc2c(=O)o1,1,0.6111,0.7551,0.3889,0.2449,2.7997,320.2985,41.651,4.0661,0.3487,0.3409,0.2844,-7.5154,0.9799,0.6148,0.3626,0.2176,0.2715,1,0,0,332.4942,3.9358,0.4144,-7.4649,0.6934,0.0076,1,0,0,0,B0,2024
COc1ccc(-c2cc(OC)c(O)cc2C(=O)OCCCCCCCCc2cc(-c3ccc(C(C)(C)C)cc3)c(C(=O)N3CCCC3)s2)cc1,1,0.5541,0.6447,0.4459,0.3553,2.9554,453.7072,82.1152,4.3962,0.3327,0.328,0.227,-7.033,1.0427,0.41,0.3862,0.114,0.2373,0,1,0,473.055,4.4046,0.338,-7.1762,0.0965,0.0033,0,1,0,0,B0,2024
COc1cc2c(=Cc3ccc(-c4cc5c(cc4Br)OCCCO5)cc3)oc(=Cc3ccc(N(C)C)cc3)c2cc1OC,1,0.4074,0.7385,0.5926,0.2615,3.1253,389.9113,47.4813,4.4539,0.217,0.2247,0.1676,-6.6982,0.9484,0.3903,0.3845,0.1903,0.2695,0,1,0,421.5715,4.5952,0.1042,-5.9118,0.0253,0.0099,0,1,0,0,B0,2024
CC(C)(C)c1cc(C(=O)OCCCCc2c3ccccc3c(C#Cc3ccccc3)c3ccccc23)cc(C(C)(C)C)c1O,1,0.6111,0.4727,0.3889,0.5273,2.8302,383.8279,77.8072,4.3392,0.3933,0.3665,0.207,-6.8696,1.0201,0.3427,0.3556,0.1341,0.2615,1,1,1,397.2485,4.4154,0.3624,-6.5477,0.0339,0.0033,1,1,1,1,B0,2024
O=[N+]([O-])c1ccc(F)c([N+](=O)[O-])c1C(F)(F)F,1,0.6857,0.5588,0.3143,0.4412,2.6588,315.6871,18.0359,3.9315,0.6897,0.1342,0.1773,-5.9789,1.3389,0.78,0.3142,0.3487,0.3502,0,0,0,318.7836,3.9549,0.21,-5.2019,0.5496,0.0566,0,0,0,0,B0,2024
CCCCc1cccc(OC)c1-c1nc2c3cccnc3c3ncccc3c2n1-c1ccccc1,1,0.3684,0.7333,0.6316,0.2667,2.613,347.0114,27.4307,4.2327,0.4227,0.3656,0.1467,-6.758,0.8876,0.3635,0.3761,0.1702,0.2413,1,1,1,360.8987,4.21,0.3199,-6.587,0.0548,0.0087,1,1,1,1,B0,2024
COc1ccc(C(=O)c2ccc(-c3nc(-c4ccc(OC)cc4)c(-c4ccc(OC)cc4)[nH]3)cc2)cc1,1,0.1795,0.4571,0.8205,0.5429,2.147,362.2054,43.2988,4.4955,0.2555,0.3557,0.2129,-6.9729,0.9339,0.4424,0.3806,0.1282,0.2131,1,1,1,366.53,4.4142,0.3377,-6.3848,0.0386,0.0047,1,1,1,1,B0,2024
CN(C)c1ccc(C(=O)c2ccc(O)cc2)cc1,0,0.2963,0.0,0.7037,1.0,1.6629,344.1626,36.8512,4.2528,0.3489,0.1525,0.1317,-7.351,1.147,0.5896,0.3318,0.2028,0.2734,0,0,0,350.188,4.1325,0.1299,-5.9493,0.5235,0.0109,0,0,0,0,B0,2024
Cn1c(=O)oc2cc(C(=O)N=Nc3ccc(Nc4ccc([N+](=O)[O-])cc4S(=O)(=O)O)cc3)ccc21,1,0.4133,0.6377,0.5867,0.3623,2.8592,495.189,71.495,3.2266,1.1605,0.204,0.2729,-7.3076,0.9445,0.5588,0.3996,0.129,0.2471,0,0,0,484.0442,3.9617,0.1011,-7.3533,0.4185,0.0072,0,1,0,0,B0,2024
COC=CC(OC)=C1C(=O)c2ccc(O)cc2C1=O,1,0.5532,0.6667,0.4468,0.3333,3.039,367.9745,57.5094,4.0387,0.4996,0.1337,0.1298,-6.9701,0.8694,0.5982,0.3663,0.2562,0.3085,0,0,0,338.221,3.9164,0.1217,-6.4622,0.518,0.0176,0,0,0,0,B0,2024
COc1nc2c(N)nccc2n1-c1ccccc1O,1,0.6833,0.7414,0.3167,0.2586,2.5479,318.0898,37.1402,4.0189,0.4435,0.1888,0.1923,-7.0308,1.0064,0.6101,0.3368,0.2051,0.2946,0,0,0,326.2446,3.9453,0.1197,-6.4236,0.3455,0.007,0,1,0,0,B0,2024
CCCN1c2ccccc2Sc2cc(C=O)ccc21,1,0.4444,0.587,0.5556,0.413,2.2494,356.9739,69.3227,4.0445,0.593,0.312,0.2398,-7.4849,1.2807,0.5698,0.3489,0.1916,0.2771,1,0,0,351.2985,3.9226,0.2551,-7.568,0.3665,0.0158,1,1,1,1,B0,2024
CCCCc1cc(/C=C/C2=C(C#N)C(=C(C#N)C#N)OC2(C)C)cc2c3ccccc3n(C(C)C)c12,1,0.3889,0.7326,0.6111,0.2674,3.3709,487.5109,87.8278,4.4784,0.2547,0.287,0.242,-7.0514,0.9935,0.3884,0.3786,0.1707,0.2704,0,1,0,479.8574,4.5569,0.2536,-7.2067,0.0352,0.0061,0,1,0,0,B0,2024
CC(C)c1cc(NCCC(=O)O)c(C(=O)c2ccc(C(=O)c3ccccc3-c3ccccc3)cc2)c(C(C)C)c1,1,0.6491,0.5094,0.3509,0.4906,2.5345,393.6727,103.5269,4.3968,0.2546,0.3362,0.2116,-7.1156,1.0212,0.4375,0.3885,0.16,0.2881,1,1,1,403.1547,4.4063,0.4202,-7.0916,0.0361,0.0088,1,1,1,1,B0,2024
CCCCCCCCCCc1ccc(C(=O)Nc2ccc(C(=O)C=Cc3ccc(O)cc3)cc2)cc1,1,0.2759,0.5185,0.7241,0.4815,2.133,413.6998,52.5017,4.3185,0.76,0.2071,0.1801,-7.3429,1.0516,0.4531,0.4044,0.171,0.2954,0,1,0,395.1433,4.5237,0.1736,-8.6766,0.2111,0.0035,0,1,0,0,B0,2024
CCCCC(CC)COc1cccc(N(Cc2ccccc2CN(CCCCCC(=O)OC2CC(C)(C)NC(C)(C)C2)c2ccccn2)c2ccccn2)n1,1,0.6974,0.6234,0.3026,0.3766,4.0233,488.4803,132.1672,4.5512,0.6119,0.4066,0.2728,-6.9167,1.0006,0.3596,0.3884,0.0851,0.1977,0,1,0,496.9351,4.3399,0.4184,-6.356,0.0723,0.0068,0,1,0,0,B0,2024
CCC(=O)C=Cc1cc(I)c(OC)c(OC)c1,1,0.5405,0.4773,0.4595,0.5227,2.3784,296.7387,39.816,4.0512,0.4956,0.1338,0.0924,-6.934,0.7755,0.5007,0.3577,0.2362,0.288,0,0,0,301.249,3.7164,0.1668,-6.8254,0.2727,0.0178,0,1,0,0,B0,2024
COC(=O)c1c2occc2c(-c2[nH]c3ccccc3c2C)c2ccc(=O)oc12,1,0.6944,0.6885,0.3056,0.3115,2.8485,368.7831,38.4781,4.06,0.3842,0.2266,0.1703,-7.059,0.8746,0.4207,0.3709,0.1344,0.2327,0,1,0,367.7724,4.1407,0.3155,-6.4266,0.0359,0.0057,1,1,1,1,B0,2024
Cc1cccc(N=N[C@@H]2CCCCN2)c1,1,0.617,0.6667,0.383,0.3333,3.4018,326.9548,61.5525,2.5414,1.8256,0.3836,0.3299,-5.8129,1.7294,0.3724,0.3671,0.3931,0.3495,0,1,0,335.5098,2.9034,0.3321,-5.54,0.0379,0.1029,0,1,0,0,B0,2024
CCCCc1cc(C(C)(C)O)sc1/C=C(\C#N)C(=O)O,1,0.4746,0.6491,0.5254,0.3509,3.0995,292.2399,66.2147,3.9474,0.4406,0.1335,0.1145,-6.9826,0.6857,0.5178,0.3914,0.2737,0.329,0,0,0,386.5454,3.9512,0.2648,-7.0443,0.0653,0.0332,1,1,1,1,B0,2024
CCCCCCCCOC(=O)c1ccc(C(=O)c2ccccc2)cc1,1,0.4412,0.0312,0.5588,0.9688,1.6965,321.9852,33.1657,4.1334,0.3124,0.4653,0.2271,-7.1178,1.0611,0.2764,0.3114,0.0582,0.1358,1,1,1,329.2673,3.9857,0.3462,-6.6184,0.0234,0.0023,1,1,1,1,B0,2024
CC1=CC(C)=[N+]2C1=C(c1c(F)c(F)c(NNCC3CCCN(C(=O)OC(C)(C)C)C3)c(F)c1F)c1c(C)c(C)c(C)n1[B-]2(F)F,1,0.6238,0.6076,0.3762,0.3924,4.4604,500.1462,106.1156,4.826,0.2356,0.3683,0.2444,-7.0172,1.1816,0.3738,0.3961,0.1676,0.2982,0,1,0,579.8822,4.8847,0.245,-6.5642,0.172,0.0054,0,1,0,0,B0,2024
CCOC1(c2ccccc2)C=Cc2c(ccc3ccccc23)O1,1,0.4681,0.68,0.5319,0.32,3.0573,351.9517,42.1897,4.149,0.4399,0.4106,0.2043,-6.927,1.4989,0.3317,0.3463,0.2173,0.2921,1,1,1,351.8297,4.0906,0.3502,-6.0035,0.0196,0.0192,1,1,1,1,B0,2024
Cc1ccc(C=Cc2ccc(O)cc2)c(Cl)c1,1,0.5789,0.6429,0.4211,0.3571,1.8815,305.2222,32.4802,4.0203,0.7227,0.1709,0.2142,-7.1779,1.4878,0.517,0.3809,0.3578,0.3552,0,0,0,305.9631,3.9803,0.1884,-7.215,0.268,0.0212,0,1,0,0,B0,2024
CCCCn1c2ccccc2c2c1c1c3ccccc3n(CCCC34CCCC(CC(=O)C3)N4)c1c1c3ccccc3n(CCCC)c21,1,0.4906,0.4182,0.5094,0.5818,4.8999,498.0849,118.0034,4.3663,0.3613,0.381,0.2452,-7.0743,1.1291,0.3675,0.3627,0.1751,0.2572,0,1,0,430.4012,4.5059,0.5621,-7.5065,0.0594,0.0102,0,1,0,0,B0,2024
CCCCC(CC)COc1cc2cc3c(C)cc(=O)oc3cc2cc1CC(CC)C1OCCO1,1,0.6712,0.65,0.3288,0.35,3.8003,426.6596,111.7249,4.2978,0.3545,0.3262,0.2755,-7.0432,0.8963,0.3283,0.3837,0.1317,0.245,0,1,0,429.3624,4.2711,0.2325,-6.635,0.1043,0.0127,0,1,0,0,B0,2024
CCN(c1ccc2c(N(C)C)c(-c3nc4cc(C(=O)Nc5ccccc5Cl)ccc4o3)c(=O)oc2c1)C(C)(C)c1ccccc1,1,0.4048,0.6951,0.5952,0.3049,3.0988,484.5934,95.6255,4.4657,0.4159,0.3063,0.2008,-7.0776,1.1897,0.5408,0.4025,0.1629,0.2728,0,0,0,477.4764,4.4796,0.3501,-6.6167,0.2494,0.0041,0,1,0,0,B0,2024
COc1ccc(-c2cccc(C(=O)c3ccc(C)cc3)c2)cc1,1,0.5128,0.3143,0.4872,0.6857,1.5503,327.4193,20.3672,4.2351,0.2417,0.3426,0.0997,-7.1146,1.1431,0.4673,0.355,0.1349,0.2147,1,1,1,312.4066,4.0027,0.2759,-6.4753,0.0409,0.0033,1,1,1,1,B0,2024
CCCCCCCN1c2ccc(C)cc2C2(c3ccccc3Oc3ccccc32)c2cc(C)ccc21,1,0.5088,0.6667,0.4912,0.3333,2.9813,391.7922,62.706,4.319,0.3064,0.5032,0.2999,-7.095,1.5967,0.3537,0.365,0.2402,0.282,1,1,1,374.2406,4.4031,0.5105,-7.3311,0.0349,0.0233,1,1,1,1,B0,2024
CCCCOC(=O)c1ccc(-c2ccc3c(B(O)O)c4ccccc4cc3c2)c2nsnc12,1,0.5455,0.6102,0.4545,0.3898,2.8915,391.4874,85.0392,4.204,0.4955,0.2958,0.1994,-6.9703,1.2159,0.4851,0.3761,0.1368,0.2888,1,1,1,443.1415,4.2715,0.3003,-6.6686,0.0562,0.0032,0,1,0,0,B0,2024
COc1ccc(C=C2Oc3cccc(O)c3C2=O)c(F)c1,1,0.5,0.5769,0.5,0.4231,2.3337,370.6284,40.5023,4.2215,0.3873,0.1445,0.1366,-6.9464,0.9259,0.5538,0.3646,0.1863,0.2656,0,0,0,381.9201,4.318,0.2344,-7.5805,0.1873,0.0089,0,1,0,0,B0,2024
