SMILES,lambda_max,delta_h,pss_z,k_thermal,system_type,source_id,calc_method,compound_name
C[N]1N=NC(=N1)N=NC2=CC=CC=C2,310.0,50.0,76.0,2.1e-07,Photoswitch_Experimental,M01_Photoswitch_Dataset,Experimental,PS_M01_0
C[N]1C=NC(=N1)N=NC2=CC=CC=C2,310.0,50.0,90.0,3.8e-07,Photoswitch_Experimental,M01_Photoswitch_Dataset,Experimental,PS_M01_1
C[N]1C=CC(=N1)N=NC2=CC=CC=C2,320.0,50.0,98.0,1.1e-07,Photoswitch_Experimental,M01_Photoswitch_Dataset,Experimental,PS_M01_2
C[N]1C=C(C)C(=N1)N=NC2=CC=CC=C2,325.0,50.0,96.0,1.5e-06,Photoswitch_Experimental,M01_Photoswitch_Dataset,Experimental,PS_M01_3
C[N]1C=C(C=N1)N=NC2=CC=CC=C2,328.0,50.0,98.0,7.6e-09,Photoswitch_Experimental,M01_Photoswitch_Dataset,Experimental,PS_M01_4
C[N]1N=C(C)C(=C1C)N=NC2=CC=CC=C2,335.0,50.0,98.0,7.7e-07,Photoswitch_Experimental,M01_Photoswitch_Dataset,Experimental,PS_M01_5
C[N]1N=CC=C1N=NC2=CC=CC=C2,341.0,50.0,98.0,7.4e-07,Photoswitch_Experimental,M01_Photoswitch_Dataset,Experimental,PS_M01_6
C[N]1N=CC(=C1N=NC2=CC=CC=C2)C,340.0,50.0,94.0,1.6e-05,Photoswitch_Experimental,M01_Photoswitch_Dataset,Experimental,PS_M01_7
CC(N(C)C(C)=C1)=C1/N=N/C2=CC=CC=C2,363.0,50.0,77.0,2.2e-06,Photoswitch_Experimental,M01_Photoswitch_Dataset,Experimental,PS_M01_8
CC(N(C)C(C)=C1C)=C1/N=N/C2=CC=CC=C2,345.0,50.0,85.0,0.0007599999999999,Photoswitch_Experimental,M01_Photoswitch_Dataset,Experimental,PS_M01_9
CN1C(/N=N/C2=CC=CC=C2)=C(C)C=C1C,394.0,50.0,85.0,0.033,Photoswitch_Experimental,M01_Photoswitch_Dataset,Experimental,PS_M01_10
CN1C(/N=N/C2=CC=CC=C2)=CC=C1,385.0,50.0,84.0,6.500000000000001e-05,Photoswitch_Experimental,M01_Photoswitch_Dataset,Experimental,PS_M01_11
CN1C(/N=N/C2=CC=CC=C2)=NC=C1,363.0,50.0,98.0,2.2e-05,Photoswitch_Experimental,M01_Photoswitch_Dataset,Experimental,PS_M01_12
CN(C=N1)C=C1/N=N/C2=CC=CC=C2,336.0,50.0,95.0,3.3e-06,Photoswitch_Experimental,M01_Photoswitch_Dataset,Experimental,PS_M01_13
CN1C(/N=N/C2=CC=CC=C2)=CN=C1,362.0,50.0,98.0,1.2e-06,Photoswitch_Experimental,M01_Photoswitch_Dataset,Experimental,PS_M01_14
NC(C=C1)=CC=C1N=NC2=NNC=C2,391.0,50.0,,,Photoswitch_Experimental,M01_Photoswitch_Dataset,Experimental,PS_M01_15
COC(C=C1)=CC=C1N=NC2=NNC=C2,344.0,50.0,,,Photoswitch_Experimental,M01_Photoswitch_Dataset,Experimental,PS_M01_16
CC(C=C1)=CC=C1N=NC2=NNC=C2,332.0,50.0,,,Photoswitch_Experimental,M01_Photoswitch_Dataset,Experimental,PS_M01_17
C1(/N=N/C2=CC=NN2)=CC=NN1,320.0,50.0,,,Photoswitch_Experimental,M01_Photoswitch_Dataset,Experimental,PS_M01_18
[H]C(C=C1)=CC=C1N=NC2=NNC=C2,324.0,50.0,,,Photoswitch_Experimental,M01_Photoswitch_Dataset,Experimental,PS_M01_19
BrC(C=C1)=CC=C1N=NC2=NNC=C2,331.0,50.0,,,Photoswitch_Experimental,M01_Photoswitch_Dataset,Experimental,PS_M01_20
FC1=CC=CC=C1N=NC2=NNC=C2,328.0,50.0,,,Photoswitch_Experimental,M01_Photoswitch_Dataset,Experimental,PS_M01_21
O=C(O)C(C=C1)=CC=C1N=NC2=NNC=C2,328.0,50.0,,,Photoswitch_Experimental,M01_Photoswitch_Dataset,Experimental,PS_M01_22
O=C(C1=CC=C(/N=N/C2=NNC=C2)C=C1)OCC,331.0,50.0,,,Photoswitch_Experimental,M01_Photoswitch_Dataset,Experimental,PS_M01_23
CC(C(C=C1)=CC=C1N=NC2=NNC=C2)=O,322.0,50.0,,,Photoswitch_Experimental,M01_Photoswitch_Dataset,Experimental,PS_M01_24
[O-][N+](C(C=C1)=CC=C1N=NC2=NNC=C2)=O,340.0,50.0,,,Photoswitch_Experimental,M01_Photoswitch_Dataset,Experimental,PS_M01_25
CN(N=C1)C=C1/N=N/C2=C(F)C=CC=C2F,316.0,50.0,92.0,4.8e-10,Photoswitch_Experimental,M01_Photoswitch_Dataset,Experimental,PS_M01_26
CN(N=C1C)C(C)=C1/N=N/C2=C(F)C=CC=C2F,328.0,50.0,93.0,7.84e-08,Photoswitch_Experimental,M01_Photoswitch_Dataset,Experimental,PS_M01_27
CN(N=C1C)C(C)=C1/N=N/C2=C(Cl)C=CC=C2Cl,328.0,50.0,80.0,6.95e-06,Photoswitch_Experimental,M01_Photoswitch_Dataset,Experimental,PS_M01_28
CN(N=C1C)C(C)=C1/N=N/C2=C(OC)C=CC=C2OC,307.0,50.0,81.0,7.22e-08,Photoswitch_Experimental,M01_Photoswitch_Dataset,Experimental,PS_M01_29
FC1=CC=CC=C1/N=N/C2=C(F)C=CC=C2,325.0,50.0,66.0,1.75037e-05,Photoswitch_Experimental,M01_Photoswitch_Dataset,Experimental,PS_M01_30
FC1=CC=CC(F)=C1/N=N/C2=CC=CC=C2,309.0,50.0,74.0,7.70164e-06,Photoswitch_Experimental,M01_Photoswitch_Dataset,Experimental,PS_M01_31
FC1=CC=CC(F)=C1/N=N/C2=C(F)C=CC=C2F,305.0,50.0,86.0,2.0928360000000003e-06,Photoswitch_Experimental,M01_Photoswitch_Dataset,Experimental,PS_M01_32
FC1=CC(F)=CC(F)=C1/N=N/C(C(F)=C2)=C(F)C=C2F,309.0,50.0,94.0,9.6e-06,Photoswitch_Experimental,M01_Photoswitch_Dataset,Experimental,PS_M01_33
FC1=C(F)C=C(F)C(F)=C1/N=N/C2=C(F)C(F)=CC(F)=C2F,303.0,50.0,92.0,7.131139999999999e-06,Photoswitch_Experimental,M01_Photoswitch_Dataset,Experimental,PS_M01_34
FC1=C(F)C(F)=C(F)C(F)=C1/N=N/C2=C(F)C(F)=C(F)C(F)=C2F,310.0,50.0,91.0,4.1e-05,Photoswitch_Experimental,M01_Photoswitch_Dataset,Experimental,PS_M01_35
FC1=CC=CC(F)=C1/N=N/C2=CC=C(C(OCC)=O)C=C2,316.0,50.0,75.0,9.16861e-06,Photoswitch_Experimental,M01_Photoswitch_Dataset,Experimental,PS_M01_36
FC1=CC(C(OCC)=O)=CC(F)=C1/N=N/C2=C(F)C=C(C(OCC)=O)C=C2F,314.0,50.0,90.0,1.283606e-05,Photoswitch_Experimental,M01_Photoswitch_Dataset,Experimental,PS_M01_37
FC1=CC(C(OCC)=O)=CC(F)=C1/N=N/C2=C(F)C=CC=C2F,310.0,50.0,95.0,6.41803e-06,Photoswitch_Experimental,M01_Photoswitch_Dataset,Experimental,PS_M01_38
FC1=CC(C(OCC)=O)=CC(F)=C1/N=N/C2=CC=C(C(OCC)=O)C=C2,320.0,50.0,61.0,2.4067600000000003e-05,Photoswitch_Experimental,M01_Photoswitch_Dataset,Experimental,PS_M01_39
FC1=CC(C(OCC)=O)=CC(F)=C1/N=N/C2=CC=CC=C2,316.0,50.0,79.0,2.7505840000000003e-05,Photoswitch_Experimental,M01_Photoswitch_Dataset,Experimental,PS_M01_40
CC(NC(C=C1)=CC(OC)=C1/N=N/C2=C(OC)C=C(NC(C)=O)C=C2)=O,338.0,50.0,,0.0001013372999999,Photoswitch_Experimental,M01_Photoswitch_Dataset,Experimental,PS_M01_53
CC(NC(C=C1OC)=CC(OC)=C1/N=N/C2=C(OC)C=C(NC(C)=O)C=C2OC)=O,345.0,50.0,80.0,5.73038e-07,Photoswitch_Experimental,M01_Photoswitch_Dataset,Experimental,PS_M01_54
COC(C=CN=C1)=C1/N=N/C2=CC=CC=C2,332.0,50.0,90.0,8.767799999999999e-09,Photoswitch_Experimental,M01_Photoswitch_Dataset,Experimental,PS_M01_55
C1(/N=N/C2=CC=CC=C2)=CC=CN=C1,322.0,50.0,63.0,8.44478e-07,Photoswitch_Experimental,M01_Photoswitch_Dataset,Experimental,PS_M01_56
CC1=C(/N=N/C2=CC=CC=C2)C=NC=C1,322.0,50.0,72.0,1.92541e-06,Photoswitch_Experimental,M01_Photoswitch_Dataset,Experimental,PS_M01_57
CC(C)C1=C(/N=N/C2=CC=CC=C2)C=NC=C1,323.0,50.0,75.0,6.09307e-07,Photoswitch_Experimental,M01_Photoswitch_Dataset,Experimental,PS_M01_58
IC1=C(/N=N/C2=CC=CC=C2)C=NC=C1,330.0,50.0,81.0,1.6742700000000002e-06,Photoswitch_Experimental,M01_Photoswitch_Dataset,Experimental,PS_M01_59
CN(C)C1=C(/N=N/C2=CC=CC=C2)C=NC=C1,313.0,50.0,63.0,6.211e-06,Photoswitch_Experimental,M01_Photoswitch_Dataset,Experimental,PS_M01_60
O=C(N(CCC)C=C1/N=N/C2=CC=C(C(C)(C)C)C=C2)NC1=O,375.0,50.0,100.0,9.8739e-07,Photoswitch_Experimental,M01_Photoswitch_Dataset,Experimental,PS_M01_61
O=C(COC1=C(/N=N\C2=C(OC3)C=CC=C2)C=CC=C1)O[C@H]4[C@H](OCC5=CC=CC=C5)[C@@H](OCC6=CC=CC=C6)[C@H](SC7=CC=CC=C7)O[C@@H]4COC3=O,310.0,50.0,95.0,1.573046e-07,Photoswitch_Experimental,M01_Photoswitch_Dataset,Experimental,PS_M01_62
CC1=C(C(C)=NN1)/N=N/C2=C(F)C=CC=C2,334.0,50.0,90.0,4.55e-05,Photoswitch_Experimental,M01_Photoswitch_Dataset,Experimental,PS_M01_63
CC1=C(C(C)=NN1)/N=N/C2=CC(F)=CC=C2,334.0,50.0,87.0,0.00185,Photoswitch_Experimental,M01_Photoswitch_Dataset,Experimental,PS_M01_64
CC1=C(C(C)=NN1)/N=N/C2=CC=C(F)C=C2,330.0,50.0,85.0,0.00162,Photoswitch_Experimental,M01_Photoswitch_Dataset,Experimental,PS_M01_65
CC1=C(C(C)=NN1)/N=N/C2=C(Cl)C=CC=C2,339.0,50.0,84.0,0.00403,Photoswitch_Experimental,M01_Photoswitch_Dataset,Experimental,PS_M01_66
CC1=C(C(C)=NN1)/N=N/C2=CC(Cl)=CC=C2,336.0,50.0,80.0,0.0114,Photoswitch_Experimental,M01_Photoswitch_Dataset,Experimental,PS_M01_67
CC1=C(C(C)=NN1)/N=N/C2=CC=C(Cl)C=C2,336.0,50.0,90.0,0.0016699999999999,Photoswitch_Experimental,M01_Photoswitch_Dataset,Experimental,PS_M01_68
CC1=C(C(C)=NN1)/N=N/C2=C(Br)C=CC=C2,340.0,50.0,88.0,0.0042899999999999,Photoswitch_Experimental,M01_Photoswitch_Dataset,Experimental,PS_M01_69
CC1=C(C(C)=NN1)/N=N/C2=CC(Br)=CC=C2,335.0,50.0,86.0,0.0587,Photoswitch_Experimental,M01_Photoswitch_Dataset,Experimental,PS_M01_70
CC1=C(C(C)=NN1)/N=N/C2=CC=C(Br)C=C2,337.0,50.0,92.0,0.00179,Photoswitch_Experimental,M01_Photoswitch_Dataset,Experimental,PS_M01_71
CC1=C(C(C)=NN1)/N=N/C2=CC(O)=CC=C2,330.0,50.0,86.0,0.00288,Photoswitch_Experimental,M01_Photoswitch_Dataset,Experimental,PS_M01_72
CC1=C(C(C)=NN1)/N=N/C2=C(C(F)(F)F)C=CC=C2,335.0,50.0,41.0,0.3279999999999999,Photoswitch_Experimental,M01_Photoswitch_Dataset,Experimental,PS_M01_73
CC1=C(C(C)=NN1)/N=N/C2=CC(C(F)(F)F)=CC=C2,332.0,50.0,83.0,0.00265,Photoswitch_Experimental,M01_Photoswitch_Dataset,Experimental,PS_M01_74
CC1=C(C(C)=NN1)/N=N/C2=CC=C(C(F)(F)F)C=C2,334.0,50.0,79.0,0.0296,Photoswitch_Experimental,M01_Photoswitch_Dataset,Experimental,PS_M01_75
CC1=C(C(C)=NN1)/N=N/C2=C(OC)C=CC=C2,350.0,50.0,92.0,0.00104,Photoswitch_Experimental,M01_Photoswitch_Dataset,Experimental,PS_M01_76
CC1=C(C(C)=NN1)/N=N/C2=CC(OC)=CC=C2,330.0,50.0,85.0,0.00297,Photoswitch_Experimental,M01_Photoswitch_Dataset,Experimental,PS_M01_77
CC1=C(C(C)=NN1)/N=N/C2=CC=C(OC)C=C2,342.0,50.0,92.0,0.0012,Photoswitch_Experimental,M01_Photoswitch_Dataset,Experimental,PS_M01_78
CC1=C(C(C)=NN1)/N=N/C2=C(C)C=CC=C2,336.0,50.0,92.0,0.00692,Photoswitch_Experimental,M01_Photoswitch_Dataset,Experimental,PS_M01_79
CC1=C(C(C)=NN1)/N=N/C2=CC(C)=CC=C2,331.0,50.0,88.0,0.00199,Photoswitch_Experimental,M01_Photoswitch_Dataset,Experimental,PS_M01_80
CC1=C(C(C)=NN1)/N=N/C2=CC=C(C)C=C2,335.0,50.0,90.0,0.00145,Photoswitch_Experimental,M01_Photoswitch_Dataset,Experimental,PS_M01_81
CC1=C(C(C)=NN1)/N=N/C2=CC(C(O)=O)=CC=C2,332.0,50.0,81.0,0.0304,Photoswitch_Experimental,M01_Photoswitch_Dataset,Experimental,PS_M01_82
CC1=C(C(C)=NN1)/N=N/C2=CC=C(C(O)=O)C=C2,342.0,50.0,83.0,0.0441,Photoswitch_Experimental,M01_Photoswitch_Dataset,Experimental,PS_M01_83
CC1=C(C(C)=NN1)/N=N/C2=CC(NC(C)=O)=CC=C2,329.0,50.0,86.0,0.0544,Photoswitch_Experimental,M01_Photoswitch_Dataset,Experimental,PS_M01_84
CC1=C(C(C)=NN1)/N=N/C2=CC=C(NC(C)=O)C=C2,350.0,50.0,91.0,0.00144,Photoswitch_Experimental,M01_Photoswitch_Dataset,Experimental,PS_M01_85
CC1=NOC(C)=C1/N=N/C2=CC=CC=C2,315.0,50.0,65.0,,Photoswitch_Experimental,M01_Photoswitch_Dataset,Experimental,PS_M01_86
CC1=NOC(C)=C1/N=N/C2=C(F)C=CC=C2,321.0,50.0,48.0,,Photoswitch_Experimental,M01_Photoswitch_Dataset,Experimental,PS_M01_87
CC1=NOC(C)=C1/N=N/C2=CC(F)=CC=C2,315.0,50.0,,,Photoswitch_Experimental,M01_Photoswitch_Dataset,Experimental,PS_M01_88
CC1=NOC(C)=C1/N=N/C2=CC=C(F)C=C2,318.0,50.0,,,Photoswitch_Experimental,M01_Photoswitch_Dataset,Experimental,PS_M01_89
CC1=NOC(C)=C1/N=N/C2=C(Cl)C=CC=C2,321.0,50.0,,,Photoswitch_Experimental,M01_Photoswitch_Dataset,Experimental,PS_M01_90
CC1=NOC(C)=C1/N=N/C2=CC(Cl)=CC=C2,315.0,50.0,,,Photoswitch_Experimental,M01_Photoswitch_Dataset,Experimental,PS_M01_91
CC1=NOC(C)=C1/N=N/C2=CC=C(Cl)C=C2,323.0,50.0,,,Photoswitch_Experimental,M01_Photoswitch_Dataset,Experimental,PS_M01_92
CC1=NOC(C)=C1/N=N/C2=C(Br)C=CC=C2,321.0,50.0,,,Photoswitch_Experimental,M01_Photoswitch_Dataset,Experimental,PS_M01_93
CC1=NOC(C)=C1/N=N/C2=CC(Br)=CC=C2,315.0,50.0,,,Photoswitch_Experimental,M01_Photoswitch_Dataset,Experimental,PS_M01_94
CC1=NOC(C)=C1/N=N/C2=CC=C(Br)C=C2,325.0,50.0,,,Photoswitch_Experimental,M01_Photoswitch_Dataset,Experimental,PS_M01_95
CC1=NOC(C)=C1/N=N/C2=CC=C(I)C=C2,330.0,50.0,,,Photoswitch_Experimental,M01_Photoswitch_Dataset,Experimental,PS_M01_96
CC1=NOC(C)=C1/N=N/C2=CC(O)=CC=C2,313.0,50.0,,,Photoswitch_Experimental,M01_Photoswitch_Dataset,Experimental,PS_M01_97
CC1=NOC(C)=C1/N=N/C2=CC(C(F)(F)F)=CC=C2,314.0,50.0,,,Photoswitch_Experimental,M01_Photoswitch_Dataset,Experimental,PS_M01_98
CC1=NOC(C)=C1/N=N/C2=CC=C(C(F)(F)F)C=C2,312.0,50.0,,,Photoswitch_Experimental,M01_Photoswitch_Dataset,Experimental,PS_M01_99
CC1=NOC(C)=C1/N=N/C2=C(OC)C=CC=C2,311.0,50.0,,,Photoswitch_Experimental,M01_Photoswitch_Dataset,Experimental,PS_M01_100
CC1=NOC(C)=C1/N=N/C2=CC(OC)=CC=C2,312.0,50.0,,,Photoswitch_Experimental,M01_Photoswitch_Dataset,Experimental,PS_M01_101
CC1=NOC(C)=C1/N=N/C2=CC=C(OC)C=C2,337.0,50.0,,,Photoswitch_Experimental,M01_Photoswitch_Dataset,Experimental,PS_M01_102
CC1=NOC(C)=C1/N=N/C2=C([N+]([O-])=O)C=CC=C2,318.0,50.0,,,Photoswitch_Experimental,M01_Photoswitch_Dataset,Experimental,PS_M01_103
CC1=NOC(C)=C1/N=N/C2=CC=C([N+]([O-])=O)C=C2,332.0,50.0,,,Photoswitch_Experimental,M01_Photoswitch_Dataset,Experimental,PS_M01_104
CC1=NOC(C)=C1/N=N/C2=CC=C(C)C=C2,323.0,50.0,,,Photoswitch_Experimental,M01_Photoswitch_Dataset,Experimental,PS_M01_105
CC1=NOC(C)=C1/N=N/C2=CC(NC(C)=O)=CC=C2,315.0,50.0,,,Photoswitch_Experimental,M01_Photoswitch_Dataset,Experimental,PS_M01_106
CC1=NOC(C)=C1/N=N/C2=CC=C(NC(C)=O)C=C2,342.0,50.0,,,Photoswitch_Experimental,M01_Photoswitch_Dataset,Experimental,PS_M01_107
CC1=C(/N=N/C2=C3C=CC=CC3=CC=C2)C(C)=NO1,362.0,50.0,,,Photoswitch_Experimental,M01_Photoswitch_Dataset,Experimental,PS_M01_108
CC1=C(/N=N/C2=CC(Cl)=CC=C2Cl)C(C)=NO1,320.0,50.0,,,Photoswitch_Experimental,M01_Photoswitch_Dataset,Experimental,PS_M01_109
CC1=C(/N=N/C2=C(Cl)C=CC=C2Cl)C(C)=NO1,297.0,50.0,,,Photoswitch_Experimental,M01_Photoswitch_Dataset,Experimental,PS_M01_110
CC1=C(/N=N/C2=CC=C(F)C=C2F)C(C)=NO1,324.0,50.0,,,Photoswitch_Experimental,M01_Photoswitch_Dataset,Experimental,PS_M01_111
CC1=C(/N=N/C2=CC(F)=CC=C2F)C(C)=NO1,328.0,50.0,,,Photoswitch_Experimental,M01_Photoswitch_Dataset,Experimental,PS_M01_112
CC1=C(/N=N/C2=C(F)C=CC=C2F)C(C)=NO1,309.0,50.0,,,Photoswitch_Experimental,M01_Photoswitch_Dataset,Experimental,PS_M01_113
CC1=C(/N=N/C2=CC(F)=CC(F)=C2)C(C)=NO1,315.0,50.0,,,Photoswitch_Experimental,M01_Photoswitch_Dataset,Experimental,PS_M01_114
CC1=C(/N=N/C2=CC=CC(N)=C2)C(C)=NO1,315.0,50.0,,,Photoswitch_Experimental,M01_Photoswitch_Dataset,Experimental,PS_M01_115
CC1=C(/N=N/C2=CC=CC=C2C#N)C(C)=NO1,325.0,50.0,,,Photoswitch_Experimental,M01_Photoswitch_Dataset,Experimental,PS_M01_116
CC1=C(/N=N/C2=CC=CN=C2)C(C)=NO1,316.0,50.0,,,Photoswitch_Experimental,M01_Photoswitch_Dataset,Experimental,PS_M01_117
CC1=CC=C(/N=N/C2=CC=CS2)C=C1,365.0,50.0,,,Photoswitch_Experimental,M01_Photoswitch_Dataset,Experimental,PS_M01_118
C1(/N=N/C2=CC=CC=C2)=CC=CC=C1,319.0,50.0,,,Photoswitch_Experimental,M01_Photoswitch_Dataset,Experimental,PS_M01_119
BrC1=CC=CC=C1/N=N/C2=CC=CC=C2,326.0,50.0,,,Photoswitch_Experimental,M01_Photoswitch_Dataset,Experimental,PS_M01_120
FC(F)(F)C1=CC=CC=C1/N=N/C2=CC=CC=C2,317.0,50.0,,,Photoswitch_Experimental,M01_Photoswitch_Dataset,Experimental,PS_M01_121
CC1=CC=CC=C1/N=N/C2=CC=CC=C2,323.0,50.0,,,Photoswitch_Experimental,M01_Photoswitch_Dataset,Experimental,PS_M01_122
NC1=CC=CC=C1/N=N/C2=CC=CC=C2,421.0,50.0,,,Photoswitch_Experimental,M01_Photoswitch_Dataset,Experimental,PS_M01_123
BrC1=CC(/N=N/C2=CC=CC=C2)=CC=C1,321.0,50.0,,,Photoswitch_Experimental,M01_Photoswitch_Dataset,Experimental,PS_M01_124
CC1=CC(/N=N/C2=CC=CC=C2)=CC=C1,322.0,50.0,,,Photoswitch_Experimental,M01_Photoswitch_Dataset,Experimental,PS_M01_125
NC1=CC(/N=N/C2=CC=CC=C2)=CC=C1,417.0,50.0,,,Photoswitch_Experimental,M01_Photoswitch_Dataset,Experimental,PS_M01_126
O=[N+]([O-])C1=CC(/N=N/C2=CC=CC=C2)=CC=C1,327.0,50.0,,,Photoswitch_Experimental,M01_Photoswitch_Dataset,Experimental,PS_M01_127
BrC1=CC=C(/N=N/C2=CC=CC=C2)C=C1,329.0,50.0,,,Photoswitch_Experimental,M01_Photoswitch_Dataset,Experimental,PS_M01_128
FC(F)(F)C1=CC=C(/N=N/C2=CC=CC=C2)C=C1,315.0,50.0,,,Photoswitch_Experimental,M01_Photoswitch_Dataset,Experimental,PS_M01_129
ClC1=CC=C(/N=N/C2=CC=CC=C2)C=C1,324.0,50.0,,,Photoswitch_Experimental,M01_Photoswitch_Dataset,Experimental,PS_M01_130
N#CC1=CC=C(/N=N/C2=CC=CC=C2)C=C1,321.0,50.0,,,Photoswitch_Experimental,M01_Photoswitch_Dataset,Experimental,PS_M01_131
CC(C1=CC=C(/N=N/C2=CC=CC=C2)C=C1)=O,326.0,50.0,,,Photoswitch_Experimental,M01_Photoswitch_Dataset,Experimental,PS_M01_132
O=C(OC)C1=CC=C(/N=N/C2=CC=CC=C2)C=C1,328.0,50.0,,,Photoswitch_Experimental,M01_Photoswitch_Dataset,Experimental,PS_M01_133
FC1=CC=C(/N=N/C2=CC=CC=C2)C=C1,322.0,50.0,,,Photoswitch_Experimental,M01_Photoswitch_Dataset,Experimental,PS_M01_134
OC1=CC=C(/N=N/C2=CC=CC=C2)C=C1,339.0,50.0,,,Photoswitch_Experimental,M01_Photoswitch_Dataset,Experimental,PS_M01_135
O=C1C=CC(N1C2=CC=C(/N=N/C3=CC=CC=C3)C=C2)=O,329.0,50.0,,,Photoswitch_Experimental,M01_Photoswitch_Dataset,Experimental,PS_M01_136
CC1=CC=C(/N=N/C2=CC=CC=C2)C=C1,330.0,50.0,,,Photoswitch_Experimental,M01_Photoswitch_Dataset,Experimental,PS_M01_137
CCN(CC)C1=CC=C(/N=N/C2=CC=CC=C2)C=C1,416.0,50.0,,,Photoswitch_Experimental,M01_Photoswitch_Dataset,Experimental,PS_M01_138
NC1=CC=C(/N=N/C2=CC=CC=C2)C=C1,364.0,50.0,,,Photoswitch_Experimental,M01_Photoswitch_Dataset,Experimental,PS_M01_139
CC(NC1=CC=C(/N=N/C2=CC=CC=C2)C=C1)=O,346.0,50.0,,,Photoswitch_Experimental,M01_Photoswitch_Dataset,Experimental,PS_M01_140
CNC1=CC=C(/N=N/C2=CC=CC=C2)C=C1,380.0,50.0,,,Photoswitch_Experimental,M01_Photoswitch_Dataset,Experimental,PS_M01_141
CN(C)C1=CC=C(/N=N/C2=CC=CC=C2)C=C1,408.0,50.0,,,Photoswitch_Experimental,M01_Photoswitch_Dataset,Experimental,PS_M01_142
O=[N+]([O-])C1=CC=C(/N=N/C2=CC=CC=C2)C=C1,333.0,50.0,,,Photoswitch_Experimental,M01_Photoswitch_Dataset,Experimental,PS_M01_143
C1(NC2=CC=CC=C2)=CC=C(/N=N/C3=CC=CC=C3)C=C1,411.0,50.0,,,Photoswitch_Experimental,M01_Photoswitch_Dataset,Experimental,PS_M01_144
FC(F)(F)C1=C(/N=N/C2=C(C(F)(F)F)C=CC=C2)C=CC=C1,317.0,50.0,,,Photoswitch_Experimental,M01_Photoswitch_Dataset,Experimental,PS_M01_145
ClC1=C(/N=N/C2=C(Cl)C=CC=C2)C=CC=C1,328.0,50.0,,,Photoswitch_Experimental,M01_Photoswitch_Dataset,Experimental,PS_M01_146
CC1=CC=CC=C1/N=N/C2=CC=CC=C2C,331.0,50.0,,,Photoswitch_Experimental,M01_Photoswitch_Dataset,Experimental,PS_M01_147
CC(C=CC=C1C)=C1/N=N/C2=CC=CC=C2,316.0,50.0,,,Photoswitch_Experimental,M01_Photoswitch_Dataset,Experimental,PS_M01_148
BrC1=CC=CC(/N=N/C2=CC=CC(Br)=C2)=C1,320.0,50.0,,,Photoswitch_Experimental,M01_Photoswitch_Dataset,Experimental,PS_M01_149
ClC1=CC=CC(/N=N/C2=CC=CC(Cl)=C2)=C1,320.0,50.0,,,Photoswitch_Experimental,M01_Photoswitch_Dataset,Experimental,PS_M01_150
FC1=CC=CC(/N=N/C2=CC=CC(F)=C2)=C1,320.0,50.0,,,Photoswitch_Experimental,M01_Photoswitch_Dataset,Experimental,PS_M01_151
CC1=CC=CC(/N=N/C2=CC=CC(C)=C2)=C1,331.0,50.0,,,Photoswitch_Experimental,M01_Photoswitch_Dataset,Experimental,PS_M01_152
BrC1=CC=C(/N=N/C2=CC=C(Br)C=C2)C=C1,324.0,50.0,,,Photoswitch_Experimental,M01_Photoswitch_Dataset,Experimental,PS_M01_153
ClC1=CC=C(/N=N/C2=CC=C(Cl)C=C2)C=C1,331.0,50.0,,,Photoswitch_Experimental,M01_Photoswitch_Dataset,Experimental,PS_M01_154
FC(F)(F)C1=CC=C(/N=N/C2=CC=C(C(F)(F)F)C=C2)C=C1,313.0,50.0,,,Photoswitch_Experimental,M01_Photoswitch_Dataset,Experimental,PS_M01_155
FC1=CC=C(/N=N/C2=CC=C(F)C=C2)C=C1,325.0,50.0,,,Photoswitch_Experimental,M01_Photoswitch_Dataset,Experimental,PS_M01_156
CC1=CC=C(/N=N/C2=CC=C(C)C=C2)C=C1,326.0,50.0,,,Photoswitch_Experimental,M01_Photoswitch_Dataset,Experimental,PS_M01_157
CC1=C(/N=N/C2=CC=CC(C)=C2C)C=CC=C1C,332.0,50.0,,,Photoswitch_Experimental,M01_Photoswitch_Dataset,Experimental,PS_M01_159
CC1=C(/N=N/C2=CC=C(C)C=C2C)C=CC(C)=C1,346.0,50.0,,,Photoswitch_Experimental,M01_Photoswitch_Dataset,Experimental,PS_M01_160
CC1=C(/N=N/C2=CC(C)=CC=C2C)C=C(C)C=C1,336.0,50.0,,,Photoswitch_Experimental,M01_Photoswitch_Dataset,Experimental,PS_M01_161
CC1=CC(/N=N/C2=CC(C)=C(C)C=C2)=CC=C1C,333.0,50.0,,,Photoswitch_Experimental,M01_Photoswitch_Dataset,Experimental,PS_M01_162
CC1=C(Cl)C=CC=C1/N=N/C2=C(C)C(Cl)=CC=C2,329.0,50.0,,,Photoswitch_Experimental,M01_Photoswitch_Dataset,Experimental,PS_M01_163
CC1=CC(Cl)=CC=C1/N=N/C2=C(C)C=C(Cl)C=C2,346.0,50.0,,,Photoswitch_Experimental,M01_Photoswitch_Dataset,Experimental,PS_M01_164
BrC1=CC(Br)=CC(Br)=C1/N=N/C2=C(Br)C=C(Br)C=C2Br,302.0,50.0,,,Photoswitch_Experimental,M01_Photoswitch_Dataset,Experimental,PS_M01_165
CC1=CC(C)=CC(C)=C1/N=N/C2=C(C)C=C(C)C=C2C,325.0,50.0,,,Photoswitch_Experimental,M01_Photoswitch_Dataset,Experimental,PS_M01_166
CCN(CC)C(C=C1)=CC=C1/N=N/C2=C(C#N)C=CC=C2,462.0,50.0,,,Photoswitch_Experimental,M01_Photoswitch_Dataset,Experimental,PS_M01_167
CN(C)C(C=C1)=CC=C1/N=N/C2=C(C(O)=O)C=CC=C2,410.0,50.0,,,Photoswitch_Experimental,M01_Photoswitch_Dataset,Experimental,PS_M01_168
NC1=C(/N=N/C2=CC=CC=C2)C=CC(N)=C1,411.0,50.0,,,Photoswitch_Experimental,M01_Photoswitch_Dataset,Experimental,PS_M01_169
O=[N+]([O-])C1=C(/N=N/C2=C([N+]([O-])=O)C=CC=C2)C=CC=C1,323.0,50.0,,,Photoswitch_Experimental,M01_Photoswitch_Dataset,Experimental,PS_M01_170
OC(C=C(O)C=C1)=C1/N=N/C2=CC=CC=C2,400.0,50.0,,,Photoswitch_Experimental,M01_Photoswitch_Dataset,Experimental,PS_M01_171
OC(C=CC(C)=C1)=C1/N=N/C2=CC=CC=C2,330.0,50.0,,,Photoswitch_Experimental,M01_Photoswitch_Dataset,Experimental,PS_M01_172
CCN(CC)C1=CC=C(/N=N/C2=CC(C#N)=CC=C2)C=C1,446.0,50.0,,,Photoswitch_Experimental,M01_Photoswitch_Dataset,Experimental,PS_M01_173
O=[N+]([O-])C1=CC=CC(/N=N/C2=CC([N+]([O-])=O)=CC=C2)=C1,311.0,50.0,,,Photoswitch_Experimental,M01_Photoswitch_Dataset,Experimental,PS_M01_174
BrC(C=C1)=CC=C1/N=N/C2=CC=C(N(C)C)C=C2,419.0,50.0,,,Photoswitch_Experimental,M01_Photoswitch_Dataset,Experimental,PS_M01_175
ClC(C=C1)=CC=C1/N=N/C2=CC=C(N(C)C)C=C2,416.0,50.0,,,Photoswitch_Experimental,M01_Photoswitch_Dataset,Experimental,PS_M01_176
CN(C)C1=CC=C(/N=N/C2=CC=C(C(F)(F)F)C=C2)C=C1,427.0,50.0,,,Photoswitch_Experimental,M01_Photoswitch_Dataset,Experimental,PS_M01_177
CCN(CC)C1=CC=C(/N=N/C2=CC=C(C#N)C=C2)C=C1,466.0,50.0,,,Photoswitch_Experimental,M01_Photoswitch_Dataset,Experimental,PS_M01_178
CN(C)C1=CC=C(/N=N/C2=CC=C(C(OC)=O)C=C2)C=C1,442.0,50.0,,,Photoswitch_Experimental,M01_Photoswitch_Dataset,Experimental,PS_M01_179
FC(C=C1)=CC=C1/N=N/C2=CC=C(N(C)C)C=C2,407.0,50.0,,,Photoswitch_Experimental,M01_Photoswitch_Dataset,Experimental,PS_M01_180
CC(C=C1)=CC=C1/N=N/C2=CC=C(N(C)C)C=C2,400.0,50.0,,,Photoswitch_Experimental,M01_Photoswitch_Dataset,Experimental,PS_M01_181
CC(C=C1)=CC=C1/N=N/C2=CC=C(N(CC)CC)C=C2,411.0,50.0,,,Photoswitch_Experimental,M01_Photoswitch_Dataset,Experimental,PS_M01_182
CCN(CC)C1=CC=C(/N=N/C2=CC=C(N(CC)CC)C=C2)C=C1,426.0,50.0,,,Photoswitch_Experimental,M01_Photoswitch_Dataset,Experimental,PS_M01_183
NC1=CC=C(/N=N/C2=CC=C(N(CC)CC)C=C2)C=C1,412.0,50.0,,,Photoswitch_Experimental,M01_Photoswitch_Dataset,Experimental,PS_M01_184
CN(C)C1=CC=C(/N=N/C2=CC=C(N(CC)CC)C=C2)C=C1,420.0,50.0,,,Photoswitch_Experimental,M01_Photoswitch_Dataset,Experimental,PS_M01_185
CCN(CC)C(C=C1)=CC=C1/N=N/C2=CC=C([N+]([O-])=O)C=C2,482.0,50.0,,,Photoswitch_Experimental,M01_Photoswitch_Dataset,Experimental,PS_M01_186
O=[N+]([O-])C1=CC=C(/N=N/C2=CC=C(NCCC#N)C=C2)C=C1,455.0,50.0,,,Photoswitch_Experimental,M01_Photoswitch_Dataset,Experimental,PS_M01_187
OCCNC(C=C1)=CC=C1/N=N/C2=CC=C([N+]([O-])=O)C=C2,503.0,50.0,,,Photoswitch_Experimental,M01_Photoswitch_Dataset,Experimental,PS_M01_188
NC1=CC=C(/N=N/C2=CC=C(N(C)C)C=C2)C=C1,410.0,50.0,,,Photoswitch_Experimental,M01_Photoswitch_Dataset,Experimental,PS_M01_189
NC1=CC=C(/N=N/C2=CC=C([N+]([O-])=O)C=C2)C=C1,441.0,50.0,,,Photoswitch_Experimental,M01_Photoswitch_Dataset,Experimental,PS_M01_190
CN(C)C(C=C1)=CC=C1/N=N/C2=CC=C(N(C)C)C=C2,455.0,50.0,,,Photoswitch_Experimental,M01_Photoswitch_Dataset,Experimental,PS_M01_191
CN(C)C(C=C1)=CC=C1/N=N/C2=CC=CC=C2[N+]([O-])=O,440.0,50.0,,,Photoswitch_Experimental,M01_Photoswitch_Dataset,Experimental,PS_M01_192
CN(C)C(C=C1)=CC=C1/N=N/C2=CC=CC([N+]([O-])=O)=C2,420.0,50.0,,,Photoswitch_Experimental,M01_Photoswitch_Dataset,Experimental,PS_M01_193
CN(C)C(C=C1)=CC=C1/N=N/C2=CC=C([N+]([O-])=O)C=C2,473.0,50.0,,,Photoswitch_Experimental,M01_Photoswitch_Dataset,Experimental,PS_M01_194
O=[N+]([O-])C(C=C1)=CC=C1/N=N/C2=CC=C(NC3=CC=CC=C3)C=C2,483.0,50.0,,,Photoswitch_Experimental,M01_Photoswitch_Dataset,Experimental,PS_M01_195
O=[N+]([O-])C1=CC=C(/N=N/C2=CC=C(C=C2)[N+]([O-])=O)C=C1,335.0,50.0,,,Photoswitch_Experimental,M01_Photoswitch_Dataset,Experimental,PS_M01_196
OC1=CC=C(/N=N/C2=CC=C(C=C2)[N+]([O-])=O)C=C1,382.0,50.0,,,Photoswitch_Experimental,M01_Photoswitch_Dataset,Experimental,PS_M01_197
OC1=CC=C(/N=N/C2=CC=C(C=C2)O)C=C1,355.0,50.0,,,Photoswitch_Experimental,M01_Photoswitch_Dataset,Experimental,PS_M01_198
CC1=C(/N=N/C2=C(C)C=C(C=C2)N(C)C)C=CC=C1,400.0,50.0,,,Photoswitch_Experimental,M01_Photoswitch_Dataset,Experimental,PS_M01_199
OC1=C(/N=N/C2=CC(C)=CC(C)=C2)C=CC=C1,332.0,50.0,,,Photoswitch_Experimental,M01_Photoswitch_Dataset,Experimental,PS_M01_200
OC1=C(/N=N/C2=CC=C(NC(C)=O)C=C2)C=C(C)C=C1,357.0,50.0,,,Photoswitch_Experimental,M01_Photoswitch_Dataset,Experimental,PS_M01_201
OC1=C(C(O)=O)C=C(/N=N/C2=CC=C([N+]([O-])=O)C=C2)C=C1,385.0,50.0,,,Photoswitch_Experimental,M01_Photoswitch_Dataset,Experimental,PS_M01_202
OC(C=C1)=CC=C1/N=N/C2=CC(C)=CC(C)=C2,351.0,50.0,,,Photoswitch_Experimental,M01_Photoswitch_Dataset,Experimental,PS_M01_203
CCN(CC)C(C=C1)=CC=C1/N=N/C2=C(C#N)C=C(C#N)C=C2,515.0,50.0,,,Photoswitch_Experimental,M01_Photoswitch_Dataset,Experimental,PS_M01_204
CCN(CC)C(C=C1)=CC=C1/N=N/C2=C(C#N)C=CC(C#N)=C2,495.0,50.0,,,Photoswitch_Experimental,M01_Photoswitch_Dataset,Experimental,PS_M01_205
CCN(CC)C(C=C1)=CC=C1/N=N/C2=C(C#N)C=CC=C2C#N,503.0,50.0,,,Photoswitch_Experimental,M01_Photoswitch_Dataset,Experimental,PS_M01_206
CCN(CC)C(C=C1)=CC=C1/N=N/C2=CC(C#N)=C(C#N)C=C2,500.0,50.0,,,Photoswitch_Experimental,M01_Photoswitch_Dataset,Experimental,PS_M01_207
CCN(CC)C(C=C1)=CC=C1/N=N/C2=CC(C#N)=CC(C#N)=C2,478.0,50.0,,,Photoswitch_Experimental,M01_Photoswitch_Dataset,Experimental,PS_M01_208
OC1=C(/N=N/C2=CC=C([N+]([O-])=O)C=C2)C=CC(O)=C1,432.0,50.0,,,Photoswitch_Experimental,M01_Photoswitch_Dataset,Experimental,PS_M01_209
CC1=C(/N=N/C2=CC=C(N(C)C)C=C2C)C=CC(Cl)=C1,411.0,50.0,,,Photoswitch_Experimental,M01_Photoswitch_Dataset,Experimental,PS_M01_210
CC1=C(/N=N/C2=CC=C(N(C)C)C=C2C)C=CC([N+]([O-])=O)=C1,452.0,50.0,,,Photoswitch_Experimental,M01_Photoswitch_Dataset,Experimental,PS_M01_211
CC1=C(/N=N/C2=CC=C(N(C)C)C=C2C)C=C([N+]([O-])=O)C=C1,425.0,50.0,,,Photoswitch_Experimental,M01_Photoswitch_Dataset,Experimental,PS_M01_212
CC1=C(/N=N/C2=CC=C(N(C)C)C=C2C)C=CC(C)=C1,399.0,50.0,,,Photoswitch_Experimental,M01_Photoswitch_Dataset,Experimental,PS_M01_213
CC1=CC(N(CC)CC)=CC=C1/N=N/C2=C(C#N)C=C(C#N)C=C2C#N,562.0,50.0,,,Photoswitch_Experimental,M01_Photoswitch_Dataset,Experimental,PS_M01_214
OC1=C([N+]([O-])=O)C=C([N+]([O-])=O)C=C1/N=N/C2=C(O)C=CC(C)=C2,400.0,50.0,,,Photoswitch_Experimental,M01_Photoswitch_Dataset,Experimental,PS_M01_215
OC(C([N+]([O-])=O)=CC([N+]([O-])=O)=C1)=C1/N=N/C2=CC(C)=CC(NC(C)=O)=C2O,400.0,50.0,,,Photoswitch_Experimental,M01_Photoswitch_Dataset,Experimental,PS_M01_216
OC(C([N+]([O-])=O)=CC([N+]([O-])=O)=C1)=C1/N=N/C2=CC(Cl)=C(N)C=C2N,492.0,50.0,,,Photoswitch_Experimental,M01_Photoswitch_Dataset,Experimental,PS_M01_217
CC1=C([N+]([O-])=O)C(C)=CC(/N=N/C2=CC(C)=C(N(C)C)C(C)=C2)=C1,382.0,50.0,,,Photoswitch_Experimental,M01_Photoswitch_Dataset,Experimental,PS_M01_218
[H]C1=C(N2CCOCC2)C=CC(/N=N/C3=CC=C(N4CCOCC4)C([H])=C3)=C1,402.0,50.0,,,Photoswitch_Experimental,M01_Photoswitch_Dataset,Experimental,PS_M01_219
[H]C5=C(N6CCCCC6)C=CC(/N=N/C7=CC=C(N8CCCCC8)C([H])=C7)=C5,410.0,50.0,,,Photoswitch_Experimental,M01_Photoswitch_Dataset,Experimental,PS_M01_220
[H]C9=C(N%10CCCC%10)C=CC(/N=N/C%11=CC=C(N%12CCCC%12)C([H])=C%11)=C9,431.0,50.0,,,Photoswitch_Experimental,M01_Photoswitch_Dataset,Experimental,PS_M01_221
CC%13=C(N%14CCCC%14)C=CC(/N=N/C%15=CC=C(N%16CCCC%16)C(C)=C%15)=C%13,406.0,50.0,,,Photoswitch_Experimental,M01_Photoswitch_Dataset,Experimental,PS_M01_222
COC%17=CC(/N=N/C%18=CC(OC)=C(N%19CCCC%19)C=C%18)=CC=C%17N%20CCCC%20,452.0,50.0,,,Photoswitch_Experimental,M01_Photoswitch_Dataset,Experimental,PS_M01_223
CCN(CC)C(C=C%21)=CC=C%21/N=N/C%22=CC=C(N%23CCOCC%23)C([H])=C%22,417.0,50.0,,,Photoswitch_Experimental,M01_Photoswitch_Dataset,Experimental,PS_M01_224
CCN(CC)C(C=C%24)=CC=C%24/N=N/C%25=CC=C(N%26CCCCC%26)C([H])=C%25,420.0,50.0,,,Photoswitch_Experimental,M01_Photoswitch_Dataset,Experimental,PS_M01_225
CCN(CC)C(C=C%27)=CC=C%27/N=N/C%28=CC=C(N%29CCOCC%29)C(C)=C%28,412.0,50.0,,,Photoswitch_Experimental,M01_Photoswitch_Dataset,Experimental,PS_M01_226
CCN(CC)C(C=C%30)=CC=C%30/N=N/C%31=CC=C(N%32CCOCC%32)C(OC)=C%31,422.0,50.0,,,Photoswitch_Experimental,M01_Photoswitch_Dataset,Experimental,PS_M01_227
[H]C1=CC([N+]([O-])=O)=CC([H])=C1/N=N/C2=CC([H])=C(C=C2OC)N(CC)CC,501.0,50.0,,,Photoswitch_Experimental,M01_Photoswitch_Dataset,Experimental,PS_M01_228
NC1=C(OC)C=C(/N=N/C2=C([H])C=C([N+]([O-])=O)C=C2[H])C([H])=C1,488.0,50.0,,,Photoswitch_Experimental,M01_Photoswitch_Dataset,Experimental,PS_M01_229
[H]C1=CC([N+]([O-])=O)=CC([H])=C1/N=N/C2=CC([H])=C(C=C2[H])N(CC)CC,489.0,50.0,,,Photoswitch_Experimental,M01_Photoswitch_Dataset,Experimental,PS_M01_230
[H]C1=CC([N+]([O-])=O)=CC(Cl)=C1/N=N/C2=CC([H])=C(C=C2[H])N(CC)CC,512.0,50.0,,,Photoswitch_Experimental,M01_Photoswitch_Dataset,Experimental,PS_M01_231
[H]C1=CC([N+]([O-])=O)=CC([N+]([O-])=O)=C1/N=N/C2=CC([H])=C(C=C2[H])N(CC)CC,532.0,50.0,,,Photoswitch_Experimental,M01_Photoswitch_Dataset,Experimental,PS_M01_232
[H]C1=CC([N+]([O-])=O)=CC(C#N)=C1/N=N/C2=CC([H])=C(C=C2[H])N(CC)CC,542.0,50.0,,,Photoswitch_Experimental,M01_Photoswitch_Dataset,Experimental,PS_M01_233
BrC1=CC([N+]([O-])=O)=CC([N+]([O-])=O)=C1/N=N/C2=CC([H])=C(C=C2[H])N(CC)CC,540.0,50.0,,,Photoswitch_Experimental,M01_Photoswitch_Dataset,Experimental,PS_M01_234
ClC1=CC([N+]([O-])=O)=CC(C#N)=C1/N=N/C2=CC([H])=C(C=C2[H])N(CC)CC,551.0,50.0,,,Photoswitch_Experimental,M01_Photoswitch_Dataset,Experimental,PS_M01_235
[H]C1=C(C=C([H])C(/N=N/C2=C(C#N)C=C([N+]([O-])=O)C=C2C#N)=C1)N(CC)CC,592.0,50.0,,,Photoswitch_Experimental,M01_Photoswitch_Dataset,Experimental,PS_M01_236
[H]C3=CC([N+]([O-])=O)=CC(Cl)=C3/N=N/C4=CC([H])=C(C=C4OC)N(CC)CC,526.0,50.0,,,Photoswitch_Experimental,M01_Photoswitch_Dataset,Experimental,PS_M01_238
[H]C5=CC([N+]([O-])=O)=CC([N+]([O-])=O)=C5/N=N/C6=CC([H])=C(C=C6OC)N(CC)CC,545.0,50.0,,,Photoswitch_Experimental,M01_Photoswitch_Dataset,Experimental,PS_M01_239
[H]C7=CC([N+]([O-])=O)=CC(C#N)=C7/N=N/C8=CC([H])=C(C=C8OC)N(CC)CC,555.0,50.0,,,Photoswitch_Experimental,M01_Photoswitch_Dataset,Experimental,PS_M01_240
BrC9=CC([N+]([O-])=O)=CC([N+]([O-])=O)=C9/N=N/C%10=CC([H])=C(C=C%10OC)N(CC)CC,554.0,50.0,,,Photoswitch_Experimental,M01_Photoswitch_Dataset,Experimental,PS_M01_241
ClC%11=CC([N+]([O-])=O)=CC(C#N)=C%11/N=N/C%12=CC([H])=C(C=C%12OC)N(CC)CC,565.0,50.0,,,Photoswitch_Experimental,M01_Photoswitch_Dataset,Experimental,PS_M01_242
[H]C%13=C(C=C(OC)C(/N=N/C%14=C(C#N)C=C([N+]([O-])=O)C=C%14C#N)=C%13)N(CC)CC,601.0,50.0,,,Photoswitch_Experimental,M01_Photoswitch_Dataset,Experimental,PS_M01_243
[H]C1=CC([N+]([O-])=O)=CC([H])=C1/N=N/C2=CC(OC)=C(C=C2)N(CC)CC,492.0,50.0,,,Photoswitch_Experimental,M01_Photoswitch_Dataset,Experimental,PS_M01_244
[H]C3=CC([N+]([O-])=O)=CC(Cl)=C3/N=N/C4=CC(OC)=C(C=C4)N(CC)CC,518.0,50.0,,,Photoswitch_Experimental,M01_Photoswitch_Dataset,Experimental,PS_M01_245
[H]C5=CC([N+]([O-])=O)=CC([N+]([O-])=O)=C5/N=N/C6=CC(OC)=C(C=C6)N(CC)CC,540.0,50.0,,,Photoswitch_Experimental,M01_Photoswitch_Dataset,Experimental,PS_M01_246
[H]C7=CC([N+]([O-])=O)=CC(C#N)=C7/N=N/C8=CC(OC)=C(C=C8)N(CC)CC,555.0,50.0,,,Photoswitch_Experimental,M01_Photoswitch_Dataset,Experimental,PS_M01_247
BrC9=CC([N+]([O-])=O)=CC([N+]([O-])=O)=C9/N=N/C%10=CC(OC)=C(C=C%10)N(CC)CC,549.0,50.0,,,Photoswitch_Experimental,M01_Photoswitch_Dataset,Experimental,PS_M01_248
ClC%11=CC([N+]([O-])=O)=CC(C#N)=C%11/N=N/C%12=CC(OC)=C(C=C%12)N(CC)CC,573.0,50.0,,,Photoswitch_Experimental,M01_Photoswitch_Dataset,Experimental,PS_M01_249
CCN(C%13=C(OC)C=C(/N=N/C%14=C(C#N)C=C([N+]([O-])=O)C=C%14C#N)C=C%13)CC,623.0,50.0,,,Photoswitch_Experimental,M01_Photoswitch_Dataset,Experimental,PS_M01_250
CC(C=C(N(CCC#N)CCO)C=C1)=C1/N=N/C2=CC=CC=C2,403.0,50.0,,,Photoswitch_Experimental,M01_Photoswitch_Dataset,Experimental,PS_M01_251
CC(C=C(N(CCC#N)CCO)C=C1)=C1/N=N/C2=CC=CC=C2[N+]([O-])=O,429.0,50.0,,,Photoswitch_Experimental,M01_Photoswitch_Dataset,Experimental,PS_M01_252
CC(C=C(N(CCC#N)CCO)C=C1)=C1/N=N/C2=CC=CC([N+]([O-])=O)=C2,424.0,50.0,,,Photoswitch_Experimental,M01_Photoswitch_Dataset,Experimental,PS_M01_253
CC(C=C(N(CCC#N)CCO)C=C1)=C1/N=N/C2=CC=C([N+]([O-])=O)C=C2,461.0,50.0,,,Photoswitch_Experimental,M01_Photoswitch_Dataset,Experimental,PS_M01_254
CC(C=C(N(CCC#N)CCO)C=C1)=C1/N=N/C2=CC=CC=C2Br,417.0,50.0,,,Photoswitch_Experimental,M01_Photoswitch_Dataset,Experimental,PS_M01_255
CC(C=C(N(CCC#N)CCO)C=C1)=C1/N=N/C2=CC=CC(Br)=C2,414.0,50.0,,,Photoswitch_Experimental,M01_Photoswitch_Dataset,Experimental,PS_M01_256
CC(C=C(N(CCC#N)CCO)C=C1)=C1/N=N/C2=CC=CC=C2Cl,412.0,50.0,,,Photoswitch_Experimental,M01_Photoswitch_Dataset,Experimental,PS_M01_257
CC(C=C(N(CCC#N)CCO)C=C1)=C1/N=N/C2=CC=CC(Cl)=C2,410.0,50.0,,,Photoswitch_Experimental,M01_Photoswitch_Dataset,Experimental,PS_M01_258
CC(C=C(N(CCC#N)CCO)C=C1)=C1/N=N/C2=CC=C(Cl)C=C2,413.0,50.0,,,Photoswitch_Experimental,M01_Photoswitch_Dataset,Experimental,PS_M01_259
CC(C=C(N(CCC#N)CCO)C=C1)=C1/N=N/C2=C(F)C=CC=C2,417.0,50.0,,,Photoswitch_Experimental,M01_Photoswitch_Dataset,Experimental,PS_M01_260
CC(C=C(N(CCC#N)CCO)C=C1)=C1/N=N/C2=CC(F)=CC=C2,415.0,50.0,,,Photoswitch_Experimental,M01_Photoswitch_Dataset,Experimental,PS_M01_261
CC(C=C(N(CCC#N)CCO)C=C1)=C1/N=N/C2=C(C(F)(F)F)C=CC=C2,419.0,50.0,,,Photoswitch_Experimental,M01_Photoswitch_Dataset,Experimental,PS_M01_262
CC(C=C(N(CCC#N)CCO)C=C1)=C1/N=N/C2=CC(C(F)(F)F)=CC=C2,418.0,50.0,,,Photoswitch_Experimental,M01_Photoswitch_Dataset,Experimental,PS_M01_263
CC(C=C(N(CCC#N)CCO)C=C1)=C1/N=N/C2=CC=C(C(F)(F)F)C=C2,421.0,50.0,,,Photoswitch_Experimental,M01_Photoswitch_Dataset,Experimental,PS_M01_264
CC(C=C(N(CCC#N)CCO)C=C1)=C1/N=N/C2=C(C#N)C=CC=C2,438.0,50.0,,,Photoswitch_Experimental,M01_Photoswitch_Dataset,Experimental,PS_M01_265
CC(C=C(N(CCC#N)CCO)C=C1)=C1/N=N/C2=CC=C(C#N)C=C2,437.0,50.0,,,Photoswitch_Experimental,M01_Photoswitch_Dataset,Experimental,PS_M01_266
CC(C=C(N(CCC#N)CCO)C=C1)=C1/N=N/C2=C(OC)C=CC=C2,409.0,50.0,,,Photoswitch_Experimental,M01_Photoswitch_Dataset,Experimental,PS_M01_267
CC(C=C(N(CCC#N)CCO)C=C1)=C1/N=N/C2=CC(OC)=CC=C2,407.0,50.0,,,Photoswitch_Experimental,M01_Photoswitch_Dataset,Experimental,PS_M01_268
CC(C=C(N(CCC#N)CCO)C=C1)=C1/N=N/C2=C(C)C=CC=C2,405.0,50.0,,,Photoswitch_Experimental,M01_Photoswitch_Dataset,Experimental,PS_M01_269
CC(C=C(N(CCC#N)CCO)C=C1)=C1/N=N/C2=CC(C)=CC=C2,402.0,50.0,,,Photoswitch_Experimental,M01_Photoswitch_Dataset,Experimental,PS_M01_270
CC(C=C(N(CCC#N)CCO)C=C1)=C1/N=N/C2=CC=C(C)C=C2,402.0,50.0,,,Photoswitch_Experimental,M01_Photoswitch_Dataset,Experimental,PS_M01_271
CC(C=C(N(CCC#N)CCO)C=C1)=C1/N=N/C2=CC(C(O)C)=CC=C2,405.0,50.0,,,Photoswitch_Experimental,M01_Photoswitch_Dataset,Experimental,PS_M01_272
CC(C=C(N(CCC#N)CCO)C=C1)=C1/N=N/C2=CC=C(S(=O)(C)=O)C=C2,434.0,50.0,,,Photoswitch_Experimental,M01_Photoswitch_Dataset,Experimental,PS_M01_273
CC(C=C(N(CCC#N)CCO)C=C1)=C1/N=N/C2=CC=C(C(C)=O)C=C2,412.0,50.0,,,Photoswitch_Experimental,M01_Photoswitch_Dataset,Experimental,PS_M01_274
N#CCCNC(C=C1)=CC=C1/N=N/C2=CC=CC=C2,396.0,50.0,,,Photoswitch_Experimental,M01_Photoswitch_Dataset,Experimental,PS_M01_275
N#CCCNC(C=C1)=CC=C1/N=N/C2=CC=CC=C2[N+]([O-])=O,422.0,50.0,,,Photoswitch_Experimental,M01_Photoswitch_Dataset,Experimental,PS_M01_276
N#CCCNC(C=C1)=CC=C1/N=N/C2=CC=CC([N+]([O-])=O)=C2,418.0,50.0,,,Photoswitch_Experimental,M01_Photoswitch_Dataset,Experimental,PS_M01_277
ClC1=CC=CC=C1/N=N/C2=CC=C(NCCC#N)C=C2,408.0,50.0,,,Photoswitch_Experimental,M01_Photoswitch_Dataset,Experimental,PS_M01_278
ClC1=CC(/N=N/C2=CC=C(NCCC#N)C=C2)=CC=C1,408.0,50.0,,,Photoswitch_Experimental,M01_Photoswitch_Dataset,Experimental,PS_M01_279
ClC1=CC=C(/N=N/C2=CC=C(NCCC#N)C=C2)C=C1,404.0,50.0,,,Photoswitch_Experimental,M01_Photoswitch_Dataset,Experimental,PS_M01_280
FC1=CC=CC=C1/N=N/C2=CC=C(NCCC#N)C=C2,404.0,50.0,,,Photoswitch_Experimental,M01_Photoswitch_Dataset,Experimental,PS_M01_281
FC1=CC(/N=N/C2=CC=C(NCCC#N)C=C2)=CC=C1,406.0,50.0,,,Photoswitch_Experimental,M01_Photoswitch_Dataset,Experimental,PS_M01_282
FC1=CC=C(/N=N/C2=CC=C(NCCC#N)C=C2)C=C1,398.0,50.0,,,Photoswitch_Experimental,M01_Photoswitch_Dataset,Experimental,PS_M01_283
N#CCCNC(C=C1)=CC=C1/N=N/C2=CC=C(C(F)(F)F)C=C2,411.0,50.0,,,Photoswitch_Experimental,M01_Photoswitch_Dataset,Experimental,PS_M01_284
N#CCCNC(C=C1)=CC=C1/N=N/C2=CC=CC=C2C#N,429.0,50.0,,,Photoswitch_Experimental,M01_Photoswitch_Dataset,Experimental,PS_M01_285
N#CCCNC(C=C1)=CC=C1/N=N/C2=CC=C(C#N)C=C2,428.0,50.0,,,Photoswitch_Experimental,M01_Photoswitch_Dataset,Experimental,PS_M01_286
N#CCCNC(C=C1)=CC=C1/N=N/C2=CC=CC=C2OC,394.0,50.0,,,Photoswitch_Experimental,M01_Photoswitch_Dataset,Experimental,PS_M01_287
N#CCCNC(C=C1)=CC=C1/N=N/C2=CC=CC(OC)=C2,394.0,50.0,,,Photoswitch_Experimental,M01_Photoswitch_Dataset,Experimental,PS_M01_288
N#CCCNC(C=C1)=CC=C1/N=N/C2=CC=C(OC)C=C2,395.0,50.0,,,Photoswitch_Experimental,M01_Photoswitch_Dataset,Experimental,PS_M01_289
CC1=CC=CC=C1/N=N/C2=CC=C(NCCC#N)C=C2,400.0,50.0,,,Photoswitch_Experimental,M01_Photoswitch_Dataset,Experimental,PS_M01_290
CC1=CC(/N=N/C2=CC=C(NCCC#N)C=C2)=CC=C1,400.0,50.0,,,Photoswitch_Experimental,M01_Photoswitch_Dataset,Experimental,PS_M01_291
CC1=CC=C(/N=N/C2=CC=C(NCCC#N)C=C2)C=C1,395.0,50.0,,,Photoswitch_Experimental,M01_Photoswitch_Dataset,Experimental,PS_M01_292
OCCC1=CC=CC=C1/N=N/C2=CC=C(NCCC#N)C=C2,399.0,50.0,,,Photoswitch_Experimental,M01_Photoswitch_Dataset,Experimental,PS_M01_293
CC(O)C1=CC(/N=N/C2=CC=C(NCCC#N)C=C2)=CC=C1,396.0,50.0,,,Photoswitch_Experimental,M01_Photoswitch_Dataset,Experimental,PS_M01_294
OCCC1=CC=C(/N=N/C2=CC=C(NCCC#N)C=C2)C=C1,396.0,50.0,,,Photoswitch_Experimental,M01_Photoswitch_Dataset,Experimental,PS_M01_295
O=C(C)NC1=CC=C(/N=N/C2=CC=C(NCCC#N)C=C2)C=C1,403.0,50.0,,,Photoswitch_Experimental,M01_Photoswitch_Dataset,Experimental,PS_M01_296
[H]N(C)C(C=C1)=CC=C1/N=N/C2=CC=CC=C2,400.0,50.0,,,Photoswitch_Experimental,M01_Photoswitch_Dataset,Experimental,PS_M01_297
[H]N(CC)C(C=C3)=CC=C3/N=N/C4=CC=CC=C4,400.0,50.0,,,Photoswitch_Experimental,M01_Photoswitch_Dataset,Experimental,PS_M01_298
[H]N(CCO)C(C=C5)=CC=C5/N=N/C6=CC=CC=C6,398.0,50.0,,,Photoswitch_Experimental,M01_Photoswitch_Dataset,Experimental,PS_M01_299
[H]N(CCC#N)C(C=C7)=CC=C7/N=N/C8=CC=CC=C8,390.0,50.0,,,Photoswitch_Experimental,M01_Photoswitch_Dataset,Experimental,PS_M01_300
CC9=CC(NCCC#N)=CC=C9/N=N/C%10=CC=CC=C%10,396.0,50.0,,,Photoswitch_Experimental,M01_Photoswitch_Dataset,Experimental,PS_M01_301
OCCN(CCO)C(C=C%11)=CC=C%11/N=N/C%12=CC=CC=C%12,407.0,50.0,,,Photoswitch_Experimental,M01_Photoswitch_Dataset,Experimental,PS_M01_302
OCCN(CCC#N)C(C=C%13)=CC=C%13/N=N/C%14=CC=CC=C%14,397.0,50.0,,,Photoswitch_Experimental,M01_Photoswitch_Dataset,Experimental,PS_M01_303
CC%15=CC(N(CCO)CCC#N)=CC=C%15/N=N/C%16=CC=CC=C%16,403.0,50.0,,,Photoswitch_Experimental,M01_Photoswitch_Dataset,Experimental,PS_M01_304
CN(CCC#N)C(C=C%17)=CC=C%17/N=N/C%18=CC=CC=C%18,396.0,50.0,,,Photoswitch_Experimental,M01_Photoswitch_Dataset,Experimental,PS_M01_305
CCN(CCC#N)C(C=C%19)=CC=C%19/N=N/C%20=CC=CC=C%20,399.0,50.0,,,Photoswitch_Experimental,M01_Photoswitch_Dataset,Experimental,PS_M01_306
CCN(CCC#N)C(C=C%21C)=CC=C%21/N=N/C%22=CC=CC=C%22,404.0,50.0,,,Photoswitch_Experimental,M01_Photoswitch_Dataset,Experimental,PS_M01_307
N#CCCN(CCC#N)C(C=C%23)=CC=C%23/N=N/C%24=CC=CC=C%24,382.0,50.0,,,Photoswitch_Experimental,M01_Photoswitch_Dataset,Experimental,PS_M01_308
CC1=CC(N(CCC#N)CCC#N)=CC=C1/N=N/C2=CC=CC=C2,392.0,50.0,,,Photoswitch_Experimental,M01_Photoswitch_Dataset,Experimental,PS_M01_309
[H]N(C)C(C=C1)=CC=C1/N=N/C2=CC=C([N+]([O-])=O)C=C2,464.0,50.0,,,Photoswitch_Experimental,M01_Photoswitch_Dataset,Experimental,PS_M01_310
[H]N(CC)C(C=C3)=CC=C3/N=N/C4=CC=C([N+]([O-])=O)C=C4,468.0,50.0,,,Photoswitch_Experimental,M01_Photoswitch_Dataset,Experimental,PS_M01_311
[H]N(CCO)C(C=C5)=CC=C5/N=N/C6=CC=C([N+]([O-])=O)C=C6,463.0,50.0,,,Photoswitch_Experimental,M01_Photoswitch_Dataset,Experimental,PS_M01_312
[H]N(CCC#N)C(C=C7)=CC=C7/N=N/C8=CC=C([N+]([O-])=O)C=C8,443.0,50.0,,,Photoswitch_Experimental,M01_Photoswitch_Dataset,Experimental,PS_M01_313
CC9=CC(NCCC#N)=CC=C9/N=N/C%10=CC=C([N+]([O-])=O)C=C%10,451.0,50.0,,,Photoswitch_Experimental,M01_Photoswitch_Dataset,Experimental,PS_M01_314
OCCN(CCO)C(C=C%11)=CC=C%11/N=N/C%12=CC=C([N+]([O-])=O)C=C%12,475.0,50.0,,,Photoswitch_Experimental,M01_Photoswitch_Dataset,Experimental,PS_M01_315
OCCN(CCC#N)C(C=C%13)=CC=C%13/N=N/C%14=CC=C([N+]([O-])=O)C=C%14,451.0,50.0,,,Photoswitch_Experimental,M01_Photoswitch_Dataset,Experimental,PS_M01_316
CC%15=CC(N(CCO)CCC#N)=CC=C%15/N=N/C%16=CC=C([N+]([O-])=O)C=C%16,461.0,50.0,,,Photoswitch_Experimental,M01_Photoswitch_Dataset,Experimental,PS_M01_317
CN(CCC#N)C(C=C%17)=CC=C%17/N=N/C%18=CC=C([N+]([O-])=O)C=C%18,448.0,50.0,,,Photoswitch_Experimental,M01_Photoswitch_Dataset,Experimental,PS_M01_318
CCN(CCC#N)C(C=C%19)=CC=C%19/N=N/C%20=CC=C([N+]([O-])=O)C=C%20,452.0,50.0,,,Photoswitch_Experimental,M01_Photoswitch_Dataset,Experimental,PS_M01_319
CCN(CCC#N)C(C=C%21C)=CC=C%21/N=N/C%22=CC=C([N+]([O-])=O)C=C%22,463.0,50.0,,,Photoswitch_Experimental,M01_Photoswitch_Dataset,Experimental,PS_M01_320
N#CCCN(CCC#N)C(C=C%23)=CC=C%23/N=N/C%24=CC=C([N+]([O-])=O)C=C%24,432.0,50.0,,,Photoswitch_Experimental,M01_Photoswitch_Dataset,Experimental,PS_M01_321
CC1=CC(N(CCC#N)CCC#N)=CC=C1/N=N/C2=CC=C([N+]([O-])=O)C=C2,441.0,50.0,,,Photoswitch_Experimental,M01_Photoswitch_Dataset,Experimental,PS_M01_322
COC(S1)=CC=C1/N=N/C2=CC=CC=C2,394.0,50.0,,,Photoswitch_Experimental,M01_Photoswitch_Dataset,Experimental,PS_M01_323
COC(S1)=CC=C1/N=N/C2=CC=C(C#N)C=C2,413.0,50.0,,,Photoswitch_Experimental,M01_Photoswitch_Dataset,Experimental,PS_M01_324
CC(S1)=CC=C1/N=N/C2=CC=C(C#N)C=C2,387.0,50.0,,,Photoswitch_Experimental,M01_Photoswitch_Dataset,Experimental,PS_M01_325
CC(S1)=CC=C1/N=N/C2=CC=C(C(F)(F)F)C=C2,378.0,50.0,,,Photoswitch_Experimental,M01_Photoswitch_Dataset,Experimental,PS_M01_326
N#CC(S1)=CC=C1/N=N/C2=CC=CC=C2,367.0,50.0,,,Photoswitch_Experimental,M01_Photoswitch_Dataset,Experimental,PS_M01_327
COC1=CC=C(/N=N/C2=CC=CS2)C=C1,373.0,50.0,,,Photoswitch_Experimental,M01_Photoswitch_Dataset,Experimental,PS_M01_328
N#CC1=CC=C(/N=N/C2=CC=CS2)C=C1,370.0,50.0,,,Photoswitch_Experimental,M01_Photoswitch_Dataset,Experimental,PS_M01_329
FC(F)(F)C1=CC=C(/N=N/C2=CC=CS2)C=C1,362.0,50.0,,,Photoswitch_Experimental,M01_Photoswitch_Dataset,Experimental,PS_M01_330
COC1=CC(/N=N/C2=CC=CS2)=CC=C1,364.0,50.0,,,Photoswitch_Experimental,M01_Photoswitch_Dataset,Experimental,PS_M01_331
N#CC1=CC(/N=N/C2=CC=CS2)=CC=C1,362.0,50.0,,,Photoswitch_Experimental,M01_Photoswitch_Dataset,Experimental,PS_M01_332
Cc1[nH]c2c(c1N=Nc1nncs1)cccc2,428.0,50.0,,,Photoswitch_Experimental,M01_Photoswitch_Dataset,Experimental,PS_M01_333
Cn1c(C)c(c2c1cccc2)N=Nc1nncs1,434.0,50.0,,,Photoswitch_Experimental,M01_Photoswitch_Dataset,Experimental,PS_M01_334
c1ccc(cc1)c1[nH]c2c(c1N=Nc1nncs1)cccc2,437.0,50.0,,,Photoswitch_Experimental,M01_Photoswitch_Dataset,Experimental,PS_M01_335
Cn1c(c2ccccc2)c(c2c1cccc2)N=Nc1nncs1,431.0,50.0,,,Photoswitch_Experimental,M01_Photoswitch_Dataset,Experimental,PS_M01_336
CSc1nnc(s1)N=Nc1c(C)[nH]c2c1cccc2,445.0,50.0,,,Photoswitch_Experimental,M01_Photoswitch_Dataset,Experimental,PS_M01_337
CSc1nnc(s1)N=Nc1c2ccccc2n(c1C)C,451.0,50.0,,,Photoswitch_Experimental,M01_Photoswitch_Dataset,Experimental,PS_M01_338
CSc1nnc(s1)N=Nc1c([nH]c2c1cccc2)c1ccccc1,467.0,50.0,,,Photoswitch_Experimental,M01_Photoswitch_Dataset,Experimental,PS_M01_339
CSc1nnc(s1)N=Nc1c(c2ccccc2)n(c2c1cccc2)C,459.0,50.0,,,Photoswitch_Experimental,M01_Photoswitch_Dataset,Experimental,PS_M01_340
CC1=C(/N=N/C2=NN=C(CC)S2)C3=CC=CC=C3N1,420.0,50.0,,,Photoswitch_Experimental,M01_Photoswitch_Dataset,Experimental,PS_M01_341
CCc1nnc(s1)N=Nc1c2ccccc2n(c1C)C,432.0,50.0,,,Photoswitch_Experimental,M01_Photoswitch_Dataset,Experimental,PS_M01_342
CCc1nnc(s1)N=Nc1c([nH]c2c1cccc2)c1ccccc1,440.0,50.0,,,Photoswitch_Experimental,M01_Photoswitch_Dataset,Experimental,PS_M01_343
CCc1nnc(s1)N=Nc1c(c2ccccc2)n(c2c1cccc2)C,438.0,50.0,,,Photoswitch_Experimental,M01_Photoswitch_Dataset,Experimental,PS_M01_344
Cc1[nH]c2c(c1N=Nc1n[nH]c(n1)S)cccc2,392.0,50.0,,,Photoswitch_Experimental,M01_Photoswitch_Dataset,Experimental,PS_M01_345
Sc1[nH]nc(n1)N=Nc1c(C)n(c2c1cccc2)C,401.0,50.0,,,Photoswitch_Experimental,M01_Photoswitch_Dataset,Experimental,PS_M01_346
Sc1[nH]nc(n1)N=Nc1c([nH]c2c1cccc2)c1ccccc1,411.0,50.0,,,Photoswitch_Experimental,M01_Photoswitch_Dataset,Experimental,PS_M01_347
Sc1[nH]nc(n1)N=Nc1c(c2ccccc2)n(c2c1cccc2)C,408.0,50.0,,,Photoswitch_Experimental,M01_Photoswitch_Dataset,Experimental,PS_M01_348
Oc1c(/C=N/c2cc(C(O)=O)ccn2)cc(/N=N/c3ccc([N+]([O-])=O)cc3)cc1,378.0,50.0,,,Photoswitch_Experimental,M01_Photoswitch_Dataset,Experimental,PS_M01_349
Oc1c(/C=N/c2cc(C(OCC)=O)ccn2)cc(/N=N/c3ccc([N+]([O-])=O)cc3)cc1,379.0,50.0,,,Photoswitch_Experimental,M01_Photoswitch_Dataset,Experimental,PS_M01_350
Oc1c(/C=N/c2c(C(C)C)cc(S(=O)(O)=O)cc2C(C)C)cc(/N=N/c3ccc([N+]([O-])=O)cc3)cc1,267.0,50.0,,,Photoswitch_Experimental,M01_Photoswitch_Dataset,Experimental,PS_M01_351
CN1C2=CC=CC=C2N=C1/N=N/C3=NC4=CC=CC=C4N3C,439.0,50.0,,,Photoswitch_Experimental,M01_Photoswitch_Dataset,Experimental,PS_M01_352
C12=CC=CC=C1N=C(/N=N/C3=NC4=CC=CC=C4O3)O2,430.0,50.0,,,Photoswitch_Experimental,M01_Photoswitch_Dataset,Experimental,PS_M01_353
C12=CC=CC=C1N=C(/N=N/C3=NC4=CC=CC=C4S3)S2,421.0,50.0,,,Photoswitch_Experimental,M01_Photoswitch_Dataset,Experimental,PS_M01_354
[H]C1=CC=C(N=C(N=NC2=CC=CC=C2)S3)C3=C1,328.0,50.0,,,Photoswitch_Experimental,M01_Photoswitch_Dataset,Experimental,PS_M01_355
[H]C4=CC=C(N=C(N=NC5=CC=CC=C5Cl)S6)C6=C4,335.0,50.0,,,Photoswitch_Experimental,M01_Photoswitch_Dataset,Experimental,PS_M01_356
[H]C7=CC=C(N=C(N=NC8=CC=CC(CO)=C8)S9)C9=C7,328.0,50.0,,,Photoswitch_Experimental,M01_Photoswitch_Dataset,Experimental,PS_M01_357
[H]C%10=CC=C(N=C(N=NC%11=C(NC(C)=O)C=CC=C%11)S%12)C%12=C%10,331.0,50.0,,,Photoswitch_Experimental,M01_Photoswitch_Dataset,Experimental,PS_M01_358
[H]C%13=CC=C(N=C(N=NC%14=CC=C(NC(C)=O)C=C%14)S%15)C%15=C%13,371.0,50.0,,,Photoswitch_Experimental,M01_Photoswitch_Dataset,Experimental,PS_M01_359
[H]C%16=CC=C(N=C(N=NC%17=CC=CC=C%17OC)S%18)C%18=C%16,325.0,50.0,,,Photoswitch_Experimental,M01_Photoswitch_Dataset,Experimental,PS_M01_360
[H]C%19=CC=C(N=C(N=NC%20=CC=C(OC)C=C%20)S%21)C%21=C%19,361.0,50.0,,,Photoswitch_Experimental,M01_Photoswitch_Dataset,Experimental,PS_M01_361
[H]C%22=CC=C(N=C(N=NC%23=CC=CC=C%23SC)S%24)C%24=C%22,328.0,50.0,,,Photoswitch_Experimental,M01_Photoswitch_Dataset,Experimental,PS_M01_362
[H]C%25=CC=C(N=C(N=NC%26=CC=C(SC)C=C%26)S%27)C%27=C%25,392.0,50.0,,,Photoswitch_Experimental,M01_Photoswitch_Dataset,Experimental,PS_M01_363
O=[N+]([O-])C1=CC=C(N=C(N=NC2=CC=CC=C2)S3)C3=C1,340.0,50.0,,,Photoswitch_Experimental,M01_Photoswitch_Dataset,Experimental,PS_M01_364
O=[N+]([O-])C4=CC=C(N=C(N=NC5=CC=CC=C5C(O)=O)S6)C6=C4,335.0,50.0,,,Photoswitch_Experimental,M01_Photoswitch_Dataset,Experimental,PS_M01_365
ClC7=CC=CC=C7N=NC8=NC9=CC=C([N+]([O-])=O)C=C9S8,343.0,50.0,,,Photoswitch_Experimental,M01_Photoswitch_Dataset,Experimental,PS_M01_366
ClC%10=CC(N=NC%11=NC%12=CC=C([N+]([O-])=O)C=C%12S%11)=CC=C%10,334.0,50.0,,,Photoswitch_Experimental,M01_Photoswitch_Dataset,Experimental,PS_M01_367
ClC(C=C%13)=CC=C%13N=NC%14=NC%15=CC=C([N+]([O-])=O)C=C%15S%14,346.0,50.0,,,Photoswitch_Experimental,M01_Photoswitch_Dataset,Experimental,PS_M01_368
FC(C=C%16)=CC=C%16N=NC%17=NC%18=CC=C([N+]([O-])=O)C=C%18S%17,342.0,50.0,,,Photoswitch_Experimental,M01_Photoswitch_Dataset,Experimental,PS_M01_369
IC(C=C%19)=CC=C%19N=NC%20=NC%21=CC=C([N+]([O-])=O)C=C%21S%20,368.0,50.0,,,Photoswitch_Experimental,M01_Photoswitch_Dataset,Experimental,PS_M01_370
O=[N+]([O-])C%22=CC=C(N=C(N=NC%23=CC=C([N+]([O-])=O)C=C%23)S%24)C%24=C%22,332.0,50.0,,,Photoswitch_Experimental,M01_Photoswitch_Dataset,Experimental,PS_M01_371
OCC%25=CC(N=NC%26=NC%27=CC=C([N+]([O-])=O)C=C%27S%26)=CC=C%25,341.0,50.0,,,Photoswitch_Experimental,M01_Photoswitch_Dataset,Experimental,PS_M01_372
OCC%28=CC(N=NC%29=NC%30=CC=C([N+]([O-])=O)C=C%30S%29)=CC=C%28,346.0,50.0,,,Photoswitch_Experimental,M01_Photoswitch_Dataset,Experimental,PS_M01_373
O=C(C)NC(C=C%31)=CC=C%31N=NC%32=NC%33=CC=C([N+]([O-])=O)C=C%33S%32,406.0,50.0,,,Photoswitch_Experimental,M01_Photoswitch_Dataset,Experimental,PS_M01_374
COC1=CC=CC=C1N=NC2=NC3=CC=C([N+]([O-])=O)C=C3S2,337.0,50.0,,,Photoswitch_Experimental,M01_Photoswitch_Dataset,Experimental,PS_M01_375
COC(C=C4)=CC=C4N=NC5=NC6=CC=C([N+]([O-])=O)C=C6S5,399.0,50.0,,,Photoswitch_Experimental,M01_Photoswitch_Dataset,Experimental,PS_M01_376
CSC7=CC=CC=C7N=NC8=NC9=CC=C([N+]([O-])=O)C=C9S8,340.0,50.0,,,Photoswitch_Experimental,M01_Photoswitch_Dataset,Experimental,PS_M01_377
CSC(C=C%10)=CC=C%10N=NC%11=NC%12=CC=C([N+]([O-])=O)C=C%12S%11,421.0,50.0,,,Photoswitch_Experimental,M01_Photoswitch_Dataset,Experimental,PS_M01_378
OC1=C(N=CC=C2)C2=C(/N=N/C3=CC=CC=C3)C=C1,384.0,50.0,,,Photoswitch_Experimental,M01_Photoswitch_Dataset,Experimental,PS_M01_379
OC4=C(N=CC=C5)C5=C(/N=N/C6=CC=C(C)C=C6)C=C4,390.0,50.0,,,Photoswitch_Experimental,M01_Photoswitch_Dataset,Experimental,PS_M01_380
OC7=C(N=CC=C8)C8=C(/N=N/C9=CC=C(OC%10=CC=CC=C%10)C=C9)C=C7,395.0,50.0,,,Photoswitch_Experimental,M01_Photoswitch_Dataset,Experimental,PS_M01_381
OC%11=C(N=CC=C%12)C%12=C(/N=N/C%13=CC=C(NC(C)=O)C=C%13)C=C%11,390.0,50.0,,,Photoswitch_Experimental,M01_Photoswitch_Dataset,Experimental,PS_M01_382
OC%14=C(N=CC=C%15)C%15=C(/N=N/C%16=CC=C(OCC)C=C%16)C=C%14,388.0,50.0,,,Photoswitch_Experimental,M01_Photoswitch_Dataset,Experimental,PS_M01_383
OC%17=C(N=CC=C%18)C%18=C(/N=N/C%19=CC=C(Cl)C=C%19)C=C%17,395.0,50.0,,,Photoswitch_Experimental,M01_Photoswitch_Dataset,Experimental,PS_M01_384
OC%20=C(N=CC=C%21)C%21=C(/N=N/C%22=CC=C(C(O)=O)C=C%22)C=C%20,503.0,50.0,,,Photoswitch_Experimental,M01_Photoswitch_Dataset,Experimental,PS_M01_385
OC%23=C(N=CC=C%24)C%24=C(/N=N/C%25=CC=CC=C%25C(O)=O)C=C%23,398.0,50.0,,,Photoswitch_Experimental,M01_Photoswitch_Dataset,Experimental,PS_M01_386
OC%26=C(N=CC=C%27)C%27=C(/N=N/C%28=CC=C(C(C)=O)C=C%28)C=C%26,401.0,50.0,,,Photoswitch_Experimental,M01_Photoswitch_Dataset,Experimental,PS_M01_387
OC%29=C(N=CC=C%30)C%30=C(/N=N/C%31=CC=C(C#N)C=C%31)C=C%29,413.0,50.0,,,Photoswitch_Experimental,M01_Photoswitch_Dataset,Experimental,PS_M01_388
OC%32=C(N=CC=C%33)C%33=C(/N=N/C%34=CC=C([N+]([O-])=O)C=C%34)C=C%32,414.0,50.0,,,Photoswitch_Experimental,M01_Photoswitch_Dataset,Experimental,PS_M01_389
OC1=C2N=CC=CC2=C(/N=N/C3=NC=CS3)C=C1,428.0,50.0,,,Photoswitch_Experimental,M01_Photoswitch_Dataset,Experimental,PS_M01_390
OC4=C5N=CC=CC5=C(/N=N/C6=NC=C(C)S6)C=C4,436.0,50.0,,,Photoswitch_Experimental,M01_Photoswitch_Dataset,Experimental,PS_M01_391
OC7=C8N=CC=CC8=C(/N=N/C9=NC=C(S(=O)(C%10=CC=C([N+]([O-])=O)C=C%10)=O)S9)C=C7,491.0,50.0,,,Photoswitch_Experimental,M01_Photoswitch_Dataset,Experimental,PS_M01_392
OC%11=C%12N=CC=CC%12=C(/N=N/C%13=NC(CC(OCC)=O)=CS%13)C=C%11,438.0,50.0,,,Photoswitch_Experimental,M01_Photoswitch_Dataset,Experimental,PS_M01_393
OC%14=C%15N=CC=CC%15=C(/N=N/C%16=NC(C%17=CC=CC=C%17)=CS%16)C=C%14,516.0,50.0,,,Photoswitch_Experimental,M01_Photoswitch_Dataset,Experimental,PS_M01_394
OC%18=C%19N=CC=CC%19=C(/N=N/C%20=NC(C%21=CC=C(Cl)C=C%21)=CS%20)C=C%18,456.0,50.0,,,Photoswitch_Experimental,M01_Photoswitch_Dataset,Experimental,PS_M01_395
OC%22=C%23N=CC=CC%23=C(/N=N/C%24=NC(C%25=CC=C(Br)C=C%25)=CS%24)C=C%22,462.0,50.0,,,Photoswitch_Experimental,M01_Photoswitch_Dataset,Experimental,PS_M01_396
OC%26=C%27N=CC=CC%27=C(/N=N/C%28=NC%29=CC=CC=C%29S%28)C=C%26,442.0,50.0,,,Photoswitch_Experimental,M01_Photoswitch_Dataset,Experimental,PS_M01_397
OC%30=C%31N=CC=CC%31=C(/N=N/C%32=NC%33=CC=C(Cl)C=C%33S%32)C=C%30,450.0,50.0,,,Photoswitch_Experimental,M01_Photoswitch_Dataset,Experimental,PS_M01_398
OC%34=C%35N=CC=CC%35=C(/N=N/C%36=NC%37=CC=C(OC)C=C%37S%36)C=C%34,461.0,50.0,,,Photoswitch_Experimental,M01_Photoswitch_Dataset,Experimental,PS_M01_399
OC%38=C%39N=CC=CC%39=C(/N=N/C%40=NC%41=CC(C)=C(C)C=C%41S%40)C=C%38,456.0,50.0,,,Photoswitch_Experimental,M01_Photoswitch_Dataset,Experimental,PS_M01_400
OC%42=C%43N=CC=CC%43=C(/N=N/C%44=NC%45=CC=CC=C%45N%44)C=C%42,437.0,50.0,,,Photoswitch_Experimental,M01_Photoswitch_Dataset,Experimental,PS_M01_401
N#CC1C(SC(/N=N/C2=NC(C=CC([N+]([O-])=O)=C3)=C3S2)C1C4CCCCC4)N,545.0,50.0,,,Photoswitch_Experimental,M01_Photoswitch_Dataset,Experimental,PS_M01_402
N#Cc5c(c6ccc(Cl)cc6)c(/N=N/C7=NC(C=CC([N+]([O-])=O)=C8)=C8S7)sc5N,535.0,50.0,,,Photoswitch_Experimental,M01_Photoswitch_Dataset,Experimental,PS_M01_403
N#CC9C(SC(/N=N/C%10=NC(C=CC([N+]([O-])=O)=C%11)=C%11S%10)C9C%12CCC(OC)CC%12)N,550.0,50.0,,,Photoswitch_Experimental,M01_Photoswitch_Dataset,Experimental,PS_M01_404
[H]C1=C(C#N)C2C=CC1C2,250.0,93.39,75.0,0.0001,NBD_QC_Functionalized,NBD_Combinatorial_M08_Aligned,RDKit_MMFF94_3D,NBD_DA_0
[H]C1=C(C#N)C2C=CC1C2(C)C,250.0,67.5,75.0,0.0001,NBD_QC_Functionalized,NBD_Combinatorial_M08_Aligned,RDKit_MMFF94_3D,NBD_DA_1
[H]C1=C(C#N)C2CC1(C)C=C2C,250.0,87.21,75.0,0.0001,NBD_QC_Functionalized,NBD_Combinatorial_M08_Aligned,RDKit_MMFF94_3D,NBD_DA_2
[H]C1=C(C(=O)OC)C2C=CC1C2,253.0,108.45,75.0,0.0001,NBD_QC_Functionalized,NBD_Combinatorial_M08_Aligned,RDKit_MMFF94_3D,NBD_DA_3
[H]C1=C(C(=O)OC)C2C=CC1C2(C)C,253.0,47.32,75.0,0.0001,NBD_QC_Functionalized,NBD_Combinatorial_M08_Aligned,RDKit_MMFF94_3D,NBD_DA_4
[H]C1=C(C(=O)OC)C2CC1(C)C=C2C,253.0,101.22,75.0,0.0001,NBD_QC_Functionalized,NBD_Combinatorial_M08_Aligned,RDKit_MMFF94_3D,NBD_DA_5
[H]C1=C(C(=O)OCC)C2C=CC1C2,253.0,68.5,75.0,0.0001,NBD_QC_Functionalized,NBD_Combinatorial_M08_Aligned,RDKit_MMFF94_3D,NBD_DA_6
[H]C1=C(C(=O)OCC)C2C=CC1C2(C)C,253.0,40.93,75.0,0.0001,NBD_QC_Functionalized,NBD_Combinatorial_M08_Aligned,RDKit_MMFF94_3D,NBD_DA_7
[H]C1=C(C(=O)OCC)C2CC1(C)C=C2C,253.0,107.22,75.0,0.0001,NBD_QC_Functionalized,NBD_Combinatorial_M08_Aligned,RDKit_MMFF94_3D,NBD_DA_8
[H]C1=C(C(C)=O)C2C=CC1C2,255.0,88.68,75.0,0.0001,NBD_QC_Functionalized,NBD_Combinatorial_M08_Aligned,RDKit_MMFF94_3D,NBD_DA_9
[H]C1=C(C(C)=O)C2C=CC1C2(C)C,255.0,67.5,75.0,0.0001,NBD_QC_Functionalized,NBD_Combinatorial_M08_Aligned,RDKit_MMFF94_3D,NBD_DA_10
[H]C1=C(C(C)=O)C2CC1(C)C=C2C,255.0,69.56,75.0,0.0001,NBD_QC_Functionalized,NBD_Combinatorial_M08_Aligned,RDKit_MMFF94_3D,NBD_DA_11
[H]C1=C(C(F)(F)F)C2C=CC1C2,240.0,77.5,75.0,0.0001,NBD_QC_Functionalized,NBD_Combinatorial_M08_Aligned,RDKit_MMFF94_3D,NBD_DA_12
[H]C1=C(C(F)(F)F)C2C=CC1C2(C)C,240.0,101.74,75.0,0.0001,NBD_QC_Functionalized,NBD_Combinatorial_M08_Aligned,RDKit_MMFF94_3D,NBD_DA_13
[H]C1=C(C(F)(F)F)C2CC1(C)C=C2C,240.0,75.5,75.0,0.0001,NBD_QC_Functionalized,NBD_Combinatorial_M08_Aligned,RDKit_MMFF94_3D,NBD_DA_14
[H]C1=C(S(C)(=O)=O)C2C=CC1C2,245.0,70.5,75.0,0.0001,NBD_QC_Functionalized,NBD_Combinatorial_M08_Aligned,RDKit_MMFF94_3D,NBD_DA_15
[H]C1=C(S(C)(=O)=O)C2C=CC1C2(C)C,245.0,122.87,75.0,0.0001,NBD_QC_Functionalized,NBD_Combinatorial_M08_Aligned,RDKit_MMFF94_3D,NBD_DA_16
[H]C1=C(S(C)(=O)=O)C2CC1(C)C=C2C,245.0,71.5,75.0,0.0001,NBD_QC_Functionalized,NBD_Combinatorial_M08_Aligned,RDKit_MMFF94_3D,NBD_DA_17
[H]C1=C(C(N)=O)C2C=CC1C2,249.0,110.06,75.0,0.0001,NBD_QC_Functionalized,NBD_Combinatorial_M08_Aligned,RDKit_MMFF94_3D,NBD_DA_18
[H]C1=C(C(N)=O)C2C=CC1C2(C)C,249.0,81.5,75.0,0.0001,NBD_QC_Functionalized,NBD_Combinatorial_M08_Aligned,RDKit_MMFF94_3D,NBD_DA_19
[H]C1=C(C(N)=O)C2CC1(C)C=C2C,249.0,92.98,75.0,0.0001,NBD_QC_Functionalized,NBD_Combinatorial_M08_Aligned,RDKit_MMFF94_3D,NBD_DA_20
[H]C1=C(c2ccc(C#N)cc2)C2C=CC1C2,280.0,67.5,75.0,0.0001,NBD_QC_Functionalized,NBD_Combinatorial_M08_Aligned,RDKit_MMFF94_3D,NBD_DA_21
[H]C1=C(c2ccc(C#N)cc2)C2C=CC1C2(C)C,280.0,65.02,75.0,0.0001,NBD_QC_Functionalized,NBD_Combinatorial_M08_Aligned,RDKit_MMFF94_3D,NBD_DA_22
[H]C1=C(c2ccc(C#N)cc2)C2CC1(C)C=C2C,280.0,64.5,75.0,0.0001,NBD_QC_Functionalized,NBD_Combinatorial_M08_Aligned,RDKit_MMFF94_3D,NBD_DA_23
[H]C1=C(c2ccc([N+](=O)[O-])cc2)C2C=CC1C2,285.0,80.5,75.0,0.0001,NBD_QC_Functionalized,NBD_Combinatorial_M08_Aligned,RDKit_MMFF94_3D,NBD_DA_24
[H]C1=C(c2ccc([N+](=O)[O-])cc2)C2C=CC1C2(C)C,285.0,62.5,75.0,0.0001,NBD_QC_Functionalized,NBD_Combinatorial_M08_Aligned,RDKit_MMFF94_3D,NBD_DA_25
[H]C1=C(c2ccc([N+](=O)[O-])cc2)C2CC1(C)C=C2C,285.0,71.5,75.0,0.0001,NBD_QC_Functionalized,NBD_Combinatorial_M08_Aligned,RDKit_MMFF94_3D,NBD_DA_26
[H]C1=C(c2ccc(C(F)(F)F)cc2)C2C=CC1C2,273.0,62.5,75.0,0.0001,NBD_QC_Functionalized,NBD_Combinatorial_M08_Aligned,RDKit_MMFF94_3D,NBD_DA_27
[H]C1=C(c2ccc(C(F)(F)F)cc2)C2C=CC1C2(C)C,273.0,65.23,75.0,0.0001,NBD_QC_Functionalized,NBD_Combinatorial_M08_Aligned,RDKit_MMFF94_3D,NBD_DA_28
[H]C1=C(c2ccc(C(F)(F)F)cc2)C2CC1(C)C=C2C,273.0,80.5,75.0,0.0001,NBD_QC_Functionalized,NBD_Combinatorial_M08_Aligned,RDKit_MMFF94_3D,NBD_DA_29
[H]C1=C(C(=O)c2ccccc2)C2C=CC1C2,270.0,65.55,75.0,0.0001,NBD_QC_Functionalized,NBD_Combinatorial_M08_Aligned,RDKit_MMFF94_3D,NBD_DA_30
[H]C1=C(C(=O)c2ccccc2)C2C=CC1C2(C)C,270.0,81.5,75.0,0.0001,NBD_QC_Functionalized,NBD_Combinatorial_M08_Aligned,RDKit_MMFF94_3D,NBD_DA_31
[H]C1=C(C(=O)c2ccccc2)C2CC1(C)C=C2C,270.0,69.32,75.0,0.0001,NBD_QC_Functionalized,NBD_Combinatorial_M08_Aligned,RDKit_MMFF94_3D,NBD_DA_32
[H]C1=C(c2ccccn2)C2C=CC1C2,263.0,59.27,75.0,0.0001,NBD_QC_Functionalized,NBD_Combinatorial_M08_Aligned,RDKit_MMFF94_3D,NBD_DA_33
[H]C1=C(c2ccccn2)C2C=CC1C2(C)C,263.0,65.53,75.0,0.0001,NBD_QC_Functionalized,NBD_Combinatorial_M08_Aligned,RDKit_MMFF94_3D,NBD_DA_34
[H]C1=C(c2ccccn2)C2CC1(C)C=C2C,263.0,57.65,75.0,0.0001,NBD_QC_Functionalized,NBD_Combinatorial_M08_Aligned,RDKit_MMFF94_3D,NBD_DA_35
[H]C1=C(c2ccncc2)C2C=CC1C2,265.0,61.5,75.0,0.0001,NBD_QC_Functionalized,NBD_Combinatorial_M08_Aligned,RDKit_MMFF94_3D,NBD_DA_36
[H]C1=C(c2ccncc2)C2C=CC1C2(C)C,265.0,65.47,75.0,0.0001,NBD_QC_Functionalized,NBD_Combinatorial_M08_Aligned,RDKit_MMFF94_3D,NBD_DA_37
[H]C1=C(c2ccncc2)C2CC1(C)C=C2C,265.0,64.5,75.0,0.0001,NBD_QC_Functionalized,NBD_Combinatorial_M08_Aligned,RDKit_MMFF94_3D,NBD_DA_38
[H]C1=C(C(=O)O)C2C=CC1C2,250.0,112.56,75.0,0.0001,NBD_QC_Functionalized,NBD_Combinatorial_M08_Aligned,RDKit_MMFF94_3D,NBD_DA_39
[H]C1=C(C(=O)O)C2C=CC1C2(C)C,250.0,68.5,75.0,0.0001,NBD_QC_Functionalized,NBD_Combinatorial_M08_Aligned,RDKit_MMFF94_3D,NBD_DA_40
[H]C1=C(C(=O)O)C2CC1(C)C=C2C,250.0,106.04,75.0,0.0001,NBD_QC_Functionalized,NBD_Combinatorial_M08_Aligned,RDKit_MMFF94_3D,NBD_DA_41
[H]C1=C(C(=O)OCC(CC)CCCC)C2C=CC1C2,255.0,123.29,75.0,0.0001,NBD_QC_Functionalized,NBD_Combinatorial_M08_Aligned,RDKit_MMFF94_3D,NBD_DA_42
[H]C1=C(C(=O)OCC(CC)CCCC)C2C=CC1C2(C)C,255.0,67.5,75.0,0.0001,NBD_QC_Functionalized,NBD_Combinatorial_M08_Aligned,RDKit_MMFF94_3D,NBD_DA_43
[H]C1=C(C(=O)OCC(CC)CCCC)C2CC1(C)C=C2C,255.0,94.12,75.0,0.0001,NBD_QC_Functionalized,NBD_Combinatorial_M08_Aligned,RDKit_MMFF94_3D,NBD_DA_44
[H]C1=C(c2cccc(C#N)c2)C2C=CC1C2,277.0,73.5,75.0,0.0001,NBD_QC_Functionalized,NBD_Combinatorial_M08_Aligned,RDKit_MMFF94_3D,NBD_DA_45
[H]C1=C(c2cccc(C#N)c2)C2C=CC1C2(C)C,277.0,80.5,75.0,0.0001,NBD_QC_Functionalized,NBD_Combinatorial_M08_Aligned,RDKit_MMFF94_3D,NBD_DA_46
[H]C1=C(c2cccc(C#N)c2)C2CC1(C)C=C2C,277.0,75.5,75.0,0.0001,NBD_QC_Functionalized,NBD_Combinatorial_M08_Aligned,RDKit_MMFF94_3D,NBD_DA_47
[H]C1=C(C(=O)OC(C)C)C2C=CC1C2,253.0,113.58,75.0,0.0001,NBD_QC_Functionalized,NBD_Combinatorial_M08_Aligned,RDKit_MMFF94_3D,NBD_DA_48
[H]C1=C(C(=O)OC(C)C)C2C=CC1C2(C)C,253.0,42.85,75.0,0.0001,NBD_QC_Functionalized,NBD_Combinatorial_M08_Aligned,RDKit_MMFF94_3D,NBD_DA_49
[H]C1=C(C(=O)OC(C)C)C2CC1(C)C=C2C,253.0,101.6,75.0,0.0001,NBD_QC_Functionalized,NBD_Combinatorial_M08_Aligned,RDKit_MMFF94_3D,NBD_DA_50
[H]C1=C(S(=O)(=O)c2ccccc2)C2C=CC1C2,267.0,77.5,75.0,0.0001,NBD_QC_Functionalized,NBD_Combinatorial_M08_Aligned,RDKit_MMFF94_3D,NBD_DA_51
[H]C1=C(S(=O)(=O)c2ccccc2)C2C=CC1C2(C)C,267.0,63.5,75.0,0.0001,NBD_QC_Functionalized,NBD_Combinatorial_M08_Aligned,RDKit_MMFF94_3D,NBD_DA_52
[H]C1=C(S(=O)(=O)c2ccccc2)C2CC1(C)C=C2C,267.0,80.5,75.0,0.0001,NBD_QC_Functionalized,NBD_Combinatorial_M08_Aligned,RDKit_MMFF94_3D,NBD_DA_53
[H]C1=C(c2nccs2)C2C=CC1C2,261.0,60.91,75.0,0.0001,NBD_QC_Functionalized,NBD_Combinatorial_M08_Aligned,RDKit_MMFF94_3D,NBD_DA_54
[H]C1=C(c2nccs2)C2C=CC1C2(C)C,261.0,65.5,75.0,0.0001,NBD_QC_Functionalized,NBD_Combinatorial_M08_Aligned,RDKit_MMFF94_3D,NBD_DA_55
[H]C1=C(c2nccs2)C2CC1(C)C=C2C,261.0,53.69,75.0,0.0001,NBD_QC_Functionalized,NBD_Combinatorial_M08_Aligned,RDKit_MMFF94_3D,NBD_DA_56
[H]C1=C(C(=O)NCC)C2C=CC1C2,251.0,101.96,75.0,0.0001,NBD_QC_Functionalized,NBD_Combinatorial_M08_Aligned,RDKit_MMFF94_3D,NBD_DA_57
[H]C1=C(C(=O)NCC)C2C=CC1C2(C)C,251.0,31.04,75.0,0.0001,NBD_QC_Functionalized,NBD_Combinatorial_M08_Aligned,RDKit_MMFF94_3D,NBD_DA_58
[H]C1=C(C(=O)NCC)C2CC1(C)C=C2C,251.0,95.49,75.0,0.0001,NBD_QC_Functionalized,NBD_Combinatorial_M08_Aligned,RDKit_MMFF94_3D,NBD_DA_59
N#CC1=C(c2ccccc2)C2C=CC1C2,330.0,62.89,75.0,0.0001,NBD_QC_Functionalized,NBD_Combinatorial_M08_Aligned,RDKit_MMFF94_3D,NBD_DA_60
CC1(C)C2C=CC1C(c1ccccc1)=C2C#N,330.0,68.42,75.0,0.0001,NBD_QC_Functionalized,NBD_Combinatorial_M08_Aligned,RDKit_MMFF94_3D,NBD_DA_61
CC1=CC2(C)CC1C(C#N)=C2c1ccccc1,330.0,51.97,75.0,0.0001,NBD_QC_Functionalized,NBD_Combinatorial_M08_Aligned,RDKit_MMFF94_3D,NBD_DA_62
COC(=O)C1=C(c2ccccc2)C2C=CC1C2,333.0,69.78,75.0,0.0001,NBD_QC_Functionalized,NBD_Combinatorial_M08_Aligned,RDKit_MMFF94_3D,NBD_DA_63
COC(=O)C1=C(c2ccccc2)C2C=CC1C2(C)C,333.0,68.33,75.0,0.0001,NBD_QC_Functionalized,NBD_Combinatorial_M08_Aligned,RDKit_MMFF94_3D,NBD_DA_64
COC(=O)C1=C(c2ccccc2)C2(C)C=C(C)C1C2,333.0,58.49,75.0,0.0001,NBD_QC_Functionalized,NBD_Combinatorial_M08_Aligned,RDKit_MMFF94_3D,NBD_DA_65
CCOC(=O)C1=C(c2ccccc2)C2C=CC1C2,333.0,67.7,75.0,0.0001,NBD_QC_Functionalized,NBD_Combinatorial_M08_Aligned,RDKit_MMFF94_3D,NBD_DA_66
CCOC(=O)C1=C(c2ccccc2)C2C=CC1C2(C)C,333.0,76.5,75.0,0.0001,NBD_QC_Functionalized,NBD_Combinatorial_M08_Aligned,RDKit_MMFF94_3D,NBD_DA_67
CCOC(=O)C1=C(c2ccccc2)C2(C)C=C(C)C1C2,333.0,77.5,75.0,0.0001,NBD_QC_Functionalized,NBD_Combinatorial_M08_Aligned,RDKit_MMFF94_3D,NBD_DA_68
CC(=O)C1=C(c2ccccc2)C2C=CC1C2,335.0,71.5,75.0,0.0001,NBD_QC_Functionalized,NBD_Combinatorial_M08_Aligned,RDKit_MMFF94_3D,NBD_DA_69
CC(=O)C1=C(c2ccccc2)C2C=CC1C2(C)C,335.0,68.27,75.0,0.0001,NBD_QC_Functionalized,NBD_Combinatorial_M08_Aligned,RDKit_MMFF94_3D,NBD_DA_70
CC(=O)C1=C(c2ccccc2)C2(C)C=C(C)C1C2,335.0,40.91,75.0,0.0001,NBD_QC_Functionalized,NBD_Combinatorial_M08_Aligned,RDKit_MMFF94_3D,NBD_DA_71
FC(F)(F)C1=C(c2ccccc2)C2C=CC1C2,320.0,134.25,75.0,0.0001,NBD_QC_Functionalized,NBD_Combinatorial_M08_Aligned,RDKit_MMFF94_3D,NBD_DA_72
CC1(C)C2C=CC1C(C(F)(F)F)=C2c1ccccc1,320.0,68.1,75.0,0.0001,NBD_QC_Functionalized,NBD_Combinatorial_M08_Aligned,RDKit_MMFF94_3D,NBD_DA_73
CC1=CC2(C)CC1C(C(F)(F)F)=C2c1ccccc1,320.0,125.61,75.0,0.0001,NBD_QC_Functionalized,NBD_Combinatorial_M08_Aligned,RDKit_MMFF94_3D,NBD_DA_74
CS(=O)(=O)C1=C(c2ccccc2)C2C=CC1C2,325.0,140.25,75.0,0.0001,NBD_QC_Functionalized,NBD_Combinatorial_M08_Aligned,RDKit_MMFF94_3D,NBD_DA_75
CC1(C)C2C=CC1C(S(C)(=O)=O)=C2c1ccccc1,325.0,105.01,75.0,0.0001,NBD_QC_Functionalized,NBD_Combinatorial_M08_Aligned,RDKit_MMFF94_3D,NBD_DA_76
CC1=CC2(C)CC1C(S(C)(=O)=O)=C2c1ccccc1,325.0,81.5,75.0,0.0001,NBD_QC_Functionalized,NBD_Combinatorial_M08_Aligned,RDKit_MMFF94_3D,NBD_DA_77
NC(=O)C1=C(c2ccccc2)C2C=CC1C2,329.0,72.91,75.0,0.0001,NBD_QC_Functionalized,NBD_Combinatorial_M08_Aligned,RDKit_MMFF94_3D,NBD_DA_78
CC1(C)C2C=CC1C(c1ccccc1)=C2C(N)=O,329.0,68.45,75.0,0.0001,NBD_QC_Functionalized,NBD_Combinatorial_M08_Aligned,RDKit_MMFF94_3D,NBD_DA_79
CC1=CC2(C)CC1C(C(N)=O)=C2c1ccccc1,329.0,67.83,75.0,0.0001,NBD_QC_Functionalized,NBD_Combinatorial_M08_Aligned,RDKit_MMFF94_3D,NBD_DA_80
N#Cc1ccc(C2=C(c3ccccc3)C3C=CC2C3)cc1,360.0,67.52,75.0,0.0001,NBD_QC_Functionalized,NBD_Combinatorial_M08_Aligned,RDKit_MMFF94_3D,NBD_DA_81
CC1(C)C2C=CC1C(c1ccc(C#N)cc1)=C2c1ccccc1,360.0,69.5,75.0,0.0001,NBD_QC_Functionalized,NBD_Combinatorial_M08_Aligned,RDKit_MMFF94_3D,NBD_DA_82
CC1=CC2(C)CC1C(c1ccc(C#N)cc1)=C2c1ccccc1,360.0,67.52,75.0,0.0001,NBD_QC_Functionalized,NBD_Combinatorial_M08_Aligned,RDKit_MMFF94_3D,NBD_DA_83
O=[N+]([O-])c1ccc(C2=C(c3ccccc3)C3C=CC2C3)cc1,365.0,67.37,75.0,0.0001,NBD_QC_Functionalized,NBD_Combinatorial_M08_Aligned,RDKit_MMFF94_3D,NBD_DA_84
CC1(C)C2C=CC1C(c1ccc([N+](=O)[O-])cc1)=C2c1ccccc1,365.0,67.37,75.0,0.0001,NBD_QC_Functionalized,NBD_Combinatorial_M08_Aligned,RDKit_MMFF94_3D,NBD_DA_85
CC1=CC2(C)CC1C(c1ccc([N+](=O)[O-])cc1)=C2c1ccccc1,365.0,79.5,75.0,0.0001,NBD_QC_Functionalized,NBD_Combinatorial_M08_Aligned,RDKit_MMFF94_3D,NBD_DA_86
FC(F)(F)c1ccc(C2=C(c3ccccc3)C3C=CC2C3)cc1,353.0,67.73,75.0,0.0001,NBD_QC_Functionalized,NBD_Combinatorial_M08_Aligned,RDKit_MMFF94_3D,NBD_DA_87
CC1(C)C2C=CC1C(c1ccc(C(F)(F)F)cc1)=C2c1ccccc1,353.0,67.73,75.0,0.0001,NBD_QC_Functionalized,NBD_Combinatorial_M08_Aligned,RDKit_MMFF94_3D,NBD_DA_88
CC1=CC2(C)CC1C(c1ccc(C(F)(F)F)cc1)=C2c1ccccc1,353.0,62.5,75.0,0.0001,NBD_QC_Functionalized,NBD_Combinatorial_M08_Aligned,RDKit_MMFF94_3D,NBD_DA_89
O=C(C1=C(c2ccccc2)C2C=CC1C2)c1ccccc1,350.0,47.32,75.0,0.0001,NBD_QC_Functionalized,NBD_Combinatorial_M08_Aligned,RDKit_MMFF94_3D,NBD_DA_90
CC1(C)C2C=CC1C(c1ccccc1)=C2C(=O)c1ccccc1,350.0,67.82,75.0,0.0001,NBD_QC_Functionalized,NBD_Combinatorial_M08_Aligned,RDKit_MMFF94_3D,NBD_DA_91
CC1=CC2(C)CC1C(C(=O)c1ccccc1)=C2c1ccccc1,350.0,71.5,75.0,0.0001,NBD_QC_Functionalized,NBD_Combinatorial_M08_Aligned,RDKit_MMFF94_3D,NBD_DA_92
C1=CC2CC1C(c1ccccc1)=C2c1ccccn1,343.0,60.5,75.0,0.0001,NBD_QC_Functionalized,NBD_Combinatorial_M08_Aligned,RDKit_MMFF94_3D,NBD_DA_93
CC1(C)C2C=CC1C(c1ccccn1)=C2c1ccccc1,343.0,68.5,75.0,0.0001,NBD_QC_Functionalized,NBD_Combinatorial_M08_Aligned,RDKit_MMFF94_3D,NBD_DA_94
CC1=CC2(C)CC1C(c1ccccn1)=C2c1ccccc1,343.0,64.5,75.0,0.0001,NBD_QC_Functionalized,NBD_Combinatorial_M08_Aligned,RDKit_MMFF94_3D,NBD_DA_95
C1=CC2CC1C(c1ccccc1)=C2c1ccncc1,345.0,67.97,75.0,0.0001,NBD_QC_Functionalized,NBD_Combinatorial_M08_Aligned,RDKit_MMFF94_3D,NBD_DA_96
CC1(C)C2C=CC1C(c1ccncc1)=C2c1ccccc1,345.0,77.5,75.0,0.0001,NBD_QC_Functionalized,NBD_Combinatorial_M08_Aligned,RDKit_MMFF94_3D,NBD_DA_97
CC1=CC2(C)CC1C(c1ccncc1)=C2c1ccccc1,345.0,67.97,75.0,0.0001,NBD_QC_Functionalized,NBD_Combinatorial_M08_Aligned,RDKit_MMFF94_3D,NBD_DA_98
O=C(O)C1=C(c2ccccc2)C2C=CC1C2,330.0,70.98,75.0,0.0001,NBD_QC_Functionalized,NBD_Combinatorial_M08_Aligned,RDKit_MMFF94_3D,NBD_DA_99
CC1(C)C2C=CC1C(c1ccccc1)=C2C(=O)O,330.0,77.5,75.0,0.0001,NBD_QC_Functionalized,NBD_Combinatorial_M08_Aligned,RDKit_MMFF94_3D,NBD_DA_100
CC1=CC2(C)CC1C(C(=O)O)=C2c1ccccc1,330.0,64.03,75.0,0.0001,NBD_QC_Functionalized,NBD_Combinatorial_M08_Aligned,RDKit_MMFF94_3D,NBD_DA_101
CCCCC(CC)COC(=O)C1=C(c2ccccc2)C2C=CC1C2,335.0,58.35,75.0,0.0001,NBD_QC_Functionalized,NBD_Combinatorial_M08_Aligned,RDKit_MMFF94_3D,NBD_DA_102
CCCCC(CC)COC(=O)C1=C(c2ccccc2)C2C=CC1C2(C)C,335.0,79.5,75.0,0.0001,NBD_QC_Functionalized,NBD_Combinatorial_M08_Aligned,RDKit_MMFF94_3D,NBD_DA_103
CCCCC(CC)COC(=O)C1=C(c2ccccc2)C2(C)C=C(C)C1C2,335.0,44.36,75.0,0.0001,NBD_QC_Functionalized,NBD_Combinatorial_M08_Aligned,RDKit_MMFF94_3D,NBD_DA_104
N#Cc1cccc(C2=C(c3ccccc3)C3C=CC2C3)c1,357.0,67.61,75.0,0.0001,NBD_QC_Functionalized,NBD_Combinatorial_M08_Aligned,RDKit_MMFF94_3D,NBD_DA_105
CC1(C)C2C=CC1C(c1cccc(C#N)c1)=C2c1ccccc1,357.0,77.5,75.0,0.0001,NBD_QC_Functionalized,NBD_Combinatorial_M08_Aligned,RDKit_MMFF94_3D,NBD_DA_106
CC1=CC2(C)CC1C(c1cccc(C#N)c1)=C2c1ccccc1,357.0,67.61,75.0,0.0001,NBD_QC_Functionalized,NBD_Combinatorial_M08_Aligned,RDKit_MMFF94_3D,NBD_DA_107
CC(C)OC(=O)C1=C(c2ccccc2)C2C=CC1C2,333.0,69.95,75.0,0.0001,NBD_QC_Functionalized,NBD_Combinatorial_M08_Aligned,RDKit_MMFF94_3D,NBD_DA_108
CC(C)OC(=O)C1=C(c2ccccc2)C2C=CC1C2(C)C,333.0,72.5,75.0,0.0001,NBD_QC_Functionalized,NBD_Combinatorial_M08_Aligned,RDKit_MMFF94_3D,NBD_DA_109
CC1=CC2(C)CC1C(C(=O)OC(C)C)=C2c1ccccc1,333.0,65.05,75.0,0.0001,NBD_QC_Functionalized,NBD_Combinatorial_M08_Aligned,RDKit_MMFF94_3D,NBD_DA_110
O=S(=O)(C1=C(c2ccccc2)C2C=CC1C2)c1ccccc1,347.0,74.5,75.0,0.0001,NBD_QC_Functionalized,NBD_Combinatorial_M08_Aligned,RDKit_MMFF94_3D,NBD_DA_111
CC1(C)C2C=CC1C(S(=O)(=O)c1ccccc1)=C2c1ccccc1,347.0,104.46,75.0,0.0001,NBD_QC_Functionalized,NBD_Combinatorial_M08_Aligned,RDKit_MMFF94_3D,NBD_DA_112
CC1=CC2(C)CC1C(S(=O)(=O)c1ccccc1)=C2c1ccccc1,347.0,76.5,75.0,0.0001,NBD_QC_Functionalized,NBD_Combinatorial_M08_Aligned,RDKit_MMFF94_3D,NBD_DA_113
C1=CC2CC1C(c1ccccc1)=C2c1nccs1,341.0,76.5,75.0,0.0001,NBD_QC_Functionalized,NBD_Combinatorial_M08_Aligned,RDKit_MMFF94_3D,NBD_DA_114
CC1(C)C2C=CC1C(c1nccs1)=C2c1ccccc1,341.0,68.09,75.0,0.0001,NBD_QC_Functionalized,NBD_Combinatorial_M08_Aligned,RDKit_MMFF94_3D,NBD_DA_115
CC1=CC2(C)CC1C(c1nccs1)=C2c1ccccc1,341.0,71.5,75.0,0.0001,NBD_QC_Functionalized,NBD_Combinatorial_M08_Aligned,RDKit_MMFF94_3D,NBD_DA_116
CCNC(=O)C1=C(c2ccccc2)C2C=CC1C2,331.0,77.53,75.0,0.0001,NBD_QC_Functionalized,NBD_Combinatorial_M08_Aligned,RDKit_MMFF94_3D,NBD_DA_117
CCNC(=O)C1=C(c2ccccc2)C2C=CC1C2(C)C,331.0,82.5,75.0,0.0001,NBD_QC_Functionalized,NBD_Combinatorial_M08_Aligned,RDKit_MMFF94_3D,NBD_DA_118
CCNC(=O)C1=C(c2ccccc2)C2(C)C=C(C)C1C2,331.0,36.28,75.0,0.0001,NBD_QC_Functionalized,NBD_Combinatorial_M08_Aligned,RDKit_MMFF94_3D,NBD_DA_119
COc1ccc(C2=C(C#N)C3C=CC2C3)cc1,352.0,65.39,75.0,0.0001,NBD_QC_Functionalized,NBD_Combinatorial_M08_Aligned,RDKit_MMFF94_3D,NBD_DA_120
COc1ccc(C2=C(C#N)C3C=CC2C3(C)C)cc1,352.0,66.5,75.0,0.0001,NBD_QC_Functionalized,NBD_Combinatorial_M08_Aligned,RDKit_MMFF94_3D,NBD_DA_121
COc1ccc(C2=C(C#N)C3CC2(C)C=C3C)cc1,352.0,58.62,75.0,0.0001,NBD_QC_Functionalized,NBD_Combinatorial_M08_Aligned,RDKit_MMFF94_3D,NBD_DA_122
COC(=O)C1=C(c2ccc(OC)cc2)C2C=CC1C2,355.0,65.5,75.0,0.0001,NBD_QC_Functionalized,NBD_Combinatorial_M08_Aligned,RDKit_MMFF94_3D,NBD_DA_123
COC(=O)C1=C(c2ccc(OC)cc2)C2C=CC1C2(C)C,355.0,68.5,75.0,0.0001,NBD_QC_Functionalized,NBD_Combinatorial_M08_Aligned,RDKit_MMFF94_3D,NBD_DA_124
COC(=O)C1=C(c2ccc(OC)cc2)C2(C)C=C(C)C1C2,355.0,62.35,75.0,0.0001,NBD_QC_Functionalized,NBD_Combinatorial_M08_Aligned,RDKit_MMFF94_3D,NBD_DA_125
CCOC(=O)C1=C(c2ccc(OC)cc2)C2C=CC1C2,355.0,68.6,75.0,0.0001,NBD_QC_Functionalized,NBD_Combinatorial_M08_Aligned,RDKit_MMFF94_3D,NBD_DA_126
CCOC(=O)C1=C(c2ccc(OC)cc2)C2C=CC1C2(C)C,355.0,69.43,75.0,0.0001,NBD_QC_Functionalized,NBD_Combinatorial_M08_Aligned,RDKit_MMFF94_3D,NBD_DA_127
CCOC(=O)C1=C(c2ccc(OC)cc2)C2(C)C=C(C)C1C2,355.0,57.1,75.0,0.0001,NBD_QC_Functionalized,NBD_Combinatorial_M08_Aligned,RDKit_MMFF94_3D,NBD_DA_128
COc1ccc(C2=C(C(C)=O)C3C=CC2C3)cc1,357.0,32.96,75.0,0.0001,NBD_QC_Functionalized,NBD_Combinatorial_M08_Aligned,RDKit_MMFF94_3D,NBD_DA_129
COc1ccc(C2=C(C(C)=O)C3C=CC2C3(C)C)cc1,357.0,69.37,75.0,0.0001,NBD_QC_Functionalized,NBD_Combinatorial_M08_Aligned,RDKit_MMFF94_3D,NBD_DA_130
COc1ccc(C2=C(C(C)=O)C3CC2(C)C=C3C)cc1,357.0,67.5,75.0,0.0001,NBD_QC_Functionalized,NBD_Combinatorial_M08_Aligned,RDKit_MMFF94_3D,NBD_DA_131
COc1ccc(C2=C(C(F)(F)F)C3C=CC2C3)cc1,342.0,134.05,75.0,0.0001,NBD_QC_Functionalized,NBD_Combinatorial_M08_Aligned,RDKit_MMFF94_3D,NBD_DA_132
COc1ccc(C2=C(C(F)(F)F)C3C=CC2C3(C)C)cc1,342.0,66.89,75.0,0.0001,NBD_QC_Functionalized,NBD_Combinatorial_M08_Aligned,RDKit_MMFF94_3D,NBD_DA_133
COc1ccc(C2=C(C(F)(F)F)C3CC2(C)C=C3C)cc1,342.0,127.08,75.0,0.0001,NBD_QC_Functionalized,NBD_Combinatorial_M08_Aligned,RDKit_MMFF94_3D,NBD_DA_134
COc1ccc(C2=C(S(C)(=O)=O)C3C=CC2C3)cc1,347.0,62.5,75.0,0.0001,NBD_QC_Functionalized,NBD_Combinatorial_M08_Aligned,RDKit_MMFF94_3D,NBD_DA_135
COc1ccc(C2=C(S(C)(=O)=O)C3C=CC2C3(C)C)cc1,347.0,84.79,75.0,0.0001,NBD_QC_Functionalized,NBD_Combinatorial_M08_Aligned,RDKit_MMFF94_3D,NBD_DA_136
COc1ccc(C2=C(S(C)(=O)=O)C3CC2(C)C=C3C)cc1,347.0,67.5,75.0,0.0001,NBD_QC_Functionalized,NBD_Combinatorial_M08_Aligned,RDKit_MMFF94_3D,NBD_DA_137
COc1ccc(C2=C(C(N)=O)C3C=CC2C3)cc1,351.0,54.34,75.0,0.0001,NBD_QC_Functionalized,NBD_Combinatorial_M08_Aligned,RDKit_MMFF94_3D,NBD_DA_138
COc1ccc(C2=C(C(N)=O)C3C=CC2C3(C)C)cc1,351.0,72.5,75.0,0.0001,NBD_QC_Functionalized,NBD_Combinatorial_M08_Aligned,RDKit_MMFF94_3D,NBD_DA_139
COc1ccc(C2=C(C(N)=O)C3CC2(C)C=C3C)cc1,351.0,69.92,75.0,0.0001,NBD_QC_Functionalized,NBD_Combinatorial_M08_Aligned,RDKit_MMFF94_3D,NBD_DA_140
COc1ccc(C2=C(c3ccc(C#N)cc3)C3C=CC2C3)cc1,382.0,68.62,75.0,0.0001,NBD_QC_Functionalized,NBD_Combinatorial_M08_Aligned,RDKit_MMFF94_3D,NBD_DA_141
COc1ccc(C2=C(c3ccc(C#N)cc3)C3C=CC2C3(C)C)cc1,382.0,68.62,75.0,0.0001,NBD_QC_Functionalized,NBD_Combinatorial_M08_Aligned,RDKit_MMFF94_3D,NBD_DA_142
COc1ccc(C2=C(c3ccc(C#N)cc3)C3CC2(C)C=C3C)cc1,382.0,68.62,75.0,0.0001,NBD_QC_Functionalized,NBD_Combinatorial_M08_Aligned,RDKit_MMFF94_3D,NBD_DA_143
COc1ccc(C2=C(c3ccc([N+](=O)[O-])cc3)C3C=CC2C3)cc1,387.0,61.5,75.0,0.0001,NBD_QC_Functionalized,NBD_Combinatorial_M08_Aligned,RDKit_MMFF94_3D,NBD_DA_144
COc1ccc(C2=C(c3ccc([N+](=O)[O-])cc3)C3C=CC2C3(C)C)cc1,387.0,68.47,75.0,0.0001,NBD_QC_Functionalized,NBD_Combinatorial_M08_Aligned,RDKit_MMFF94_3D,NBD_DA_145
COc1ccc(C2=C(c3ccc([N+](=O)[O-])cc3)C3CC2(C)C=C3C)cc1,387.0,68.47,75.0,0.0001,NBD_QC_Functionalized,NBD_Combinatorial_M08_Aligned,RDKit_MMFF94_3D,NBD_DA_146
COc1ccc(C2=C(c3ccc(C(F)(F)F)cc3)C3C=CC2C3)cc1,375.0,68.83,75.0,0.0001,NBD_QC_Functionalized,NBD_Combinatorial_M08_Aligned,RDKit_MMFF94_3D,NBD_DA_147
COc1ccc(C2=C(c3ccc(C(F)(F)F)cc3)C3C=CC2C3(C)C)cc1,375.0,75.5,75.0,0.0001,NBD_QC_Functionalized,NBD_Combinatorial_M08_Aligned,RDKit_MMFF94_3D,NBD_DA_148
COc1ccc(C2=C(c3ccc(C(F)(F)F)cc3)C3CC2(C)C=C3C)cc1,375.0,68.83,75.0,0.0001,NBD_QC_Functionalized,NBD_Combinatorial_M08_Aligned,RDKit_MMFF94_3D,NBD_DA_149
COc1ccc(C2=C(C(=O)c3ccccc3)C3C=CC2C3)cc1,372.0,80.5,75.0,0.0001,NBD_QC_Functionalized,NBD_Combinatorial_M08_Aligned,RDKit_MMFF94_3D,NBD_DA_150
COc1ccc(C2=C(C(=O)c3ccccc3)C3C=CC2C3(C)C)cc1,372.0,68.92,75.0,0.0001,NBD_QC_Functionalized,NBD_Combinatorial_M08_Aligned,RDKit_MMFF94_3D,NBD_DA_151
COc1ccc(C2=C(C(=O)c3ccccc3)C3CC2(C)C=C3C)cc1,372.0,67.5,75.0,0.0001,NBD_QC_Functionalized,NBD_Combinatorial_M08_Aligned,RDKit_MMFF94_3D,NBD_DA_152
COc1ccc(C2=C(c3ccccn3)C3C=CC2C3)cc1,365.0,82.5,75.0,0.0001,NBD_QC_Functionalized,NBD_Combinatorial_M08_Aligned,RDKit_MMFF94_3D,NBD_DA_153
COc1ccc(C2=C(c3ccccn3)C3C=CC2C3(C)C)cc1,365.0,69.5,75.0,0.0001,NBD_QC_Functionalized,NBD_Combinatorial_M08_Aligned,RDKit_MMFF94_3D,NBD_DA_154
COc1ccc(C2=C(c3ccccn3)C3CC2(C)C=C3C)cc1,365.0,58.5,75.0,0.0001,NBD_QC_Functionalized,NBD_Combinatorial_M08_Aligned,RDKit_MMFF94_3D,NBD_DA_155
COc1ccc(C2=C(c3ccncc3)C3C=CC2C3)cc1,367.0,69.07,75.0,0.0001,NBD_QC_Functionalized,NBD_Combinatorial_M08_Aligned,RDKit_MMFF94_3D,NBD_DA_156
COc1ccc(C2=C(c3ccncc3)C3C=CC2C3(C)C)cc1,367.0,60.5,75.0,0.0001,NBD_QC_Functionalized,NBD_Combinatorial_M08_Aligned,RDKit_MMFF94_3D,NBD_DA_157
COc1ccc(C2=C(c3ccncc3)C3CC2(C)C=C3C)cc1,367.0,74.5,75.0,0.0001,NBD_QC_Functionalized,NBD_Combinatorial_M08_Aligned,RDKit_MMFF94_3D,NBD_DA_158
COc1ccc(C2=C(C(=O)O)C3C=CC2C3)cc1,352.0,69.5,75.0,0.0001,NBD_QC_Functionalized,NBD_Combinatorial_M08_Aligned,RDKit_MMFF94_3D,NBD_DA_159
COc1ccc(C2=C(C(=O)O)C3C=CC2C3(C)C)cc1,352.0,63.5,75.0,0.0001,NBD_QC_Functionalized,NBD_Combinatorial_M08_Aligned,RDKit_MMFF94_3D,NBD_DA_160
COc1ccc(C2=C(C(=O)O)C3CC2(C)C=C3C)cc1,352.0,65.93,75.0,0.0001,NBD_QC_Functionalized,NBD_Combinatorial_M08_Aligned,RDKit_MMFF94_3D,NBD_DA_161
CCCCC(CC)COC(=O)C1=C(c2ccc(OC)cc2)C2C=CC1C2,357.0,72.62,75.0,0.0001,NBD_QC_Functionalized,NBD_Combinatorial_M08_Aligned,RDKit_MMFF94_3D,NBD_DA_162
CCCCC(CC)COC(=O)C1=C(c2ccc(OC)cc2)C2C=CC1C2(C)C,357.0,69.5,75.0,0.0001,NBD_QC_Functionalized,NBD_Combinatorial_M08_Aligned,RDKit_MMFF94_3D,NBD_DA_163
CCCCC(CC)COC(=O)C1=C(c2ccc(OC)cc2)C2(C)C=C(C)C1C2,357.0,72.5,75.0,0.0001,NBD_QC_Functionalized,NBD_Combinatorial_M08_Aligned,RDKit_MMFF94_3D,NBD_DA_164
COc1ccc(C2=C(c3cccc(C#N)c3)C3C=CC2C3)cc1,379.0,68.71,75.0,0.0001,NBD_QC_Functionalized,NBD_Combinatorial_M08_Aligned,RDKit_MMFF94_3D,NBD_DA_165
COc1ccc(C2=C(c3cccc(C#N)c3)C3C=CC2C3(C)C)cc1,379.0,68.71,75.0,0.0001,NBD_QC_Functionalized,NBD_Combinatorial_M08_Aligned,RDKit_MMFF94_3D,NBD_DA_166
COc1ccc(C2=C(c3cccc(C#N)c3)C3CC2(C)C=C3C)cc1,379.0,68.71,75.0,0.0001,NBD_QC_Functionalized,NBD_Combinatorial_M08_Aligned,RDKit_MMFF94_3D,NBD_DA_167
COc1ccc(C2=C(C(=O)OC(C)C)C3C=CC2C3)cc1,355.0,65.14,75.0,0.0001,NBD_QC_Functionalized,NBD_Combinatorial_M08_Aligned,RDKit_MMFF94_3D,NBD_DA_168
COc1ccc(C2=C(C(=O)OC(C)C)C3C=CC2C3(C)C)cc1,355.0,69.43,75.0,0.0001,NBD_QC_Functionalized,NBD_Combinatorial_M08_Aligned,RDKit_MMFF94_3D,NBD_DA_169
COc1ccc(C2=C(C(=O)OC(C)C)C3CC2(C)C=C3C)cc1,355.0,55.34,75.0,0.0001,NBD_QC_Functionalized,NBD_Combinatorial_M08_Aligned,RDKit_MMFF94_3D,NBD_DA_170
COc1ccc(C2=C(S(=O)(=O)c3ccccc3)C3C=CC2C3)cc1,369.0,82.5,75.0,0.0001,NBD_QC_Functionalized,NBD_Combinatorial_M08_Aligned,RDKit_MMFF94_3D,NBD_DA_171
COc1ccc(C2=C(S(=O)(=O)c3ccccc3)C3C=CC2C3(C)C)cc1,369.0,66.5,75.0,0.0001,NBD_QC_Functionalized,NBD_Combinatorial_M08_Aligned,RDKit_MMFF94_3D,NBD_DA_172
COc1ccc(C2=C(S(=O)(=O)c3ccccc3)C3CC2(C)C=C3C)cc1,369.0,59.5,75.0,0.0001,NBD_QC_Functionalized,NBD_Combinatorial_M08_Aligned,RDKit_MMFF94_3D,NBD_DA_173
COc1ccc(C2=C(c3nccs3)C3C=CC2C3)cc1,363.0,65.5,75.0,0.0001,NBD_QC_Functionalized,NBD_Combinatorial_M08_Aligned,RDKit_MMFF94_3D,NBD_DA_174
COc1ccc(C2=C(c3nccs3)C3C=CC2C3(C)C)cc1,363.0,69.19,75.0,0.0001,NBD_QC_Functionalized,NBD_Combinatorial_M08_Aligned,RDKit_MMFF94_3D,NBD_DA_175
COc1ccc(C2=C(c3nccs3)C3CC2(C)C=C3C)cc1,363.0,64.5,75.0,0.0001,NBD_QC_Functionalized,NBD_Combinatorial_M08_Aligned,RDKit_MMFF94_3D,NBD_DA_176
CCNC(=O)C1=C(c2ccc(OC)cc2)C2C=CC1C2,353.0,73.78,75.0,0.0001,NBD_QC_Functionalized,NBD_Combinatorial_M08_Aligned,RDKit_MMFF94_3D,NBD_DA_177
CCNC(=O)C1=C(c2ccc(OC)cc2)C2C=CC1C2(C)C,353.0,69.49,75.0,0.0001,NBD_QC_Functionalized,NBD_Combinatorial_M08_Aligned,RDKit_MMFF94_3D,NBD_DA_178
CCNC(=O)C1=C(c2ccc(OC)cc2)C2(C)C=C(C)C1C2,353.0,47.01,75.0,0.0001,NBD_QC_Functionalized,NBD_Combinatorial_M08_Aligned,RDKit_MMFF94_3D,NBD_DA_179
CN(C)c1ccc(C2=C(C#N)C3C=CC2C3)cc1,375.0,64.6,75.0,0.0001,NBD_QC_Functionalized,NBD_Combinatorial_M08_Aligned,RDKit_MMFF94_3D,NBD_DA_180
CN(C)c1ccc(C2=C(C#N)C3C=CC2C3(C)C)cc1,375.0,61.5,75.0,0.0001,NBD_QC_Functionalized,NBD_Combinatorial_M08_Aligned,RDKit_MMFF94_3D,NBD_DA_181
CC1=CC2(C)CC1C(C#N)=C2c1ccc(N(C)C)cc1,375.0,54.44,75.0,0.0001,NBD_QC_Functionalized,NBD_Combinatorial_M08_Aligned,RDKit_MMFF94_3D,NBD_DA_182
COC(=O)C1=C(c2ccc(N(C)C)cc2)C2C=CC1C2,378.0,66.59,75.0,0.0001,NBD_QC_Functionalized,NBD_Combinatorial_M08_Aligned,RDKit_MMFF94_3D,NBD_DA_183
COC(=O)C1=C(c2ccc(N(C)C)cc2)C2C=CC1C2(C)C,378.0,70.58,75.0,0.0001,NBD_QC_Functionalized,NBD_Combinatorial_M08_Aligned,RDKit_MMFF94_3D,NBD_DA_184
COC(=O)C1=C(c2ccc(N(C)C)cc2)C2(C)C=C(C)C1C2,378.0,62.19,75.0,0.0001,NBD_QC_Functionalized,NBD_Combinatorial_M08_Aligned,RDKit_MMFF94_3D,NBD_DA_185
CCOC(=O)C1=C(c2ccc(N(C)C)cc2)C2C=CC1C2,378.0,67.32,75.0,0.0001,NBD_QC_Functionalized,NBD_Combinatorial_M08_Aligned,RDKit_MMFF94_3D,NBD_DA_186
CCOC(=O)C1=C(c2ccc(N(C)C)cc2)C2C=CC1C2(C)C,378.0,73.5,75.0,0.0001,NBD_QC_Functionalized,NBD_Combinatorial_M08_Aligned,RDKit_MMFF94_3D,NBD_DA_187
CCOC(=O)C1=C(c2ccc(N(C)C)cc2)C2(C)C=C(C)C1C2,378.0,51.49,75.0,0.0001,NBD_QC_Functionalized,NBD_Combinatorial_M08_Aligned,RDKit_MMFF94_3D,NBD_DA_188
CC(=O)C1=C(c2ccc(N(C)C)cc2)C2C=CC1C2,380.0,73.5,75.0,0.0001,NBD_QC_Functionalized,NBD_Combinatorial_M08_Aligned,RDKit_MMFF94_3D,NBD_DA_189
CC(=O)C1=C(c2ccc(N(C)C)cc2)C2C=CC1C2(C)C,380.0,71.5,75.0,0.0001,NBD_QC_Functionalized,NBD_Combinatorial_M08_Aligned,RDKit_MMFF94_3D,NBD_DA_190
CC(=O)C1=C(c2ccc(N(C)C)cc2)C2(C)C=C(C)C1C2,380.0,65.5,75.0,0.0001,NBD_QC_Functionalized,NBD_Combinatorial_M08_Aligned,RDKit_MMFF94_3D,NBD_DA_191
CN(C)c1ccc(C2=C(C(F)(F)F)C3C=CC2C3)cc1,365.0,133.6,75.0,0.0001,NBD_QC_Functionalized,NBD_Combinatorial_M08_Aligned,RDKit_MMFF94_3D,NBD_DA_192
CN(C)c1ccc(C2=C(C(F)(F)F)C3C=CC2C3(C)C)cc1,365.0,68.62,75.0,0.0001,NBD_QC_Functionalized,NBD_Combinatorial_M08_Aligned,RDKit_MMFF94_3D,NBD_DA_193
CC1=CC2(C)CC1C(C(F)(F)F)=C2c1ccc(N(C)C)cc1,365.0,127.2,75.0,0.0001,NBD_QC_Functionalized,NBD_Combinatorial_M08_Aligned,RDKit_MMFF94_3D,NBD_DA_194
CN(C)c1ccc(C2=C(S(C)(=O)=O)C3C=CC2C3)cc1,370.0,59.5,75.0,0.0001,NBD_QC_Functionalized,NBD_Combinatorial_M08_Aligned,RDKit_MMFF94_3D,NBD_DA_195
CN(C)c1ccc(C2=C(S(C)(=O)=O)C3C=CC2C3(C)C)cc1,370.0,59.5,75.0,0.0001,NBD_QC_Functionalized,NBD_Combinatorial_M08_Aligned,RDKit_MMFF94_3D,NBD_DA_196
CC1=CC2(C)CC1C(S(C)(=O)=O)=C2c1ccc(N(C)C)cc1,370.0,71.5,75.0,0.0001,NBD_QC_Functionalized,NBD_Combinatorial_M08_Aligned,RDKit_MMFF94_3D,NBD_DA_197
CN(C)c1ccc(C2=C(C(N)=O)C3C=CC2C3)cc1,374.0,73.89,75.0,0.0001,NBD_QC_Functionalized,NBD_Combinatorial_M08_Aligned,RDKit_MMFF94_3D,NBD_DA_198
CN(C)c1ccc(C2=C(C(N)=O)C3C=CC2C3(C)C)cc1,374.0,70.7,75.0,0.0001,NBD_QC_Functionalized,NBD_Combinatorial_M08_Aligned,RDKit_MMFF94_3D,NBD_DA_199
CC1=CC2(C)CC1C(C(N)=O)=C2c1ccc(N(C)C)cc1,374.0,69.5,75.0,0.0001,NBD_QC_Functionalized,NBD_Combinatorial_M08_Aligned,RDKit_MMFF94_3D,NBD_DA_200
CN(C)c1ccc(C2=C(c3ccc(C#N)cc3)C3C=CC2C3)cc1,405.0,69.5,75.0,0.0001,NBD_QC_Functionalized,NBD_Combinatorial_M08_Aligned,RDKit_MMFF94_3D,NBD_DA_201
CN(C)c1ccc(C2=C(c3ccc(C#N)cc3)C3C=CC2C3(C)C)cc1,405.0,69.77,75.0,0.0001,NBD_QC_Functionalized,NBD_Combinatorial_M08_Aligned,RDKit_MMFF94_3D,NBD_DA_202
CC1=CC2(C)CC1C(c1ccc(C#N)cc1)=C2c1ccc(N(C)C)cc1,405.0,69.77,75.0,0.0001,NBD_QC_Functionalized,NBD_Combinatorial_M08_Aligned,RDKit_MMFF94_3D,NBD_DA_203
CN(C)c1ccc(C2=C(c3ccc([N+](=O)[O-])cc3)C3C=CC2C3)cc1,410.0,69.62,75.0,0.0001,NBD_QC_Functionalized,NBD_Combinatorial_M08_Aligned,RDKit_MMFF94_3D,NBD_DA_204
CN(C)c1ccc(C2=C(c3ccc([N+](=O)[O-])cc3)C3C=CC2C3(C)C)cc1,410.0,69.62,75.0,0.0001,NBD_QC_Functionalized,NBD_Combinatorial_M08_Aligned,RDKit_MMFF94_3D,NBD_DA_205
CC1=CC2(C)CC1C(c1ccc([N+](=O)[O-])cc1)=C2c1ccc(N(C)C)cc1,410.0,69.62,75.0,0.0001,NBD_QC_Functionalized,NBD_Combinatorial_M08_Aligned,RDKit_MMFF94_3D,NBD_DA_206
CN(C)c1ccc(C2=C(c3ccc(C(F)(F)F)cc3)C3C=CC2C3)cc1,398.0,69.98,75.0,0.0001,NBD_QC_Functionalized,NBD_Combinatorial_M08_Aligned,RDKit_MMFF94_3D,NBD_DA_207
CN(C)c1ccc(C2=C(c3ccc(C(F)(F)F)cc3)C3C=CC2C3(C)C)cc1,398.0,69.98,75.0,0.0001,NBD_QC_Functionalized,NBD_Combinatorial_M08_Aligned,RDKit_MMFF94_3D,NBD_DA_208
CC1=CC2(C)CC1C(c1ccc(C(F)(F)F)cc1)=C2c1ccc(N(C)C)cc1,398.0,58.5,75.0,0.0001,NBD_QC_Functionalized,NBD_Combinatorial_M08_Aligned,RDKit_MMFF94_3D,NBD_DA_209
CN(C)c1ccc(C2=C(C(=O)c3ccccc3)C3C=CC2C3)cc1,395.0,41.56,75.0,0.0001,NBD_QC_Functionalized,NBD_Combinatorial_M08_Aligned,RDKit_MMFF94_3D,NBD_DA_210
CN(C)c1ccc(C2=C(C(=O)c3ccccc3)C3C=CC2C3(C)C)cc1,395.0,70.07,75.0,0.0001,NBD_QC_Functionalized,NBD_Combinatorial_M08_Aligned,RDKit_MMFF94_3D,NBD_DA_211
CC1=CC2(C)CC1C(C(=O)c1ccccc1)=C2c1ccc(N(C)C)cc1,395.0,39.27,75.0,0.0001,NBD_QC_Functionalized,NBD_Combinatorial_M08_Aligned,RDKit_MMFF94_3D,NBD_DA_212
CN(C)c1ccc(C2=C(c3ccccn3)C3C=CC2C3)cc1,388.0,62.5,75.0,0.0001,NBD_QC_Functionalized,NBD_Combinatorial_M08_Aligned,RDKit_MMFF94_3D,NBD_DA_213
CN(C)c1ccc(C2=C(c3ccccn3)C3C=CC2C3(C)C)cc1,388.0,70.28,75.0,0.0001,NBD_QC_Functionalized,NBD_Combinatorial_M08_Aligned,RDKit_MMFF94_3D,NBD_DA_214
CC1=CC2(C)CC1C(c1ccccn1)=C2c1ccc(N(C)C)cc1,388.0,66.5,75.0,0.0001,NBD_QC_Functionalized,NBD_Combinatorial_M08_Aligned,RDKit_MMFF94_3D,NBD_DA_215
CN(C)c1ccc(C2=C(c3ccncc3)C3C=CC2C3)cc1,390.0,70.5,75.0,0.0001,NBD_QC_Functionalized,NBD_Combinatorial_M08_Aligned,RDKit_MMFF94_3D,NBD_DA_216
CN(C)c1ccc(C2=C(c3ccncc3)C3C=CC2C3(C)C)cc1,390.0,70.22,75.0,0.0001,NBD_QC_Functionalized,NBD_Combinatorial_M08_Aligned,RDKit_MMFF94_3D,NBD_DA_217
CC1=CC2(C)CC1C(c1ccncc1)=C2c1ccc(N(C)C)cc1,390.0,70.22,75.0,0.0001,NBD_QC_Functionalized,NBD_Combinatorial_M08_Aligned,RDKit_MMFF94_3D,NBD_DA_218
CN(C)c1ccc(C2=C(C(=O)O)C3C=CC2C3)cc1,375.0,68.66,75.0,0.0001,NBD_QC_Functionalized,NBD_Combinatorial_M08_Aligned,RDKit_MMFF94_3D,NBD_DA_219
CN(C)c1ccc(C2=C(C(=O)O)C3C=CC2C3(C)C)cc1,375.0,70.5,75.0,0.0001,NBD_QC_Functionalized,NBD_Combinatorial_M08_Aligned,RDKit_MMFF94_3D,NBD_DA_220
CC1=CC2(C)CC1C(C(=O)O)=C2c1ccc(N(C)C)cc1,375.0,59.39,75.0,0.0001,NBD_QC_Functionalized,NBD_Combinatorial_M08_Aligned,RDKit_MMFF94_3D,NBD_DA_221
CCCCC(CC)COC(=O)C1=C(c2ccc(N(C)C)cc2)C2C=CC1C2,380.0,50.05,75.0,0.0001,NBD_QC_Functionalized,NBD_Combinatorial_M08_Aligned,RDKit_MMFF94_3D,NBD_DA_222
CCCCC(CC)COC(=O)C1=C(c2ccc(N(C)C)cc2)C2C=CC1C2(C)C,380.0,58.5,75.0,0.0001,NBD_QC_Functionalized,NBD_Combinatorial_M08_Aligned,RDKit_MMFF94_3D,NBD_DA_223
CCCCC(CC)COC(=O)C1=C(c2ccc(N(C)C)cc2)C2(C)C=C(C)C1C2,380.0,77.81,75.0,0.0001,NBD_QC_Functionalized,NBD_Combinatorial_M08_Aligned,RDKit_MMFF94_3D,NBD_DA_224
CN(C)c1ccc(C2=C(c3cccc(C#N)c3)C3C=CC2C3)cc1,402.0,69.86,75.0,0.0001,NBD_QC_Functionalized,NBD_Combinatorial_M08_Aligned,RDKit_MMFF94_3D,NBD_DA_225
CN(C)c1ccc(C2=C(c3cccc(C#N)c3)C3C=CC2C3(C)C)cc1,402.0,69.86,75.0,0.0001,NBD_QC_Functionalized,NBD_Combinatorial_M08_Aligned,RDKit_MMFF94_3D,NBD_DA_226
CC1=CC2(C)CC1C(c1cccc(C#N)c1)=C2c1ccc(N(C)C)cc1,402.0,79.5,75.0,0.0001,NBD_QC_Functionalized,NBD_Combinatorial_M08_Aligned,RDKit_MMFF94_3D,NBD_DA_227
CC(C)OC(=O)C1=C(c2ccc(N(C)C)cc2)C2C=CC1C2,378.0,70.73,75.0,0.0001,NBD_QC_Functionalized,NBD_Combinatorial_M08_Aligned,RDKit_MMFF94_3D,NBD_DA_228
CC(C)OC(=O)C1=C(c2ccc(N(C)C)cc2)C2C=CC1C2(C)C,378.0,73.5,75.0,0.0001,NBD_QC_Functionalized,NBD_Combinatorial_M08_Aligned,RDKit_MMFF94_3D,NBD_DA_229
CC1=CC2(C)CC1C(C(=O)OC(C)C)=C2c1ccc(N(C)C)cc1,378.0,57.92,75.0,0.0001,NBD_QC_Functionalized,NBD_Combinatorial_M08_Aligned,RDKit_MMFF94_3D,NBD_DA_230
CN(C)c1ccc(C2=C(S(=O)(=O)c3ccccc3)C3C=CC2C3)cc1,392.0,74.5,75.0,0.0001,NBD_QC_Functionalized,NBD_Combinatorial_M08_Aligned,RDKit_MMFF94_3D,NBD_DA_231
CN(C)c1ccc(C2=C(S(=O)(=O)c3ccccc3)C3C=CC2C3(C)C)cc1,392.0,64.5,75.0,0.0001,NBD_QC_Functionalized,NBD_Combinatorial_M08_Aligned,RDKit_MMFF94_3D,NBD_DA_232
CC1=CC2(C)CC1C(S(=O)(=O)c1ccccc1)=C2c1ccc(N(C)C)cc1,392.0,148.13,75.0,0.0001,NBD_QC_Functionalized,NBD_Combinatorial_M08_Aligned,RDKit_MMFF94_3D,NBD_DA_233
CN(C)c1ccc(C2=C(c3nccs3)C3C=CC2C3)cc1,386.0,69.5,75.0,0.0001,NBD_QC_Functionalized,NBD_Combinatorial_M08_Aligned,RDKit_MMFF94_3D,NBD_DA_234
CN(C)c1ccc(C2=C(c3nccs3)C3C=CC2C3(C)C)cc1,386.0,70.34,75.0,0.0001,NBD_QC_Functionalized,NBD_Combinatorial_M08_Aligned,RDKit_MMFF94_3D,NBD_DA_235
CC1=CC2(C)CC1C(c1nccs1)=C2c1ccc(N(C)C)cc1,386.0,61.5,75.0,0.0001,NBD_QC_Functionalized,NBD_Combinatorial_M08_Aligned,RDKit_MMFF94_3D,NBD_DA_236
CCNC(=O)C1=C(c2ccc(N(C)C)cc2)C2C=CC1C2,376.0,47.24,75.0,0.0001,NBD_QC_Functionalized,NBD_Combinatorial_M08_Aligned,RDKit_MMFF94_3D,NBD_DA_237
CCNC(=O)C1=C(c2ccc(N(C)C)cc2)C2C=CC1C2(C)C,376.0,70.64,75.0,0.0001,NBD_QC_Functionalized,NBD_Combinatorial_M08_Aligned,RDKit_MMFF94_3D,NBD_DA_238
CCNC(=O)C1=C(c2ccc(N(C)C)cc2)C2(C)C=C(C)C1C2,376.0,35.04,75.0,0.0001,NBD_QC_Functionalized,NBD_Combinatorial_M08_Aligned,RDKit_MMFF94_3D,NBD_DA_239
Cc1ccc(C2=C(C#N)C3C=CC2C3)cc1,335.0,64.5,75.0,0.0001,NBD_QC_Functionalized,NBD_Combinatorial_M08_Aligned,RDKit_MMFF94_3D,NBD_DA_240
Cc1ccc(C2=C(C#N)C3C=CC2C3(C)C)cc1,335.0,75.5,75.0,0.0001,NBD_QC_Functionalized,NBD_Combinatorial_M08_Aligned,RDKit_MMFF94_3D,NBD_DA_241
CC1=CC2(C)CC1C(C#N)=C2c1ccc(C)cc1,335.0,57.82,75.0,0.0001,NBD_QC_Functionalized,NBD_Combinatorial_M08_Aligned,RDKit_MMFF94_3D,NBD_DA_242
COC(=O)C1=C(c2ccc(C)cc2)C2C=CC1C2,338.0,64.86,75.0,0.0001,NBD_QC_Functionalized,NBD_Combinatorial_M08_Aligned,RDKit_MMFF94_3D,NBD_DA_243
COC(=O)C1=C(c2ccc(C)cc2)C2C=CC1C2(C)C,338.0,73.5,75.0,0.0001,NBD_QC_Functionalized,NBD_Combinatorial_M08_Aligned,RDKit_MMFF94_3D,NBD_DA_244
COC(=O)C1=C(c2ccc(C)cc2)C2(C)C=C(C)C1C2,338.0,55.87,75.0,0.0001,NBD_QC_Functionalized,NBD_Combinatorial_M08_Aligned,RDKit_MMFF94_3D,NBD_DA_245
CCOC(=O)C1=C(c2ccc(C)cc2)C2C=CC1C2,338.0,82.5,75.0,0.0001,NBD_QC_Functionalized,NBD_Combinatorial_M08_Aligned,RDKit_MMFF94_3D,NBD_DA_246
CCOC(=O)C1=C(c2ccc(C)cc2)C2C=CC1C2(C)C,338.0,68.58,75.0,0.0001,NBD_QC_Functionalized,NBD_Combinatorial_M08_Aligned,RDKit_MMFF94_3D,NBD_DA_247
CCOC(=O)C1=C(c2ccc(C)cc2)C2(C)C=C(C)C1C2,338.0,60.59,75.0,0.0001,NBD_QC_Functionalized,NBD_Combinatorial_M08_Aligned,RDKit_MMFF94_3D,NBD_DA_248
CC(=O)C1=C(c2ccc(C)cc2)C2C=CC1C2,340.0,74.5,75.0,0.0001,NBD_QC_Functionalized,NBD_Combinatorial_M08_Aligned,RDKit_MMFF94_3D,NBD_DA_249
CC(=O)C1=C(c2ccc(C)cc2)C2C=CC1C2(C)C,340.0,79.5,75.0,0.0001,NBD_QC_Functionalized,NBD_Combinatorial_M08_Aligned,RDKit_MMFF94_3D,NBD_DA_250
CC(=O)C1=C(c2ccc(C)cc2)C2(C)C=C(C)C1C2,340.0,76.5,75.0,0.0001,NBD_QC_Functionalized,NBD_Combinatorial_M08_Aligned,RDKit_MMFF94_3D,NBD_DA_251
Cc1ccc(C2=C(C(F)(F)F)C3C=CC2C3)cc1,325.0,132.02,75.0,0.0001,NBD_QC_Functionalized,NBD_Combinatorial_M08_Aligned,RDKit_MMFF94_3D,NBD_DA_252
Cc1ccc(C2=C(C(F)(F)F)C3C=CC2C3(C)C)cc1,325.0,73.5,75.0,0.0001,NBD_QC_Functionalized,NBD_Combinatorial_M08_Aligned,RDKit_MMFF94_3D,NBD_DA_253
CC1=CC2(C)CC1C(C(F)(F)F)=C2c1ccc(C)cc1,325.0,125.6,75.0,0.0001,NBD_QC_Functionalized,NBD_Combinatorial_M08_Aligned,RDKit_MMFF94_3D,NBD_DA_254
Cc1ccc(C2=C(S(C)(=O)=O)C3C=CC2C3)cc1,330.0,81.5,75.0,0.0001,NBD_QC_Functionalized,NBD_Combinatorial_M08_Aligned,RDKit_MMFF94_3D,NBD_DA_255
Cc1ccc(C2=C(S(C)(=O)=O)C3C=CC2C3(C)C)cc1,330.0,62.5,75.0,0.0001,NBD_QC_Functionalized,NBD_Combinatorial_M08_Aligned,RDKit_MMFF94_3D,NBD_DA_256
CC1=CC2(C)CC1C(S(C)(=O)=O)=C2c1ccc(C)cc1,330.0,82.5,75.0,0.0001,NBD_QC_Functionalized,NBD_Combinatorial_M08_Aligned,RDKit_MMFF94_3D,NBD_DA_257
Cc1ccc(C2=C(C(N)=O)C3C=CC2C3)cc1,334.0,52.37,75.0,0.0001,NBD_QC_Functionalized,NBD_Combinatorial_M08_Aligned,RDKit_MMFF94_3D,NBD_DA_258
Cc1ccc(C2=C(C(N)=O)C3C=CC2C3(C)C)cc1,334.0,58.5,75.0,0.0001,NBD_QC_Functionalized,NBD_Combinatorial_M08_Aligned,RDKit_MMFF94_3D,NBD_DA_259
CC1=CC2(C)CC1C(C(N)=O)=C2c1ccc(C)cc1,334.0,81.45,75.0,0.0001,NBD_QC_Functionalized,NBD_Combinatorial_M08_Aligned,RDKit_MMFF94_3D,NBD_DA_260
Cc1ccc(C2=C(c3ccc(C#N)cc3)C3C=CC2C3)cc1,365.0,63.5,75.0,0.0001,NBD_QC_Functionalized,NBD_Combinatorial_M08_Aligned,RDKit_MMFF94_3D,NBD_DA_261
Cc1ccc(C2=C(c3ccc(C#N)cc3)C3C=CC2C3(C)C)cc1,365.0,61.5,75.0,0.0001,NBD_QC_Functionalized,NBD_Combinatorial_M08_Aligned,RDKit_MMFF94_3D,NBD_DA_262
CC1=CC2(C)CC1C(c1ccc(C#N)cc1)=C2c1ccc(C)cc1,365.0,67.77,75.0,0.0001,NBD_QC_Functionalized,NBD_Combinatorial_M08_Aligned,RDKit_MMFF94_3D,NBD_DA_263
Cc1ccc(C2=C(c3ccc([N+](=O)[O-])cc3)C3C=CC2C3)cc1,370.0,68.5,75.0,0.0001,NBD_QC_Functionalized,NBD_Combinatorial_M08_Aligned,RDKit_MMFF94_3D,NBD_DA_264
Cc1ccc(C2=C(c3ccc([N+](=O)[O-])cc3)C3C=CC2C3(C)C)cc1,370.0,61.5,75.0,0.0001,NBD_QC_Functionalized,NBD_Combinatorial_M08_Aligned,RDKit_MMFF94_3D,NBD_DA_265
CC1=CC2(C)CC1C(c1ccc([N+](=O)[O-])cc1)=C2c1ccc(C)cc1,370.0,67.62,75.0,0.0001,NBD_QC_Functionalized,NBD_Combinatorial_M08_Aligned,RDKit_MMFF94_3D,NBD_DA_266
Cc1ccc(C2=C(c3ccc(C(F)(F)F)cc3)C3C=CC2C3)cc1,358.0,67.98,75.0,0.0001,NBD_QC_Functionalized,NBD_Combinatorial_M08_Aligned,RDKit_MMFF94_3D,NBD_DA_267
Cc1ccc(C2=C(c3ccc(C(F)(F)F)cc3)C3C=CC2C3(C)C)cc1,358.0,67.98,75.0,0.0001,NBD_QC_Functionalized,NBD_Combinatorial_M08_Aligned,RDKit_MMFF94_3D,NBD_DA_268
CC1=CC2(C)CC1C(c1ccc(C(F)(F)F)cc1)=C2c1ccc(C)cc1,358.0,67.98,75.0,0.0001,NBD_QC_Functionalized,NBD_Combinatorial_M08_Aligned,RDKit_MMFF94_3D,NBD_DA_269
Cc1ccc(C2=C(C(=O)c3ccccc3)C3C=CC2C3)cc1,355.0,78.5,75.0,0.0001,NBD_QC_Functionalized,NBD_Combinatorial_M08_Aligned,RDKit_MMFF94_3D,NBD_DA_270
Cc1ccc(C2=C(C(=O)c3ccccc3)C3C=CC2C3(C)C)cc1,355.0,68.07,75.0,0.0001,NBD_QC_Functionalized,NBD_Combinatorial_M08_Aligned,RDKit_MMFF94_3D,NBD_DA_271
CC1=CC2(C)CC1C(C(=O)c1ccccc1)=C2c1ccc(C)cc1,355.0,73.5,75.0,0.0001,NBD_QC_Functionalized,NBD_Combinatorial_M08_Aligned,RDKit_MMFF94_3D,NBD_DA_272
Cc1ccc(C2=C(c3ccccn3)C3C=CC2C3)cc1,348.0,81.5,75.0,0.0001,NBD_QC_Functionalized,NBD_Combinatorial_M08_Aligned,RDKit_MMFF94_3D,NBD_DA_273
Cc1ccc(C2=C(c3ccccn3)C3C=CC2C3(C)C)cc1,348.0,68.28,75.0,0.0001,NBD_QC_Functionalized,NBD_Combinatorial_M08_Aligned,RDKit_MMFF94_3D,NBD_DA_274
CC1=CC2(C)CC1C(c1ccccn1)=C2c1ccc(C)cc1,348.0,76.5,75.0,0.0001,NBD_QC_Functionalized,NBD_Combinatorial_M08_Aligned,RDKit_MMFF94_3D,NBD_DA_275
Cc1ccc(C2=C(c3ccncc3)C3C=CC2C3)cc1,350.0,68.22,75.0,0.0001,NBD_QC_Functionalized,NBD_Combinatorial_M08_Aligned,RDKit_MMFF94_3D,NBD_DA_276
Cc1ccc(C2=C(c3ccncc3)C3C=CC2C3(C)C)cc1,350.0,68.22,75.0,0.0001,NBD_QC_Functionalized,NBD_Combinatorial_M08_Aligned,RDKit_MMFF94_3D,NBD_DA_277
CC1=CC2(C)CC1C(c1ccncc1)=C2c1ccc(C)cc1,350.0,65.5,75.0,0.0001,NBD_QC_Functionalized,NBD_Combinatorial_M08_Aligned,RDKit_MMFF94_3D,NBD_DA_278
Cc1ccc(C2=C(C(=O)O)C3C=CC2C3)cc1,335.0,77.5,75.0,0.0001,NBD_QC_Functionalized,NBD_Combinatorial_M08_Aligned,RDKit_MMFF94_3D,NBD_DA_279
Cc1ccc(C2=C(C(=O)O)C3C=CC2C3(C)C)cc1,335.0,72.5,75.0,0.0001,NBD_QC_Functionalized,NBD_Combinatorial_M08_Aligned,RDKit_MMFF94_3D,NBD_DA_280
CC1=CC2(C)CC1C(C(=O)O)=C2c1ccc(C)cc1,335.0,62.28,75.0,0.0001,NBD_QC_Functionalized,NBD_Combinatorial_M08_Aligned,RDKit_MMFF94_3D,NBD_DA_281
CCCCC(CC)COC(=O)C1=C(c2ccc(C)cc2)C2C=CC1C2,340.0,55.06,75.0,0.0001,NBD_QC_Functionalized,NBD_Combinatorial_M08_Aligned,RDKit_MMFF94_3D,NBD_DA_282
CCCCC(CC)COC(=O)C1=C(c2ccc(C)cc2)C2C=CC1C2(C)C,340.0,62.5,75.0,0.0001,NBD_QC_Functionalized,NBD_Combinatorial_M08_Aligned,RDKit_MMFF94_3D,NBD_DA_283
CCCCC(CC)COC(=O)C1=C(c2ccc(C)cc2)C2(C)C=C(C)C1C2,340.0,74.96,75.0,0.0001,NBD_QC_Functionalized,NBD_Combinatorial_M08_Aligned,RDKit_MMFF94_3D,NBD_DA_284
Cc1ccc(C2=C(c3cccc(C#N)c3)C3C=CC2C3)cc1,362.0,65.5,75.0,0.0001,NBD_QC_Functionalized,NBD_Combinatorial_M08_Aligned,RDKit_MMFF94_3D,NBD_DA_285
Cc1ccc(C2=C(c3cccc(C#N)c3)C3C=CC2C3(C)C)cc1,362.0,67.86,75.0,0.0001,NBD_QC_Functionalized,NBD_Combinatorial_M08_Aligned,RDKit_MMFF94_3D,NBD_DA_286
CC1=CC2(C)CC1C(c1cccc(C#N)c1)=C2c1ccc(C)cc1,362.0,67.86,75.0,0.0001,NBD_QC_Functionalized,NBD_Combinatorial_M08_Aligned,RDKit_MMFF94_3D,NBD_DA_287
Cc1ccc(C2=C(C(=O)OC(C)C)C3C=CC2C3)cc1,338.0,67.5,75.0,0.0001,NBD_QC_Functionalized,NBD_Combinatorial_M08_Aligned,RDKit_MMFF94_3D,NBD_DA_288
Cc1ccc(C2=C(C(=O)OC(C)C)C3C=CC2C3(C)C)cc1,338.0,68.58,75.0,0.0001,NBD_QC_Functionalized,NBD_Combinatorial_M08_Aligned,RDKit_MMFF94_3D,NBD_DA_289
CC1=CC2(C)CC1C(C(=O)OC(C)C)=C2c1ccc(C)cc1,338.0,64.47,75.0,0.0001,NBD_QC_Functionalized,NBD_Combinatorial_M08_Aligned,RDKit_MMFF94_3D,NBD_DA_290
Cc1ccc(C2=C(S(=O)(=O)c3ccccc3)C3C=CC2C3)cc1,352.0,67.5,75.0,0.0001,NBD_QC_Functionalized,NBD_Combinatorial_M08_Aligned,RDKit_MMFF94_3D,NBD_DA_291
Cc1ccc(C2=C(S(=O)(=O)c3ccccc3)C3C=CC2C3(C)C)cc1,352.0,106.81,75.0,0.0001,NBD_QC_Functionalized,NBD_Combinatorial_M08_Aligned,RDKit_MMFF94_3D,NBD_DA_292
CC1=CC2(C)CC1C(S(=O)(=O)c1ccccc1)=C2c1ccc(C)cc1,352.0,68.5,75.0,0.0001,NBD_QC_Functionalized,NBD_Combinatorial_M08_Aligned,RDKit_MMFF94_3D,NBD_DA_293
Cc1ccc(C2=C(c3nccs3)C3C=CC2C3)cc1,346.0,61.5,75.0,0.0001,NBD_QC_Functionalized,NBD_Combinatorial_M08_Aligned,RDKit_MMFF94_3D,NBD_DA_294
Cc1ccc(C2=C(c3nccs3)C3C=CC2C3(C)C)cc1,346.0,68.34,75.0,0.0001,NBD_QC_Functionalized,NBD_Combinatorial_M08_Aligned,RDKit_MMFF94_3D,NBD_DA_295
CC1=CC2(C)CC1C(c1nccs1)=C2c1ccc(C)cc1,346.0,63.5,75.0,0.0001,NBD_QC_Functionalized,NBD_Combinatorial_M08_Aligned,RDKit_MMFF94_3D,NBD_DA_296
CCNC(=O)C1=C(c2ccc(C)cc2)C2C=CC1C2,336.0,70.53,75.0,0.0001,NBD_QC_Functionalized,NBD_Combinatorial_M08_Aligned,RDKit_MMFF94_3D,NBD_DA_297
CCNC(=O)C1=C(c2ccc(C)cc2)C2C=CC1C2(C)C,336.0,66.5,75.0,0.0001,NBD_QC_Functionalized,NBD_Combinatorial_M08_Aligned,RDKit_MMFF94_3D,NBD_DA_298
CCNC(=O)C1=C(c2ccc(C)cc2)C2(C)C=C(C)C1C2,336.0,68.22,75.0,0.0001,NBD_QC_Functionalized,NBD_Combinatorial_M08_Aligned,RDKit_MMFF94_3D,NBD_DA_299
N#CC1=C(c2cccs2)C2C=CC1C2,342.0,67.23,75.0,0.0001,NBD_QC_Functionalized,NBD_Combinatorial_M08_Aligned,RDKit_MMFF94_3D,NBD_DA_300
CC1(C)C2C=CC1C(c1cccs1)=C2C#N,342.0,66.5,75.0,0.0001,NBD_QC_Functionalized,NBD_Combinatorial_M08_Aligned,RDKit_MMFF94_3D,NBD_DA_301
CC1=CC2(C)CC1C(C#N)=C2c1cccs1,342.0,80.5,75.0,0.0001,NBD_QC_Functionalized,NBD_Combinatorial_M08_Aligned,RDKit_MMFF94_3D,NBD_DA_302
COC(=O)C1=C(c2cccs2)C2C=CC1C2,345.0,77.97,75.0,0.0001,NBD_QC_Functionalized,NBD_Combinatorial_M08_Aligned,RDKit_MMFF94_3D,NBD_DA_303
COC(=O)C1=C(c2cccs2)C2C=CC1C2(C)C,345.0,61.5,75.0,0.0001,NBD_QC_Functionalized,NBD_Combinatorial_M08_Aligned,RDKit_MMFF94_3D,NBD_DA_304
COC(=O)C1=C(c2cccs2)C2(C)C=C(C)C1C2,345.0,69.87,75.0,0.0001,NBD_QC_Functionalized,NBD_Combinatorial_M08_Aligned,RDKit_MMFF94_3D,NBD_DA_305
CCOC(=O)C1=C(c2cccs2)C2C=CC1C2,345.0,76.06,75.0,0.0001,NBD_QC_Functionalized,NBD_Combinatorial_M08_Aligned,RDKit_MMFF94_3D,NBD_DA_306
CCOC(=O)C1=C(c2cccs2)C2C=CC1C2(C)C,345.0,78.5,75.0,0.0001,NBD_QC_Functionalized,NBD_Combinatorial_M08_Aligned,RDKit_MMFF94_3D,NBD_DA_307
CCOC(=O)C1=C(c2cccs2)C2(C)C=C(C)C1C2,345.0,77.17,75.0,0.0001,NBD_QC_Functionalized,NBD_Combinatorial_M08_Aligned,RDKit_MMFF94_3D,NBD_DA_308
CC(=O)C1=C(c2cccs2)C2C=CC1C2,347.0,50.69,75.0,0.0001,NBD_QC_Functionalized,NBD_Combinatorial_M08_Aligned,RDKit_MMFF94_3D,NBD_DA_309
CC(=O)C1=C(c2cccs2)C2C=CC1C2(C)C,347.0,68.87,75.0,0.0001,NBD_QC_Functionalized,NBD_Combinatorial_M08_Aligned,RDKit_MMFF94_3D,NBD_DA_310
CC(=O)C1=C(c2cccs2)C2(C)C=C(C)C1C2,347.0,35.32,75.0,0.0001,NBD_QC_Functionalized,NBD_Combinatorial_M08_Aligned,RDKit_MMFF94_3D,NBD_DA_311
FC(F)(F)C1=C(c2cccs2)C2C=CC1C2,332.0,70.5,75.0,0.0001,NBD_QC_Functionalized,NBD_Combinatorial_M08_Aligned,RDKit_MMFF94_3D,NBD_DA_312
CC1(C)C2C=CC1C(C(F)(F)F)=C2c1cccs1,332.0,75.7,75.0,0.0001,NBD_QC_Functionalized,NBD_Combinatorial_M08_Aligned,RDKit_MMFF94_3D,NBD_DA_313
CC1=CC2(C)CC1C(C(F)(F)F)=C2c1cccs1,332.0,140.37,75.0,0.0001,NBD_QC_Functionalized,NBD_Combinatorial_M08_Aligned,RDKit_MMFF94_3D,NBD_DA_314
CS(=O)(=O)C1=C(c2cccs2)C2C=CC1C2,337.0,76.5,75.0,0.0001,NBD_QC_Functionalized,NBD_Combinatorial_M08_Aligned,RDKit_MMFF94_3D,NBD_DA_315
CC1(C)C2C=CC1C(S(C)(=O)=O)=C2c1cccs1,337.0,101.24,75.0,0.0001,NBD_QC_Functionalized,NBD_Combinatorial_M08_Aligned,RDKit_MMFF94_3D,NBD_DA_316
CC1=CC2(C)CC1C(S(C)(=O)=O)=C2c1cccs1,337.0,63.5,75.0,0.0001,NBD_QC_Functionalized,NBD_Combinatorial_M08_Aligned,RDKit_MMFF94_3D,NBD_DA_317
NC(=O)C1=C(c2cccs2)C2C=CC1C2,341.0,84.37,75.0,0.0001,NBD_QC_Functionalized,NBD_Combinatorial_M08_Aligned,RDKit_MMFF94_3D,NBD_DA_318
CC1(C)C2C=CC1C(c1cccs1)=C2C(N)=O,341.0,82.5,75.0,0.0001,NBD_QC_Functionalized,NBD_Combinatorial_M08_Aligned,RDKit_MMFF94_3D,NBD_DA_319
CC1=CC2(C)CC1C(C(N)=O)=C2c1cccs1,341.0,49.03,75.0,0.0001,NBD_QC_Functionalized,NBD_Combinatorial_M08_Aligned,RDKit_MMFF94_3D,NBD_DA_320
N#Cc1ccc(C2=C(c3cccs3)C3C=CC2C3)cc1,372.0,68.12,75.0,0.0001,NBD_QC_Functionalized,NBD_Combinatorial_M08_Aligned,RDKit_MMFF94_3D,NBD_DA_321
CC1(C)C2C=CC1C(c1cccs1)=C2c1ccc(C#N)cc1,372.0,65.5,75.0,0.0001,NBD_QC_Functionalized,NBD_Combinatorial_M08_Aligned,RDKit_MMFF94_3D,NBD_DA_322
CC1=CC2(C)CC1C(c1ccc(C#N)cc1)=C2c1cccs1,372.0,68.12,75.0,0.0001,NBD_QC_Functionalized,NBD_Combinatorial_M08_Aligned,RDKit_MMFF94_3D,NBD_DA_323
O=[N+]([O-])c1ccc(C2=C(c3cccs3)C3C=CC2C3)cc1,377.0,80.5,75.0,0.0001,NBD_QC_Functionalized,NBD_Combinatorial_M08_Aligned,RDKit_MMFF94_3D,NBD_DA_324
CC1(C)C2C=CC1C(c1cccs1)=C2c1ccc([N+](=O)[O-])cc1,377.0,67.97,75.0,0.0001,NBD_QC_Functionalized,NBD_Combinatorial_M08_Aligned,RDKit_MMFF94_3D,NBD_DA_325
CC1=CC2(C)CC1C(c1ccc([N+](=O)[O-])cc1)=C2c1cccs1,377.0,67.97,75.0,0.0001,NBD_QC_Functionalized,NBD_Combinatorial_M08_Aligned,RDKit_MMFF94_3D,NBD_DA_326
FC(F)(F)c1ccc(C2=C(c3cccs3)C3C=CC2C3)cc1,365.0,61.5,75.0,0.0001,NBD_QC_Functionalized,NBD_Combinatorial_M08_Aligned,RDKit_MMFF94_3D,NBD_DA_327
CC1(C)C2C=CC1C(c1cccs1)=C2c1ccc(C(F)(F)F)cc1,365.0,68.5,75.0,0.0001,NBD_QC_Functionalized,NBD_Combinatorial_M08_Aligned,RDKit_MMFF94_3D,NBD_DA_328
CC1=CC2(C)CC1C(c1ccc(C(F)(F)F)cc1)=C2c1cccs1,365.0,68.33,75.0,0.0001,NBD_QC_Functionalized,NBD_Combinatorial_M08_Aligned,RDKit_MMFF94_3D,NBD_DA_329
O=C(C1=C(c2cccs2)C2C=CC1C2)c1ccccc1,362.0,53.47,75.0,0.0001,NBD_QC_Functionalized,NBD_Combinatorial_M08_Aligned,RDKit_MMFF94_3D,NBD_DA_330
CC1(C)C2C=CC1C(c1cccs1)=C2C(=O)c1ccccc1,362.0,68.42,75.0,0.0001,NBD_QC_Functionalized,NBD_Combinatorial_M08_Aligned,RDKit_MMFF94_3D,NBD_DA_331
CC1=CC2(C)CC1C(C(=O)c1ccccc1)=C2c1cccs1,362.0,51.53,75.0,0.0001,NBD_QC_Functionalized,NBD_Combinatorial_M08_Aligned,RDKit_MMFF94_3D,NBD_DA_332
C1=CC2CC1C(c1ccccn1)=C2c1cccs1,355.0,78.5,75.0,0.0001,NBD_QC_Functionalized,NBD_Combinatorial_M08_Aligned,RDKit_MMFF94_3D,NBD_DA_333
CC1(C)C2C=CC1C(c1cccs1)=C2c1ccccn1,355.0,68.63,75.0,0.0001,NBD_QC_Functionalized,NBD_Combinatorial_M08_Aligned,RDKit_MMFF94_3D,NBD_DA_334
CC1=CC2(C)CC1C(c1ccccn1)=C2c1cccs1,355.0,36.07,75.0,0.0001,NBD_QC_Functionalized,NBD_Combinatorial_M08_Aligned,RDKit_MMFF94_3D,NBD_DA_335
C1=CC2CC1C(c1ccncc1)=C2c1cccs1,357.0,68.57,75.0,0.0001,NBD_QC_Functionalized,NBD_Combinatorial_M08_Aligned,RDKit_MMFF94_3D,NBD_DA_336
CC1(C)C2C=CC1C(c1cccs1)=C2c1ccncc1,357.0,68.57,75.0,0.0001,NBD_QC_Functionalized,NBD_Combinatorial_M08_Aligned,RDKit_MMFF94_3D,NBD_DA_337
CC1=CC2(C)CC1C(c1ccncc1)=C2c1cccs1,357.0,68.57,75.0,0.0001,NBD_QC_Functionalized,NBD_Combinatorial_M08_Aligned,RDKit_MMFF94_3D,NBD_DA_338
O=C(O)C1=C(c2cccs2)C2C=CC1C2,342.0,83.63,75.0,0.0001,NBD_QC_Functionalized,NBD_Combinatorial_M08_Aligned,RDKit_MMFF94_3D,NBD_DA_339
CC1(C)C2C=CC1C(c1cccs1)=C2C(=O)O,342.0,66.5,75.0,0.0001,NBD_QC_Functionalized,NBD_Combinatorial_M08_Aligned,RDKit_MMFF94_3D,NBD_DA_340
CC1=CC2(C)CC1C(C(=O)O)=C2c1cccs1,342.0,79.48,75.0,0.0001,NBD_QC_Functionalized,NBD_Combinatorial_M08_Aligned,RDKit_MMFF94_3D,NBD_DA_341
CCCCC(CC)COC(=O)C1=C(c2cccs2)C2C=CC1C2,347.0,70.65,75.0,0.0001,NBD_QC_Functionalized,NBD_Combinatorial_M08_Aligned,RDKit_MMFF94_3D,NBD_DA_342
CCCCC(CC)COC(=O)C1=C(c2cccs2)C2C=CC1C2(C)C,347.0,79.5,75.0,0.0001,NBD_QC_Functionalized,NBD_Combinatorial_M08_Aligned,RDKit_MMFF94_3D,NBD_DA_343
CCCCC(CC)COC(=O)C1=C(c2cccs2)C2(C)C=C(C)C1C2,347.0,76.61,75.0,0.0001,NBD_QC_Functionalized,NBD_Combinatorial_M08_Aligned,RDKit_MMFF94_3D,NBD_DA_344
N#Cc1cccc(C2=C(c3cccs3)C3C=CC2C3)c1,369.0,68.21,75.0,0.0001,NBD_QC_Functionalized,NBD_Combinatorial_M08_Aligned,RDKit_MMFF94_3D,NBD_DA_345
CC1(C)C2C=CC1C(c1cccs1)=C2c1cccc(C#N)c1,369.0,68.21,75.0,0.0001,NBD_QC_Functionalized,NBD_Combinatorial_M08_Aligned,RDKit_MMFF94_3D,NBD_DA_346
CC1=CC2(C)CC1C(c1cccc(C#N)c1)=C2c1cccs1,369.0,68.21,75.0,0.0001,NBD_QC_Functionalized,NBD_Combinatorial_M08_Aligned,RDKit_MMFF94_3D,NBD_DA_347
CC(C)OC(=O)C1=C(c2cccs2)C2C=CC1C2,345.0,68.93,75.0,0.0001,NBD_QC_Functionalized,NBD_Combinatorial_M08_Aligned,RDKit_MMFF94_3D,NBD_DA_348
CC(C)OC(=O)C1=C(c2cccs2)C2C=CC1C2(C)C,345.0,66.5,75.0,0.0001,NBD_QC_Functionalized,NBD_Combinatorial_M08_Aligned,RDKit_MMFF94_3D,NBD_DA_349
CC1=CC2(C)CC1C(C(=O)OC(C)C)=C2c1cccs1,345.0,70.41,75.0,0.0001,NBD_QC_Functionalized,NBD_Combinatorial_M08_Aligned,RDKit_MMFF94_3D,NBD_DA_350
O=S(=O)(C1=C(c2cccs2)C2C=CC1C2)c1ccccc1,359.0,68.5,75.0,0.0001,NBD_QC_Functionalized,NBD_Combinatorial_M08_Aligned,RDKit_MMFF94_3D,NBD_DA_351
CC1(C)C2C=CC1C(S(=O)(=O)c1ccccc1)=C2c1cccs1,359.0,116.36,75.0,0.0001,NBD_QC_Functionalized,NBD_Combinatorial_M08_Aligned,RDKit_MMFF94_3D,NBD_DA_352
CC1=CC2(C)CC1C(S(=O)(=O)c1ccccc1)=C2c1cccs1,359.0,75.5,75.0,0.0001,NBD_QC_Functionalized,NBD_Combinatorial_M08_Aligned,RDKit_MMFF94_3D,NBD_DA_353
C1=CC2CC1C(c1cccs1)=C2c1nccs1,353.0,63.5,75.0,0.0001,NBD_QC_Functionalized,NBD_Combinatorial_M08_Aligned,RDKit_MMFF94_3D,NBD_DA_354
CC1(C)C2C=CC1C(c1nccs1)=C2c1cccs1,353.0,68.69,75.0,0.0001,NBD_QC_Functionalized,NBD_Combinatorial_M08_Aligned,RDKit_MMFF94_3D,NBD_DA_355
CC1=CC2(C)CC1C(c1nccs1)=C2c1cccs1,353.0,70.5,75.0,0.0001,NBD_QC_Functionalized,NBD_Combinatorial_M08_Aligned,RDKit_MMFF94_3D,NBD_DA_356
CCNC(=O)C1=C(c2cccs2)C2C=CC1C2,343.0,74.31,75.0,0.0001,NBD_QC_Functionalized,NBD_Combinatorial_M08_Aligned,RDKit_MMFF94_3D,NBD_DA_357
CCNC(=O)C1=C(c2cccs2)C2C=CC1C2(C)C,343.0,71.5,75.0,0.0001,NBD_QC_Functionalized,NBD_Combinatorial_M08_Aligned,RDKit_MMFF94_3D,NBD_DA_358
CCNC(=O)C1=C(c2cccs2)C2(C)C=C(C)C1C2,343.0,53.21,75.0,0.0001,NBD_QC_Functionalized,NBD_Combinatorial_M08_Aligned,RDKit_MMFF94_3D,NBD_DA_359
N#CC1=C(c2ccco2)C2C=CC1C2,338.0,100.47,75.0,0.0001,NBD_QC_Functionalized,NBD_Combinatorial_M08_Aligned,RDKit_MMFF94_3D,NBD_DA_360
CC1(C)C2C=CC1C(c1ccco1)=C2C#N,338.0,33.09,75.0,0.0001,NBD_QC_Functionalized,NBD_Combinatorial_M08_Aligned,RDKit_MMFF94_3D,NBD_DA_361
CC1=CC2(C)CC1C(C#N)=C2c1ccco1,338.0,94.57,75.0,0.0001,NBD_QC_Functionalized,NBD_Combinatorial_M08_Aligned,RDKit_MMFF94_3D,NBD_DA_362
COC(=O)C1=C(c2ccco2)C2C=CC1C2,341.0,96.34,75.0,0.0001,NBD_QC_Functionalized,NBD_Combinatorial_M08_Aligned,RDKit_MMFF94_3D,NBD_DA_363
COC(=O)C1=C(c2ccco2)C2C=CC1C2(C)C,341.0,65.5,75.0,0.0001,NBD_QC_Functionalized,NBD_Combinatorial_M08_Aligned,RDKit_MMFF94_3D,NBD_DA_364
COC(=O)C1=C(c2ccco2)C2(C)C=C(C)C1C2,341.0,92.94,75.0,0.0001,NBD_QC_Functionalized,NBD_Combinatorial_M08_Aligned,RDKit_MMFF94_3D,NBD_DA_365
CCOC(=O)C1=C(c2ccco2)C2C=CC1C2,341.0,95.79,75.0,0.0001,NBD_QC_Functionalized,NBD_Combinatorial_M08_Aligned,RDKit_MMFF94_3D,NBD_DA_366
CCOC(=O)C1=C(c2ccco2)C2C=CC1C2(C)C,341.0,72.5,75.0,0.0001,NBD_QC_Functionalized,NBD_Combinatorial_M08_Aligned,RDKit_MMFF94_3D,NBD_DA_367
CCOC(=O)C1=C(c2ccco2)C2(C)C=C(C)C1C2,341.0,92.46,75.0,0.0001,NBD_QC_Functionalized,NBD_Combinatorial_M08_Aligned,RDKit_MMFF94_3D,NBD_DA_368
CC(=O)C1=C(c2ccco2)C2C=CC1C2,343.0,62.95,75.0,0.0001,NBD_QC_Functionalized,NBD_Combinatorial_M08_Aligned,RDKit_MMFF94_3D,NBD_DA_369
CC(=O)C1=C(c2ccco2)C2C=CC1C2(C)C,343.0,68.5,75.0,0.0001,NBD_QC_Functionalized,NBD_Combinatorial_M08_Aligned,RDKit_MMFF94_3D,NBD_DA_370
CC(=O)C1=C(c2ccco2)C2(C)C=C(C)C1C2,343.0,57.29,75.0,0.0001,NBD_QC_Functionalized,NBD_Combinatorial_M08_Aligned,RDKit_MMFF94_3D,NBD_DA_371
FC(F)(F)C1=C(c2ccco2)C2C=CC1C2,328.0,69.5,75.0,0.0001,NBD_QC_Functionalized,NBD_Combinatorial_M08_Aligned,RDKit_MMFF94_3D,NBD_DA_372
CC1(C)C2C=CC1C(C(F)(F)F)=C2c1ccco1,328.0,74.5,75.0,0.0001,NBD_QC_Functionalized,NBD_Combinatorial_M08_Aligned,RDKit_MMFF94_3D,NBD_DA_373
CC1=CC2(C)CC1C(C(F)(F)F)=C2c1ccco1,328.0,82.5,75.0,0.0001,NBD_QC_Functionalized,NBD_Combinatorial_M08_Aligned,RDKit_MMFF94_3D,NBD_DA_374
CS(=O)(=O)C1=C(c2ccco2)C2C=CC1C2,333.0,61.5,75.0,0.0001,NBD_QC_Functionalized,NBD_Combinatorial_M08_Aligned,RDKit_MMFF94_3D,NBD_DA_375
CC1(C)C2C=CC1C(S(C)(=O)=O)=C2c1ccco1,333.0,118.77,75.0,0.0001,NBD_QC_Functionalized,NBD_Combinatorial_M08_Aligned,RDKit_MMFF94_3D,NBD_DA_376
CC1=CC2(C)CC1C(S(C)(=O)=O)=C2c1ccco1,333.0,78.5,75.0,0.0001,NBD_QC_Functionalized,NBD_Combinatorial_M08_Aligned,RDKit_MMFF94_3D,NBD_DA_377
NC(=O)C1=C(c2ccco2)C2C=CC1C2,337.0,95.31,75.0,0.0001,NBD_QC_Functionalized,NBD_Combinatorial_M08_Aligned,RDKit_MMFF94_3D,NBD_DA_378
CC1(C)C2C=CC1C(c1ccco1)=C2C(N)=O,337.0,82.5,75.0,0.0001,NBD_QC_Functionalized,NBD_Combinatorial_M08_Aligned,RDKit_MMFF94_3D,NBD_DA_379
CC1=CC2(C)CC1C(C(N)=O)=C2c1ccco1,337.0,73.48,75.0,0.0001,NBD_QC_Functionalized,NBD_Combinatorial_M08_Aligned,RDKit_MMFF94_3D,NBD_DA_380
N#Cc1ccc(C2=C(c3ccco3)C3C=CC2C3)cc1,368.0,68.5,75.0,0.0001,NBD_QC_Functionalized,NBD_Combinatorial_M08_Aligned,RDKit_MMFF94_3D,NBD_DA_381
CC1(C)C2C=CC1C(c1ccco1)=C2c1ccc(C#N)cc1,368.0,63.5,75.0,0.0001,NBD_QC_Functionalized,NBD_Combinatorial_M08_Aligned,RDKit_MMFF94_3D,NBD_DA_382
CC1=CC2(C)CC1C(c1ccc(C#N)cc1)=C2c1ccco1,368.0,61.5,75.0,0.0001,NBD_QC_Functionalized,NBD_Combinatorial_M08_Aligned,RDKit_MMFF94_3D,NBD_DA_383
O=[N+]([O-])c1ccc(C2=C(c3ccco3)C3C=CC2C3)cc1,373.0,58.5,75.0,0.0001,NBD_QC_Functionalized,NBD_Combinatorial_M08_Aligned,RDKit_MMFF94_3D,NBD_DA_384
CC1(C)C2C=CC1C(c1ccco1)=C2c1ccc([N+](=O)[O-])cc1,373.0,67.77,75.0,0.0001,NBD_QC_Functionalized,NBD_Combinatorial_M08_Aligned,RDKit_MMFF94_3D,NBD_DA_385
CC1=CC2(C)CC1C(c1ccc([N+](=O)[O-])cc1)=C2c1ccco1,373.0,67.77,75.0,0.0001,NBD_QC_Functionalized,NBD_Combinatorial_M08_Aligned,RDKit_MMFF94_3D,NBD_DA_386
FC(F)(F)c1ccc(C2=C(c3ccco3)C3C=CC2C3)cc1,361.0,71.5,75.0,0.0001,NBD_QC_Functionalized,NBD_Combinatorial_M08_Aligned,RDKit_MMFF94_3D,NBD_DA_387
CC1(C)C2C=CC1C(c1ccco1)=C2c1ccc(C(F)(F)F)cc1,361.0,73.5,75.0,0.0001,NBD_QC_Functionalized,NBD_Combinatorial_M08_Aligned,RDKit_MMFF94_3D,NBD_DA_388
CC1=CC2(C)CC1C(c1ccc(C(F)(F)F)cc1)=C2c1ccco1,361.0,59.5,75.0,0.0001,NBD_QC_Functionalized,NBD_Combinatorial_M08_Aligned,RDKit_MMFF94_3D,NBD_DA_389
O=C(C1=C(c2ccco2)C2C=CC1C2)c1ccccc1,358.0,59.1,75.0,0.0001,NBD_QC_Functionalized,NBD_Combinatorial_M08_Aligned,RDKit_MMFF94_3D,NBD_DA_390
CC1(C)C2C=CC1C(c1ccco1)=C2C(=O)c1ccccc1,358.0,80.5,75.0,0.0001,NBD_QC_Functionalized,NBD_Combinatorial_M08_Aligned,RDKit_MMFF94_3D,NBD_DA_391
CC1=CC2(C)CC1C(C(=O)c1ccccc1)=C2c1ccco1,358.0,56.21,75.0,0.0001,NBD_QC_Functionalized,NBD_Combinatorial_M08_Aligned,RDKit_MMFF94_3D,NBD_DA_392
C1=CC2CC1C(c1ccccn1)=C2c1ccco1,351.0,58.78,75.0,0.0001,NBD_QC_Functionalized,NBD_Combinatorial_M08_Aligned,RDKit_MMFF94_3D,NBD_DA_393
CC1(C)C2C=CC1C(c1ccco1)=C2c1ccccn1,351.0,68.43,75.0,0.0001,NBD_QC_Functionalized,NBD_Combinatorial_M08_Aligned,RDKit_MMFF94_3D,NBD_DA_394
CC1=CC2(C)CC1C(c1ccccn1)=C2c1ccco1,351.0,57.63,75.0,0.0001,NBD_QC_Functionalized,NBD_Combinatorial_M08_Aligned,RDKit_MMFF94_3D,NBD_DA_395
C1=CC2CC1C(c1ccncc1)=C2c1ccco1,353.0,69.5,75.0,0.0001,NBD_QC_Functionalized,NBD_Combinatorial_M08_Aligned,RDKit_MMFF94_3D,NBD_DA_396
CC1(C)C2C=CC1C(c1ccco1)=C2c1ccncc1,353.0,68.37,75.0,0.0001,NBD_QC_Functionalized,NBD_Combinatorial_M08_Aligned,RDKit_MMFF94_3D,NBD_DA_397
CC1=CC2(C)CC1C(c1ccncc1)=C2c1ccco1,353.0,68.37,75.0,0.0001,NBD_QC_Functionalized,NBD_Combinatorial_M08_Aligned,RDKit_MMFF94_3D,NBD_DA_398
O=C(O)C1=C(c2ccco2)C2C=CC1C2,338.0,102.5,75.0,0.0001,NBD_QC_Functionalized,NBD_Combinatorial_M08_Aligned,RDKit_MMFF94_3D,NBD_DA_399
CC1(C)C2C=CC1C(c1ccco1)=C2C(=O)O,338.0,39.6,75.0,0.0001,NBD_QC_Functionalized,NBD_Combinatorial_M08_Aligned,RDKit_MMFF94_3D,NBD_DA_400
CC1=CC2(C)CC1C(C(=O)O)=C2c1ccco1,338.0,101.75,75.0,0.0001,NBD_QC_Functionalized,NBD_Combinatorial_M08_Aligned,RDKit_MMFF94_3D,NBD_DA_401
CCCCC(CC)COC(=O)C1=C(c2ccco2)C2C=CC1C2,343.0,88.27,75.0,0.0001,NBD_QC_Functionalized,NBD_Combinatorial_M08_Aligned,RDKit_MMFF94_3D,NBD_DA_402
CCCCC(CC)COC(=O)C1=C(c2ccco2)C2C=CC1C2(C)C,343.0,48.64,75.0,0.0001,NBD_QC_Functionalized,NBD_Combinatorial_M08_Aligned,RDKit_MMFF94_3D,NBD_DA_403
CCCCC(CC)COC(=O)C1=C(c2ccco2)C2(C)C=C(C)C1C2,343.0,93.31,75.0,0.0001,NBD_QC_Functionalized,NBD_Combinatorial_M08_Aligned,RDKit_MMFF94_3D,NBD_DA_404
N#Cc1cccc(C2=C(c3ccco3)C3C=CC2C3)c1,365.0,81.5,75.0,0.0001,NBD_QC_Functionalized,NBD_Combinatorial_M08_Aligned,RDKit_MMFF94_3D,NBD_DA_405
CC1(C)C2C=CC1C(c1ccco1)=C2c1cccc(C#N)c1,365.0,76.5,75.0,0.0001,NBD_QC_Functionalized,NBD_Combinatorial_M08_Aligned,RDKit_MMFF94_3D,NBD_DA_406
CC1=CC2(C)CC1C(c1cccc(C#N)c1)=C2c1ccco1,365.0,68.01,75.0,0.0001,NBD_QC_Functionalized,NBD_Combinatorial_M08_Aligned,RDKit_MMFF94_3D,NBD_DA_407
CC(C)OC(=O)C1=C(c2ccco2)C2C=CC1C2,341.0,103.47,75.0,0.0001,NBD_QC_Functionalized,NBD_Combinatorial_M08_Aligned,RDKit_MMFF94_3D,NBD_DA_408
CC(C)OC(=O)C1=C(c2ccco2)C2C=CC1C2(C)C,341.0,75.5,75.0,0.0001,NBD_QC_Functionalized,NBD_Combinatorial_M08_Aligned,RDKit_MMFF94_3D,NBD_DA_409
CC1=CC2(C)CC1C(C(=O)OC(C)C)=C2c1ccco1,341.0,88.65,75.0,0.0001,NBD_QC_Functionalized,NBD_Combinatorial_M08_Aligned,RDKit_MMFF94_3D,NBD_DA_410
O=S(=O)(C1=C(c2ccco2)C2C=CC1C2)c1ccccc1,355.0,79.5,75.0,0.0001,NBD_QC_Functionalized,NBD_Combinatorial_M08_Aligned,RDKit_MMFF94_3D,NBD_DA_411
CC1(C)C2C=CC1C(S(=O)(=O)c1ccccc1)=C2c1ccco1,355.0,77.5,75.0,0.0001,NBD_QC_Functionalized,NBD_Combinatorial_M08_Aligned,RDKit_MMFF94_3D,NBD_DA_412
CC1=CC2(C)CC1C(S(=O)(=O)c1ccccc1)=C2c1ccco1,355.0,63.5,75.0,0.0001,NBD_QC_Functionalized,NBD_Combinatorial_M08_Aligned,RDKit_MMFF94_3D,NBD_DA_413
C1=CC2CC1C(c1ccco1)=C2c1nccs1,349.0,46.63,75.0,0.0001,NBD_QC_Functionalized,NBD_Combinatorial_M08_Aligned,RDKit_MMFF94_3D,NBD_DA_414
CC1(C)C2C=CC1C(c1nccs1)=C2c1ccco1,349.0,68.49,75.0,0.0001,NBD_QC_Functionalized,NBD_Combinatorial_M08_Aligned,RDKit_MMFF94_3D,NBD_DA_415
CC1=CC2(C)CC1C(c1nccs1)=C2c1ccco1,349.0,36.57,75.0,0.0001,NBD_QC_Functionalized,NBD_Combinatorial_M08_Aligned,RDKit_MMFF94_3D,NBD_DA_416
CCNC(=O)C1=C(c2ccco2)C2C=CC1C2,339.0,95.12,75.0,0.0001,NBD_QC_Functionalized,NBD_Combinatorial_M08_Aligned,RDKit_MMFF94_3D,NBD_DA_417
CCNC(=O)C1=C(c2ccco2)C2C=CC1C2(C)C,339.0,48.18,75.0,0.0001,NBD_QC_Functionalized,NBD_Combinatorial_M08_Aligned,RDKit_MMFF94_3D,NBD_DA_418
CCNC(=O)C1=C(c2ccco2)C2(C)C=C(C)C1C2,339.0,102.68,75.0,0.0001,NBD_QC_Functionalized,NBD_Combinatorial_M08_Aligned,RDKit_MMFF94_3D,NBD_DA_419
N#CC1=C(c2ccc(F)cc2)C2C=CC1C2,328.0,64.43,75.0,0.0001,NBD_QC_Functionalized,NBD_Combinatorial_M08_Aligned,RDKit_MMFF94_3D,NBD_DA_420
CC1(C)C2C=CC1C(c1ccc(F)cc1)=C2C#N,328.0,73.5,75.0,0.0001,NBD_QC_Functionalized,NBD_Combinatorial_M08_Aligned,RDKit_MMFF94_3D,NBD_DA_421
CC1=CC2(C)CC1C(C#N)=C2c1ccc(F)cc1,328.0,59.27,75.0,0.0001,NBD_QC_Functionalized,NBD_Combinatorial_M08_Aligned,RDKit_MMFF94_3D,NBD_DA_422
COC(=O)C1=C(c2ccc(F)cc2)C2C=CC1C2,331.0,67.95,75.0,0.0001,NBD_QC_Functionalized,NBD_Combinatorial_M08_Aligned,RDKit_MMFF94_3D,NBD_DA_423
COC(=O)C1=C(c2ccc(F)cc2)C2C=CC1C2(C)C,331.0,72.5,75.0,0.0001,NBD_QC_Functionalized,NBD_Combinatorial_M08_Aligned,RDKit_MMFF94_3D,NBD_DA_424
COC(=O)C1=C(c2ccc(F)cc2)C2(C)C=C(C)C1C2,331.0,59.27,75.0,0.0001,NBD_QC_Functionalized,NBD_Combinatorial_M08_Aligned,RDKit_MMFF94_3D,NBD_DA_425
CCOC(=O)C1=C(c2ccc(F)cc2)C2C=CC1C2,331.0,68.14,75.0,0.0001,NBD_QC_Functionalized,NBD_Combinatorial_M08_Aligned,RDKit_MMFF94_3D,NBD_DA_426
CCOC(=O)C1=C(c2ccc(F)cc2)C2C=CC1C2(C)C,331.0,79.5,75.0,0.0001,NBD_QC_Functionalized,NBD_Combinatorial_M08_Aligned,RDKit_MMFF94_3D,NBD_DA_427
CCOC(=O)C1=C(c2ccc(F)cc2)C2(C)C=C(C)C1C2,331.0,63.02,75.0,0.0001,NBD_QC_Functionalized,NBD_Combinatorial_M08_Aligned,RDKit_MMFF94_3D,NBD_DA_428
CC(=O)C1=C(c2ccc(F)cc2)C2C=CC1C2,333.0,68.5,75.0,0.0001,NBD_QC_Functionalized,NBD_Combinatorial_M08_Aligned,RDKit_MMFF94_3D,NBD_DA_429
CC(=O)C1=C(c2ccc(F)cc2)C2C=CC1C2(C)C,333.0,68.17,75.0,0.0001,NBD_QC_Functionalized,NBD_Combinatorial_M08_Aligned,RDKit_MMFF94_3D,NBD_DA_430
CC(=O)C1=C(c2ccc(F)cc2)C2(C)C=C(C)C1C2,333.0,76.5,75.0,0.0001,NBD_QC_Functionalized,NBD_Combinatorial_M08_Aligned,RDKit_MMFF94_3D,NBD_DA_431
Fc1ccc(C2=C(C(F)(F)F)C3C=CC2C3)cc1,318.0,135.91,75.0,0.0001,NBD_QC_Functionalized,NBD_Combinatorial_M08_Aligned,RDKit_MMFF94_3D,NBD_DA_432
CC1(C)C2C=CC1C(C(F)(F)F)=C2c1ccc(F)cc1,318.0,68.03,75.0,0.0001,NBD_QC_Functionalized,NBD_Combinatorial_M08_Aligned,RDKit_MMFF94_3D,NBD_DA_433
CC1=CC2(C)CC1C(C(F)(F)F)=C2c1ccc(F)cc1,318.0,127.33,75.0,0.0001,NBD_QC_Functionalized,NBD_Combinatorial_M08_Aligned,RDKit_MMFF94_3D,NBD_DA_434
CS(=O)(=O)C1=C(c2ccc(F)cc2)C2C=CC1C2,323.0,79.5,75.0,0.0001,NBD_QC_Functionalized,NBD_Combinatorial_M08_Aligned,RDKit_MMFF94_3D,NBD_DA_435
CC1(C)C2C=CC1C(S(C)(=O)=O)=C2c1ccc(F)cc1,323.0,81.84,75.0,0.0001,NBD_QC_Functionalized,NBD_Combinatorial_M08_Aligned,RDKit_MMFF94_3D,NBD_DA_436
CC1=CC2(C)CC1C(S(C)(=O)=O)=C2c1ccc(F)cc1,323.0,69.5,75.0,0.0001,NBD_QC_Functionalized,NBD_Combinatorial_M08_Aligned,RDKit_MMFF94_3D,NBD_DA_437
NC(=O)C1=C(c2ccc(F)cc2)C2C=CC1C2,327.0,58.08,75.0,0.0001,NBD_QC_Functionalized,NBD_Combinatorial_M08_Aligned,RDKit_MMFF94_3D,NBD_DA_438
CC1(C)C2C=CC1C(c1ccc(F)cc1)=C2C(N)=O,327.0,76.5,75.0,0.0001,NBD_QC_Functionalized,NBD_Combinatorial_M08_Aligned,RDKit_MMFF94_3D,NBD_DA_439
CC1=CC2(C)CC1C(C(N)=O)=C2c1ccc(F)cc1,327.0,47.25,75.0,0.0001,NBD_QC_Functionalized,NBD_Combinatorial_M08_Aligned,RDKit_MMFF94_3D,NBD_DA_440
N#Cc1ccc(C2=C(c3ccc(F)cc3)C3C=CC2C3)cc1,358.0,67.42,75.0,0.0001,NBD_QC_Functionalized,NBD_Combinatorial_M08_Aligned,RDKit_MMFF94_3D,NBD_DA_441
CC1(C)C2C=CC1C(c1ccc(C#N)cc1)=C2c1ccc(F)cc1,358.0,81.5,75.0,0.0001,NBD_QC_Functionalized,NBD_Combinatorial_M08_Aligned,RDKit_MMFF94_3D,NBD_DA_442
CC1=CC2(C)CC1C(c1ccc(C#N)cc1)=C2c1ccc(F)cc1,358.0,67.42,75.0,0.0001,NBD_QC_Functionalized,NBD_Combinatorial_M08_Aligned,RDKit_MMFF94_3D,NBD_DA_443
O=[N+]([O-])c1ccc(C2=C(c3ccc(F)cc3)C3C=CC2C3)cc1,363.0,58.5,75.0,0.0001,NBD_QC_Functionalized,NBD_Combinatorial_M08_Aligned,RDKit_MMFF94_3D,NBD_DA_444
CC1(C)C2C=CC1C(c1ccc([N+](=O)[O-])cc1)=C2c1ccc(F)cc1,363.0,72.5,75.0,0.0001,NBD_QC_Functionalized,NBD_Combinatorial_M08_Aligned,RDKit_MMFF94_3D,NBD_DA_445
CC1=CC2(C)CC1C(c1ccc([N+](=O)[O-])cc1)=C2c1ccc(F)cc1,363.0,67.27,75.0,0.0001,NBD_QC_Functionalized,NBD_Combinatorial_M08_Aligned,RDKit_MMFF94_3D,NBD_DA_446
Fc1ccc(C2=C(c3ccc(C(F)(F)F)cc3)C3C=CC2C3)cc1,351.0,75.5,75.0,0.0001,NBD_QC_Functionalized,NBD_Combinatorial_M08_Aligned,RDKit_MMFF94_3D,NBD_DA_447
CC1(C)C2C=CC1C(c1ccc(C(F)(F)F)cc1)=C2c1ccc(F)cc1,351.0,65.5,75.0,0.0001,NBD_QC_Functionalized,NBD_Combinatorial_M08_Aligned,RDKit_MMFF94_3D,NBD_DA_448
CC1=CC2(C)CC1C(c1ccc(C(F)(F)F)cc1)=C2c1ccc(F)cc1,351.0,72.5,75.0,0.0001,NBD_QC_Functionalized,NBD_Combinatorial_M08_Aligned,RDKit_MMFF94_3D,NBD_DA_449
O=C(C1=C(c2ccc(F)cc2)C2C=CC1C2)c1ccccc1,348.0,40.09,75.0,0.0001,NBD_QC_Functionalized,NBD_Combinatorial_M08_Aligned,RDKit_MMFF94_3D,NBD_DA_450
CC1(C)C2C=CC1C(c1ccc(F)cc1)=C2C(=O)c1ccccc1,348.0,67.72,75.0,0.0001,NBD_QC_Functionalized,NBD_Combinatorial_M08_Aligned,RDKit_MMFF94_3D,NBD_DA_451
CC1=CC2(C)CC1C(C(=O)c1ccccc1)=C2c1ccc(F)cc1,348.0,67.5,75.0,0.0001,NBD_QC_Functionalized,NBD_Combinatorial_M08_Aligned,RDKit_MMFF94_3D,NBD_DA_452
Fc1ccc(C2=C(c3ccccn3)C3C=CC2C3)cc1,341.0,35.68,75.0,0.0001,NBD_QC_Functionalized,NBD_Combinatorial_M08_Aligned,RDKit_MMFF94_3D,NBD_DA_453
CC1(C)C2C=CC1C(c1ccccn1)=C2c1ccc(F)cc1,341.0,67.93,75.0,0.0001,NBD_QC_Functionalized,NBD_Combinatorial_M08_Aligned,RDKit_MMFF94_3D,NBD_DA_454
CC1=CC2(C)CC1C(c1ccccn1)=C2c1ccc(F)cc1,341.0,73.5,75.0,0.0001,NBD_QC_Functionalized,NBD_Combinatorial_M08_Aligned,RDKit_MMFF94_3D,NBD_DA_455
Fc1ccc(C2=C(c3ccncc3)C3C=CC2C3)cc1,343.0,67.87,75.0,0.0001,NBD_QC_Functionalized,NBD_Combinatorial_M08_Aligned,RDKit_MMFF94_3D,NBD_DA_456
CC1(C)C2C=CC1C(c1ccc(F)cc1)=C2c1ccncc1,343.0,67.87,75.0,0.0001,NBD_QC_Functionalized,NBD_Combinatorial_M08_Aligned,RDKit_MMFF94_3D,NBD_DA_457
CC1=CC2(C)CC1C(c1ccncc1)=C2c1ccc(F)cc1,343.0,67.87,75.0,0.0001,NBD_QC_Functionalized,NBD_Combinatorial_M08_Aligned,RDKit_MMFF94_3D,NBD_DA_458
O=C(O)C1=C(c2ccc(F)cc2)C2C=CC1C2,328.0,71.09,75.0,0.0001,NBD_QC_Functionalized,NBD_Combinatorial_M08_Aligned,RDKit_MMFF94_3D,NBD_DA_459
CC1(C)C2C=CC1C(c1ccc(F)cc1)=C2C(=O)O,328.0,67.5,75.0,0.0001,NBD_QC_Functionalized,NBD_Combinatorial_M08_Aligned,RDKit_MMFF94_3D,NBD_DA_460
CC1=CC2(C)CC1C(C(=O)O)=C2c1ccc(F)cc1,328.0,66.21,75.0,0.0001,NBD_QC_Functionalized,NBD_Combinatorial_M08_Aligned,RDKit_MMFF94_3D,NBD_DA_461
CCCCC(CC)COC(=O)C1=C(c2ccc(F)cc2)C2C=CC1C2,333.0,60.4,75.0,0.0001,NBD_QC_Functionalized,NBD_Combinatorial_M08_Aligned,RDKit_MMFF94_3D,NBD_DA_462
CCCCC(CC)COC(=O)C1=C(c2ccc(F)cc2)C2C=CC1C2(C)C,333.0,71.5,75.0,0.0001,NBD_QC_Functionalized,NBD_Combinatorial_M08_Aligned,RDKit_MMFF94_3D,NBD_DA_463
CCCCC(CC)COC(=O)C1=C(c2ccc(F)cc2)C2(C)C=C(C)C1C2,333.0,62.03,75.0,0.0001,NBD_QC_Functionalized,NBD_Combinatorial_M08_Aligned,RDKit_MMFF94_3D,NBD_DA_464
N#Cc1cccc(C2=C(c3ccc(F)cc3)C3C=CC2C3)c1,355.0,67.51,75.0,0.0001,NBD_QC_Functionalized,NBD_Combinatorial_M08_Aligned,RDKit_MMFF94_3D,NBD_DA_465
CC1(C)C2C=CC1C(c1cccc(C#N)c1)=C2c1ccc(F)cc1,355.0,67.5,75.0,0.0001,NBD_QC_Functionalized,NBD_Combinatorial_M08_Aligned,RDKit_MMFF94_3D,NBD_DA_466
CC1=CC2(C)CC1C(c1cccc(C#N)c1)=C2c1ccc(F)cc1,355.0,67.51,75.0,0.0001,NBD_QC_Functionalized,NBD_Combinatorial_M08_Aligned,RDKit_MMFF94_3D,NBD_DA_467
CC(C)OC(=O)C1=C(c2ccc(F)cc2)C2C=CC1C2,331.0,65.05,75.0,0.0001,NBD_QC_Functionalized,NBD_Combinatorial_M08_Aligned,RDKit_MMFF94_3D,NBD_DA_468
CC(C)OC(=O)C1=C(c2ccc(F)cc2)C2C=CC1C2(C)C,331.0,69.5,75.0,0.0001,NBD_QC_Functionalized,NBD_Combinatorial_M08_Aligned,RDKit_MMFF94_3D,NBD_DA_469
CC1=CC2(C)CC1C(C(=O)OC(C)C)=C2c1ccc(F)cc1,331.0,58.52,75.0,0.0001,NBD_QC_Functionalized,NBD_Combinatorial_M08_Aligned,RDKit_MMFF94_3D,NBD_DA_470
O=S(=O)(C1=C(c2ccc(F)cc2)C2C=CC1C2)c1ccccc1,345.0,72.5,75.0,0.0001,NBD_QC_Functionalized,NBD_Combinatorial_M08_Aligned,RDKit_MMFF94_3D,NBD_DA_471
CC1(C)C2C=CC1C(S(=O)(=O)c1ccccc1)=C2c1ccc(F)cc1,345.0,116.51,75.0,0.0001,NBD_QC_Functionalized,NBD_Combinatorial_M08_Aligned,RDKit_MMFF94_3D,NBD_DA_472
CC1=CC2(C)CC1C(S(=O)(=O)c1ccccc1)=C2c1ccc(F)cc1,345.0,71.5,75.0,0.0001,NBD_QC_Functionalized,NBD_Combinatorial_M08_Aligned,RDKit_MMFF94_3D,NBD_DA_473
Fc1ccc(C2=C(c3nccs3)C3C=CC2C3)cc1,339.0,64.5,75.0,0.0001,NBD_QC_Functionalized,NBD_Combinatorial_M08_Aligned,RDKit_MMFF94_3D,NBD_DA_474
CC1(C)C2C=CC1C(c1nccs1)=C2c1ccc(F)cc1,339.0,67.99,75.0,0.0001,NBD_QC_Functionalized,NBD_Combinatorial_M08_Aligned,RDKit_MMFF94_3D,NBD_DA_475
CC1=CC2(C)CC1C(c1nccs1)=C2c1ccc(F)cc1,339.0,59.5,75.0,0.0001,NBD_QC_Functionalized,NBD_Combinatorial_M08_Aligned,RDKit_MMFF94_3D,NBD_DA_476
CCNC(=O)C1=C(c2ccc(F)cc2)C2C=CC1C2,329.0,76.7,75.0,0.0001,NBD_QC_Functionalized,NBD_Combinatorial_M08_Aligned,RDKit_MMFF94_3D,NBD_DA_477
CCNC(=O)C1=C(c2ccc(F)cc2)C2C=CC1C2(C)C,329.0,74.5,75.0,0.0001,NBD_QC_Functionalized,NBD_Combinatorial_M08_Aligned,RDKit_MMFF94_3D,NBD_DA_478
CCNC(=O)C1=C(c2ccc(F)cc2)C2(C)C=C(C)C1C2,329.0,46.97,75.0,0.0001,NBD_QC_Functionalized,NBD_Combinatorial_M08_Aligned,RDKit_MMFF94_3D,NBD_DA_479
CCOc1ccc(C2=C(C#N)C3C=CC2C3)cc1,354.0,63.05,75.0,0.0001,NBD_QC_Functionalized,NBD_Combinatorial_M08_Aligned,RDKit_MMFF94_3D,NBD_DA_480
CCOc1ccc(C2=C(C#N)C3C=CC2C3(C)C)cc1,354.0,66.5,75.0,0.0001,NBD_QC_Functionalized,NBD_Combinatorial_M08_Aligned,RDKit_MMFF94_3D,NBD_DA_481
CCOc1ccc(C2=C(C#N)C3CC2(C)C=C3C)cc1,354.0,67.5,75.0,0.0001,NBD_QC_Functionalized,NBD_Combinatorial_M08_Aligned,RDKit_MMFF94_3D,NBD_DA_482
CCOc1ccc(C2=C(C(=O)OC)C3C=CC2C3)cc1,357.0,78.41,75.0,0.0001,NBD_QC_Functionalized,NBD_Combinatorial_M08_Aligned,RDKit_MMFF94_3D,NBD_DA_483
CCOc1ccc(C2=C(C(=O)OC)C3C=CC2C3(C)C)cc1,357.0,64.5,75.0,0.0001,NBD_QC_Functionalized,NBD_Combinatorial_M08_Aligned,RDKit_MMFF94_3D,NBD_DA_484
CCOc1ccc(C2=C(C(=O)OC)C3CC2(C)C=C3C)cc1,357.0,68.58,75.0,0.0001,NBD_QC_Functionalized,NBD_Combinatorial_M08_Aligned,RDKit_MMFF94_3D,NBD_DA_485
CCOC(=O)C1=C(c2ccc(OCC)cc2)C2C=CC1C2,357.0,58.5,75.0,0.0001,NBD_QC_Functionalized,NBD_Combinatorial_M08_Aligned,RDKit_MMFF94_3D,NBD_DA_486
CCOC(=O)C1=C(c2ccc(OCC)cc2)C2C=CC1C2(C)C,357.0,80.5,75.0,0.0001,NBD_QC_Functionalized,NBD_Combinatorial_M08_Aligned,RDKit_MMFF94_3D,NBD_DA_487
CCOC(=O)C1=C(c2ccc(OCC)cc2)C2(C)C=C(C)C1C2,357.0,65.61,75.0,0.0001,NBD_QC_Functionalized,NBD_Combinatorial_M08_Aligned,RDKit_MMFF94_3D,NBD_DA_488
CCOc1ccc(C2=C(C(C)=O)C3C=CC2C3)cc1,359.0,33.48,75.0,0.0001,NBD_QC_Functionalized,NBD_Combinatorial_M08_Aligned,RDKit_MMFF94_3D,NBD_DA_489
CCOc1ccc(C2=C(C(C)=O)C3C=CC2C3(C)C)cc1,359.0,69.47,75.0,0.0001,NBD_QC_Functionalized,NBD_Combinatorial_M08_Aligned,RDKit_MMFF94_3D,NBD_DA_490
CCOc1ccc(C2=C(C(C)=O)C3CC2(C)C=C3C)cc1,359.0,43.7,75.0,0.0001,NBD_QC_Functionalized,NBD_Combinatorial_M08_Aligned,RDKit_MMFF94_3D,NBD_DA_491
CCOc1ccc(C2=C(C(F)(F)F)C3C=CC2C3)cc1,344.0,60.5,75.0,0.0001,NBD_QC_Functionalized,NBD_Combinatorial_M08_Aligned,RDKit_MMFF94_3D,NBD_DA_492
CCOc1ccc(C2=C(C(F)(F)F)C3C=CC2C3(C)C)cc1,344.0,61.5,75.0,0.0001,NBD_QC_Functionalized,NBD_Combinatorial_M08_Aligned,RDKit_MMFF94_3D,NBD_DA_493
CCOc1ccc(C2=C(C(F)(F)F)C3CC2(C)C=C3C)cc1,344.0,61.5,75.0,0.0001,NBD_QC_Functionalized,NBD_Combinatorial_M08_Aligned,RDKit_MMFF94_3D,NBD_DA_494
CCOc1ccc(C2=C(S(C)(=O)=O)C3C=CC2C3)cc1,349.0,58.5,75.0,0.0001,NBD_QC_Functionalized,NBD_Combinatorial_M08_Aligned,RDKit_MMFF94_3D,NBD_DA_495
CCOc1ccc(C2=C(S(C)(=O)=O)C3C=CC2C3(C)C)cc1,349.0,81.5,75.0,0.0001,NBD_QC_Functionalized,NBD_Combinatorial_M08_Aligned,RDKit_MMFF94_3D,NBD_DA_496
CCOc1ccc(C2=C(S(C)(=O)=O)C3CC2(C)C=C3C)cc1,349.0,135.53,75.0,0.0001,NBD_QC_Functionalized,NBD_Combinatorial_M08_Aligned,RDKit_MMFF94_3D,NBD_DA_497
CCOc1ccc(C2=C(C(N)=O)C3C=CC2C3)cc1,353.0,68.5,75.0,0.0001,NBD_QC_Functionalized,NBD_Combinatorial_M08_Aligned,RDKit_MMFF94_3D,NBD_DA_498
CCOc1ccc(C2=C(C(N)=O)C3C=CC2C3(C)C)cc1,353.0,76.5,75.0,0.0001,NBD_QC_Functionalized,NBD_Combinatorial_M08_Aligned,RDKit_MMFF94_3D,NBD_DA_499
CCOc1ccc(C2=C(C(N)=O)C3CC2(C)C=C3C)cc1,353.0,82.5,75.0,0.0001,NBD_QC_Functionalized,NBD_Combinatorial_M08_Aligned,RDKit_MMFF94_3D,NBD_DA_500
CCOc1ccc(C2=C(c3ccc(C#N)cc3)C3C=CC2C3)cc1,384.0,79.5,75.0,0.0001,NBD_QC_Functionalized,NBD_Combinatorial_M08_Aligned,RDKit_MMFF94_3D,NBD_DA_501
CCOc1ccc(C2=C(c3ccc(C#N)cc3)C3C=CC2C3(C)C)cc1,384.0,70.5,75.0,0.0001,NBD_QC_Functionalized,NBD_Combinatorial_M08_Aligned,RDKit_MMFF94_3D,NBD_DA_502
CCOc1ccc(C2=C(c3ccc(C#N)cc3)C3CC2(C)C=C3C)cc1,384.0,65.5,75.0,0.0001,NBD_QC_Functionalized,NBD_Combinatorial_M08_Aligned,RDKit_MMFF94_3D,NBD_DA_503
CCOc1ccc(C2=C(c3ccc([N+](=O)[O-])cc3)C3C=CC2C3)cc1,389.0,68.57,75.0,0.0001,NBD_QC_Functionalized,NBD_Combinatorial_M08_Aligned,RDKit_MMFF94_3D,NBD_DA_504
CCOc1ccc(C2=C(c3ccc([N+](=O)[O-])cc3)C3C=CC2C3(C)C)cc1,389.0,71.5,75.0,0.0001,NBD_QC_Functionalized,NBD_Combinatorial_M08_Aligned,RDKit_MMFF94_3D,NBD_DA_505
CCOc1ccc(C2=C(c3ccc([N+](=O)[O-])cc3)C3CC2(C)C=C3C)cc1,389.0,81.5,75.0,0.0001,NBD_QC_Functionalized,NBD_Combinatorial_M08_Aligned,RDKit_MMFF94_3D,NBD_DA_506
CCOc1ccc(C2=C(c3ccc(C(F)(F)F)cc3)C3C=CC2C3)cc1,377.0,68.93,75.0,0.0001,NBD_QC_Functionalized,NBD_Combinatorial_M08_Aligned,RDKit_MMFF94_3D,NBD_DA_507
CCOc1ccc(C2=C(c3ccc(C(F)(F)F)cc3)C3C=CC2C3(C)C)cc1,377.0,68.93,75.0,0.0001,NBD_QC_Functionalized,NBD_Combinatorial_M08_Aligned,RDKit_MMFF94_3D,NBD_DA_508
CCOc1ccc(C2=C(c3ccc(C(F)(F)F)cc3)C3CC2(C)C=C3C)cc1,377.0,58.5,75.0,0.0001,NBD_QC_Functionalized,NBD_Combinatorial_M08_Aligned,RDKit_MMFF94_3D,NBD_DA_509
CCOc1ccc(C2=C(C(=O)c3ccccc3)C3C=CC2C3)cc1,374.0,60.5,75.0,0.0001,NBD_QC_Functionalized,NBD_Combinatorial_M08_Aligned,RDKit_MMFF94_3D,NBD_DA_510
CCOc1ccc(C2=C(C(=O)c3ccccc3)C3C=CC2C3(C)C)cc1,374.0,62.5,75.0,0.0001,NBD_QC_Functionalized,NBD_Combinatorial_M08_Aligned,RDKit_MMFF94_3D,NBD_DA_511
CCOc1ccc(C2=C(C(=O)c3ccccc3)C3CC2(C)C=C3C)cc1,374.0,72.5,75.0,0.0001,NBD_QC_Functionalized,NBD_Combinatorial_M08_Aligned,RDKit_MMFF94_3D,NBD_DA_512
CCOc1ccc(C2=C(c3ccccn3)C3C=CC2C3)cc1,367.0,75.5,75.0,0.0001,NBD_QC_Functionalized,NBD_Combinatorial_M08_Aligned,RDKit_MMFF94_3D,NBD_DA_513
CCOc1ccc(C2=C(c3ccccn3)C3C=CC2C3(C)C)cc1,367.0,69.23,75.0,0.0001,NBD_QC_Functionalized,NBD_Combinatorial_M08_Aligned,RDKit_MMFF94_3D,NBD_DA_514
CCOc1ccc(C2=C(c3ccccn3)C3CC2(C)C=C3C)cc1,367.0,30.15,75.0,0.0001,NBD_QC_Functionalized,NBD_Combinatorial_M08_Aligned,RDKit_MMFF94_3D,NBD_DA_515
CCOc1ccc(C2=C(c3ccncc3)C3C=CC2C3)cc1,369.0,73.5,75.0,0.0001,NBD_QC_Functionalized,NBD_Combinatorial_M08_Aligned,RDKit_MMFF94_3D,NBD_DA_516
CCOc1ccc(C2=C(c3ccncc3)C3C=CC2C3(C)C)cc1,369.0,69.17,75.0,0.0001,NBD_QC_Functionalized,NBD_Combinatorial_M08_Aligned,RDKit_MMFF94_3D,NBD_DA_517
CCOc1ccc(C2=C(c3ccncc3)C3CC2(C)C=C3C)cc1,369.0,69.17,75.0,0.0001,NBD_QC_Functionalized,NBD_Combinatorial_M08_Aligned,RDKit_MMFF94_3D,NBD_DA_518
CCOc1ccc(C2=C(C(=O)O)C3C=CC2C3)cc1,354.0,59.21,75.0,0.0001,NBD_QC_Functionalized,NBD_Combinatorial_M08_Aligned,RDKit_MMFF94_3D,NBD_DA_519
CCOc1ccc(C2=C(C(=O)O)C3C=CC2C3(C)C)cc1,354.0,70.5,75.0,0.0001,NBD_QC_Functionalized,NBD_Combinatorial_M08_Aligned,RDKit_MMFF94_3D,NBD_DA_520
CCOc1ccc(C2=C(C(=O)O)C3CC2(C)C=C3C)cc1,354.0,60.5,75.0,0.0001,NBD_QC_Functionalized,NBD_Combinatorial_M08_Aligned,RDKit_MMFF94_3D,NBD_DA_521
CCCCC(CC)COC(=O)C1=C(c2ccc(OCC)cc2)C2C=CC1C2,359.0,68.01,75.0,0.0001,NBD_QC_Functionalized,NBD_Combinatorial_M08_Aligned,RDKit_MMFF94_3D,NBD_DA_522
CCCCC(CC)COC(=O)C1=C(c2ccc(OCC)cc2)C2C=CC1C2(C)C,359.0,64.5,75.0,0.0001,NBD_QC_Functionalized,NBD_Combinatorial_M08_Aligned,RDKit_MMFF94_3D,NBD_DA_523
CCCCC(CC)COC(=O)C1=C(c2ccc(OCC)cc2)C2(C)C=C(C)C1C2,359.0,56.29,75.0,0.0001,NBD_QC_Functionalized,NBD_Combinatorial_M08_Aligned,RDKit_MMFF94_3D,NBD_DA_524
CCOc1ccc(C2=C(c3cccc(C#N)c3)C3C=CC2C3)cc1,381.0,69.5,75.0,0.0001,NBD_QC_Functionalized,NBD_Combinatorial_M08_Aligned,RDKit_MMFF94_3D,NBD_DA_525
CCOc1ccc(C2=C(c3cccc(C#N)c3)C3C=CC2C3(C)C)cc1,381.0,62.5,75.0,0.0001,NBD_QC_Functionalized,NBD_Combinatorial_M08_Aligned,RDKit_MMFF94_3D,NBD_DA_526
CCOc1ccc(C2=C(c3cccc(C#N)c3)C3CC2(C)C=C3C)cc1,381.0,75.5,75.0,0.0001,NBD_QC_Functionalized,NBD_Combinatorial_M08_Aligned,RDKit_MMFF94_3D,NBD_DA_527
CCOc1ccc(C2=C(C(=O)OC(C)C)C3C=CC2C3)cc1,357.0,73.64,75.0,0.0001,NBD_QC_Functionalized,NBD_Combinatorial_M08_Aligned,RDKit_MMFF94_3D,NBD_DA_528
CCOc1ccc(C2=C(C(=O)OC(C)C)C3C=CC2C3(C)C)cc1,357.0,70.5,75.0,0.0001,NBD_QC_Functionalized,NBD_Combinatorial_M08_Aligned,RDKit_MMFF94_3D,NBD_DA_529
CCOc1ccc(C2=C(C(=O)OC(C)C)C3CC2(C)C=C3C)cc1,357.0,58.19,75.0,0.0001,NBD_QC_Functionalized,NBD_Combinatorial_M08_Aligned,RDKit_MMFF94_3D,NBD_DA_530
CCOc1ccc(C2=C(S(=O)(=O)c3ccccc3)C3C=CC2C3)cc1,371.0,61.5,75.0,0.0001,NBD_QC_Functionalized,NBD_Combinatorial_M08_Aligned,RDKit_MMFF94_3D,NBD_DA_531
CCOc1ccc(C2=C(S(=O)(=O)c3ccccc3)C3C=CC2C3(C)C)cc1,371.0,115.07,75.0,0.0001,NBD_QC_Functionalized,NBD_Combinatorial_M08_Aligned,RDKit_MMFF94_3D,NBD_DA_532
CCOc1ccc(C2=C(S(=O)(=O)c3ccccc3)C3CC2(C)C=C3C)cc1,371.0,80.5,75.0,0.0001,NBD_QC_Functionalized,NBD_Combinatorial_M08_Aligned,RDKit_MMFF94_3D,NBD_DA_533
CCOc1ccc(C2=C(c3nccs3)C3C=CC2C3)cc1,365.0,63.5,75.0,0.0001,NBD_QC_Functionalized,NBD_Combinatorial_M08_Aligned,RDKit_MMFF94_3D,NBD_DA_534
CCOc1ccc(C2=C(c3nccs3)C3C=CC2C3(C)C)cc1,365.0,69.29,75.0,0.0001,NBD_QC_Functionalized,NBD_Combinatorial_M08_Aligned,RDKit_MMFF94_3D,NBD_DA_535
CCOc1ccc(C2=C(c3nccs3)C3CC2(C)C=C3C)cc1,365.0,75.5,75.0,0.0001,NBD_QC_Functionalized,NBD_Combinatorial_M08_Aligned,RDKit_MMFF94_3D,NBD_DA_536
CCNC(=O)C1=C(c2ccc(OCC)cc2)C2C=CC1C2,355.0,64.68,75.0,0.0001,NBD_QC_Functionalized,NBD_Combinatorial_M08_Aligned,RDKit_MMFF94_3D,NBD_DA_537
CCNC(=O)C1=C(c2ccc(OCC)cc2)C2C=CC1C2(C)C,355.0,64.5,75.0,0.0001,NBD_QC_Functionalized,NBD_Combinatorial_M08_Aligned,RDKit_MMFF94_3D,NBD_DA_538
CCNC(=O)C1=C(c2ccc(OCC)cc2)C2(C)C=C(C)C1C2,355.0,76.81,75.0,0.0001,NBD_QC_Functionalized,NBD_Combinatorial_M08_Aligned,RDKit_MMFF94_3D,NBD_DA_539
N#CC1=C(c2ccc(O)cc2)C2C=CC1C2,348.0,62.67,75.0,0.0001,NBD_QC_Functionalized,NBD_Combinatorial_M08_Aligned,RDKit_MMFF94_3D,NBD_DA_540
CC1(C)C2C=CC1C(c1ccc(O)cc1)=C2C#N,348.0,69.32,75.0,0.0001,NBD_QC_Functionalized,NBD_Combinatorial_M08_Aligned,RDKit_MMFF94_3D,NBD_DA_541
CC1=CC2(C)CC1C(C#N)=C2c1ccc(O)cc1,348.0,59.97,75.0,0.0001,NBD_QC_Functionalized,NBD_Combinatorial_M08_Aligned,RDKit_MMFF94_3D,NBD_DA_542
COC(=O)C1=C(c2ccc(O)cc2)C2C=CC1C2,351.0,64.31,75.0,0.0001,NBD_QC_Functionalized,NBD_Combinatorial_M08_Aligned,RDKit_MMFF94_3D,NBD_DA_543
COC(=O)C1=C(c2ccc(O)cc2)C2C=CC1C2(C)C,351.0,69.23,75.0,0.0001,NBD_QC_Functionalized,NBD_Combinatorial_M08_Aligned,RDKit_MMFF94_3D,NBD_DA_544
COC(=O)C1=C(c2ccc(O)cc2)C2(C)C=C(C)C1C2,351.0,67.66,75.0,0.0001,NBD_QC_Functionalized,NBD_Combinatorial_M08_Aligned,RDKit_MMFF94_3D,NBD_DA_545
CCOC(=O)C1=C(c2ccc(O)cc2)C2C=CC1C2,351.0,64.28,75.0,0.0001,NBD_QC_Functionalized,NBD_Combinatorial_M08_Aligned,RDKit_MMFF94_3D,NBD_DA_546
CCOC(=O)C1=C(c2ccc(O)cc2)C2C=CC1C2(C)C,351.0,72.5,75.0,0.0001,NBD_QC_Functionalized,NBD_Combinatorial_M08_Aligned,RDKit_MMFF94_3D,NBD_DA_547
CCOC(=O)C1=C(c2ccc(O)cc2)C2(C)C=C(C)C1C2,351.0,60.76,75.0,0.0001,NBD_QC_Functionalized,NBD_Combinatorial_M08_Aligned,RDKit_MMFF94_3D,NBD_DA_548
CC(=O)C1=C(c2ccc(O)cc2)C2C=CC1C2,353.0,42.62,75.0,0.0001,NBD_QC_Functionalized,NBD_Combinatorial_M08_Aligned,RDKit_MMFF94_3D,NBD_DA_549
CC(=O)C1=C(c2ccc(O)cc2)C2C=CC1C2(C)C,353.0,69.17,75.0,0.0001,NBD_QC_Functionalized,NBD_Combinatorial_M08_Aligned,RDKit_MMFF94_3D,NBD_DA_550
CC(=O)C1=C(c2ccc(O)cc2)C2(C)C=C(C)C1C2,353.0,43.56,75.0,0.0001,NBD_QC_Functionalized,NBD_Combinatorial_M08_Aligned,RDKit_MMFF94_3D,NBD_DA_551
Oc1ccc(C2=C(C(F)(F)F)C3C=CC2C3)cc1,338.0,133.96,75.0,0.0001,NBD_QC_Functionalized,NBD_Combinatorial_M08_Aligned,RDKit_MMFF94_3D,NBD_DA_552
CC1(C)C2C=CC1C(C(F)(F)F)=C2c1ccc(O)cc1,338.0,69.07,75.0,0.0001,NBD_QC_Functionalized,NBD_Combinatorial_M08_Aligned,RDKit_MMFF94_3D,NBD_DA_553
CC1=CC2(C)CC1C(C(F)(F)F)=C2c1ccc(O)cc1,338.0,127.44,75.0,0.0001,NBD_QC_Functionalized,NBD_Combinatorial_M08_Aligned,RDKit_MMFF94_3D,NBD_DA_554
CS(=O)(=O)C1=C(c2ccc(O)cc2)C2C=CC1C2,343.0,78.5,75.0,0.0001,NBD_QC_Functionalized,NBD_Combinatorial_M08_Aligned,RDKit_MMFF94_3D,NBD_DA_555
CC1(C)C2C=CC1C(S(C)(=O)=O)=C2c1ccc(O)cc1,343.0,104.57,75.0,0.0001,NBD_QC_Functionalized,NBD_Combinatorial_M08_Aligned,RDKit_MMFF94_3D,NBD_DA_556
CC1=CC2(C)CC1C(S(C)(=O)=O)=C2c1ccc(O)cc1,343.0,59.5,75.0,0.0001,NBD_QC_Functionalized,NBD_Combinatorial_M08_Aligned,RDKit_MMFF94_3D,NBD_DA_557
NC(=O)C1=C(c2ccc(O)cc2)C2C=CC1C2,347.0,56.68,75.0,0.0001,NBD_QC_Functionalized,NBD_Combinatorial_M08_Aligned,RDKit_MMFF94_3D,NBD_DA_558
CC1(C)C2C=CC1C(c1ccc(O)cc1)=C2C(N)=O,347.0,69.35,75.0,0.0001,NBD_QC_Functionalized,NBD_Combinatorial_M08_Aligned,RDKit_MMFF94_3D,NBD_DA_559
CC1=CC2(C)CC1C(C(N)=O)=C2c1ccc(O)cc1,347.0,70.16,75.0,0.0001,NBD_QC_Functionalized,NBD_Combinatorial_M08_Aligned,RDKit_MMFF94_3D,NBD_DA_560
N#Cc1ccc(C2=C(c3ccc(O)cc3)C3C=CC2C3)cc1,378.0,68.5,75.0,0.0001,NBD_QC_Functionalized,NBD_Combinatorial_M08_Aligned,RDKit_MMFF94_3D,NBD_DA_561
CC1(C)C2C=CC1C(c1ccc(C#N)cc1)=C2c1ccc(O)cc1,378.0,68.42,75.0,0.0001,NBD_QC_Functionalized,NBD_Combinatorial_M08_Aligned,RDKit_MMFF94_3D,NBD_DA_562
CC1=CC2(C)CC1C(c1ccc(C#N)cc1)=C2c1ccc(O)cc1,378.0,77.5,75.0,0.0001,NBD_QC_Functionalized,NBD_Combinatorial_M08_Aligned,RDKit_MMFF94_3D,NBD_DA_563
O=[N+]([O-])c1ccc(C2=C(c3ccc(O)cc3)C3C=CC2C3)cc1,383.0,68.27,75.0,0.0001,NBD_QC_Functionalized,NBD_Combinatorial_M08_Aligned,RDKit_MMFF94_3D,NBD_DA_564
CC1(C)C2C=CC1C(c1ccc([N+](=O)[O-])cc1)=C2c1ccc(O)cc1,383.0,68.27,75.0,0.0001,NBD_QC_Functionalized,NBD_Combinatorial_M08_Aligned,RDKit_MMFF94_3D,NBD_DA_565
CC1=CC2(C)CC1C(c1ccc([N+](=O)[O-])cc1)=C2c1ccc(O)cc1,383.0,81.5,75.0,0.0001,NBD_QC_Functionalized,NBD_Combinatorial_M08_Aligned,RDKit_MMFF94_3D,NBD_DA_566
Oc1ccc(C2=C(c3ccc(C(F)(F)F)cc3)C3C=CC2C3)cc1,371.0,62.5,75.0,0.0001,NBD_QC_Functionalized,NBD_Combinatorial_M08_Aligned,RDKit_MMFF94_3D,NBD_DA_567
CC1(C)C2C=CC1C(c1ccc(C(F)(F)F)cc1)=C2c1ccc(O)cc1,371.0,68.63,75.0,0.0001,NBD_QC_Functionalized,NBD_Combinatorial_M08_Aligned,RDKit_MMFF94_3D,NBD_DA_568
CC1=CC2(C)CC1C(c1ccc(C(F)(F)F)cc1)=C2c1ccc(O)cc1,371.0,68.63,75.0,0.0001,NBD_QC_Functionalized,NBD_Combinatorial_M08_Aligned,RDKit_MMFF94_3D,NBD_DA_569
O=C(C1=C(c2ccc(O)cc2)C2C=CC1C2)c1ccccc1,368.0,63.5,75.0,0.0001,NBD_QC_Functionalized,NBD_Combinatorial_M08_Aligned,RDKit_MMFF94_3D,NBD_DA_570
CC1(C)C2C=CC1C(c1ccc(O)cc1)=C2C(=O)c1ccccc1,368.0,68.72,75.0,0.0001,NBD_QC_Functionalized,NBD_Combinatorial_M08_Aligned,RDKit_MMFF94_3D,NBD_DA_571
CC1=CC2(C)CC1C(C(=O)c1ccccc1)=C2c1ccc(O)cc1,368.0,59.5,75.0,0.0001,NBD_QC_Functionalized,NBD_Combinatorial_M08_Aligned,RDKit_MMFF94_3D,NBD_DA_572
Oc1ccc(C2=C(c3ccccn3)C3C=CC2C3)cc1,361.0,77.5,75.0,0.0001,NBD_QC_Functionalized,NBD_Combinatorial_M08_Aligned,RDKit_MMFF94_3D,NBD_DA_573
CC1(C)C2C=CC1C(c1ccccn1)=C2c1ccc(O)cc1,361.0,68.93,75.0,0.0001,NBD_QC_Functionalized,NBD_Combinatorial_M08_Aligned,RDKit_MMFF94_3D,NBD_DA_574
CC1=CC2(C)CC1C(c1ccccn1)=C2c1ccc(O)cc1,361.0,67.5,75.0,0.0001,NBD_QC_Functionalized,NBD_Combinatorial_M08_Aligned,RDKit_MMFF94_3D,NBD_DA_575
Oc1ccc(C2=C(c3ccncc3)C3C=CC2C3)cc1,363.0,65.5,75.0,0.0001,NBD_QC_Functionalized,NBD_Combinatorial_M08_Aligned,RDKit_MMFF94_3D,NBD_DA_576
CC1(C)C2C=CC1C(c1ccc(O)cc1)=C2c1ccncc1,363.0,68.87,75.0,0.0001,NBD_QC_Functionalized,NBD_Combinatorial_M08_Aligned,RDKit_MMFF94_3D,NBD_DA_577
CC1=CC2(C)CC1C(c1ccncc1)=C2c1ccc(O)cc1,363.0,68.87,75.0,0.0001,NBD_QC_Functionalized,NBD_Combinatorial_M08_Aligned,RDKit_MMFF94_3D,NBD_DA_578
O=C(O)C1=C(c2ccc(O)cc2)C2C=CC1C2,348.0,73.52,75.0,0.0001,NBD_QC_Functionalized,NBD_Combinatorial_M08_Aligned,RDKit_MMFF94_3D,NBD_DA_579
CC1(C)C2C=CC1C(c1ccc(O)cc1)=C2C(=O)O,348.0,59.5,75.0,0.0001,NBD_QC_Functionalized,NBD_Combinatorial_M08_Aligned,RDKit_MMFF94_3D,NBD_DA_580
CC1=CC2(C)CC1C(C(=O)O)=C2c1ccc(O)cc1,348.0,65.41,75.0,0.0001,NBD_QC_Functionalized,NBD_Combinatorial_M08_Aligned,RDKit_MMFF94_3D,NBD_DA_581
CCCCC(CC)COC(=O)C1=C(c2ccc(O)cc2)C2C=CC1C2,353.0,61.48,75.0,0.0001,NBD_QC_Functionalized,NBD_Combinatorial_M08_Aligned,RDKit_MMFF94_3D,NBD_DA_582
CCCCC(CC)COC(=O)C1=C(c2ccc(O)cc2)C2C=CC1C2(C)C,353.0,69.17,75.0,0.0001,NBD_QC_Functionalized,NBD_Combinatorial_M08_Aligned,RDKit_MMFF94_3D,NBD_DA_583
CCCCC(CC)COC(=O)C1=C(c2ccc(O)cc2)C2(C)C=C(C)C1C2,353.0,48.57,75.0,0.0001,NBD_QC_Functionalized,NBD_Combinatorial_M08_Aligned,RDKit_MMFF94_3D,NBD_DA_584
N#Cc1cccc(C2=C(c3ccc(O)cc3)C3C=CC2C3)c1,375.0,63.5,75.0,0.0001,NBD_QC_Functionalized,NBD_Combinatorial_M08_Aligned,RDKit_MMFF94_3D,NBD_DA_585
CC1(C)C2C=CC1C(c1cccc(C#N)c1)=C2c1ccc(O)cc1,375.0,80.5,75.0,0.0001,NBD_QC_Functionalized,NBD_Combinatorial_M08_Aligned,RDKit_MMFF94_3D,NBD_DA_586
CC1=CC2(C)CC1C(c1cccc(C#N)c1)=C2c1ccc(O)cc1,375.0,79.5,75.0,0.0001,NBD_QC_Functionalized,NBD_Combinatorial_M08_Aligned,RDKit_MMFF94_3D,NBD_DA_587
CC(C)OC(=O)C1=C(c2ccc(O)cc2)C2C=CC1C2,351.0,82.5,75.0,0.0001,NBD_QC_Functionalized,NBD_Combinatorial_M08_Aligned,RDKit_MMFF94_3D,NBD_DA_588
CC(C)OC(=O)C1=C(c2ccc(O)cc2)C2C=CC1C2(C)C,351.0,79.5,75.0,0.0001,NBD_QC_Functionalized,NBD_Combinatorial_M08_Aligned,RDKit_MMFF94_3D,NBD_DA_589
CC1=CC2(C)CC1C(C(=O)OC(C)C)=C2c1ccc(O)cc1,351.0,52.38,75.0,0.0001,NBD_QC_Functionalized,NBD_Combinatorial_M08_Aligned,RDKit_MMFF94_3D,NBD_DA_590
O=S(=O)(C1=C(c2ccc(O)cc2)C2C=CC1C2)c1ccccc1,365.0,68.5,75.0,0.0001,NBD_QC_Functionalized,NBD_Combinatorial_M08_Aligned,RDKit_MMFF94_3D,NBD_DA_591
CC1(C)C2C=CC1C(S(=O)(=O)c1ccccc1)=C2c1ccc(O)cc1,365.0,83.75,75.0,0.0001,NBD_QC_Functionalized,NBD_Combinatorial_M08_Aligned,RDKit_MMFF94_3D,NBD_DA_592
CC1=CC2(C)CC1C(S(=O)(=O)c1ccccc1)=C2c1ccc(O)cc1,365.0,79.5,75.0,0.0001,NBD_QC_Functionalized,NBD_Combinatorial_M08_Aligned,RDKit_MMFF94_3D,NBD_DA_593
Oc1ccc(C2=C(c3nccs3)C3C=CC2C3)cc1,359.0,82.5,75.0,0.0001,NBD_QC_Functionalized,NBD_Combinatorial_M08_Aligned,RDKit_MMFF94_3D,NBD_DA_594
CC1(C)C2C=CC1C(c1nccs1)=C2c1ccc(O)cc1,359.0,78.5,75.0,0.0001,NBD_QC_Functionalized,NBD_Combinatorial_M08_Aligned,RDKit_MMFF94_3D,NBD_DA_595
CC1=CC2(C)CC1C(c1nccs1)=C2c1ccc(O)cc1,359.0,66.5,75.0,0.0001,NBD_QC_Functionalized,NBD_Combinatorial_M08_Aligned,RDKit_MMFF94_3D,NBD_DA_596
CCNC(=O)C1=C(c2ccc(O)cc2)C2C=CC1C2,349.0,74.22,75.0,0.0001,NBD_QC_Functionalized,NBD_Combinatorial_M08_Aligned,RDKit_MMFF94_3D,NBD_DA_597
CCNC(=O)C1=C(c2ccc(O)cc2)C2C=CC1C2(C)C,349.0,61.5,75.0,0.0001,NBD_QC_Functionalized,NBD_Combinatorial_M08_Aligned,RDKit_MMFF94_3D,NBD_DA_598
CCNC(=O)C1=C(c2ccc(O)cc2)C2(C)C=C(C)C1C2,349.0,65.5,75.0,0.0001,NBD_QC_Functionalized,NBD_Combinatorial_M08_Aligned,RDKit_MMFF94_3D,NBD_DA_599
COc1ccc(C2=C(C#N)C3C=CC2C3)cc1OC,358.0,64.29,75.0,0.0001,NBD_QC_Functionalized,NBD_Combinatorial_M08_Aligned,RDKit_MMFF94_3D,NBD_DA_600
COc1ccc(C2=C(C#N)C3C=CC2C3(C)C)cc1OC,358.0,78.5,75.0,0.0001,NBD_QC_Functionalized,NBD_Combinatorial_M08_Aligned,RDKit_MMFF94_3D,NBD_DA_601
COc1ccc(C2=C(C#N)C3CC2(C)C=C3C)cc1OC,358.0,53.89,75.0,0.0001,NBD_QC_Functionalized,NBD_Combinatorial_M08_Aligned,RDKit_MMFF94_3D,NBD_DA_602
COC(=O)C1=C(c2ccc(OC)c(OC)c2)C2C=CC1C2,361.0,61.49,75.0,0.0001,NBD_QC_Functionalized,NBD_Combinatorial_M08_Aligned,RDKit_MMFF94_3D,NBD_DA_603
COC(=O)C1=C(c2ccc(OC)c(OC)c2)C2C=CC1C2(C)C,361.0,61.5,75.0,0.0001,NBD_QC_Functionalized,NBD_Combinatorial_M08_Aligned,RDKit_MMFF94_3D,NBD_DA_604
COC(=O)C1=C(c2ccc(OC)c(OC)c2)C2(C)C=C(C)C1C2,361.0,65.65,75.0,0.0001,NBD_QC_Functionalized,NBD_Combinatorial_M08_Aligned,RDKit_MMFF94_3D,NBD_DA_605
CCOC(=O)C1=C(c2ccc(OC)c(OC)c2)C2C=CC1C2,361.0,72.74,75.0,0.0001,NBD_QC_Functionalized,NBD_Combinatorial_M08_Aligned,RDKit_MMFF94_3D,NBD_DA_606
CCOC(=O)C1=C(c2ccc(OC)c(OC)c2)C2C=CC1C2(C)C,361.0,69.73,75.0,0.0001,NBD_QC_Functionalized,NBD_Combinatorial_M08_Aligned,RDKit_MMFF94_3D,NBD_DA_607
CCOC(=O)C1=C(c2ccc(OC)c(OC)c2)C2(C)C=C(C)C1C2,361.0,63.44,75.0,0.0001,NBD_QC_Functionalized,NBD_Combinatorial_M08_Aligned,RDKit_MMFF94_3D,NBD_DA_608
COc1ccc(C2=C(C(C)=O)C3C=CC2C3)cc1OC,363.0,81.5,75.0,0.0001,NBD_QC_Functionalized,NBD_Combinatorial_M08_Aligned,RDKit_MMFF94_3D,NBD_DA_609
COc1ccc(C2=C(C(C)=O)C3C=CC2C3(C)C)cc1OC,363.0,69.67,75.0,0.0001,NBD_QC_Functionalized,NBD_Combinatorial_M08_Aligned,RDKit_MMFF94_3D,NBD_DA_610
COc1ccc(C2=C(C(C)=O)C3CC2(C)C=C3C)cc1OC,363.0,30.8,75.0,0.0001,NBD_QC_Functionalized,NBD_Combinatorial_M08_Aligned,RDKit_MMFF94_3D,NBD_DA_611
COc1ccc(C2=C(C(F)(F)F)C3C=CC2C3)cc1OC,348.0,133.01,75.0,0.0001,NBD_QC_Functionalized,NBD_Combinatorial_M08_Aligned,RDKit_MMFF94_3D,NBD_DA_612
COc1ccc(C2=C(C(F)(F)F)C3C=CC2C3(C)C)cc1OC,348.0,68.15,75.0,0.0001,NBD_QC_Functionalized,NBD_Combinatorial_M08_Aligned,RDKit_MMFF94_3D,NBD_DA_613
COc1ccc(C2=C(C(F)(F)F)C3CC2(C)C=C3C)cc1OC,348.0,123.29,75.0,0.0001,NBD_QC_Functionalized,NBD_Combinatorial_M08_Aligned,RDKit_MMFF94_3D,NBD_DA_614
COc1ccc(C2=C(S(C)(=O)=O)C3C=CC2C3)cc1OC,353.0,63.5,75.0,0.0001,NBD_QC_Functionalized,NBD_Combinatorial_M08_Aligned,RDKit_MMFF94_3D,NBD_DA_615
COc1ccc(C2=C(S(C)(=O)=O)C3C=CC2C3(C)C)cc1OC,353.0,109.79,75.0,0.0001,NBD_QC_Functionalized,NBD_Combinatorial_M08_Aligned,RDKit_MMFF94_3D,NBD_DA_616
COc1ccc(C2=C(S(C)(=O)=O)C3CC2(C)C=C3C)cc1OC,353.0,70.5,75.0,0.0001,NBD_QC_Functionalized,NBD_Combinatorial_M08_Aligned,RDKit_MMFF94_3D,NBD_DA_617
COc1ccc(C2=C(C(N)=O)C3C=CC2C3)cc1OC,357.0,51.96,75.0,0.0001,NBD_QC_Functionalized,NBD_Combinatorial_M08_Aligned,RDKit_MMFF94_3D,NBD_DA_618
COc1ccc(C2=C(C(N)=O)C3C=CC2C3(C)C)cc1OC,357.0,69.85,75.0,0.0001,NBD_QC_Functionalized,NBD_Combinatorial_M08_Aligned,RDKit_MMFF94_3D,NBD_DA_619
COc1ccc(C2=C(C(N)=O)C3CC2(C)C=C3C)cc1OC,357.0,63.55,75.0,0.0001,NBD_QC_Functionalized,NBD_Combinatorial_M08_Aligned,RDKit_MMFF94_3D,NBD_DA_620
COc1ccc(C2=C(c3ccc(C#N)cc3)C3C=CC2C3)cc1OC,388.0,68.92,75.0,0.0001,NBD_QC_Functionalized,NBD_Combinatorial_M08_Aligned,RDKit_MMFF94_3D,NBD_DA_621
COc1ccc(C2=C(c3ccc(C#N)cc3)C3C=CC2C3(C)C)cc1OC,388.0,68.92,75.0,0.0001,NBD_QC_Functionalized,NBD_Combinatorial_M08_Aligned,RDKit_MMFF94_3D,NBD_DA_622
COc1ccc(C2=C(c3ccc(C#N)cc3)C3CC2(C)C=C3C)cc1OC,388.0,78.5,75.0,0.0001,NBD_QC_Functionalized,NBD_Combinatorial_M08_Aligned,RDKit_MMFF94_3D,NBD_DA_623
COc1ccc(C2=C(c3ccc([N+](=O)[O-])cc3)C3C=CC2C3)cc1OC,393.0,66.5,75.0,0.0001,NBD_QC_Functionalized,NBD_Combinatorial_M08_Aligned,RDKit_MMFF94_3D,NBD_DA_624
COc1ccc(C2=C(c3ccc([N+](=O)[O-])cc3)C3C=CC2C3(C)C)cc1OC,393.0,68.77,75.0,0.0001,NBD_QC_Functionalized,NBD_Combinatorial_M08_Aligned,RDKit_MMFF94_3D,NBD_DA_625
COc1ccc(C2=C(c3ccc([N+](=O)[O-])cc3)C3CC2(C)C=C3C)cc1OC,393.0,62.5,75.0,0.0001,NBD_QC_Functionalized,NBD_Combinatorial_M08_Aligned,RDKit_MMFF94_3D,NBD_DA_626
COc1ccc(C2=C(c3ccc(C(F)(F)F)cc3)C3C=CC2C3)cc1OC,381.0,69.13,75.0,0.0001,NBD_QC_Functionalized,NBD_Combinatorial_M08_Aligned,RDKit_MMFF94_3D,NBD_DA_627
COc1ccc(C2=C(c3ccc(C(F)(F)F)cc3)C3C=CC2C3(C)C)cc1OC,381.0,69.13,75.0,0.0001,NBD_QC_Functionalized,NBD_Combinatorial_M08_Aligned,RDKit_MMFF94_3D,NBD_DA_628
COc1ccc(C2=C(c3ccc(C(F)(F)F)cc3)C3CC2(C)C=C3C)cc1OC,381.0,70.5,75.0,0.0001,NBD_QC_Functionalized,NBD_Combinatorial_M08_Aligned,RDKit_MMFF94_3D,NBD_DA_629
COc1ccc(C2=C(C(=O)c3ccccc3)C3C=CC2C3)cc1OC,378.0,46.57,75.0,0.0001,NBD_QC_Functionalized,NBD_Combinatorial_M08_Aligned,RDKit_MMFF94_3D,NBD_DA_630
COc1ccc(C2=C(C(=O)c3ccccc3)C3C=CC2C3(C)C)cc1OC,378.0,69.22,75.0,0.0001,NBD_QC_Functionalized,NBD_Combinatorial_M08_Aligned,RDKit_MMFF94_3D,NBD_DA_631
COc1ccc(C2=C(C(=O)c3ccccc3)C3CC2(C)C=C3C)cc1OC,378.0,46.92,75.0,0.0001,NBD_QC_Functionalized,NBD_Combinatorial_M08_Aligned,RDKit_MMFF94_3D,NBD_DA_632
COc1ccc(C2=C(c3ccccn3)C3C=CC2C3)cc1OC,371.0,69.5,75.0,0.0001,NBD_QC_Functionalized,NBD_Combinatorial_M08_Aligned,RDKit_MMFF94_3D,NBD_DA_633
COc1ccc(C2=C(c3ccccn3)C3C=CC2C3(C)C)cc1OC,371.0,69.43,75.0,0.0001,NBD_QC_Functionalized,NBD_Combinatorial_M08_Aligned,RDKit_MMFF94_3D,NBD_DA_634
COc1ccc(C2=C(c3ccccn3)C3CC2(C)C=C3C)cc1OC,371.0,69.5,75.0,0.0001,NBD_QC_Functionalized,NBD_Combinatorial_M08_Aligned,RDKit_MMFF94_3D,NBD_DA_635
COc1ccc(C2=C(c3ccncc3)C3C=CC2C3)cc1OC,373.0,69.37,75.0,0.0001,NBD_QC_Functionalized,NBD_Combinatorial_M08_Aligned,RDKit_MMFF94_3D,NBD_DA_636
COc1ccc(C2=C(c3ccncc3)C3C=CC2C3(C)C)cc1OC,373.0,69.37,75.0,0.0001,NBD_QC_Functionalized,NBD_Combinatorial_M08_Aligned,RDKit_MMFF94_3D,NBD_DA_637
COc1ccc(C2=C(c3ccncc3)C3CC2(C)C=C3C)cc1OC,373.0,69.37,75.0,0.0001,NBD_QC_Functionalized,NBD_Combinatorial_M08_Aligned,RDKit_MMFF94_3D,NBD_DA_638
COc1ccc(C2=C(C(=O)O)C3C=CC2C3)cc1OC,358.0,72.64,75.0,0.0001,NBD_QC_Functionalized,NBD_Combinatorial_M08_Aligned,RDKit_MMFF94_3D,NBD_DA_639
COc1ccc(C2=C(C(=O)O)C3C=CC2C3(C)C)cc1OC,358.0,69.5,75.0,0.0001,NBD_QC_Functionalized,NBD_Combinatorial_M08_Aligned,RDKit_MMFF94_3D,NBD_DA_640
COc1ccc(C2=C(C(=O)O)C3CC2(C)C=C3C)cc1OC,358.0,68.6,75.0,0.0001,NBD_QC_Functionalized,NBD_Combinatorial_M08_Aligned,RDKit_MMFF94_3D,NBD_DA_641
CCCCC(CC)COC(=O)C1=C(c2ccc(OC)c(OC)c2)C2C=CC1C2,363.0,90.97,75.0,0.0001,NBD_QC_Functionalized,NBD_Combinatorial_M08_Aligned,RDKit_MMFF94_3D,NBD_DA_642
CCCCC(CC)COC(=O)C1=C(c2ccc(OC)c(OC)c2)C2C=CC1C2(C)C,363.0,72.5,75.0,0.0001,NBD_QC_Functionalized,NBD_Combinatorial_M08_Aligned,RDKit_MMFF94_3D,NBD_DA_643
CCCCC(CC)COC(=O)C1=C(c2ccc(OC)c(OC)c2)C2(C)C=C(C)C1C2,363.0,58.1,75.0,0.0001,NBD_QC_Functionalized,NBD_Combinatorial_M08_Aligned,RDKit_MMFF94_3D,NBD_DA_644
COc1ccc(C2=C(c3cccc(C#N)c3)C3C=CC2C3)cc1OC,385.0,69.01,75.0,0.0001,NBD_QC_Functionalized,NBD_Combinatorial_M08_Aligned,RDKit_MMFF94_3D,NBD_DA_645
COc1ccc(C2=C(c3cccc(C#N)c3)C3C=CC2C3(C)C)cc1OC,385.0,69.01,75.0,0.0001,NBD_QC_Functionalized,NBD_Combinatorial_M08_Aligned,RDKit_MMFF94_3D,NBD_DA_646
COc1ccc(C2=C(c3cccc(C#N)c3)C3CC2(C)C=C3C)cc1OC,385.0,69.01,75.0,0.0001,NBD_QC_Functionalized,NBD_Combinatorial_M08_Aligned,RDKit_MMFF94_3D,NBD_DA_647
COc1ccc(C2=C(C(=O)OC(C)C)C3C=CC2C3)cc1OC,361.0,66.69,75.0,0.0001,NBD_QC_Functionalized,NBD_Combinatorial_M08_Aligned,RDKit_MMFF94_3D,NBD_DA_648
COc1ccc(C2=C(C(=O)OC(C)C)C3C=CC2C3(C)C)cc1OC,361.0,67.5,75.0,0.0001,NBD_QC_Functionalized,NBD_Combinatorial_M08_Aligned,RDKit_MMFF94_3D,NBD_DA_649
COc1ccc(C2=C(C(=O)OC(C)C)C3CC2(C)C=C3C)cc1OC,361.0,63.3,75.0,0.0001,NBD_QC_Functionalized,NBD_Combinatorial_M08_Aligned,RDKit_MMFF94_3D,NBD_DA_650
COc1ccc(C2=C(S(=O)(=O)c3ccccc3)C3C=CC2C3)cc1OC,375.0,58.5,75.0,0.0001,NBD_QC_Functionalized,NBD_Combinatorial_M08_Aligned,RDKit_MMFF94_3D,NBD_DA_651
COc1ccc(C2=C(S(=O)(=O)c3ccccc3)C3C=CC2C3(C)C)cc1OC,375.0,74.5,75.0,0.0001,NBD_QC_Functionalized,NBD_Combinatorial_M08_Aligned,RDKit_MMFF94_3D,NBD_DA_652
COc1ccc(C2=C(S(=O)(=O)c3ccccc3)C3CC2(C)C=C3C)cc1OC,375.0,73.5,75.0,0.0001,NBD_QC_Functionalized,NBD_Combinatorial_M08_Aligned,RDKit_MMFF94_3D,NBD_DA_653
COc1ccc(C2=C(c3nccs3)C3C=CC2C3)cc1OC,369.0,70.5,75.0,0.0001,NBD_QC_Functionalized,NBD_Combinatorial_M08_Aligned,RDKit_MMFF94_3D,NBD_DA_654
COc1ccc(C2=C(c3nccs3)C3C=CC2C3(C)C)cc1OC,369.0,69.49,75.0,0.0001,NBD_QC_Functionalized,NBD_Combinatorial_M08_Aligned,RDKit_MMFF94_3D,NBD_DA_655
COc1ccc(C2=C(c3nccs3)C3CC2(C)C=C3C)cc1OC,369.0,76.5,75.0,0.0001,NBD_QC_Functionalized,NBD_Combinatorial_M08_Aligned,RDKit_MMFF94_3D,NBD_DA_656
CCNC(=O)C1=C(c2ccc(OC)c(OC)c2)C2C=CC1C2,359.0,66.28,75.0,0.0001,NBD_QC_Functionalized,NBD_Combinatorial_M08_Aligned,RDKit_MMFF94_3D,NBD_DA_657
CCNC(=O)C1=C(c2ccc(OC)c(OC)c2)C2C=CC1C2(C)C,359.0,67.5,75.0,0.0001,NBD_QC_Functionalized,NBD_Combinatorial_M08_Aligned,RDKit_MMFF94_3D,NBD_DA_658
CCNC(=O)C1=C(c2ccc(OC)c(OC)c2)C2(C)C=C(C)C1C2,359.0,41.01,75.0,0.0001,NBD_QC_Functionalized,NBD_Combinatorial_M08_Aligned,RDKit_MMFF94_3D,NBD_DA_659
COc1cccc(C2=C(C#N)C3C=CC2C3)c1,346.0,66.33,75.0,0.0001,NBD_QC_Functionalized,NBD_Combinatorial_M08_Aligned,RDKit_MMFF94_3D,NBD_DA_660
COc1cccc(C2=C(C#N)C3C=CC2C3(C)C)c1,346.0,74.5,75.0,0.0001,NBD_QC_Functionalized,NBD_Combinatorial_M08_Aligned,RDKit_MMFF94_3D,NBD_DA_661
COc1cccc(C2=C(C#N)C3CC2(C)C=C3C)c1,346.0,57.96,75.0,0.0001,NBD_QC_Functionalized,NBD_Combinatorial_M08_Aligned,RDKit_MMFF94_3D,NBD_DA_662
COC(=O)C1=C(c2cccc(OC)c2)C2C=CC1C2,349.0,82.5,75.0,0.0001,NBD_QC_Functionalized,NBD_Combinatorial_M08_Aligned,RDKit_MMFF94_3D,NBD_DA_663
COC(=O)C1=C(c2cccc(OC)c2)C2C=CC1C2(C)C,349.0,74.5,75.0,0.0001,NBD_QC_Functionalized,NBD_Combinatorial_M08_Aligned,RDKit_MMFF94_3D,NBD_DA_664
COC(=O)C1=C(c2cccc(OC)c2)C2(C)C=C(C)C1C2,349.0,56.76,75.0,0.0001,NBD_QC_Functionalized,NBD_Combinatorial_M08_Aligned,RDKit_MMFF94_3D,NBD_DA_665
CCOC(=O)C1=C(c2cccc(OC)c2)C2C=CC1C2,349.0,58.08,75.0,0.0001,NBD_QC_Functionalized,NBD_Combinatorial_M08_Aligned,RDKit_MMFF94_3D,NBD_DA_666
CCOC(=O)C1=C(c2cccc(OC)c2)C2C=CC1C2(C)C,349.0,71.5,75.0,0.0001,NBD_QC_Functionalized,NBD_Combinatorial_M08_Aligned,RDKit_MMFF94_3D,NBD_DA_667
CCOC(=O)C1=C(c2cccc(OC)c2)C2(C)C=C(C)C1C2,349.0,51.35,75.0,0.0001,NBD_QC_Functionalized,NBD_Combinatorial_M08_Aligned,RDKit_MMFF94_3D,NBD_DA_668
COc1cccc(C2=C(C(C)=O)C3C=CC2C3)c1,351.0,43.42,75.0,0.0001,NBD_QC_Functionalized,NBD_Combinatorial_M08_Aligned,RDKit_MMFF94_3D,NBD_DA_669
COc1cccc(C2=C(C(C)=O)C3C=CC2C3(C)C)c1,351.0,69.07,75.0,0.0001,NBD_QC_Functionalized,NBD_Combinatorial_M08_Aligned,RDKit_MMFF94_3D,NBD_DA_670
COc1cccc(C2=C(C(C)=O)C3CC2(C)C=C3C)c1,351.0,41.93,75.0,0.0001,NBD_QC_Functionalized,NBD_Combinatorial_M08_Aligned,RDKit_MMFF94_3D,NBD_DA_671
COc1cccc(C2=C(C(F)(F)F)C3C=CC2C3)c1,336.0,134.89,75.0,0.0001,NBD_QC_Functionalized,NBD_Combinatorial_M08_Aligned,RDKit_MMFF94_3D,NBD_DA_672
COc1cccc(C2=C(C(F)(F)F)C3C=CC2C3(C)C)c1,336.0,64.82,75.0,0.0001,NBD_QC_Functionalized,NBD_Combinatorial_M08_Aligned,RDKit_MMFF94_3D,NBD_DA_673
COc1cccc(C2=C(C(F)(F)F)C3CC2(C)C=C3C)c1,336.0,125.88,75.0,0.0001,NBD_QC_Functionalized,NBD_Combinatorial_M08_Aligned,RDKit_MMFF94_3D,NBD_DA_674
COc1cccc(C2=C(S(C)(=O)=O)C3C=CC2C3)c1,341.0,77.5,75.0,0.0001,NBD_QC_Functionalized,NBD_Combinatorial_M08_Aligned,RDKit_MMFF94_3D,NBD_DA_675
COc1cccc(C2=C(S(C)(=O)=O)C3C=CC2C3(C)C)c1,341.0,74.5,75.0,0.0001,NBD_QC_Functionalized,NBD_Combinatorial_M08_Aligned,RDKit_MMFF94_3D,NBD_DA_676
COc1cccc(C2=C(S(C)(=O)=O)C3CC2(C)C=C3C)c1,341.0,62.5,75.0,0.0001,NBD_QC_Functionalized,NBD_Combinatorial_M08_Aligned,RDKit_MMFF94_3D,NBD_DA_677
COc1cccc(C2=C(C(N)=O)C3C=CC2C3)c1,345.0,52.18,75.0,0.0001,NBD_QC_Functionalized,NBD_Combinatorial_M08_Aligned,RDKit_MMFF94_3D,NBD_DA_678
COc1cccc(C2=C(C(N)=O)C3C=CC2C3(C)C)c1,345.0,69.25,75.0,0.0001,NBD_QC_Functionalized,NBD_Combinatorial_M08_Aligned,RDKit_MMFF94_3D,NBD_DA_679
COc1cccc(C2=C(C(N)=O)C3CC2(C)C=C3C)c1,345.0,70.72,75.0,0.0001,NBD_QC_Functionalized,NBD_Combinatorial_M08_Aligned,RDKit_MMFF94_3D,NBD_DA_680
COc1cccc(C2=C(c3ccc(C#N)cc3)C3C=CC2C3)c1,376.0,68.32,75.0,0.0001,NBD_QC_Functionalized,NBD_Combinatorial_M08_Aligned,RDKit_MMFF94_3D,NBD_DA_681
COc1cccc(C2=C(c3ccc(C#N)cc3)C3C=CC2C3(C)C)c1,376.0,75.5,75.0,0.0001,NBD_QC_Functionalized,NBD_Combinatorial_M08_Aligned,RDKit_MMFF94_3D,NBD_DA_682
COc1cccc(C2=C(c3ccc(C#N)cc3)C3CC2(C)C=C3C)c1,376.0,68.32,75.0,0.0001,NBD_QC_Functionalized,NBD_Combinatorial_M08_Aligned,RDKit_MMFF94_3D,NBD_DA_683
COc1cccc(C2=C(c3ccc([N+](=O)[O-])cc3)C3C=CC2C3)c1,381.0,68.17,75.0,0.0001,NBD_QC_Functionalized,NBD_Combinatorial_M08_Aligned,RDKit_MMFF94_3D,NBD_DA_684
COc1cccc(C2=C(c3ccc([N+](=O)[O-])cc3)C3C=CC2C3(C)C)c1,381.0,68.17,75.0,0.0001,NBD_QC_Functionalized,NBD_Combinatorial_M08_Aligned,RDKit_MMFF94_3D,NBD_DA_685
COc1cccc(C2=C(c3ccc([N+](=O)[O-])cc3)C3CC2(C)C=C3C)c1,381.0,68.17,75.0,0.0001,NBD_QC_Functionalized,NBD_Combinatorial_M08_Aligned,RDKit_MMFF94_3D,NBD_DA_686
COc1cccc(C2=C(c3ccc(C(F)(F)F)cc3)C3C=CC2C3)c1,369.0,68.53,75.0,0.0001,NBD_QC_Functionalized,NBD_Combinatorial_M08_Aligned,RDKit_MMFF94_3D,NBD_DA_687
COc1cccc(C2=C(c3ccc(C(F)(F)F)cc3)C3C=CC2C3(C)C)c1,369.0,60.5,75.0,0.0001,NBD_QC_Functionalized,NBD_Combinatorial_M08_Aligned,RDKit_MMFF94_3D,NBD_DA_688
COc1cccc(C2=C(c3ccc(C(F)(F)F)cc3)C3CC2(C)C=C3C)c1,369.0,68.53,75.0,0.0001,NBD_QC_Functionalized,NBD_Combinatorial_M08_Aligned,RDKit_MMFF94_3D,NBD_DA_689
COc1cccc(C2=C(C(=O)c3ccccc3)C3C=CC2C3)c1,366.0,39.82,75.0,0.0001,NBD_QC_Functionalized,NBD_Combinatorial_M08_Aligned,RDKit_MMFF94_3D,NBD_DA_690
COc1cccc(C2=C(C(=O)c3ccccc3)C3C=CC2C3(C)C)c1,366.0,68.62,75.0,0.0001,NBD_QC_Functionalized,NBD_Combinatorial_M08_Aligned,RDKit_MMFF94_3D,NBD_DA_691
COc1cccc(C2=C(C(=O)c3ccccc3)C3CC2(C)C=C3C)c1,366.0,39.09,75.0,0.0001,NBD_QC_Functionalized,NBD_Combinatorial_M08_Aligned,RDKit_MMFF94_3D,NBD_DA_692
COc1cccc(C2=C(c3ccccn3)C3C=CC2C3)c1,359.0,40.3,75.0,0.0001,NBD_QC_Functionalized,NBD_Combinatorial_M08_Aligned,RDKit_MMFF94_3D,NBD_DA_693
COc1cccc(C2=C(c3ccccn3)C3C=CC2C3(C)C)c1,359.0,68.83,75.0,0.0001,NBD_QC_Functionalized,NBD_Combinatorial_M08_Aligned,RDKit_MMFF94_3D,NBD_DA_694
COc1cccc(C2=C(c3ccccn3)C3CC2(C)C=C3C)c1,359.0,60.5,75.0,0.0001,NBD_QC_Functionalized,NBD_Combinatorial_M08_Aligned,RDKit_MMFF94_3D,NBD_DA_695
COc1cccc(C2=C(c3ccncc3)C3C=CC2C3)c1,361.0,68.77,75.0,0.0001,NBD_QC_Functionalized,NBD_Combinatorial_M08_Aligned,RDKit_MMFF94_3D,NBD_DA_696
COc1cccc(C2=C(c3ccncc3)C3C=CC2C3(C)C)c1,361.0,68.77,75.0,0.0001,NBD_QC_Functionalized,NBD_Combinatorial_M08_Aligned,RDKit_MMFF94_3D,NBD_DA_697
COc1cccc(C2=C(c3ccncc3)C3CC2(C)C=C3C)c1,361.0,82.5,75.0,0.0001,NBD_QC_Functionalized,NBD_Combinatorial_M08_Aligned,RDKit_MMFF94_3D,NBD_DA_698
COc1cccc(C2=C(C(=O)O)C3C=CC2C3)c1,346.0,70.5,75.0,0.0001,NBD_QC_Functionalized,NBD_Combinatorial_M08_Aligned,RDKit_MMFF94_3D,NBD_DA_699
COc1cccc(C2=C(C(=O)O)C3C=CC2C3(C)C)c1,346.0,58.5,75.0,0.0001,NBD_QC_Functionalized,NBD_Combinatorial_M08_Aligned,RDKit_MMFF94_3D,NBD_DA_700
COc1cccc(C2=C(C(=O)O)C3CC2(C)C=C3C)c1,346.0,63.78,75.0,0.0001,NBD_QC_Functionalized,NBD_Combinatorial_M08_Aligned,RDKit_MMFF94_3D,NBD_DA_701
CCCCC(CC)COC(=O)C1=C(c2cccc(OC)c2)C2C=CC1C2,351.0,37.92,75.0,0.0001,NBD_QC_Functionalized,NBD_Combinatorial_M08_Aligned,RDKit_MMFF94_3D,NBD_DA_702
CCCCC(CC)COC(=O)C1=C(c2cccc(OC)c2)C2C=CC1C2(C)C,351.0,81.5,75.0,0.0001,NBD_QC_Functionalized,NBD_Combinatorial_M08_Aligned,RDKit_MMFF94_3D,NBD_DA_703
CCCCC(CC)COC(=O)C1=C(c2cccc(OC)c2)C2(C)C=C(C)C1C2,351.0,77.5,75.0,0.0001,NBD_QC_Functionalized,NBD_Combinatorial_M08_Aligned,RDKit_MMFF94_3D,NBD_DA_704
COc1cccc(C2=C(c3cccc(C#N)c3)C3C=CC2C3)c1,373.0,80.5,75.0,0.0001,NBD_QC_Functionalized,NBD_Combinatorial_M08_Aligned,RDKit_MMFF94_3D,NBD_DA_705
COc1cccc(C2=C(c3cccc(C#N)c3)C3C=CC2C3(C)C)c1,373.0,77.5,75.0,0.0001,NBD_QC_Functionalized,NBD_Combinatorial_M08_Aligned,RDKit_MMFF94_3D,NBD_DA_706
COc1cccc(C2=C(c3cccc(C#N)c3)C3CC2(C)C=C3C)c1,373.0,68.41,75.0,0.0001,NBD_QC_Functionalized,NBD_Combinatorial_M08_Aligned,RDKit_MMFF94_3D,NBD_DA_707
COc1cccc(C2=C(C(=O)OC(C)C)C3C=CC2C3)c1,349.0,59.13,75.0,0.0001,NBD_QC_Functionalized,NBD_Combinatorial_M08_Aligned,RDKit_MMFF94_3D,NBD_DA_708
COc1cccc(C2=C(C(=O)OC(C)C)C3C=CC2C3(C)C)c1,349.0,69.13,75.0,0.0001,NBD_QC_Functionalized,NBD_Combinatorial_M08_Aligned,RDKit_MMFF94_3D,NBD_DA_709
COc1cccc(C2=C(C(=O)OC(C)C)C3CC2(C)C=C3C)c1,349.0,52.65,75.0,0.0001,NBD_QC_Functionalized,NBD_Combinatorial_M08_Aligned,RDKit_MMFF94_3D,NBD_DA_710
COc1cccc(C2=C(S(=O)(=O)c3ccccc3)C3C=CC2C3)c1,363.0,58.5,75.0,0.0001,NBD_QC_Functionalized,NBD_Combinatorial_M08_Aligned,RDKit_MMFF94_3D,NBD_DA_711
COc1cccc(C2=C(S(=O)(=O)c3ccccc3)C3C=CC2C3(C)C)c1,363.0,127.27,75.0,0.0001,NBD_QC_Functionalized,NBD_Combinatorial_M08_Aligned,RDKit_MMFF94_3D,NBD_DA_712
COc1cccc(C2=C(S(=O)(=O)c3ccccc3)C3CC2(C)C=C3C)c1,363.0,60.5,75.0,0.0001,NBD_QC_Functionalized,NBD_Combinatorial_M08_Aligned,RDKit_MMFF94_3D,NBD_DA_713
COc1cccc(C2=C(c3nccs3)C3C=CC2C3)c1,357.0,79.5,75.0,0.0001,NBD_QC_Functionalized,NBD_Combinatorial_M08_Aligned,RDKit_MMFF94_3D,NBD_DA_714
COc1cccc(C2=C(c3nccs3)C3C=CC2C3(C)C)c1,357.0,68.89,75.0,0.0001,NBD_QC_Functionalized,NBD_Combinatorial_M08_Aligned,RDKit_MMFF94_3D,NBD_DA_715
COc1cccc(C2=C(c3nccs3)C3CC2(C)C=C3C)c1,357.0,59.5,75.0,0.0001,NBD_QC_Functionalized,NBD_Combinatorial_M08_Aligned,RDKit_MMFF94_3D,NBD_DA_716
CCNC(=O)C1=C(c2cccc(OC)c2)C2C=CC1C2,347.0,59.05,75.0,0.0001,NBD_QC_Functionalized,NBD_Combinatorial_M08_Aligned,RDKit_MMFF94_3D,NBD_DA_717
CCNC(=O)C1=C(c2cccc(OC)c2)C2C=CC1C2(C)C,347.0,63.5,75.0,0.0001,NBD_QC_Functionalized,NBD_Combinatorial_M08_Aligned,RDKit_MMFF94_3D,NBD_DA_718
CCNC(=O)C1=C(c2cccc(OC)c2)C2(C)C=C(C)C1C2,347.0,75.5,75.0,0.0001,NBD_QC_Functionalized,NBD_Combinatorial_M08_Aligned,RDKit_MMFF94_3D,NBD_DA_719
CC1=C(C#N)C2C=CC1C2,290.0,102.92,75.0,0.0001,NBD_QC_Functionalized,NBD_Combinatorial_M08_Aligned,RDKit_MMFF94_3D,NBD_DA_720
CC1=C(C#N)C2C=CC1C2(C)C,290.0,36.7,75.0,0.0001,NBD_QC_Functionalized,NBD_Combinatorial_M08_Aligned,RDKit_MMFF94_3D,NBD_DA_721
CC1=CC2(C)CC1C(C#N)=C2C,290.0,97.78,75.0,0.0001,NBD_QC_Functionalized,NBD_Combinatorial_M08_Aligned,RDKit_MMFF94_3D,NBD_DA_722
COC(=O)C1=C(C)C2C=CC1C2,293.0,115.02,75.0,0.0001,NBD_QC_Functionalized,NBD_Combinatorial_M08_Aligned,RDKit_MMFF94_3D,NBD_DA_723
COC(=O)C1=C(C)C2C=CC1C2(C)C,293.0,49.05,75.0,0.0001,NBD_QC_Functionalized,NBD_Combinatorial_M08_Aligned,RDKit_MMFF94_3D,NBD_DA_724
COC(=O)C1=C(C)C2(C)C=C(C)C1C2,293.0,112.79,75.0,0.0001,NBD_QC_Functionalized,NBD_Combinatorial_M08_Aligned,RDKit_MMFF94_3D,NBD_DA_725
CCOC(=O)C1=C(C)C2C=CC1C2,293.0,66.5,75.0,0.0001,NBD_QC_Functionalized,NBD_Combinatorial_M08_Aligned,RDKit_MMFF94_3D,NBD_DA_726
CCOC(=O)C1=C(C)C2C=CC1C2(C)C,293.0,79.5,75.0,0.0001,NBD_QC_Functionalized,NBD_Combinatorial_M08_Aligned,RDKit_MMFF94_3D,NBD_DA_727
CCOC(=O)C1=C(C)C2(C)C=C(C)C1C2,293.0,111.24,75.0,0.0001,NBD_QC_Functionalized,NBD_Combinatorial_M08_Aligned,RDKit_MMFF94_3D,NBD_DA_728
CC(=O)C1=C(C)C2C=CC1C2,295.0,87.6,75.0,0.0001,NBD_QC_Functionalized,NBD_Combinatorial_M08_Aligned,RDKit_MMFF94_3D,NBD_DA_729
CC(=O)C1=C(C)C2C=CC1C2(C)C,295.0,65.5,75.0,0.0001,NBD_QC_Functionalized,NBD_Combinatorial_M08_Aligned,RDKit_MMFF94_3D,NBD_DA_730
CC(=O)C1=C(C)C2(C)C=C(C)C1C2,295.0,75.05,75.0,0.0001,NBD_QC_Functionalized,NBD_Combinatorial_M08_Aligned,RDKit_MMFF94_3D,NBD_DA_731
CC1=C(C(F)(F)F)C2C=CC1C2,280.0,75.5,75.0,0.0001,NBD_QC_Functionalized,NBD_Combinatorial_M08_Aligned,RDKit_MMFF94_3D,NBD_DA_732
CC1=C(C(F)(F)F)C2C=CC1C2(C)C,280.0,113.23,75.0,0.0001,NBD_QC_Functionalized,NBD_Combinatorial_M08_Aligned,RDKit_MMFF94_3D,NBD_DA_733
CC1=CC2(C)CC1C(C(F)(F)F)=C2C,280.0,67.5,75.0,0.0001,NBD_QC_Functionalized,NBD_Combinatorial_M08_Aligned,RDKit_MMFF94_3D,NBD_DA_734
CC1=C(S(C)(=O)=O)C2C=CC1C2,285.0,76.5,75.0,0.0001,NBD_QC_Functionalized,NBD_Combinatorial_M08_Aligned,RDKit_MMFF94_3D,NBD_DA_735
CC1=C(S(C)(=O)=O)C2C=CC1C2(C)C,285.0,60.5,75.0,0.0001,NBD_QC_Functionalized,NBD_Combinatorial_M08_Aligned,RDKit_MMFF94_3D,NBD_DA_736
CC1=CC2(C)CC1C(S(C)(=O)=O)=C2C,285.0,61.5,75.0,0.0001,NBD_QC_Functionalized,NBD_Combinatorial_M08_Aligned,RDKit_MMFF94_3D,NBD_DA_737
CC1=C(C(N)=O)C2C=CC1C2,289.0,65.5,75.0,0.0001,NBD_QC_Functionalized,NBD_Combinatorial_M08_Aligned,RDKit_MMFF94_3D,NBD_DA_738
CC1=C(C(N)=O)C2C=CC1C2(C)C,289.0,33.08,75.0,0.0001,NBD_QC_Functionalized,NBD_Combinatorial_M08_Aligned,RDKit_MMFF94_3D,NBD_DA_739
CC1=CC2(C)CC1C(C(N)=O)=C2C,289.0,94.0,75.0,0.0001,NBD_QC_Functionalized,NBD_Combinatorial_M08_Aligned,RDKit_MMFF94_3D,NBD_DA_740
CC1=C(c2ccc(C#N)cc2)C2C=CC1C2,320.0,77.5,75.0,0.0001,NBD_QC_Functionalized,NBD_Combinatorial_M08_Aligned,RDKit_MMFF94_3D,NBD_DA_741
CC1=C(c2ccc(C#N)cc2)C2C=CC1C2(C)C,320.0,65.52,75.0,0.0001,NBD_QC_Functionalized,NBD_Combinatorial_M08_Aligned,RDKit_MMFF94_3D,NBD_DA_742
CC1=CC2(C)CC1C(c1ccc(C#N)cc1)=C2C,320.0,58.5,75.0,0.0001,NBD_QC_Functionalized,NBD_Combinatorial_M08_Aligned,RDKit_MMFF94_3D,NBD_DA_743
CC1=C(c2ccc([N+](=O)[O-])cc2)C2C=CC1C2,325.0,60.5,75.0,0.0001,NBD_QC_Functionalized,NBD_Combinatorial_M08_Aligned,RDKit_MMFF94_3D,NBD_DA_744
CC1=C(c2ccc([N+](=O)[O-])cc2)C2C=CC1C2(C)C,325.0,65.37,75.0,0.0001,NBD_QC_Functionalized,NBD_Combinatorial_M08_Aligned,RDKit_MMFF94_3D,NBD_DA_745
CC1=CC2(C)CC1C(c1ccc([N+](=O)[O-])cc1)=C2C,325.0,71.5,75.0,0.0001,NBD_QC_Functionalized,NBD_Combinatorial_M08_Aligned,RDKit_MMFF94_3D,NBD_DA_746
CC1=C(c2ccc(C(F)(F)F)cc2)C2C=CC1C2,313.0,78.5,75.0,0.0001,NBD_QC_Functionalized,NBD_Combinatorial_M08_Aligned,RDKit_MMFF94_3D,NBD_DA_747
CC1=C(c2ccc(C(F)(F)F)cc2)C2C=CC1C2(C)C,313.0,65.73,75.0,0.0001,NBD_QC_Functionalized,NBD_Combinatorial_M08_Aligned,RDKit_MMFF94_3D,NBD_DA_748
CC1=CC2(C)CC1C(c1ccc(C(F)(F)F)cc1)=C2C,313.0,74.5,75.0,0.0001,NBD_QC_Functionalized,NBD_Combinatorial_M08_Aligned,RDKit_MMFF94_3D,NBD_DA_749
CC1=C(C(=O)c2ccccc2)C2C=CC1C2,310.0,64.04,75.0,0.0001,NBD_QC_Functionalized,NBD_Combinatorial_M08_Aligned,RDKit_MMFF94_3D,NBD_DA_750
CC1=C(C(=O)c2ccccc2)C2C=CC1C2(C)C,310.0,63.5,75.0,0.0001,NBD_QC_Functionalized,NBD_Combinatorial_M08_Aligned,RDKit_MMFF94_3D,NBD_DA_751
CC1=CC2(C)CC1C(C(=O)c1ccccc1)=C2C,310.0,58.24,75.0,0.0001,NBD_QC_Functionalized,NBD_Combinatorial_M08_Aligned,RDKit_MMFF94_3D,NBD_DA_752
CC1=C(c2ccccn2)C2C=CC1C2,303.0,64.0,75.0,0.0001,NBD_QC_Functionalized,NBD_Combinatorial_M08_Aligned,RDKit_MMFF94_3D,NBD_DA_753
CC1=C(c2ccccn2)C2C=CC1C2(C)C,303.0,66.03,75.0,0.0001,NBD_QC_Functionalized,NBD_Combinatorial_M08_Aligned,RDKit_MMFF94_3D,NBD_DA_754
CC1=CC2(C)CC1C(c1ccccn1)=C2C,303.0,56.16,75.0,0.0001,NBD_QC_Functionalized,NBD_Combinatorial_M08_Aligned,RDKit_MMFF94_3D,NBD_DA_755
CC1=C(c2ccncc2)C2C=CC1C2,305.0,60.5,75.0,0.0001,NBD_QC_Functionalized,NBD_Combinatorial_M08_Aligned,RDKit_MMFF94_3D,NBD_DA_756
CC1=C(c2ccncc2)C2C=CC1C2(C)C,305.0,65.97,75.0,0.0001,NBD_QC_Functionalized,NBD_Combinatorial_M08_Aligned,RDKit_MMFF94_3D,NBD_DA_757
CC1=CC2(C)CC1C(c1ccncc1)=C2C,305.0,79.5,75.0,0.0001,NBD_QC_Functionalized,NBD_Combinatorial_M08_Aligned,RDKit_MMFF94_3D,NBD_DA_758
CC1=C(C(=O)O)C2C=CC1C2,290.0,74.5,75.0,0.0001,NBD_QC_Functionalized,NBD_Combinatorial_M08_Aligned,RDKit_MMFF94_3D,NBD_DA_759
CC1=C(C(=O)O)C2C=CC1C2(C)C,290.0,79.5,75.0,0.0001,NBD_QC_Functionalized,NBD_Combinatorial_M08_Aligned,RDKit_MMFF94_3D,NBD_DA_760
CC1=CC2(C)CC1C(C(=O)O)=C2C,290.0,111.98,75.0,0.0001,NBD_QC_Functionalized,NBD_Combinatorial_M08_Aligned,RDKit_MMFF94_3D,NBD_DA_761
CCCCC(CC)COC(=O)C1=C(C)C2C=CC1C2,295.0,66.5,75.0,0.0001,NBD_QC_Functionalized,NBD_Combinatorial_M08_Aligned,RDKit_MMFF94_3D,NBD_DA_762
CCCCC(CC)COC(=O)C1=C(C)C2C=CC1C2(C)C,295.0,49.28,75.0,0.0001,NBD_QC_Functionalized,NBD_Combinatorial_M08_Aligned,RDKit_MMFF94_3D,NBD_DA_763
CCCCC(CC)COC(=O)C1=C(C)C2(C)C=C(C)C1C2,295.0,94.49,75.0,0.0001,NBD_QC_Functionalized,NBD_Combinatorial_M08_Aligned,RDKit_MMFF94_3D,NBD_DA_764
CC1=C(c2cccc(C#N)c2)C2C=CC1C2,317.0,60.5,75.0,0.0001,NBD_QC_Functionalized,NBD_Combinatorial_M08_Aligned,RDKit_MMFF94_3D,NBD_DA_765
CC1=C(c2cccc(C#N)c2)C2C=CC1C2(C)C,317.0,65.61,75.0,0.0001,NBD_QC_Functionalized,NBD_Combinatorial_M08_Aligned,RDKit_MMFF94_3D,NBD_DA_766
CC1=CC2(C)CC1C(c1cccc(C#N)c1)=C2C,317.0,67.5,75.0,0.0001,NBD_QC_Functionalized,NBD_Combinatorial_M08_Aligned,RDKit_MMFF94_3D,NBD_DA_767
CC1=C(C(=O)OC(C)C)C2C=CC1C2,293.0,61.5,75.0,0.0001,NBD_QC_Functionalized,NBD_Combinatorial_M08_Aligned,RDKit_MMFF94_3D,NBD_DA_768
CC1=C(C(=O)OC(C)C)C2C=CC1C2(C)C,293.0,49.27,75.0,0.0001,NBD_QC_Functionalized,NBD_Combinatorial_M08_Aligned,RDKit_MMFF94_3D,NBD_DA_769
CC1=CC2(C)CC1C(C(=O)OC(C)C)=C2C,293.0,108.78,75.0,0.0001,NBD_QC_Functionalized,NBD_Combinatorial_M08_Aligned,RDKit_MMFF94_3D,NBD_DA_770
CC1=C(S(=O)(=O)c2ccccc2)C2C=CC1C2,307.0,65.5,75.0,0.0001,NBD_QC_Functionalized,NBD_Combinatorial_M08_Aligned,RDKit_MMFF94_3D,NBD_DA_771
CC1=C(S(=O)(=O)c2ccccc2)C2C=CC1C2(C)C,307.0,147.98,75.0,0.0001,NBD_QC_Functionalized,NBD_Combinatorial_M08_Aligned,RDKit_MMFF94_3D,NBD_DA_772
CC1=CC2(C)CC1C(S(=O)(=O)c1ccccc1)=C2C,307.0,69.5,75.0,0.0001,NBD_QC_Functionalized,NBD_Combinatorial_M08_Aligned,RDKit_MMFF94_3D,NBD_DA_773
CC1=C(c2nccs2)C2C=CC1C2,301.0,64.84,75.0,0.0001,NBD_QC_Functionalized,NBD_Combinatorial_M08_Aligned,RDKit_MMFF94_3D,NBD_DA_774
CC1=C(c2nccs2)C2C=CC1C2(C)C,301.0,60.5,75.0,0.0001,NBD_QC_Functionalized,NBD_Combinatorial_M08_Aligned,RDKit_MMFF94_3D,NBD_DA_775
CC1=CC2(C)CC1C(c1nccs1)=C2C,301.0,47.65,75.0,0.0001,NBD_QC_Functionalized,NBD_Combinatorial_M08_Aligned,RDKit_MMFF94_3D,NBD_DA_776
CCNC(=O)C1=C(C)C2C=CC1C2,291.0,115.14,75.0,0.0001,NBD_QC_Functionalized,NBD_Combinatorial_M08_Aligned,RDKit_MMFF94_3D,NBD_DA_777
CCNC(=O)C1=C(C)C2C=CC1C2(C)C,291.0,80.5,75.0,0.0001,NBD_QC_Functionalized,NBD_Combinatorial_M08_Aligned,RDKit_MMFF94_3D,NBD_DA_778
CCNC(=O)C1=C(C)C2(C)C=C(C)C1C2,291.0,91.22,75.0,0.0001,NBD_QC_Functionalized,NBD_Combinatorial_M08_Aligned,RDKit_MMFF94_3D,NBD_DA_779
CCC1=C(C#N)C2C=CC1C2,292.0,102.55,75.0,0.0001,NBD_QC_Functionalized,NBD_Combinatorial_M08_Aligned,RDKit_MMFF94_3D,NBD_DA_780
CCC1=C(C#N)C2C=CC1C2(C)C,292.0,36.39,75.0,0.0001,NBD_QC_Functionalized,NBD_Combinatorial_M08_Aligned,RDKit_MMFF94_3D,NBD_DA_781
CCC1=C(C#N)C2CC1(C)C=C2C,292.0,96.7,75.0,0.0001,NBD_QC_Functionalized,NBD_Combinatorial_M08_Aligned,RDKit_MMFF94_3D,NBD_DA_782
CCC1=C(C(=O)OC)C2C=CC1C2,295.0,64.5,75.0,0.0001,NBD_QC_Functionalized,NBD_Combinatorial_M08_Aligned,RDKit_MMFF94_3D,NBD_DA_783
CCC1=C(C(=O)OC)C2C=CC1C2(C)C,295.0,68.5,75.0,0.0001,NBD_QC_Functionalized,NBD_Combinatorial_M08_Aligned,RDKit_MMFF94_3D,NBD_DA_784
CCC1=C(C(=O)OC)C2CC1(C)C=C2C,295.0,101.27,75.0,0.0001,NBD_QC_Functionalized,NBD_Combinatorial_M08_Aligned,RDKit_MMFF94_3D,NBD_DA_785
CCOC(=O)C1=C(CC)C2C=CC1C2,295.0,114.78,75.0,0.0001,NBD_QC_Functionalized,NBD_Combinatorial_M08_Aligned,RDKit_MMFF94_3D,NBD_DA_786
CCOC(=O)C1=C(CC)C2C=CC1C2(C)C,295.0,51.32,75.0,0.0001,NBD_QC_Functionalized,NBD_Combinatorial_M08_Aligned,RDKit_MMFF94_3D,NBD_DA_787
CCOC(=O)C1=C(CC)C2(C)C=C(C)C1C2,295.0,107.38,75.0,0.0001,NBD_QC_Functionalized,NBD_Combinatorial_M08_Aligned,RDKit_MMFF94_3D,NBD_DA_788
CCC1=C(C(C)=O)C2C=CC1C2,297.0,68.1,75.0,0.0001,NBD_QC_Functionalized,NBD_Combinatorial_M08_Aligned,RDKit_MMFF94_3D,NBD_DA_789
CCC1=C(C(C)=O)C2C=CC1C2(C)C,297.0,76.5,75.0,0.0001,NBD_QC_Functionalized,NBD_Combinatorial_M08_Aligned,RDKit_MMFF94_3D,NBD_DA_790
CCC1=C(C(C)=O)C2CC1(C)C=C2C,297.0,81.88,75.0,0.0001,NBD_QC_Functionalized,NBD_Combinatorial_M08_Aligned,RDKit_MMFF94_3D,NBD_DA_791
CCC1=C(C(F)(F)F)C2C=CC1C2,282.0,58.5,75.0,0.0001,NBD_QC_Functionalized,NBD_Combinatorial_M08_Aligned,RDKit_MMFF94_3D,NBD_DA_792
CCC1=C(C(F)(F)F)C2C=CC1C2(C)C,282.0,77.5,75.0,0.0001,NBD_QC_Functionalized,NBD_Combinatorial_M08_Aligned,RDKit_MMFF94_3D,NBD_DA_793
CCC1=C(C(F)(F)F)C2CC1(C)C=C2C,282.0,59.5,75.0,0.0001,NBD_QC_Functionalized,NBD_Combinatorial_M08_Aligned,RDKit_MMFF94_3D,NBD_DA_794
CCC1=C(S(C)(=O)=O)C2C=CC1C2,287.0,72.5,75.0,0.0001,NBD_QC_Functionalized,NBD_Combinatorial_M08_Aligned,RDKit_MMFF94_3D,NBD_DA_795
CCC1=C(S(C)(=O)=O)C2C=CC1C2(C)C,287.0,76.5,75.0,0.0001,NBD_QC_Functionalized,NBD_Combinatorial_M08_Aligned,RDKit_MMFF94_3D,NBD_DA_796
CCC1=C(S(C)(=O)=O)C2CC1(C)C=C2C,287.0,68.5,75.0,0.0001,NBD_QC_Functionalized,NBD_Combinatorial_M08_Aligned,RDKit_MMFF94_3D,NBD_DA_797
CCC1=C(C(N)=O)C2C=CC1C2,291.0,107.22,75.0,0.0001,NBD_QC_Functionalized,NBD_Combinatorial_M08_Aligned,RDKit_MMFF94_3D,NBD_DA_798
CCC1=C(C(N)=O)C2C=CC1C2(C)C,291.0,79.5,75.0,0.0001,NBD_QC_Functionalized,NBD_Combinatorial_M08_Aligned,RDKit_MMFF94_3D,NBD_DA_799
CCC1=C(C(N)=O)C2CC1(C)C=C2C,291.0,103.36,75.0,0.0001,NBD_QC_Functionalized,NBD_Combinatorial_M08_Aligned,RDKit_MMFF94_3D,NBD_DA_800
CCC1=C(c2ccc(C#N)cc2)C2C=CC1C2,322.0,60.5,75.0,0.0001,NBD_QC_Functionalized,NBD_Combinatorial_M08_Aligned,RDKit_MMFF94_3D,NBD_DA_801
CCC1=C(c2ccc(C#N)cc2)C2C=CC1C2(C)C,322.0,65.62,75.0,0.0001,NBD_QC_Functionalized,NBD_Combinatorial_M08_Aligned,RDKit_MMFF94_3D,NBD_DA_802
CCC1=C(c2ccc(C#N)cc2)C2CC1(C)C=C2C,322.0,65.62,75.0,0.0001,NBD_QC_Functionalized,NBD_Combinatorial_M08_Aligned,RDKit_MMFF94_3D,NBD_DA_803
CCC1=C(c2ccc([N+](=O)[O-])cc2)C2C=CC1C2,327.0,72.5,75.0,0.0001,NBD_QC_Functionalized,NBD_Combinatorial_M08_Aligned,RDKit_MMFF94_3D,NBD_DA_804
CCC1=C(c2ccc([N+](=O)[O-])cc2)C2C=CC1C2(C)C,327.0,65.47,75.0,0.0001,NBD_QC_Functionalized,NBD_Combinatorial_M08_Aligned,RDKit_MMFF94_3D,NBD_DA_805
CCC1=C(c2ccc([N+](=O)[O-])cc2)C2CC1(C)C=C2C,327.0,63.5,75.0,0.0001,NBD_QC_Functionalized,NBD_Combinatorial_M08_Aligned,RDKit_MMFF94_3D,NBD_DA_806
CCC1=C(c2ccc(C(F)(F)F)cc2)C2C=CC1C2,315.0,58.5,75.0,0.0001,NBD_QC_Functionalized,NBD_Combinatorial_M08_Aligned,RDKit_MMFF94_3D,NBD_DA_807
CCC1=C(c2ccc(C(F)(F)F)cc2)C2C=CC1C2(C)C,315.0,64.5,75.0,0.0001,NBD_QC_Functionalized,NBD_Combinatorial_M08_Aligned,RDKit_MMFF94_3D,NBD_DA_808
CCC1=C(c2ccc(C(F)(F)F)cc2)C2CC1(C)C=C2C,315.0,65.5,75.0,0.0001,NBD_QC_Functionalized,NBD_Combinatorial_M08_Aligned,RDKit_MMFF94_3D,NBD_DA_809
CCC1=C(C(=O)c2ccccc2)C2C=CC1C2,312.0,79.5,75.0,0.0001,NBD_QC_Functionalized,NBD_Combinatorial_M08_Aligned,RDKit_MMFF94_3D,NBD_DA_810
CCC1=C(C(=O)c2ccccc2)C2C=CC1C2(C)C,312.0,77.5,75.0,0.0001,NBD_QC_Functionalized,NBD_Combinatorial_M08_Aligned,RDKit_MMFF94_3D,NBD_DA_811
CCC1=C(C(=O)c2ccccc2)C2CC1(C)C=C2C,312.0,78.5,75.0,0.0001,NBD_QC_Functionalized,NBD_Combinatorial_M08_Aligned,RDKit_MMFF94_3D,NBD_DA_812
CCC1=C(c2ccccn2)C2C=CC1C2,305.0,61.5,75.0,0.0001,NBD_QC_Functionalized,NBD_Combinatorial_M08_Aligned,RDKit_MMFF94_3D,NBD_DA_813
CCC1=C(c2ccccn2)C2C=CC1C2(C)C,305.0,66.13,75.0,0.0001,NBD_QC_Functionalized,NBD_Combinatorial_M08_Aligned,RDKit_MMFF94_3D,NBD_DA_814
CCC1=C(c2ccccn2)C2CC1(C)C=C2C,305.0,65.31,75.0,0.0001,NBD_QC_Functionalized,NBD_Combinatorial_M08_Aligned,RDKit_MMFF94_3D,NBD_DA_815
CCC1=C(c2ccncc2)C2C=CC1C2,307.0,73.5,75.0,0.0001,NBD_QC_Functionalized,NBD_Combinatorial_M08_Aligned,RDKit_MMFF94_3D,NBD_DA_816
CCC1=C(c2ccncc2)C2C=CC1C2(C)C,307.0,66.07,75.0,0.0001,NBD_QC_Functionalized,NBD_Combinatorial_M08_Aligned,RDKit_MMFF94_3D,NBD_DA_817
CCC1=C(c2ccncc2)C2CC1(C)C=C2C,307.0,66.5,75.0,0.0001,NBD_QC_Functionalized,NBD_Combinatorial_M08_Aligned,RDKit_MMFF94_3D,NBD_DA_818
CCC1=C(C(=O)O)C2C=CC1C2,292.0,114.07,75.0,0.0001,NBD_QC_Functionalized,NBD_Combinatorial_M08_Aligned,RDKit_MMFF94_3D,NBD_DA_819
CCC1=C(C(=O)O)C2C=CC1C2(C)C,292.0,56.24,75.0,0.0001,NBD_QC_Functionalized,NBD_Combinatorial_M08_Aligned,RDKit_MMFF94_3D,NBD_DA_820
CCC1=C(C(=O)O)C2CC1(C)C=C2C,292.0,124.24,75.0,0.0001,NBD_QC_Functionalized,NBD_Combinatorial_M08_Aligned,RDKit_MMFF94_3D,NBD_DA_821
CCCCC(CC)COC(=O)C1=C(CC)C2C=CC1C2,297.0,119.7,75.0,0.0001,NBD_QC_Functionalized,NBD_Combinatorial_M08_Aligned,RDKit_MMFF94_3D,NBD_DA_822
CCCCC(CC)COC(=O)C1=C(CC)C2C=CC1C2(C)C,297.0,48.67,75.0,0.0001,NBD_QC_Functionalized,NBD_Combinatorial_M08_Aligned,RDKit_MMFF94_3D,NBD_DA_823
CCCCC(CC)COC(=O)C1=C(CC)C2(C)C=C(C)C1C2,297.0,109.49,75.0,0.0001,NBD_QC_Functionalized,NBD_Combinatorial_M08_Aligned,RDKit_MMFF94_3D,NBD_DA_824
CCC1=C(c2cccc(C#N)c2)C2C=CC1C2,319.0,58.5,75.0,0.0001,NBD_QC_Functionalized,NBD_Combinatorial_M08_Aligned,RDKit_MMFF94_3D,NBD_DA_825
CCC1=C(c2cccc(C#N)c2)C2C=CC1C2(C)C,319.0,73.5,75.0,0.0001,NBD_QC_Functionalized,NBD_Combinatorial_M08_Aligned,RDKit_MMFF94_3D,NBD_DA_826
CCC1=C(c2cccc(C#N)c2)C2CC1(C)C=C2C,319.0,63.5,75.0,0.0001,NBD_QC_Functionalized,NBD_Combinatorial_M08_Aligned,RDKit_MMFF94_3D,NBD_DA_827
CCC1=C(C(=O)OC(C)C)C2C=CC1C2,295.0,76.5,75.0,0.0001,NBD_QC_Functionalized,NBD_Combinatorial_M08_Aligned,RDKit_MMFF94_3D,NBD_DA_828
CCC1=C(C(=O)OC(C)C)C2C=CC1C2(C)C,295.0,52.06,75.0,0.0001,NBD_QC_Functionalized,NBD_Combinatorial_M08_Aligned,RDKit_MMFF94_3D,NBD_DA_829
CCC1=C(C(=O)OC(C)C)C2CC1(C)C=C2C,295.0,101.86,75.0,0.0001,NBD_QC_Functionalized,NBD_Combinatorial_M08_Aligned,RDKit_MMFF94_3D,NBD_DA_830
CCC1=C(S(=O)(=O)c2ccccc2)C2C=CC1C2,309.0,82.5,75.0,0.0001,NBD_QC_Functionalized,NBD_Combinatorial_M08_Aligned,RDKit_MMFF94_3D,NBD_DA_831
CCC1=C(S(=O)(=O)c2ccccc2)C2C=CC1C2(C)C,309.0,79.5,75.0,0.0001,NBD_QC_Functionalized,NBD_Combinatorial_M08_Aligned,RDKit_MMFF94_3D,NBD_DA_832
CCC1=C(S(=O)(=O)c2ccccc2)C2CC1(C)C=C2C,309.0,72.5,75.0,0.0001,NBD_QC_Functionalized,NBD_Combinatorial_M08_Aligned,RDKit_MMFF94_3D,NBD_DA_833
CCC1=C(c2nccs2)C2C=CC1C2,303.0,73.5,75.0,0.0001,NBD_QC_Functionalized,NBD_Combinatorial_M08_Aligned,RDKit_MMFF94_3D,NBD_DA_834
CCC1=C(c2nccs2)C2C=CC1C2(C)C,303.0,78.5,75.0,0.0001,NBD_QC_Functionalized,NBD_Combinatorial_M08_Aligned,RDKit_MMFF94_3D,NBD_DA_835
CCC1=C(c2nccs2)C2CC1(C)C=C2C,303.0,44.39,75.0,0.0001,NBD_QC_Functionalized,NBD_Combinatorial_M08_Aligned,RDKit_MMFF94_3D,NBD_DA_836
CCNC(=O)C1=C(CC)C2C=CC1C2,293.0,62.5,75.0,0.0001,NBD_QC_Functionalized,NBD_Combinatorial_M08_Aligned,RDKit_MMFF94_3D,NBD_DA_837
CCNC(=O)C1=C(CC)C2C=CC1C2(C)C,293.0,42.74,75.0,0.0001,NBD_QC_Functionalized,NBD_Combinatorial_M08_Aligned,RDKit_MMFF94_3D,NBD_DA_838
CCNC(=O)C1=C(CC)C2(C)C=C(C)C1C2,293.0,106.69,75.0,0.0001,NBD_QC_Functionalized,NBD_Combinatorial_M08_Aligned,RDKit_MMFF94_3D,NBD_DA_839
COC1=C(C#N)C2C=CC1C2,305.0,33.13,75.0,0.0001,NBD_QC_Functionalized,NBD_Combinatorial_M08_Aligned,RDKit_MMFF94_3D,NBD_DA_840
COC1=C(C#N)C2C=CC1C2(C)C,305.0,67.17,75.0,0.0001,NBD_QC_Functionalized,NBD_Combinatorial_M08_Aligned,RDKit_MMFF94_3D,NBD_DA_841
COC1=C(C#N)C2CC1(C)C=C2C,305.0,41.98,75.0,0.0001,NBD_QC_Functionalized,NBD_Combinatorial_M08_Aligned,RDKit_MMFF94_3D,NBD_DA_842
COC(=O)C1=C(OC)C2C=CC1C2,308.0,76.5,75.0,0.0001,NBD_QC_Functionalized,NBD_Combinatorial_M08_Aligned,RDKit_MMFF94_3D,NBD_DA_843
COC(=O)C1=C(OC)C2C=CC1C2(C)C,308.0,67.08,75.0,0.0001,NBD_QC_Functionalized,NBD_Combinatorial_M08_Aligned,RDKit_MMFF94_3D,NBD_DA_844
COC(=O)C1=C(OC)C2(C)C=C(C)C1C2,308.0,62.5,75.0,0.0001,NBD_QC_Functionalized,NBD_Combinatorial_M08_Aligned,RDKit_MMFF94_3D,NBD_DA_845
CCOC(=O)C1=C(OC)C2C=CC1C2,308.0,82.5,75.0,0.0001,NBD_QC_Functionalized,NBD_Combinatorial_M08_Aligned,RDKit_MMFF94_3D,NBD_DA_846
CCOC(=O)C1=C(OC)C2C=CC1C2(C)C,308.0,67.08,75.0,0.0001,NBD_QC_Functionalized,NBD_Combinatorial_M08_Aligned,RDKit_MMFF94_3D,NBD_DA_847
CCOC(=O)C1=C(OC)C2(C)C=C(C)C1C2,308.0,64.5,75.0,0.0001,NBD_QC_Functionalized,NBD_Combinatorial_M08_Aligned,RDKit_MMFF94_3D,NBD_DA_848
COC1=C(C(C)=O)C2C=CC1C2,310.0,67.02,75.0,0.0001,NBD_QC_Functionalized,NBD_Combinatorial_M08_Aligned,RDKit_MMFF94_3D,NBD_DA_849
COC1=C(C(C)=O)C2C=CC1C2(C)C,310.0,67.02,75.0,0.0001,NBD_QC_Functionalized,NBD_Combinatorial_M08_Aligned,RDKit_MMFF94_3D,NBD_DA_850
COC1=C(C(C)=O)C2CC1(C)C=C2C,310.0,64.5,75.0,0.0001,NBD_QC_Functionalized,NBD_Combinatorial_M08_Aligned,RDKit_MMFF94_3D,NBD_DA_851
COC1=C(C(F)(F)F)C2C=CC1C2,295.0,68.5,75.0,0.0001,NBD_QC_Functionalized,NBD_Combinatorial_M08_Aligned,RDKit_MMFF94_3D,NBD_DA_852
COC1=C(C(F)(F)F)C2C=CC1C2(C)C,295.0,69.5,75.0,0.0001,NBD_QC_Functionalized,NBD_Combinatorial_M08_Aligned,RDKit_MMFF94_3D,NBD_DA_853
COC1=C(C(F)(F)F)C2CC1(C)C=C2C,295.0,105.24,75.0,0.0001,NBD_QC_Functionalized,NBD_Combinatorial_M08_Aligned,RDKit_MMFF94_3D,NBD_DA_854
COC1=C(S(C)(=O)=O)C2C=CC1C2,300.0,129.56,75.0,0.0001,NBD_QC_Functionalized,NBD_Combinatorial_M08_Aligned,RDKit_MMFF94_3D,NBD_DA_855
COC1=C(S(C)(=O)=O)C2C=CC1C2(C)C,300.0,71.5,75.0,0.0001,NBD_QC_Functionalized,NBD_Combinatorial_M08_Aligned,RDKit_MMFF94_3D,NBD_DA_856
COC1=C(S(C)(=O)=O)C2CC1(C)C=C2C,300.0,73.5,75.0,0.0001,NBD_QC_Functionalized,NBD_Combinatorial_M08_Aligned,RDKit_MMFF94_3D,NBD_DA_857
COC1=C(C(N)=O)C2C=CC1C2,304.0,81.5,75.0,0.0001,NBD_QC_Functionalized,NBD_Combinatorial_M08_Aligned,RDKit_MMFF94_3D,NBD_DA_858
COC1=C(C(N)=O)C2C=CC1C2(C)C,304.0,67.2,75.0,0.0001,NBD_QC_Functionalized,NBD_Combinatorial_M08_Aligned,RDKit_MMFF94_3D,NBD_DA_859
COC1=C(C(N)=O)C2CC1(C)C=C2C,304.0,40.31,75.0,0.0001,NBD_QC_Functionalized,NBD_Combinatorial_M08_Aligned,RDKit_MMFF94_3D,NBD_DA_860
COC1=C(c2ccc(C#N)cc2)C2C=CC1C2,335.0,81.5,75.0,0.0001,NBD_QC_Functionalized,NBD_Combinatorial_M08_Aligned,RDKit_MMFF94_3D,NBD_DA_861
COC1=C(c2ccc(C#N)cc2)C2C=CC1C2(C)C,335.0,69.5,75.0,0.0001,NBD_QC_Functionalized,NBD_Combinatorial_M08_Aligned,RDKit_MMFF94_3D,NBD_DA_862
COC1=C(c2ccc(C#N)cc2)C2CC1(C)C=C2C,335.0,69.5,75.0,0.0001,NBD_QC_Functionalized,NBD_Combinatorial_M08_Aligned,RDKit_MMFF94_3D,NBD_DA_863
COC1=C(c2ccc([N+](=O)[O-])cc2)C2C=CC1C2,340.0,66.12,75.0,0.0001,NBD_QC_Functionalized,NBD_Combinatorial_M08_Aligned,RDKit_MMFF94_3D,NBD_DA_864
COC1=C(c2ccc([N+](=O)[O-])cc2)C2C=CC1C2(C)C,340.0,66.12,75.0,0.0001,NBD_QC_Functionalized,NBD_Combinatorial_M08_Aligned,RDKit_MMFF94_3D,NBD_DA_865
COC1=C(c2ccc([N+](=O)[O-])cc2)C2CC1(C)C=C2C,340.0,66.12,75.0,0.0001,NBD_QC_Functionalized,NBD_Combinatorial_M08_Aligned,RDKit_MMFF94_3D,NBD_DA_866
COC1=C(c2ccc(C(F)(F)F)cc2)C2C=CC1C2,328.0,66.48,75.0,0.0001,NBD_QC_Functionalized,NBD_Combinatorial_M08_Aligned,RDKit_MMFF94_3D,NBD_DA_867
COC1=C(c2ccc(C(F)(F)F)cc2)C2C=CC1C2(C)C,328.0,74.5,75.0,0.0001,NBD_QC_Functionalized,NBD_Combinatorial_M08_Aligned,RDKit_MMFF94_3D,NBD_DA_868
COC1=C(c2ccc(C(F)(F)F)cc2)C2CC1(C)C=C2C,328.0,66.48,75.0,0.0001,NBD_QC_Functionalized,NBD_Combinatorial_M08_Aligned,RDKit_MMFF94_3D,NBD_DA_869
COC1=C(C(=O)c2ccccc2)C2C=CC1C2,325.0,66.57,75.0,0.0001,NBD_QC_Functionalized,NBD_Combinatorial_M08_Aligned,RDKit_MMFF94_3D,NBD_DA_870
COC1=C(C(=O)c2ccccc2)C2C=CC1C2(C)C,325.0,66.57,75.0,0.0001,NBD_QC_Functionalized,NBD_Combinatorial_M08_Aligned,RDKit_MMFF94_3D,NBD_DA_871
COC1=C(C(=O)c2ccccc2)C2CC1(C)C=C2C,325.0,66.57,75.0,0.0001,NBD_QC_Functionalized,NBD_Combinatorial_M08_Aligned,RDKit_MMFF94_3D,NBD_DA_872
COC1=C(c2ccccn2)C2C=CC1C2,318.0,66.78,75.0,0.0001,NBD_QC_Functionalized,NBD_Combinatorial_M08_Aligned,RDKit_MMFF94_3D,NBD_DA_873
COC1=C(c2ccccn2)C2C=CC1C2(C)C,318.0,81.5,75.0,0.0001,NBD_QC_Functionalized,NBD_Combinatorial_M08_Aligned,RDKit_MMFF94_3D,NBD_DA_874
COC1=C(c2ccccn2)C2CC1(C)C=C2C,318.0,66.78,75.0,0.0001,NBD_QC_Functionalized,NBD_Combinatorial_M08_Aligned,RDKit_MMFF94_3D,NBD_DA_875
COC1=C(c2ccncc2)C2C=CC1C2,320.0,66.72,75.0,0.0001,NBD_QC_Functionalized,NBD_Combinatorial_M08_Aligned,RDKit_MMFF94_3D,NBD_DA_876
COC1=C(c2ccncc2)C2C=CC1C2(C)C,320.0,65.5,75.0,0.0001,NBD_QC_Functionalized,NBD_Combinatorial_M08_Aligned,RDKit_MMFF94_3D,NBD_DA_877
COC1=C(c2ccncc2)C2CC1(C)C=C2C,320.0,66.72,75.0,0.0001,NBD_QC_Functionalized,NBD_Combinatorial_M08_Aligned,RDKit_MMFF94_3D,NBD_DA_878
COC1=C(C(=O)O)C2C=CC1C2,305.0,43.32,75.0,0.0001,NBD_QC_Functionalized,NBD_Combinatorial_M08_Aligned,RDKit_MMFF94_3D,NBD_DA_879
COC1=C(C(=O)O)C2C=CC1C2(C)C,305.0,67.17,75.0,0.0001,NBD_QC_Functionalized,NBD_Combinatorial_M08_Aligned,RDKit_MMFF94_3D,NBD_DA_880
COC1=C(C(=O)O)C2CC1(C)C=C2C,305.0,30.53,75.0,0.0001,NBD_QC_Functionalized,NBD_Combinatorial_M08_Aligned,RDKit_MMFF94_3D,NBD_DA_881
CCCCC(CC)COC(=O)C1=C(OC)C2C=CC1C2,310.0,37.55,75.0,0.0001,NBD_QC_Functionalized,NBD_Combinatorial_M08_Aligned,RDKit_MMFF94_3D,NBD_DA_882
CCCCC(CC)COC(=O)C1=C(OC)C2C=CC1C2(C)C,310.0,67.02,75.0,0.0001,NBD_QC_Functionalized,NBD_Combinatorial_M08_Aligned,RDKit_MMFF94_3D,NBD_DA_883
CCCCC(CC)COC(=O)C1=C(OC)C2(C)C=C(C)C1C2,310.0,66.5,75.0,0.0001,NBD_QC_Functionalized,NBD_Combinatorial_M08_Aligned,RDKit_MMFF94_3D,NBD_DA_884
COC1=C(c2cccc(C#N)c2)C2C=CC1C2,332.0,66.36,75.0,0.0001,NBD_QC_Functionalized,NBD_Combinatorial_M08_Aligned,RDKit_MMFF94_3D,NBD_DA_885
COC1=C(c2cccc(C#N)c2)C2C=CC1C2(C)C,332.0,60.5,75.0,0.0001,NBD_QC_Functionalized,NBD_Combinatorial_M08_Aligned,RDKit_MMFF94_3D,NBD_DA_886
COC1=C(c2cccc(C#N)c2)C2CC1(C)C=C2C,332.0,66.36,75.0,0.0001,NBD_QC_Functionalized,NBD_Combinatorial_M08_Aligned,RDKit_MMFF94_3D,NBD_DA_887
COC1=C(C(=O)OC(C)C)C2C=CC1C2,308.0,61.5,75.0,0.0001,NBD_QC_Functionalized,NBD_Combinatorial_M08_Aligned,RDKit_MMFF94_3D,NBD_DA_888
COC1=C(C(=O)OC(C)C)C2C=CC1C2(C)C,308.0,79.5,75.0,0.0001,NBD_QC_Functionalized,NBD_Combinatorial_M08_Aligned,RDKit_MMFF94_3D,NBD_DA_889
COC1=C(C(=O)OC(C)C)C2CC1(C)C=C2C,308.0,82.5,75.0,0.0001,NBD_QC_Functionalized,NBD_Combinatorial_M08_Aligned,RDKit_MMFF94_3D,NBD_DA_890
COC1=C(S(=O)(=O)c2ccccc2)C2C=CC1C2,322.0,148.13,75.0,0.0001,NBD_QC_Functionalized,NBD_Combinatorial_M08_Aligned,RDKit_MMFF94_3D,NBD_DA_891
COC1=C(S(=O)(=O)c2ccccc2)C2C=CC1C2(C)C,322.0,78.64,75.0,0.0001,NBD_QC_Functionalized,NBD_Combinatorial_M08_Aligned,RDKit_MMFF94_3D,NBD_DA_892
COC1=C(S(=O)(=O)c2ccccc2)C2CC1(C)C=C2C,322.0,135.6,75.0,0.0001,NBD_QC_Functionalized,NBD_Combinatorial_M08_Aligned,RDKit_MMFF94_3D,NBD_DA_893
COC1=C(c2nccs2)C2C=CC1C2,316.0,66.84,75.0,0.0001,NBD_QC_Functionalized,NBD_Combinatorial_M08_Aligned,RDKit_MMFF94_3D,NBD_DA_894
COC1=C(c2nccs2)C2C=CC1C2(C)C,316.0,66.84,75.0,0.0001,NBD_QC_Functionalized,NBD_Combinatorial_M08_Aligned,RDKit_MMFF94_3D,NBD_DA_895
COC1=C(c2nccs2)C2CC1(C)C=C2C,316.0,66.84,75.0,0.0001,NBD_QC_Functionalized,NBD_Combinatorial_M08_Aligned,RDKit_MMFF94_3D,NBD_DA_896
CCNC(=O)C1=C(OC)C2C=CC1C2,306.0,72.5,75.0,0.0001,NBD_QC_Functionalized,NBD_Combinatorial_M08_Aligned,RDKit_MMFF94_3D,NBD_DA_897
CCNC(=O)C1=C(OC)C2C=CC1C2(C)C,306.0,67.14,75.0,0.0001,NBD_QC_Functionalized,NBD_Combinatorial_M08_Aligned,RDKit_MMFF94_3D,NBD_DA_898
CCNC(=O)C1=C(OC)C2(C)C=C(C)C1C2,306.0,82.5,75.0,0.0001,NBD_QC_Functionalized,NBD_Combinatorial_M08_Aligned,RDKit_MMFF94_3D,NBD_DA_899
CCOC1=C(C#N)C2C=CC1C2,306.0,44.37,75.0,0.0001,NBD_QC_Functionalized,NBD_Combinatorial_M08_Aligned,RDKit_MMFF94_3D,NBD_DA_900
CCOC1=C(C#N)C2C=CC1C2(C)C,306.0,67.22,75.0,0.0001,NBD_QC_Functionalized,NBD_Combinatorial_M08_Aligned,RDKit_MMFF94_3D,NBD_DA_901
CCOC1=C(C#N)C2CC1(C)C=C2C,306.0,32.07,75.0,0.0001,NBD_QC_Functionalized,NBD_Combinatorial_M08_Aligned,RDKit_MMFF94_3D,NBD_DA_902
CCOC1=C(C(=O)OC)C2C=CC1C2,309.0,32.68,75.0,0.0001,NBD_QC_Functionalized,NBD_Combinatorial_M08_Aligned,RDKit_MMFF94_3D,NBD_DA_903
CCOC1=C(C(=O)OC)C2C=CC1C2(C)C,309.0,67.13,75.0,0.0001,NBD_QC_Functionalized,NBD_Combinatorial_M08_Aligned,RDKit_MMFF94_3D,NBD_DA_904
CCOC1=C(C(=O)OC)C2CC1(C)C=C2C,309.0,73.5,75.0,0.0001,NBD_QC_Functionalized,NBD_Combinatorial_M08_Aligned,RDKit_MMFF94_3D,NBD_DA_905
CCOC(=O)C1=C(OCC)C2C=CC1C2,309.0,59.5,75.0,0.0001,NBD_QC_Functionalized,NBD_Combinatorial_M08_Aligned,RDKit_MMFF94_3D,NBD_DA_906
CCOC(=O)C1=C(OCC)C2C=CC1C2(C)C,309.0,67.13,75.0,0.0001,NBD_QC_Functionalized,NBD_Combinatorial_M08_Aligned,RDKit_MMFF94_3D,NBD_DA_907
CCOC(=O)C1=C(OCC)C2(C)C=C(C)C1C2,309.0,70.5,75.0,0.0001,NBD_QC_Functionalized,NBD_Combinatorial_M08_Aligned,RDKit_MMFF94_3D,NBD_DA_908
CCOC1=C(C(C)=O)C2C=CC1C2,311.0,82.5,75.0,0.0001,NBD_QC_Functionalized,NBD_Combinatorial_M08_Aligned,RDKit_MMFF94_3D,NBD_DA_909
CCOC1=C(C(C)=O)C2C=CC1C2(C)C,311.0,68.5,75.0,0.0001,NBD_QC_Functionalized,NBD_Combinatorial_M08_Aligned,RDKit_MMFF94_3D,NBD_DA_910
CCOC1=C(C(C)=O)C2CC1(C)C=C2C,311.0,67.07,75.0,0.0001,NBD_QC_Functionalized,NBD_Combinatorial_M08_Aligned,RDKit_MMFF94_3D,NBD_DA_911
CCOC1=C(C(F)(F)F)C2C=CC1C2,296.0,105.45,75.0,0.0001,NBD_QC_Functionalized,NBD_Combinatorial_M08_Aligned,RDKit_MMFF94_3D,NBD_DA_912
CCOC1=C(C(F)(F)F)C2C=CC1C2(C)C,296.0,32.56,75.0,0.0001,NBD_QC_Functionalized,NBD_Combinatorial_M08_Aligned,RDKit_MMFF94_3D,NBD_DA_913
CCOC1=C(C(F)(F)F)C2CC1(C)C=C2C,296.0,105.01,75.0,0.0001,NBD_QC_Functionalized,NBD_Combinatorial_M08_Aligned,RDKit_MMFF94_3D,NBD_DA_914
CCOC1=C(S(C)(=O)=O)C2C=CC1C2,301.0,126.98,75.0,0.0001,NBD_QC_Functionalized,NBD_Combinatorial_M08_Aligned,RDKit_MMFF94_3D,NBD_DA_915
CCOC1=C(S(C)(=O)=O)C2C=CC1C2(C)C,301.0,62.71,75.0,0.0001,NBD_QC_Functionalized,NBD_Combinatorial_M08_Aligned,RDKit_MMFF94_3D,NBD_DA_916
CCOC1=C(S(C)(=O)=O)C2CC1(C)C=C2C,301.0,140.71,75.0,0.0001,NBD_QC_Functionalized,NBD_Combinatorial_M08_Aligned,RDKit_MMFF94_3D,NBD_DA_917
CCOC1=C(C(N)=O)C2C=CC1C2,305.0,49.03,75.0,0.0001,NBD_QC_Functionalized,NBD_Combinatorial_M08_Aligned,RDKit_MMFF94_3D,NBD_DA_918
CCOC1=C(C(N)=O)C2C=CC1C2(C)C,305.0,63.5,75.0,0.0001,NBD_QC_Functionalized,NBD_Combinatorial_M08_Aligned,RDKit_MMFF94_3D,NBD_DA_919
CCOC1=C(C(N)=O)C2CC1(C)C=C2C,305.0,41.97,75.0,0.0001,NBD_QC_Functionalized,NBD_Combinatorial_M08_Aligned,RDKit_MMFF94_3D,NBD_DA_920
CCOC1=C(c2ccc(C#N)cc2)C2C=CC1C2,336.0,66.32,75.0,0.0001,NBD_QC_Functionalized,NBD_Combinatorial_M08_Aligned,RDKit_MMFF94_3D,NBD_DA_921
CCOC1=C(c2ccc(C#N)cc2)C2C=CC1C2(C)C,336.0,58.5,75.0,0.0001,NBD_QC_Functionalized,NBD_Combinatorial_M08_Aligned,RDKit_MMFF94_3D,NBD_DA_922
CCOC1=C(c2ccc(C#N)cc2)C2CC1(C)C=C2C,336.0,66.32,75.0,0.0001,NBD_QC_Functionalized,NBD_Combinatorial_M08_Aligned,RDKit_MMFF94_3D,NBD_DA_923
CCOC1=C(c2ccc([N+](=O)[O-])cc2)C2C=CC1C2,341.0,66.17,75.0,0.0001,NBD_QC_Functionalized,NBD_Combinatorial_M08_Aligned,RDKit_MMFF94_3D,NBD_DA_924
CCOC1=C(c2ccc([N+](=O)[O-])cc2)C2C=CC1C2(C)C,341.0,66.17,75.0,0.0001,NBD_QC_Functionalized,NBD_Combinatorial_M08_Aligned,RDKit_MMFF94_3D,NBD_DA_925
CCOC1=C(c2ccc([N+](=O)[O-])cc2)C2CC1(C)C=C2C,341.0,66.17,75.0,0.0001,NBD_QC_Functionalized,NBD_Combinatorial_M08_Aligned,RDKit_MMFF94_3D,NBD_DA_926
CCOC1=C(c2ccc(C(F)(F)F)cc2)C2C=CC1C2,329.0,66.53,75.0,0.0001,NBD_QC_Functionalized,NBD_Combinatorial_M08_Aligned,RDKit_MMFF94_3D,NBD_DA_927
CCOC1=C(c2ccc(C(F)(F)F)cc2)C2C=CC1C2(C)C,329.0,66.53,75.0,0.0001,NBD_QC_Functionalized,NBD_Combinatorial_M08_Aligned,RDKit_MMFF94_3D,NBD_DA_928
CCOC1=C(c2ccc(C(F)(F)F)cc2)C2CC1(C)C=C2C,329.0,65.5,75.0,0.0001,NBD_QC_Functionalized,NBD_Combinatorial_M08_Aligned,RDKit_MMFF94_3D,NBD_DA_929
CCOC1=C(C(=O)c2ccccc2)C2C=CC1C2,326.0,61.5,75.0,0.0001,NBD_QC_Functionalized,NBD_Combinatorial_M08_Aligned,RDKit_MMFF94_3D,NBD_DA_930
CCOC1=C(C(=O)c2ccccc2)C2C=CC1C2(C)C,326.0,66.62,75.0,0.0001,NBD_QC_Functionalized,NBD_Combinatorial_M08_Aligned,RDKit_MMFF94_3D,NBD_DA_931
CCOC1=C(C(=O)c2ccccc2)C2CC1(C)C=C2C,326.0,66.62,75.0,0.0001,NBD_QC_Functionalized,NBD_Combinatorial_M08_Aligned,RDKit_MMFF94_3D,NBD_DA_932
CCOC1=C(c2ccccn2)C2C=CC1C2,319.0,66.83,75.0,0.0001,NBD_QC_Functionalized,NBD_Combinatorial_M08_Aligned,RDKit_MMFF94_3D,NBD_DA_933
CCOC1=C(c2ccccn2)C2C=CC1C2(C)C,319.0,66.83,75.0,0.0001,NBD_QC_Functionalized,NBD_Combinatorial_M08_Aligned,RDKit_MMFF94_3D,NBD_DA_934
CCOC1=C(c2ccccn2)C2CC1(C)C=C2C,319.0,66.83,75.0,0.0001,NBD_QC_Functionalized,NBD_Combinatorial_M08_Aligned,RDKit_MMFF94_3D,NBD_DA_935
CCOC1=C(c2ccncc2)C2C=CC1C2,321.0,66.77,75.0,0.0001,NBD_QC_Functionalized,NBD_Combinatorial_M08_Aligned,RDKit_MMFF94_3D,NBD_DA_936
CCOC1=C(c2ccncc2)C2C=CC1C2(C)C,321.0,66.77,75.0,0.0001,NBD_QC_Functionalized,NBD_Combinatorial_M08_Aligned,RDKit_MMFF94_3D,NBD_DA_937
CCOC1=C(c2ccncc2)C2CC1(C)C=C2C,321.0,66.77,75.0,0.0001,NBD_QC_Functionalized,NBD_Combinatorial_M08_Aligned,RDKit_MMFF94_3D,NBD_DA_938
CCOC1=C(C(=O)O)C2C=CC1C2,306.0,63.5,75.0,0.0001,NBD_QC_Functionalized,NBD_Combinatorial_M08_Aligned,RDKit_MMFF94_3D,NBD_DA_939
CCOC1=C(C(=O)O)C2C=CC1C2(C)C,306.0,71.5,75.0,0.0001,NBD_QC_Functionalized,NBD_Combinatorial_M08_Aligned,RDKit_MMFF94_3D,NBD_DA_940
CCOC1=C(C(=O)O)C2CC1(C)C=C2C,306.0,40.69,75.0,0.0001,NBD_QC_Functionalized,NBD_Combinatorial_M08_Aligned,RDKit_MMFF94_3D,NBD_DA_941
CCCCC(CC)COC(=O)C1=C(OCC)C2C=CC1C2,311.0,41.99,75.0,0.0001,NBD_QC_Functionalized,NBD_Combinatorial_M08_Aligned,RDKit_MMFF94_3D,NBD_DA_942
CCCCC(CC)COC(=O)C1=C(OCC)C2C=CC1C2(C)C,311.0,60.5,75.0,0.0001,NBD_QC_Functionalized,NBD_Combinatorial_M08_Aligned,RDKit_MMFF94_3D,NBD_DA_943
CCCCC(CC)COC(=O)C1=C(OCC)C2(C)C=C(C)C1C2,311.0,33.26,75.0,0.0001,NBD_QC_Functionalized,NBD_Combinatorial_M08_Aligned,RDKit_MMFF94_3D,NBD_DA_944
CCOC1=C(c2cccc(C#N)c2)C2C=CC1C2,333.0,66.41,75.0,0.0001,NBD_QC_Functionalized,NBD_Combinatorial_M08_Aligned,RDKit_MMFF94_3D,NBD_DA_945
CCOC1=C(c2cccc(C#N)c2)C2C=CC1C2(C)C,333.0,76.5,75.0,0.0001,NBD_QC_Functionalized,NBD_Combinatorial_M08_Aligned,RDKit_MMFF94_3D,NBD_DA_946
CCOC1=C(c2cccc(C#N)c2)C2CC1(C)C=C2C,333.0,66.41,75.0,0.0001,NBD_QC_Functionalized,NBD_Combinatorial_M08_Aligned,RDKit_MMFF94_3D,NBD_DA_947
CCOC1=C(C(=O)OC(C)C)C2C=CC1C2,309.0,31.35,75.0,0.0001,NBD_QC_Functionalized,NBD_Combinatorial_M08_Aligned,RDKit_MMFF94_3D,NBD_DA_948
CCOC1=C(C(=O)OC(C)C)C2C=CC1C2(C)C,309.0,67.13,75.0,0.0001,NBD_QC_Functionalized,NBD_Combinatorial_M08_Aligned,RDKit_MMFF94_3D,NBD_DA_949
CCOC1=C(C(=O)OC(C)C)C2CC1(C)C=C2C,309.0,66.5,75.0,0.0001,NBD_QC_Functionalized,NBD_Combinatorial_M08_Aligned,RDKit_MMFF94_3D,NBD_DA_950
CCOC1=C(S(=O)(=O)c2ccccc2)C2C=CC1C2,323.0,142.86,75.0,0.0001,NBD_QC_Functionalized,NBD_Combinatorial_M08_Aligned,RDKit_MMFF94_3D,NBD_DA_951
CCOC1=C(S(=O)(=O)c2ccccc2)C2C=CC1C2(C)C,323.0,81.39,75.0,0.0001,NBD_QC_Functionalized,NBD_Combinatorial_M08_Aligned,RDKit_MMFF94_3D,NBD_DA_952
CCOC1=C(S(=O)(=O)c2ccccc2)C2CC1(C)C=C2C,323.0,70.5,75.0,0.0001,NBD_QC_Functionalized,NBD_Combinatorial_M08_Aligned,RDKit_MMFF94_3D,NBD_DA_953
CCOC1=C(c2nccs2)C2C=CC1C2,317.0,79.5,75.0,0.0001,NBD_QC_Functionalized,NBD_Combinatorial_M08_Aligned,RDKit_MMFF94_3D,NBD_DA_954
CCOC1=C(c2nccs2)C2C=CC1C2(C)C,317.0,66.89,75.0,0.0001,NBD_QC_Functionalized,NBD_Combinatorial_M08_Aligned,RDKit_MMFF94_3D,NBD_DA_955
CCOC1=C(c2nccs2)C2CC1(C)C=C2C,317.0,66.89,75.0,0.0001,NBD_QC_Functionalized,NBD_Combinatorial_M08_Aligned,RDKit_MMFF94_3D,NBD_DA_956
CCNC(=O)C1=C(OCC)C2C=CC1C2,307.0,67.19,75.0,0.0001,NBD_QC_Functionalized,NBD_Combinatorial_M08_Aligned,RDKit_MMFF94_3D,NBD_DA_957
CCNC(=O)C1=C(OCC)C2C=CC1C2(C)C,307.0,70.5,75.0,0.0001,NBD_QC_Functionalized,NBD_Combinatorial_M08_Aligned,RDKit_MMFF94_3D,NBD_DA_958
CCNC(=O)C1=C(OCC)C2(C)C=C(C)C1C2,307.0,59.5,75.0,0.0001,NBD_QC_Functionalized,NBD_Combinatorial_M08_Aligned,RDKit_MMFF94_3D,NBD_DA_959
CN(C)C1=C(C#N)C2C=CC1C2,322.0,68.02,75.0,0.0001,NBD_QC_Functionalized,NBD_Combinatorial_M08_Aligned,RDKit_MMFF94_3D,NBD_DA_960
CN(C)C1=C(C#N)C2C=CC1C2(C)C,322.0,68.02,75.0,0.0001,NBD_QC_Functionalized,NBD_Combinatorial_M08_Aligned,RDKit_MMFF94_3D,NBD_DA_961
CC1=CC2(C)CC1C(C#N)=C2N(C)C,322.0,68.02,75.0,0.0001,NBD_QC_Functionalized,NBD_Combinatorial_M08_Aligned,RDKit_MMFF94_3D,NBD_DA_962
COC(=O)C1=C(N(C)C)C2C=CC1C2,325.0,67.93,75.0,0.0001,NBD_QC_Functionalized,NBD_Combinatorial_M08_Aligned,RDKit_MMFF94_3D,NBD_DA_963
COC(=O)C1=C(N(C)C)C2C=CC1C2(C)C,325.0,67.93,75.0,0.0001,NBD_QC_Functionalized,NBD_Combinatorial_M08_Aligned,RDKit_MMFF94_3D,NBD_DA_964
COC(=O)C1=C(N(C)C)C2(C)C=C(C)C1C2,325.0,67.93,75.0,0.0001,NBD_QC_Functionalized,NBD_Combinatorial_M08_Aligned,RDKit_MMFF94_3D,NBD_DA_965
CCOC(=O)C1=C(N(C)C)C2C=CC1C2,325.0,76.5,75.0,0.0001,NBD_QC_Functionalized,NBD_Combinatorial_M08_Aligned,RDKit_MMFF94_3D,NBD_DA_966
CCOC(=O)C1=C(N(C)C)C2C=CC1C2(C)C,325.0,65.5,75.0,0.0001,NBD_QC_Functionalized,NBD_Combinatorial_M08_Aligned,RDKit_MMFF94_3D,NBD_DA_967
CCOC(=O)C1=C(N(C)C)C2(C)C=C(C)C1C2,325.0,67.93,75.0,0.0001,NBD_QC_Functionalized,NBD_Combinatorial_M08_Aligned,RDKit_MMFF94_3D,NBD_DA_968
CC(=O)C1=C(N(C)C)C2C=CC1C2,327.0,74.5,75.0,0.0001,NBD_QC_Functionalized,NBD_Combinatorial_M08_Aligned,RDKit_MMFF94_3D,NBD_DA_969
CC(=O)C1=C(N(C)C)C2C=CC1C2(C)C,327.0,67.5,75.0,0.0001,NBD_QC_Functionalized,NBD_Combinatorial_M08_Aligned,RDKit_MMFF94_3D,NBD_DA_970
CC(=O)C1=C(N(C)C)C2(C)C=C(C)C1C2,327.0,67.87,75.0,0.0001,NBD_QC_Functionalized,NBD_Combinatorial_M08_Aligned,RDKit_MMFF94_3D,NBD_DA_971
CN(C)C1=C(C(F)(F)F)C2C=CC1C2,312.0,61.23,75.0,0.0001,NBD_QC_Functionalized,NBD_Combinatorial_M08_Aligned,RDKit_MMFF94_3D,NBD_DA_972
CN(C)C1=C(C(F)(F)F)C2C=CC1C2(C)C,312.0,63.5,75.0,0.0001,NBD_QC_Functionalized,NBD_Combinatorial_M08_Aligned,RDKit_MMFF94_3D,NBD_DA_973
CC1=CC2(C)CC1C(C(F)(F)F)=C2N(C)C,312.0,40.95,75.0,0.0001,NBD_QC_Functionalized,NBD_Combinatorial_M08_Aligned,RDKit_MMFF94_3D,NBD_DA_974
CN(C)C1=C(S(C)(=O)=O)C2C=CC1C2,317.0,67.32,75.0,0.0001,NBD_QC_Functionalized,NBD_Combinatorial_M08_Aligned,RDKit_MMFF94_3D,NBD_DA_975
CN(C)C1=C(S(C)(=O)=O)C2C=CC1C2(C)C,317.0,66.5,75.0,0.0001,NBD_QC_Functionalized,NBD_Combinatorial_M08_Aligned,RDKit_MMFF94_3D,NBD_DA_976
CC1=CC2(C)CC1C(S(C)(=O)=O)=C2N(C)C,317.0,70.15,75.0,0.0001,NBD_QC_Functionalized,NBD_Combinatorial_M08_Aligned,RDKit_MMFF94_3D,NBD_DA_977
CN(C)C1=C(C(N)=O)C2C=CC1C2,321.0,68.05,75.0,0.0001,NBD_QC_Functionalized,NBD_Combinatorial_M08_Aligned,RDKit_MMFF94_3D,NBD_DA_978
CN(C)C1=C(C(N)=O)C2C=CC1C2(C)C,321.0,68.05,75.0,0.0001,NBD_QC_Functionalized,NBD_Combinatorial_M08_Aligned,RDKit_MMFF94_3D,NBD_DA_979
CC1=CC2(C)CC1C(C(N)=O)=C2N(C)C,321.0,68.05,75.0,0.0001,NBD_QC_Functionalized,NBD_Combinatorial_M08_Aligned,RDKit_MMFF94_3D,NBD_DA_980
CN(C)C1=C(c2ccc(C#N)cc2)C2C=CC1C2,352.0,75.5,75.0,0.0001,NBD_QC_Functionalized,NBD_Combinatorial_M08_Aligned,RDKit_MMFF94_3D,NBD_DA_981
CN(C)C1=C(c2ccc(C#N)cc2)C2C=CC1C2(C)C,352.0,67.12,75.0,0.0001,NBD_QC_Functionalized,NBD_Combinatorial_M08_Aligned,RDKit_MMFF94_3D,NBD_DA_982
CC1=CC2(C)CC1C(c1ccc(C#N)cc1)=C2N(C)C,352.0,64.5,75.0,0.0001,NBD_QC_Functionalized,NBD_Combinatorial_M08_Aligned,RDKit_MMFF94_3D,NBD_DA_983
CN(C)C1=C(c2ccc([N+](=O)[O-])cc2)C2C=CC1C2,357.0,66.97,75.0,0.0001,NBD_QC_Functionalized,NBD_Combinatorial_M08_Aligned,RDKit_MMFF94_3D,NBD_DA_984
CN(C)C1=C(c2ccc([N+](=O)[O-])cc2)C2C=CC1C2(C)C,357.0,72.5,75.0,0.0001,NBD_QC_Functionalized,NBD_Combinatorial_M08_Aligned,RDKit_MMFF94_3D,NBD_DA_985
CC1=CC2(C)CC1C(c1ccc([N+](=O)[O-])cc1)=C2N(C)C,357.0,66.97,75.0,0.0001,NBD_QC_Functionalized,NBD_Combinatorial_M08_Aligned,RDKit_MMFF94_3D,NBD_DA_986
CN(C)C1=C(c2ccc(C(F)(F)F)cc2)C2C=CC1C2,345.0,67.33,75.0,0.0001,NBD_QC_Functionalized,NBD_Combinatorial_M08_Aligned,RDKit_MMFF94_3D,NBD_DA_987
CN(C)C1=C(c2ccc(C(F)(F)F)cc2)C2C=CC1C2(C)C,345.0,67.33,75.0,0.0001,NBD_QC_Functionalized,NBD_Combinatorial_M08_Aligned,RDKit_MMFF94_3D,NBD_DA_988
CC1=CC2(C)CC1C(c1ccc(C(F)(F)F)cc1)=C2N(C)C,345.0,67.33,75.0,0.0001,NBD_QC_Functionalized,NBD_Combinatorial_M08_Aligned,RDKit_MMFF94_3D,NBD_DA_989
CN(C)C1=C(C(=O)c2ccccc2)C2C=CC1C2,342.0,67.42,75.0,0.0001,NBD_QC_Functionalized,NBD_Combinatorial_M08_Aligned,RDKit_MMFF94_3D,NBD_DA_990
CN(C)C1=C(C(=O)c2ccccc2)C2C=CC1C2(C)C,342.0,68.5,75.0,0.0001,NBD_QC_Functionalized,NBD_Combinatorial_M08_Aligned,RDKit_MMFF94_3D,NBD_DA_991
CC1=CC2(C)CC1C(C(=O)c1ccccc1)=C2N(C)C,342.0,68.5,75.0,0.0001,NBD_QC_Functionalized,NBD_Combinatorial_M08_Aligned,RDKit_MMFF94_3D,NBD_DA_992
CN(C)C1=C(c2ccccn2)C2C=CC1C2,335.0,58.5,75.0,0.0001,NBD_QC_Functionalized,NBD_Combinatorial_M08_Aligned,RDKit_MMFF94_3D,NBD_DA_993
CN(C)C1=C(c2ccccn2)C2C=CC1C2(C)C,335.0,76.5,75.0,0.0001,NBD_QC_Functionalized,NBD_Combinatorial_M08_Aligned,RDKit_MMFF94_3D,NBD_DA_994
CC1=CC2(C)CC1C(c1ccccn1)=C2N(C)C,335.0,67.63,75.0,0.0001,NBD_QC_Functionalized,NBD_Combinatorial_M08_Aligned,RDKit_MMFF94_3D,NBD_DA_995
CN(C)C1=C(c2ccncc2)C2C=CC1C2,337.0,69.5,75.0,0.0001,NBD_QC_Functionalized,NBD_Combinatorial_M08_Aligned,RDKit_MMFF94_3D,NBD_DA_996
CN(C)C1=C(c2ccncc2)C2C=CC1C2(C)C,337.0,67.57,75.0,0.0001,NBD_QC_Functionalized,NBD_Combinatorial_M08_Aligned,RDKit_MMFF94_3D,NBD_DA_997
CC1=CC2(C)CC1C(c1ccncc1)=C2N(C)C,337.0,67.57,75.0,0.0001,NBD_QC_Functionalized,NBD_Combinatorial_M08_Aligned,RDKit_MMFF94_3D,NBD_DA_998
CN(C)C1=C(C(=O)O)C2C=CC1C2,322.0,73.5,75.0,0.0001,NBD_QC_Functionalized,NBD_Combinatorial_M08_Aligned,RDKit_MMFF94_3D,NBD_DA_999
CN(C)C1=C(C(=O)O)C2C=CC1C2(C)C,322.0,64.5,75.0,0.0001,NBD_QC_Functionalized,NBD_Combinatorial_M08_Aligned,RDKit_MMFF94_3D,NBD_DA_1000
CC1=CC2(C)CC1C(C(=O)O)=C2N(C)C,322.0,68.02,75.0,0.0001,NBD_QC_Functionalized,NBD_Combinatorial_M08_Aligned,RDKit_MMFF94_3D,NBD_DA_1001
CCCCC(CC)COC(=O)C1=C(N(C)C)C2C=CC1C2,327.0,67.87,75.0,0.0001,NBD_QC_Functionalized,NBD_Combinatorial_M08_Aligned,RDKit_MMFF94_3D,NBD_DA_1002
CCCCC(CC)COC(=O)C1=C(N(C)C)C2C=CC1C2(C)C,327.0,62.5,75.0,0.0001,NBD_QC_Functionalized,NBD_Combinatorial_M08_Aligned,RDKit_MMFF94_3D,NBD_DA_1003
CCCCC(CC)COC(=O)C1=C(N(C)C)C2(C)C=C(C)C1C2,327.0,67.87,75.0,0.0001,NBD_QC_Functionalized,NBD_Combinatorial_M08_Aligned,RDKit_MMFF94_3D,NBD_DA_1004
CN(C)C1=C(c2cccc(C#N)c2)C2C=CC1C2,349.0,67.21,75.0,0.0001,NBD_QC_Functionalized,NBD_Combinatorial_M08_Aligned,RDKit_MMFF94_3D,NBD_DA_1005
CN(C)C1=C(c2cccc(C#N)c2)C2C=CC1C2(C)C,349.0,67.21,75.0,0.0001,NBD_QC_Functionalized,NBD_Combinatorial_M08_Aligned,RDKit_MMFF94_3D,NBD_DA_1006
CC1=CC2(C)CC1C(c1cccc(C#N)c1)=C2N(C)C,349.0,78.5,75.0,0.0001,NBD_QC_Functionalized,NBD_Combinatorial_M08_Aligned,RDKit_MMFF94_3D,NBD_DA_1007
CC(C)OC(=O)C1=C(N(C)C)C2C=CC1C2,325.0,72.5,75.0,0.0001,NBD_QC_Functionalized,NBD_Combinatorial_M08_Aligned,RDKit_MMFF94_3D,NBD_DA_1008
CC(C)OC(=O)C1=C(N(C)C)C2C=CC1C2(C)C,325.0,67.93,75.0,0.0001,NBD_QC_Functionalized,NBD_Combinatorial_M08_Aligned,RDKit_MMFF94_3D,NBD_DA_1009
CC1=CC2(C)CC1C(C(=O)OC(C)C)=C2N(C)C,325.0,67.93,75.0,0.0001,NBD_QC_Functionalized,NBD_Combinatorial_M08_Aligned,RDKit_MMFF94_3D,NBD_DA_1010
CN(C)C1=C(S(=O)(=O)c2ccccc2)C2C=CC1C2,339.0,64.5,75.0,0.0001,NBD_QC_Functionalized,NBD_Combinatorial_M08_Aligned,RDKit_MMFF94_3D,NBD_DA_1011
CN(C)C1=C(S(=O)(=O)c2ccccc2)C2C=CC1C2(C)C,339.0,62.5,75.0,0.0001,NBD_QC_Functionalized,NBD_Combinatorial_M08_Aligned,RDKit_MMFF94_3D,NBD_DA_1012
CC1=CC2(C)CC1C(S(=O)(=O)c1ccccc1)=C2N(C)C,339.0,98.97,75.0,0.0001,NBD_QC_Functionalized,NBD_Combinatorial_M08_Aligned,RDKit_MMFF94_3D,NBD_DA_1013
CN(C)C1=C(c2nccs2)C2C=CC1C2,333.0,76.5,75.0,0.0001,NBD_QC_Functionalized,NBD_Combinatorial_M08_Aligned,RDKit_MMFF94_3D,NBD_DA_1014
CN(C)C1=C(c2nccs2)C2C=CC1C2(C)C,333.0,67.69,75.0,0.0001,NBD_QC_Functionalized,NBD_Combinatorial_M08_Aligned,RDKit_MMFF94_3D,NBD_DA_1015
CC1=CC2(C)CC1C(c1nccs1)=C2N(C)C,333.0,67.69,75.0,0.0001,NBD_QC_Functionalized,NBD_Combinatorial_M08_Aligned,RDKit_MMFF94_3D,NBD_DA_1016
CCNC(=O)C1=C(N(C)C)C2C=CC1C2,323.0,75.5,75.0,0.0001,NBD_QC_Functionalized,NBD_Combinatorial_M08_Aligned,RDKit_MMFF94_3D,NBD_DA_1017
CCNC(=O)C1=C(N(C)C)C2C=CC1C2(C)C,323.0,67.99,75.0,0.0001,NBD_QC_Functionalized,NBD_Combinatorial_M08_Aligned,RDKit_MMFF94_3D,NBD_DA_1018
CCNC(=O)C1=C(N(C)C)C2(C)C=C(C)C1C2,323.0,67.99,75.0,0.0001,NBD_QC_Functionalized,NBD_Combinatorial_M08_Aligned,RDKit_MMFF94_3D,NBD_DA_1019
N#CC1=C(c2ccc(Cl)cc2)C2C=CC1C2,330.0,64.29,75.0,0.0001,NBD_QC_Functionalized,NBD_Combinatorial_M08_Aligned,RDKit_MMFF94_3D,NBD_DA_1020
CC1(C)C2C=CC1C(c1ccc(Cl)cc1)=C2C#N,330.0,60.5,75.0,0.0001,NBD_QC_Functionalized,NBD_Combinatorial_M08_Aligned,RDKit_MMFF94_3D,NBD_DA_1021
CC1=CC2(C)CC1C(C#N)=C2c1ccc(Cl)cc1,330.0,59.13,75.0,0.0001,NBD_QC_Functionalized,NBD_Combinatorial_M08_Aligned,RDKit_MMFF94_3D,NBD_DA_1022
COC(=O)C1=C(c2ccc(Cl)cc2)C2C=CC1C2,333.0,67.94,75.0,0.0001,NBD_QC_Functionalized,NBD_Combinatorial_M08_Aligned,RDKit_MMFF94_3D,NBD_DA_1023
COC(=O)C1=C(c2ccc(Cl)cc2)C2C=CC1C2(C)C,333.0,81.5,75.0,0.0001,NBD_QC_Functionalized,NBD_Combinatorial_M08_Aligned,RDKit_MMFF94_3D,NBD_DA_1024
COC(=O)C1=C(c2ccc(Cl)cc2)C2(C)C=C(C)C1C2,333.0,65.57,75.0,0.0001,NBD_QC_Functionalized,NBD_Combinatorial_M08_Aligned,RDKit_MMFF94_3D,NBD_DA_1025
CCOC(=O)C1=C(c2ccc(Cl)cc2)C2C=CC1C2,333.0,80.5,75.0,0.0001,NBD_QC_Functionalized,NBD_Combinatorial_M08_Aligned,RDKit_MMFF94_3D,NBD_DA_1026
CCOC(=O)C1=C(c2ccc(Cl)cc2)C2C=CC1C2(C)C,333.0,65.5,75.0,0.0001,NBD_QC_Functionalized,NBD_Combinatorial_M08_Aligned,RDKit_MMFF94_3D,NBD_DA_1027
CCOC(=O)C1=C(c2ccc(Cl)cc2)C2(C)C=C(C)C1C2,333.0,61.16,75.0,0.0001,NBD_QC_Functionalized,NBD_Combinatorial_M08_Aligned,RDKit_MMFF94_3D,NBD_DA_1028
CC(=O)C1=C(c2ccc(Cl)cc2)C2C=CC1C2,335.0,74.5,75.0,0.0001,NBD_QC_Functionalized,NBD_Combinatorial_M08_Aligned,RDKit_MMFF94_3D,NBD_DA_1029
CC(=O)C1=C(c2ccc(Cl)cc2)C2C=CC1C2(C)C,335.0,68.27,75.0,0.0001,NBD_QC_Functionalized,NBD_Combinatorial_M08_Aligned,RDKit_MMFF94_3D,NBD_DA_1030
CC(=O)C1=C(c2ccc(Cl)cc2)C2(C)C=C(C)C1C2,335.0,77.5,75.0,0.0001,NBD_QC_Functionalized,NBD_Combinatorial_M08_Aligned,RDKit_MMFF94_3D,NBD_DA_1031
FC(F)(F)C1=C(c2ccc(Cl)cc2)C2C=CC1C2,320.0,135.76,75.0,0.0001,NBD_QC_Functionalized,NBD_Combinatorial_M08_Aligned,RDKit_MMFF94_3D,NBD_DA_1032
CC1(C)C2C=CC1C(C(F)(F)F)=C2c1ccc(Cl)cc1,320.0,67.88,75.0,0.0001,NBD_QC_Functionalized,NBD_Combinatorial_M08_Aligned,RDKit_MMFF94_3D,NBD_DA_1033
CC1=CC2(C)CC1C(C(F)(F)F)=C2c1ccc(Cl)cc1,320.0,127.18,75.0,0.0001,NBD_QC_Functionalized,NBD_Combinatorial_M08_Aligned,RDKit_MMFF94_3D,NBD_DA_1034
CS(=O)(=O)C1=C(c2ccc(Cl)cc2)C2C=CC1C2,325.0,61.5,75.0,0.0001,NBD_QC_Functionalized,NBD_Combinatorial_M08_Aligned,RDKit_MMFF94_3D,NBD_DA_1035
CC1(C)C2C=CC1C(S(C)(=O)=O)=C2c1ccc(Cl)cc1,325.0,95.79,75.0,0.0001,NBD_QC_Functionalized,NBD_Combinatorial_M08_Aligned,RDKit_MMFF94_3D,NBD_DA_1036
CC1=CC2(C)CC1C(S(C)(=O)=O)=C2c1ccc(Cl)cc1,325.0,81.5,75.0,0.0001,NBD_QC_Functionalized,NBD_Combinatorial_M08_Aligned,RDKit_MMFF94_3D,NBD_DA_1037
NC(=O)C1=C(c2ccc(Cl)cc2)C2C=CC1C2,329.0,58.23,75.0,0.0001,NBD_QC_Functionalized,NBD_Combinatorial_M08_Aligned,RDKit_MMFF94_3D,NBD_DA_1038
CC1(C)C2C=CC1C(c1ccc(Cl)cc1)=C2C(N)=O,329.0,68.5,75.0,0.0001,NBD_QC_Functionalized,NBD_Combinatorial_M08_Aligned,RDKit_MMFF94_3D,NBD_DA_1039
CC1=CC2(C)CC1C(C(N)=O)=C2c1ccc(Cl)cc1,329.0,47.49,75.0,0.0001,NBD_QC_Functionalized,NBD_Combinatorial_M08_Aligned,RDKit_MMFF94_3D,NBD_DA_1040
N#Cc1ccc(C2=C(c3ccc(Cl)cc3)C3C=CC2C3)cc1,360.0,67.52,75.0,0.0001,NBD_QC_Functionalized,NBD_Combinatorial_M08_Aligned,RDKit_MMFF94_3D,NBD_DA_1041
CC1(C)C2C=CC1C(c1ccc(C#N)cc1)=C2c1ccc(Cl)cc1,360.0,62.5,75.0,0.0001,NBD_QC_Functionalized,NBD_Combinatorial_M08_Aligned,RDKit_MMFF94_3D,NBD_DA_1042
CC1=CC2(C)CC1C(c1ccc(C#N)cc1)=C2c1ccc(Cl)cc1,360.0,67.52,75.0,0.0001,NBD_QC_Functionalized,NBD_Combinatorial_M08_Aligned,RDKit_MMFF94_3D,NBD_DA_1043
O=[N+]([O-])c1ccc(C2=C(c3ccc(Cl)cc3)C3C=CC2C3)cc1,365.0,72.5,75.0,0.0001,NBD_QC_Functionalized,NBD_Combinatorial_M08_Aligned,RDKit_MMFF94_3D,NBD_DA_1044
CC1(C)C2C=CC1C(c1ccc([N+](=O)[O-])cc1)=C2c1ccc(Cl)cc1,365.0,74.5,75.0,0.0001,NBD_QC_Functionalized,NBD_Combinatorial_M08_Aligned,RDKit_MMFF94_3D,NBD_DA_1045
CC1=CC2(C)CC1C(c1ccc([N+](=O)[O-])cc1)=C2c1ccc(Cl)cc1,365.0,76.5,75.0,0.0001,NBD_QC_Functionalized,NBD_Combinatorial_M08_Aligned,RDKit_MMFF94_3D,NBD_DA_1046
FC(F)(F)c1ccc(C2=C(c3ccc(Cl)cc3)C3C=CC2C3)cc1,353.0,79.5,75.0,0.0001,NBD_QC_Functionalized,NBD_Combinatorial_M08_Aligned,RDKit_MMFF94_3D,NBD_DA_1047
CC1(C)C2C=CC1C(c1ccc(C(F)(F)F)cc1)=C2c1ccc(Cl)cc1,353.0,65.5,75.0,0.0001,NBD_QC_Functionalized,NBD_Combinatorial_M08_Aligned,RDKit_MMFF94_3D,NBD_DA_1048
CC1=CC2(C)CC1C(c1ccc(C(F)(F)F)cc1)=C2c1ccc(Cl)cc1,353.0,71.5,75.0,0.0001,NBD_QC_Functionalized,NBD_Combinatorial_M08_Aligned,RDKit_MMFF94_3D,NBD_DA_1049
O=C(C1=C(c2ccc(Cl)cc2)C2C=CC1C2)c1ccccc1,350.0,41.03,75.0,0.0001,NBD_QC_Functionalized,NBD_Combinatorial_M08_Aligned,RDKit_MMFF94_3D,NBD_DA_1050
CC1(C)C2C=CC1C(c1ccc(Cl)cc1)=C2C(=O)c1ccccc1,350.0,67.82,75.0,0.0001,NBD_QC_Functionalized,NBD_Combinatorial_M08_Aligned,RDKit_MMFF94_3D,NBD_DA_1051
CC1=CC2(C)CC1C(C(=O)c1ccccc1)=C2c1ccc(Cl)cc1,350.0,70.5,75.0,0.0001,NBD_QC_Functionalized,NBD_Combinatorial_M08_Aligned,RDKit_MMFF94_3D,NBD_DA_1052
Clc1ccc(C2=C(c3ccccn3)C3C=CC2C3)cc1,343.0,35.46,75.0,0.0001,NBD_QC_Functionalized,NBD_Combinatorial_M08_Aligned,RDKit_MMFF94_3D,NBD_DA_1053
CC1(C)C2C=CC1C(c1ccccn1)=C2c1ccc(Cl)cc1,343.0,68.03,75.0,0.0001,NBD_QC_Functionalized,NBD_Combinatorial_M08_Aligned,RDKit_MMFF94_3D,NBD_DA_1054
CC1=CC2(C)CC1C(c1ccccn1)=C2c1ccc(Cl)cc1,343.0,76.5,75.0,0.0001,NBD_QC_Functionalized,NBD_Combinatorial_M08_Aligned,RDKit_MMFF94_3D,NBD_DA_1055
Clc1ccc(C2=C(c3ccncc3)C3C=CC2C3)cc1,345.0,67.97,75.0,0.0001,NBD_QC_Functionalized,NBD_Combinatorial_M08_Aligned,RDKit_MMFF94_3D,NBD_DA_1056
CC1(C)C2C=CC1C(c1ccc(Cl)cc1)=C2c1ccncc1,345.0,67.97,75.0,0.0001,NBD_QC_Functionalized,NBD_Combinatorial_M08_Aligned,RDKit_MMFF94_3D,NBD_DA_1057
CC1=CC2(C)CC1C(c1ccncc1)=C2c1ccc(Cl)cc1,345.0,67.97,75.0,0.0001,NBD_QC_Functionalized,NBD_Combinatorial_M08_Aligned,RDKit_MMFF94_3D,NBD_DA_1058
O=C(O)C1=C(c2ccc(Cl)cc2)C2C=CC1C2,330.0,72.21,75.0,0.0001,NBD_QC_Functionalized,NBD_Combinatorial_M08_Aligned,RDKit_MMFF94_3D,NBD_DA_1059
CC1(C)C2C=CC1C(c1ccc(Cl)cc1)=C2C(=O)O,330.0,58.5,75.0,0.0001,NBD_QC_Functionalized,NBD_Combinatorial_M08_Aligned,RDKit_MMFF94_3D,NBD_DA_1060
CC1=CC2(C)CC1C(C(=O)O)=C2c1ccc(Cl)cc1,330.0,64.77,75.0,0.0001,NBD_QC_Functionalized,NBD_Combinatorial_M08_Aligned,RDKit_MMFF94_3D,NBD_DA_1061
CCCCC(CC)COC(=O)C1=C(c2ccc(Cl)cc2)C2C=CC1C2,335.0,64.54,75.0,0.0001,NBD_QC_Functionalized,NBD_Combinatorial_M08_Aligned,RDKit_MMFF94_3D,NBD_DA_1062
CCCCC(CC)COC(=O)C1=C(c2ccc(Cl)cc2)C2C=CC1C2(C)C,335.0,73.5,75.0,0.0001,NBD_QC_Functionalized,NBD_Combinatorial_M08_Aligned,RDKit_MMFF94_3D,NBD_DA_1063
CCCCC(CC)COC(=O)C1=C(c2ccc(Cl)cc2)C2(C)C=C(C)C1C2,335.0,72.53,75.0,0.0001,NBD_QC_Functionalized,NBD_Combinatorial_M08_Aligned,RDKit_MMFF94_3D,NBD_DA_1064
N#Cc1cccc(C2=C(c3ccc(Cl)cc3)C3C=CC2C3)c1,357.0,67.61,75.0,0.0001,NBD_QC_Functionalized,NBD_Combinatorial_M08_Aligned,RDKit_MMFF94_3D,NBD_DA_1065
CC1(C)C2C=CC1C(c1cccc(C#N)c1)=C2c1ccc(Cl)cc1,357.0,59.5,75.0,0.0001,NBD_QC_Functionalized,NBD_Combinatorial_M08_Aligned,RDKit_MMFF94_3D,NBD_DA_1066
CC1=CC2(C)CC1C(c1cccc(C#N)c1)=C2c1ccc(Cl)cc1,357.0,67.61,75.0,0.0001,NBD_QC_Functionalized,NBD_Combinatorial_M08_Aligned,RDKit_MMFF94_3D,NBD_DA_1067
CC(C)OC(=O)C1=C(c2ccc(Cl)cc2)C2C=CC1C2,333.0,63.99,75.0,0.0001,NBD_QC_Functionalized,NBD_Combinatorial_M08_Aligned,RDKit_MMFF94_3D,NBD_DA_1068
CC(C)OC(=O)C1=C(c2ccc(Cl)cc2)C2C=CC1C2(C)C,333.0,62.5,75.0,0.0001,NBD_QC_Functionalized,NBD_Combinatorial_M08_Aligned,RDKit_MMFF94_3D,NBD_DA_1069
CC1=CC2(C)CC1C(C(=O)OC(C)C)=C2c1ccc(Cl)cc1,333.0,55.24,75.0,0.0001,NBD_QC_Functionalized,NBD_Combinatorial_M08_Aligned,RDKit_MMFF94_3D,NBD_DA_1070
O=S(=O)(C1=C(c2ccc(Cl)cc2)C2C=CC1C2)c1ccccc1,347.0,78.5,75.0,0.0001,NBD_QC_Functionalized,NBD_Combinatorial_M08_Aligned,RDKit_MMFF94_3D,NBD_DA_1071
CC1(C)C2C=CC1C(S(=O)(=O)c1ccccc1)=C2c1ccc(Cl)cc1,347.0,116.63,75.0,0.0001,NBD_QC_Functionalized,NBD_Combinatorial_M08_Aligned,RDKit_MMFF94_3D,NBD_DA_1072
CC1=CC2(C)CC1C(S(=O)(=O)c1ccccc1)=C2c1ccc(Cl)cc1,347.0,74.5,75.0,0.0001,NBD_QC_Functionalized,NBD_Combinatorial_M08_Aligned,RDKit_MMFF94_3D,NBD_DA_1073
Clc1ccc(C2=C(c3nccs3)C3C=CC2C3)cc1,341.0,72.5,75.0,0.0001,NBD_QC_Functionalized,NBD_Combinatorial_M08_Aligned,RDKit_MMFF94_3D,NBD_DA_1074
CC1(C)C2C=CC1C(c1nccs1)=C2c1ccc(Cl)cc1,341.0,68.09,75.0,0.0001,NBD_QC_Functionalized,NBD_Combinatorial_M08_Aligned,RDKit_MMFF94_3D,NBD_DA_1075
CC1=CC2(C)CC1C(c1nccs1)=C2c1ccc(Cl)cc1,341.0,60.5,75.0,0.0001,NBD_QC_Functionalized,NBD_Combinatorial_M08_Aligned,RDKit_MMFF94_3D,NBD_DA_1076
CCNC(=O)C1=C(c2ccc(Cl)cc2)C2C=CC1C2,331.0,74.5,75.0,0.0001,NBD_QC_Functionalized,NBD_Combinatorial_M08_Aligned,RDKit_MMFF94_3D,NBD_DA_1077
CCNC(=O)C1=C(c2ccc(Cl)cc2)C2C=CC1C2(C)C,331.0,75.5,75.0,0.0001,NBD_QC_Functionalized,NBD_Combinatorial_M08_Aligned,RDKit_MMFF94_3D,NBD_DA_1078
CCNC(=O)C1=C(c2ccc(Cl)cc2)C2(C)C=C(C)C1C2,331.0,47.61,75.0,0.0001,NBD_QC_Functionalized,NBD_Combinatorial_M08_Aligned,RDKit_MMFF94_3D,NBD_DA_1079
N#CC1=C(c2ccc(Br)cc2)C2C=CC1C2,332.0,64.01,75.0,0.0001,NBD_QC_Functionalized,NBD_Combinatorial_M08_Aligned,RDKit_MMFF94_3D,NBD_DA_1080
CC1(C)C2C=CC1C(c1ccc(Br)cc1)=C2C#N,332.0,68.52,75.0,0.0001,NBD_QC_Functionalized,NBD_Combinatorial_M08_Aligned,RDKit_MMFF94_3D,NBD_DA_1081
CC1=CC2(C)CC1C(C#N)=C2c1ccc(Br)cc1,332.0,58.85,75.0,0.0001,NBD_QC_Functionalized,NBD_Combinatorial_M08_Aligned,RDKit_MMFF94_3D,NBD_DA_1082
COC(=O)C1=C(c2ccc(Br)cc2)C2C=CC1C2,335.0,67.31,75.0,0.0001,NBD_QC_Functionalized,NBD_Combinatorial_M08_Aligned,RDKit_MMFF94_3D,NBD_DA_1083
COC(=O)C1=C(c2ccc(Br)cc2)C2C=CC1C2(C)C,335.0,82.5,75.0,0.0001,NBD_QC_Functionalized,NBD_Combinatorial_M08_Aligned,RDKit_MMFF94_3D,NBD_DA_1084
COC(=O)C1=C(c2ccc(Br)cc2)C2(C)C=C(C)C1C2,335.0,65.19,75.0,0.0001,NBD_QC_Functionalized,NBD_Combinatorial_M08_Aligned,RDKit_MMFF94_3D,NBD_DA_1085
CCOC(=O)C1=C(c2ccc(Br)cc2)C2C=CC1C2,335.0,62.5,75.0,0.0001,NBD_QC_Functionalized,NBD_Combinatorial_M08_Aligned,RDKit_MMFF94_3D,NBD_DA_1086
CCOC(=O)C1=C(c2ccc(Br)cc2)C2C=CC1C2(C)C,335.0,60.5,75.0,0.0001,NBD_QC_Functionalized,NBD_Combinatorial_M08_Aligned,RDKit_MMFF94_3D,NBD_DA_1087
CCOC(=O)C1=C(c2ccc(Br)cc2)C2(C)C=C(C)C1C2,335.0,60.5,75.0,0.0001,NBD_QC_Functionalized,NBD_Combinatorial_M08_Aligned,RDKit_MMFF94_3D,NBD_DA_1088
CC(=O)C1=C(c2ccc(Br)cc2)C2C=CC1C2,337.0,61.5,75.0,0.0001,NBD_QC_Functionalized,NBD_Combinatorial_M08_Aligned,RDKit_MMFF94_3D,NBD_DA_1089
CC(=O)C1=C(c2ccc(Br)cc2)C2C=CC1C2(C)C,337.0,68.37,75.0,0.0001,NBD_QC_Functionalized,NBD_Combinatorial_M08_Aligned,RDKit_MMFF94_3D,NBD_DA_1090
CC(=O)C1=C(c2ccc(Br)cc2)C2(C)C=C(C)C1C2,337.0,82.5,75.0,0.0001,NBD_QC_Functionalized,NBD_Combinatorial_M08_Aligned,RDKit_MMFF94_3D,NBD_DA_1091
FC(F)(F)C1=C(c2ccc(Br)cc2)C2C=CC1C2,322.0,135.45,75.0,0.0001,NBD_QC_Functionalized,NBD_Combinatorial_M08_Aligned,RDKit_MMFF94_3D,NBD_DA_1092
CC1(C)C2C=CC1C(C(F)(F)F)=C2c1ccc(Br)cc1,322.0,59.5,75.0,0.0001,NBD_QC_Functionalized,NBD_Combinatorial_M08_Aligned,RDKit_MMFF94_3D,NBD_DA_1093
CC1=CC2(C)CC1C(C(F)(F)F)=C2c1ccc(Br)cc1,322.0,126.87,75.0,0.0001,NBD_QC_Functionalized,NBD_Combinatorial_M08_Aligned,RDKit_MMFF94_3D,NBD_DA_1094
CS(=O)(=O)C1=C(c2ccc(Br)cc2)C2C=CC1C2,327.0,58.5,75.0,0.0001,NBD_QC_Functionalized,NBD_Combinatorial_M08_Aligned,RDKit_MMFF94_3D,NBD_DA_1095
CC1(C)C2C=CC1C(S(C)(=O)=O)=C2c1ccc(Br)cc1,327.0,87.83,75.0,0.0001,NBD_QC_Functionalized,NBD_Combinatorial_M08_Aligned,RDKit_MMFF94_3D,NBD_DA_1096
CC1=CC2(C)CC1C(S(C)(=O)=O)=C2c1ccc(Br)cc1,327.0,67.5,75.0,0.0001,NBD_QC_Functionalized,NBD_Combinatorial_M08_Aligned,RDKit_MMFF94_3D,NBD_DA_1097
NC(=O)C1=C(c2ccc(Br)cc2)C2C=CC1C2,331.0,57.27,75.0,0.0001,NBD_QC_Functionalized,NBD_Combinatorial_M08_Aligned,RDKit_MMFF94_3D,NBD_DA_1098
CC1(C)C2C=CC1C(c1ccc(Br)cc1)=C2C(N)=O,331.0,81.5,75.0,0.0001,NBD_QC_Functionalized,NBD_Combinatorial_M08_Aligned,RDKit_MMFF94_3D,NBD_DA_1099
CC1=CC2(C)CC1C(C(N)=O)=C2c1ccc(Br)cc1,331.0,46.67,75.0,0.0001,NBD_QC_Functionalized,NBD_Combinatorial_M08_Aligned,RDKit_MMFF94_3D,NBD_DA_1100
N#Cc1ccc(C2=C(c3ccc(Br)cc3)C3C=CC2C3)cc1,362.0,67.62,75.0,0.0001,NBD_QC_Functionalized,NBD_Combinatorial_M08_Aligned,RDKit_MMFF94_3D,NBD_DA_1101
CC1(C)C2C=CC1C(c1ccc(C#N)cc1)=C2c1ccc(Br)cc1,362.0,64.5,75.0,0.0001,NBD_QC_Functionalized,NBD_Combinatorial_M08_Aligned,RDKit_MMFF94_3D,NBD_DA_1102
CC1=CC2(C)CC1C(c1ccc(C#N)cc1)=C2c1ccc(Br)cc1,362.0,67.62,75.0,0.0001,NBD_QC_Functionalized,NBD_Combinatorial_M08_Aligned,RDKit_MMFF94_3D,NBD_DA_1103
O=[N+]([O-])c1ccc(C2=C(c3ccc(Br)cc3)C3C=CC2C3)cc1,367.0,65.5,75.0,0.0001,NBD_QC_Functionalized,NBD_Combinatorial_M08_Aligned,RDKit_MMFF94_3D,NBD_DA_1104
CC1(C)C2C=CC1C(c1ccc([N+](=O)[O-])cc1)=C2c1ccc(Br)cc1,367.0,72.5,75.0,0.0001,NBD_QC_Functionalized,NBD_Combinatorial_M08_Aligned,RDKit_MMFF94_3D,NBD_DA_1105
CC1=CC2(C)CC1C(c1ccc([N+](=O)[O-])cc1)=C2c1ccc(Br)cc1,367.0,67.47,75.0,0.0001,NBD_QC_Functionalized,NBD_Combinatorial_M08_Aligned,RDKit_MMFF94_3D,NBD_DA_1106
FC(F)(F)c1ccc(C2=C(c3ccc(Br)cc3)C3C=CC2C3)cc1,355.0,59.5,75.0,0.0001,NBD_QC_Functionalized,NBD_Combinatorial_M08_Aligned,RDKit_MMFF94_3D,NBD_DA_1107
CC1(C)C2C=CC1C(c1ccc(C(F)(F)F)cc1)=C2c1ccc(Br)cc1,355.0,78.5,75.0,0.0001,NBD_QC_Functionalized,NBD_Combinatorial_M08_Aligned,RDKit_MMFF94_3D,NBD_DA_1108
CC1=CC2(C)CC1C(c1ccc(C(F)(F)F)cc1)=C2c1ccc(Br)cc1,355.0,78.5,75.0,0.0001,NBD_QC_Functionalized,NBD_Combinatorial_M08_Aligned,RDKit_MMFF94_3D,NBD_DA_1109
O=C(C1=C(c2ccc(Br)cc2)C2C=CC1C2)c1ccccc1,352.0,38.46,75.0,0.0001,NBD_QC_Functionalized,NBD_Combinatorial_M08_Aligned,RDKit_MMFF94_3D,NBD_DA_1110
CC1(C)C2C=CC1C(c1ccc(Br)cc1)=C2C(=O)c1ccccc1,352.0,67.92,75.0,0.0001,NBD_QC_Functionalized,NBD_Combinatorial_M08_Aligned,RDKit_MMFF94_3D,NBD_DA_1111
CC1=CC2(C)CC1C(C(=O)c1ccccc1)=C2c1ccc(Br)cc1,352.0,58.5,75.0,0.0001,NBD_QC_Functionalized,NBD_Combinatorial_M08_Aligned,RDKit_MMFF94_3D,NBD_DA_1112
Brc1ccc(C2=C(c3ccccn3)C3C=CC2C3)cc1,345.0,76.5,75.0,0.0001,NBD_QC_Functionalized,NBD_Combinatorial_M08_Aligned,RDKit_MMFF94_3D,NBD_DA_1113
CC1(C)C2C=CC1C(c1ccccn1)=C2c1ccc(Br)cc1,345.0,68.13,75.0,0.0001,NBD_QC_Functionalized,NBD_Combinatorial_M08_Aligned,RDKit_MMFF94_3D,NBD_DA_1114
CC1=CC2(C)CC1C(c1ccccn1)=C2c1ccc(Br)cc1,345.0,78.5,75.0,0.0001,NBD_QC_Functionalized,NBD_Combinatorial_M08_Aligned,RDKit_MMFF94_3D,NBD_DA_1115
Brc1ccc(C2=C(c3ccncc3)C3C=CC2C3)cc1,347.0,68.07,75.0,0.0001,NBD_QC_Functionalized,NBD_Combinatorial_M08_Aligned,RDKit_MMFF94_3D,NBD_DA_1116
CC1(C)C2C=CC1C(c1ccc(Br)cc1)=C2c1ccncc1,347.0,68.07,75.0,0.0001,NBD_QC_Functionalized,NBD_Combinatorial_M08_Aligned,RDKit_MMFF94_3D,NBD_DA_1117
CC1=CC2(C)CC1C(c1ccncc1)=C2c1ccc(Br)cc1,347.0,68.07,75.0,0.0001,NBD_QC_Functionalized,NBD_Combinatorial_M08_Aligned,RDKit_MMFF94_3D,NBD_DA_1118
O=C(O)C1=C(c2ccc(Br)cc2)C2C=CC1C2,332.0,69.04,75.0,0.0001,NBD_QC_Functionalized,NBD_Combinatorial_M08_Aligned,RDKit_MMFF94_3D,NBD_DA_1119
CC1(C)C2C=CC1C(c1ccc(Br)cc1)=C2C(=O)O,332.0,64.5,75.0,0.0001,NBD_QC_Functionalized,NBD_Combinatorial_M08_Aligned,RDKit_MMFF94_3D,NBD_DA_1120
CC1=CC2(C)CC1C(C(=O)O)=C2c1ccc(Br)cc1,332.0,64.28,75.0,0.0001,NBD_QC_Functionalized,NBD_Combinatorial_M08_Aligned,RDKit_MMFF94_3D,NBD_DA_1121
CCCCC(CC)COC(=O)C1=C(c2ccc(Br)cc2)C2C=CC1C2,337.0,71.5,75.0,0.0001,NBD_QC_Functionalized,NBD_Combinatorial_M08_Aligned,RDKit_MMFF94_3D,NBD_DA_1122
CCCCC(CC)COC(=O)C1=C(c2ccc(Br)cc2)C2C=CC1C2(C)C,337.0,68.5,75.0,0.0001,NBD_QC_Functionalized,NBD_Combinatorial_M08_Aligned,RDKit_MMFF94_3D,NBD_DA_1123
CCCCC(CC)COC(=O)C1=C(c2ccc(Br)cc2)C2(C)C=C(C)C1C2,337.0,66.94,75.0,0.0001,NBD_QC_Functionalized,NBD_Combinatorial_M08_Aligned,RDKit_MMFF94_3D,NBD_DA_1124
N#Cc1cccc(C2=C(c3ccc(Br)cc3)C3C=CC2C3)c1,359.0,67.71,75.0,0.0001,NBD_QC_Functionalized,NBD_Combinatorial_M08_Aligned,RDKit_MMFF94_3D,NBD_DA_1125
CC1(C)C2C=CC1C(c1cccc(C#N)c1)=C2c1ccc(Br)cc1,359.0,68.5,75.0,0.0001,NBD_QC_Functionalized,NBD_Combinatorial_M08_Aligned,RDKit_MMFF94_3D,NBD_DA_1126
CC1=CC2(C)CC1C(c1cccc(C#N)c1)=C2c1ccc(Br)cc1,359.0,67.71,75.0,0.0001,NBD_QC_Functionalized,NBD_Combinatorial_M08_Aligned,RDKit_MMFF94_3D,NBD_DA_1127
CC(C)OC(=O)C1=C(c2ccc(Br)cc2)C2C=CC1C2,335.0,63.42,75.0,0.0001,NBD_QC_Functionalized,NBD_Combinatorial_M08_Aligned,RDKit_MMFF94_3D,NBD_DA_1128
CC(C)OC(=O)C1=C(c2ccc(Br)cc2)C2C=CC1C2(C)C,335.0,69.5,75.0,0.0001,NBD_QC_Functionalized,NBD_Combinatorial_M08_Aligned,RDKit_MMFF94_3D,NBD_DA_1129
CC1=CC2(C)CC1C(C(=O)OC(C)C)=C2c1ccc(Br)cc1,335.0,54.33,75.0,0.0001,NBD_QC_Functionalized,NBD_Combinatorial_M08_Aligned,RDKit_MMFF94_3D,NBD_DA_1130
O=S(=O)(C1=C(c2ccc(Br)cc2)C2C=CC1C2)c1ccccc1,349.0,59.5,75.0,0.0001,NBD_QC_Functionalized,NBD_Combinatorial_M08_Aligned,RDKit_MMFF94_3D,NBD_DA_1131
CC1(C)C2C=CC1C(S(=O)(=O)c1ccccc1)=C2c1ccc(Br)cc1,349.0,116.86,75.0,0.0001,NBD_QC_Functionalized,NBD_Combinatorial_M08_Aligned,RDKit_MMFF94_3D,NBD_DA_1132
CC1=CC2(C)CC1C(S(=O)(=O)c1ccccc1)=C2c1ccc(Br)cc1,349.0,77.5,75.0,0.0001,NBD_QC_Functionalized,NBD_Combinatorial_M08_Aligned,RDKit_MMFF94_3D,NBD_DA_1133
Brc1ccc(C2=C(c3nccs3)C3C=CC2C3)cc1,343.0,76.5,75.0,0.0001,NBD_QC_Functionalized,NBD_Combinatorial_M08_Aligned,RDKit_MMFF94_3D,NBD_DA_1134
CC1(C)C2C=CC1C(c1nccs1)=C2c1ccc(Br)cc1,343.0,68.19,75.0,0.0001,NBD_QC_Functionalized,NBD_Combinatorial_M08_Aligned,RDKit_MMFF94_3D,NBD_DA_1135
CC1=CC2(C)CC1C(c1nccs1)=C2c1ccc(Br)cc1,343.0,66.5,75.0,0.0001,NBD_QC_Functionalized,NBD_Combinatorial_M08_Aligned,RDKit_MMFF94_3D,NBD_DA_1136
CCNC(=O)C1=C(c2ccc(Br)cc2)C2C=CC1C2,333.0,67.5,75.0,0.0001,NBD_QC_Functionalized,NBD_Combinatorial_M08_Aligned,RDKit_MMFF94_3D,NBD_DA_1137
CCNC(=O)C1=C(c2ccc(Br)cc2)C2C=CC1C2(C)C,333.0,75.5,75.0,0.0001,NBD_QC_Functionalized,NBD_Combinatorial_M08_Aligned,RDKit_MMFF94_3D,NBD_DA_1138
CCNC(=O)C1=C(c2ccc(Br)cc2)C2(C)C=C(C)C1C2,333.0,47.15,75.0,0.0001,NBD_QC_Functionalized,NBD_Combinatorial_M08_Aligned,RDKit_MMFF94_3D,NBD_DA_1139
Cc1cccc(C2=C(C#N)C3C=CC2C3)c1,332.0,62.5,75.0,0.0001,NBD_QC_Functionalized,NBD_Combinatorial_M08_Aligned,RDKit_MMFF94_3D,NBD_DA_1140
Cc1cccc(C2=C(C#N)C3C=CC2C3(C)C)c1,332.0,60.5,75.0,0.0001,NBD_QC_Functionalized,NBD_Combinatorial_M08_Aligned,RDKit_MMFF94_3D,NBD_DA_1141
CC1=CC2(C)CC1C(C#N)=C2c1cccc(C)c1,332.0,52.09,75.0,0.0001,NBD_QC_Functionalized,NBD_Combinatorial_M08_Aligned,RDKit_MMFF94_3D,NBD_DA_1142
COC(=O)C1=C(c2cccc(C)c2)C2C=CC1C2,335.0,63.48,75.0,0.0001,NBD_QC_Functionalized,NBD_Combinatorial_M08_Aligned,RDKit_MMFF94_3D,NBD_DA_1143
COC(=O)C1=C(c2cccc(C)c2)C2C=CC1C2(C)C,335.0,59.5,75.0,0.0001,NBD_QC_Functionalized,NBD_Combinatorial_M08_Aligned,RDKit_MMFF94_3D,NBD_DA_1144
COC(=O)C1=C(c2cccc(C)c2)C2(C)C=C(C)C1C2,335.0,56.0,75.0,0.0001,NBD_QC_Functionalized,NBD_Combinatorial_M08_Aligned,RDKit_MMFF94_3D,NBD_DA_1145
CCOC(=O)C1=C(c2cccc(C)c2)C2C=CC1C2,335.0,68.51,75.0,0.0001,NBD_QC_Functionalized,NBD_Combinatorial_M08_Aligned,RDKit_MMFF94_3D,NBD_DA_1146
CCOC(=O)C1=C(c2cccc(C)c2)C2C=CC1C2(C)C,335.0,60.5,75.0,0.0001,NBD_QC_Functionalized,NBD_Combinatorial_M08_Aligned,RDKit_MMFF94_3D,NBD_DA_1147
CCOC(=O)C1=C(c2cccc(C)c2)C2(C)C=C(C)C1C2,335.0,54.09,75.0,0.0001,NBD_QC_Functionalized,NBD_Combinatorial_M08_Aligned,RDKit_MMFF94_3D,NBD_DA_1148
CC(=O)C1=C(c2cccc(C)c2)C2C=CC1C2,337.0,59.5,75.0,0.0001,NBD_QC_Functionalized,NBD_Combinatorial_M08_Aligned,RDKit_MMFF94_3D,NBD_DA_1149
CC(=O)C1=C(c2cccc(C)c2)C2C=CC1C2(C)C,337.0,68.37,75.0,0.0001,NBD_QC_Functionalized,NBD_Combinatorial_M08_Aligned,RDKit_MMFF94_3D,NBD_DA_1150
CC(=O)C1=C(c2cccc(C)c2)C2(C)C=C(C)C1C2,337.0,41.36,75.0,0.0001,NBD_QC_Functionalized,NBD_Combinatorial_M08_Aligned,RDKit_MMFF94_3D,NBD_DA_1151
Cc1cccc(C2=C(C(F)(F)F)C3C=CC2C3)c1,322.0,80.5,75.0,0.0001,NBD_QC_Functionalized,NBD_Combinatorial_M08_Aligned,RDKit_MMFF94_3D,NBD_DA_1152
Cc1cccc(C2=C(C(F)(F)F)C3C=CC2C3(C)C)c1,322.0,66.34,75.0,0.0001,NBD_QC_Functionalized,NBD_Combinatorial_M08_Aligned,RDKit_MMFF94_3D,NBD_DA_1153
CC1=CC2(C)CC1C(C(F)(F)F)=C2c1cccc(C)c1,322.0,125.8,75.0,0.0001,NBD_QC_Functionalized,NBD_Combinatorial_M08_Aligned,RDKit_MMFF94_3D,NBD_DA_1154
Cc1cccc(C2=C(S(C)(=O)=O)C3C=CC2C3)c1,327.0,74.5,75.0,0.0001,NBD_QC_Functionalized,NBD_Combinatorial_M08_Aligned,RDKit_MMFF94_3D,NBD_DA_1155
Cc1cccc(C2=C(S(C)(=O)=O)C3C=CC2C3(C)C)c1,327.0,101.85,75.0,0.0001,NBD_QC_Functionalized,NBD_Combinatorial_M08_Aligned,RDKit_MMFF94_3D,NBD_DA_1156
CC1=CC2(C)CC1C(S(C)(=O)=O)=C2c1cccc(C)c1,327.0,70.5,75.0,0.0001,NBD_QC_Functionalized,NBD_Combinatorial_M08_Aligned,RDKit_MMFF94_3D,NBD_DA_1157
Cc1cccc(C2=C(C(N)=O)C3C=CC2C3)c1,331.0,74.03,75.0,0.0001,NBD_QC_Functionalized,NBD_Combinatorial_M08_Aligned,RDKit_MMFF94_3D,NBD_DA_1158
Cc1cccc(C2=C(C(N)=O)C3C=CC2C3(C)C)c1,331.0,64.5,75.0,0.0001,NBD_QC_Functionalized,NBD_Combinatorial_M08_Aligned,RDKit_MMFF94_3D,NBD_DA_1159
CC1=CC2(C)CC1C(C(N)=O)=C2c1cccc(C)c1,331.0,68.24,75.0,0.0001,NBD_QC_Functionalized,NBD_Combinatorial_M08_Aligned,RDKit_MMFF94_3D,NBD_DA_1160
Cc1cccc(C2=C(c3ccc(C#N)cc3)C3C=CC2C3)c1,362.0,78.5,75.0,0.0001,NBD_QC_Functionalized,NBD_Combinatorial_M08_Aligned,RDKit_MMFF94_3D,NBD_DA_1161
Cc1cccc(C2=C(c3ccc(C#N)cc3)C3C=CC2C3(C)C)c1,362.0,78.5,75.0,0.0001,NBD_QC_Functionalized,NBD_Combinatorial_M08_Aligned,RDKit_MMFF94_3D,NBD_DA_1162
CC1=CC2(C)CC1C(c1ccc(C#N)cc1)=C2c1cccc(C)c1,362.0,67.62,75.0,0.0001,NBD_QC_Functionalized,NBD_Combinatorial_M08_Aligned,RDKit_MMFF94_3D,NBD_DA_1163
Cc1cccc(C2=C(c3ccc([N+](=O)[O-])cc3)C3C=CC2C3)c1,367.0,75.5,75.0,0.0001,NBD_QC_Functionalized,NBD_Combinatorial_M08_Aligned,RDKit_MMFF94_3D,NBD_DA_1164
Cc1cccc(C2=C(c3ccc([N+](=O)[O-])cc3)C3C=CC2C3(C)C)c1,367.0,70.5,75.0,0.0001,NBD_QC_Functionalized,NBD_Combinatorial_M08_Aligned,RDKit_MMFF94_3D,NBD_DA_1165
CC1=CC2(C)CC1C(c1ccc([N+](=O)[O-])cc1)=C2c1cccc(C)c1,367.0,67.47,75.0,0.0001,NBD_QC_Functionalized,NBD_Combinatorial_M08_Aligned,RDKit_MMFF94_3D,NBD_DA_1166
Cc1cccc(C2=C(c3ccc(C(F)(F)F)cc3)C3C=CC2C3)c1,355.0,67.83,75.0,0.0001,NBD_QC_Functionalized,NBD_Combinatorial_M08_Aligned,RDKit_MMFF94_3D,NBD_DA_1167
Cc1cccc(C2=C(c3ccc(C(F)(F)F)cc3)C3C=CC2C3(C)C)c1,355.0,67.83,75.0,0.0001,NBD_QC_Functionalized,NBD_Combinatorial_M08_Aligned,RDKit_MMFF94_3D,NBD_DA_1168
CC1=CC2(C)CC1C(c1ccc(C(F)(F)F)cc1)=C2c1cccc(C)c1,355.0,67.83,75.0,0.0001,NBD_QC_Functionalized,NBD_Combinatorial_M08_Aligned,RDKit_MMFF94_3D,NBD_DA_1169
Cc1cccc(C2=C(C(=O)c3ccccc3)C3C=CC2C3)c1,352.0,38.46,75.0,0.0001,NBD_QC_Functionalized,NBD_Combinatorial_M08_Aligned,RDKit_MMFF94_3D,NBD_DA_1170
Cc1cccc(C2=C(C(=O)c3ccccc3)C3C=CC2C3(C)C)c1,352.0,70.5,75.0,0.0001,NBD_QC_Functionalized,NBD_Combinatorial_M08_Aligned,RDKit_MMFF94_3D,NBD_DA_1171
CC1=CC2(C)CC1C(C(=O)c1ccccc1)=C2c1cccc(C)c1,352.0,58.5,75.0,0.0001,NBD_QC_Functionalized,NBD_Combinatorial_M08_Aligned,RDKit_MMFF94_3D,NBD_DA_1172
Cc1cccc(C2=C(c3ccccn3)C3C=CC2C3)c1,345.0,77.5,75.0,0.0001,NBD_QC_Functionalized,NBD_Combinatorial_M08_Aligned,RDKit_MMFF94_3D,NBD_DA_1173
Cc1cccc(C2=C(c3ccccn3)C3C=CC2C3(C)C)c1,345.0,70.5,75.0,0.0001,NBD_QC_Functionalized,NBD_Combinatorial_M08_Aligned,RDKit_MMFF94_3D,NBD_DA_1174
CC1=CC2(C)CC1C(c1ccccn1)=C2c1cccc(C)c1,345.0,59.5,75.0,0.0001,NBD_QC_Functionalized,NBD_Combinatorial_M08_Aligned,RDKit_MMFF94_3D,NBD_DA_1175
Cc1cccc(C2=C(c3ccncc3)C3C=CC2C3)c1,347.0,58.5,75.0,0.0001,NBD_QC_Functionalized,NBD_Combinatorial_M08_Aligned,RDKit_MMFF94_3D,NBD_DA_1176
Cc1cccc(C2=C(c3ccncc3)C3C=CC2C3(C)C)c1,347.0,68.07,75.0,0.0001,NBD_QC_Functionalized,NBD_Combinatorial_M08_Aligned,RDKit_MMFF94_3D,NBD_DA_1177
CC1=CC2(C)CC1C(c1ccncc1)=C2c1cccc(C)c1,347.0,80.5,75.0,0.0001,NBD_QC_Functionalized,NBD_Combinatorial_M08_Aligned,RDKit_MMFF94_3D,NBD_DA_1178
Cc1cccc(C2=C(C(=O)O)C3C=CC2C3)c1,332.0,66.72,75.0,0.0001,NBD_QC_Functionalized,NBD_Combinatorial_M08_Aligned,RDKit_MMFF94_3D,NBD_DA_1179
Cc1cccc(C2=C(C(=O)O)C3C=CC2C3(C)C)c1,332.0,72.5,75.0,0.0001,NBD_QC_Functionalized,NBD_Combinatorial_M08_Aligned,RDKit_MMFF94_3D,NBD_DA_1180
CC1=CC2(C)CC1C(C(=O)O)=C2c1cccc(C)c1,332.0,62.1,75.0,0.0001,NBD_QC_Functionalized,NBD_Combinatorial_M08_Aligned,RDKit_MMFF94_3D,NBD_DA_1181
CCCCC(CC)COC(=O)C1=C(c2cccc(C)c2)C2C=CC1C2,337.0,63.94,75.0,0.0001,NBD_QC_Functionalized,NBD_Combinatorial_M08_Aligned,RDKit_MMFF94_3D,NBD_DA_1182
CCCCC(CC)COC(=O)C1=C(c2cccc(C)c2)C2C=CC1C2(C)C,337.0,72.5,75.0,0.0001,NBD_QC_Functionalized,NBD_Combinatorial_M08_Aligned,RDKit_MMFF94_3D,NBD_DA_1183
CCCCC(CC)COC(=O)C1=C(c2cccc(C)c2)C2(C)C=C(C)C1C2,337.0,61.4,75.0,0.0001,NBD_QC_Functionalized,NBD_Combinatorial_M08_Aligned,RDKit_MMFF94_3D,NBD_DA_1184
Cc1cccc(C2=C(c3cccc(C#N)c3)C3C=CC2C3)c1,359.0,67.71,75.0,0.0001,NBD_QC_Functionalized,NBD_Combinatorial_M08_Aligned,RDKit_MMFF94_3D,NBD_DA_1185
Cc1cccc(C2=C(c3cccc(C#N)c3)C3C=CC2C3(C)C)c1,359.0,67.71,75.0,0.0001,NBD_QC_Functionalized,NBD_Combinatorial_M08_Aligned,RDKit_MMFF94_3D,NBD_DA_1186
CC1=CC2(C)CC1C(c1cccc(C#N)c1)=C2c1cccc(C)c1,359.0,67.71,75.0,0.0001,NBD_QC_Functionalized,NBD_Combinatorial_M08_Aligned,RDKit_MMFF94_3D,NBD_DA_1187
Cc1cccc(C2=C(C(=O)OC(C)C)C3C=CC2C3)c1,335.0,77.5,75.0,0.0001,NBD_QC_Functionalized,NBD_Combinatorial_M08_Aligned,RDKit_MMFF94_3D,NBD_DA_1188
Cc1cccc(C2=C(C(=O)OC(C)C)C3C=CC2C3(C)C)c1,335.0,68.43,75.0,0.0001,NBD_QC_Functionalized,NBD_Combinatorial_M08_Aligned,RDKit_MMFF94_3D,NBD_DA_1189
CC1=CC2(C)CC1C(C(=O)OC(C)C)=C2c1cccc(C)c1,335.0,57.2,75.0,0.0001,NBD_QC_Functionalized,NBD_Combinatorial_M08_Aligned,RDKit_MMFF94_3D,NBD_DA_1190
Cc1cccc(C2=C(S(=O)(=O)c3ccccc3)C3C=CC2C3)c1,349.0,74.5,75.0,0.0001,NBD_QC_Functionalized,NBD_Combinatorial_M08_Aligned,RDKit_MMFF94_3D,NBD_DA_1191
Cc1cccc(C2=C(S(=O)(=O)c3ccccc3)C3C=CC2C3(C)C)c1,349.0,65.5,75.0,0.0001,NBD_QC_Functionalized,NBD_Combinatorial_M08_Aligned,RDKit_MMFF94_3D,NBD_DA_1192
CC1=CC2(C)CC1C(S(=O)(=O)c1ccccc1)=C2c1cccc(C)c1,349.0,60.5,75.0,0.0001,NBD_QC_Functionalized,NBD_Combinatorial_M08_Aligned,RDKit_MMFF94_3D,NBD_DA_1193
Cc1cccc(C2=C(c3nccs3)C3C=CC2C3)c1,343.0,79.5,75.0,0.0001,NBD_QC_Functionalized,NBD_Combinatorial_M08_Aligned,RDKit_MMFF94_3D,NBD_DA_1194
Cc1cccc(C2=C(c3nccs3)C3C=CC2C3(C)C)c1,343.0,68.19,75.0,0.0001,NBD_QC_Functionalized,NBD_Combinatorial_M08_Aligned,RDKit_MMFF94_3D,NBD_DA_1195
CC1=CC2(C)CC1C(c1nccs1)=C2c1cccc(C)c1,343.0,80.5,75.0,0.0001,NBD_QC_Functionalized,NBD_Combinatorial_M08_Aligned,RDKit_MMFF94_3D,NBD_DA_1196
CCNC(=O)C1=C(c2cccc(C)c2)C2C=CC1C2,333.0,70.09,75.0,0.0001,NBD_QC_Functionalized,NBD_Combinatorial_M08_Aligned,RDKit_MMFF94_3D,NBD_DA_1197
CCNC(=O)C1=C(c2cccc(C)c2)C2C=CC1C2(C)C,333.0,64.5,75.0,0.0001,NBD_QC_Functionalized,NBD_Combinatorial_M08_Aligned,RDKit_MMFF94_3D,NBD_DA_1198
CCNC(=O)C1=C(c2cccc(C)c2)C2(C)C=C(C)C1C2,333.0,65.81,75.0,0.0001,NBD_QC_Functionalized,NBD_Combinatorial_M08_Aligned,RDKit_MMFF94_3D,NBD_DA_1199
CSc1ccc(C2=C(C#N)C3C=CC2C3)cc1,348.0,66.09,75.0,0.0001,NBD_QC_Functionalized,NBD_Combinatorial_M08_Aligned,RDKit_MMFF94_3D,NBD_DA_1200
CSc1ccc(C2=C(C#N)C3C=CC2C3(C)C)cc1,348.0,82.5,75.0,0.0001,NBD_QC_Functionalized,NBD_Combinatorial_M08_Aligned,RDKit_MMFF94_3D,NBD_DA_1201
CSc1ccc(C2=C(C#N)C3CC2(C)C=C3C)cc1,348.0,59.39,75.0,0.0001,NBD_QC_Functionalized,NBD_Combinatorial_M08_Aligned,RDKit_MMFF94_3D,NBD_DA_1202
COC(=O)C1=C(c2ccc(SC)cc2)C2C=CC1C2,351.0,79.5,75.0,0.0001,NBD_QC_Functionalized,NBD_Combinatorial_M08_Aligned,RDKit_MMFF94_3D,NBD_DA_1203
COC(=O)C1=C(c2ccc(SC)cc2)C2C=CC1C2(C)C,351.0,60.5,75.0,0.0001,NBD_QC_Functionalized,NBD_Combinatorial_M08_Aligned,RDKit_MMFF94_3D,NBD_DA_1204
COC(=O)C1=C(c2ccc(SC)cc2)C2(C)C=C(C)C1C2,351.0,63.2,75.0,0.0001,NBD_QC_Functionalized,NBD_Combinatorial_M08_Aligned,RDKit_MMFF94_3D,NBD_DA_1205
CCOC(=O)C1=C(c2ccc(SC)cc2)C2C=CC1C2,351.0,68.03,75.0,0.0001,NBD_QC_Functionalized,NBD_Combinatorial_M08_Aligned,RDKit_MMFF94_3D,NBD_DA_1206
CCOC(=O)C1=C(c2ccc(SC)cc2)C2C=CC1C2(C)C,351.0,77.5,75.0,0.0001,NBD_QC_Functionalized,NBD_Combinatorial_M08_Aligned,RDKit_MMFF94_3D,NBD_DA_1207
CCOC(=O)C1=C(c2ccc(SC)cc2)C2(C)C=C(C)C1C2,351.0,58.39,75.0,0.0001,NBD_QC_Functionalized,NBD_Combinatorial_M08_Aligned,RDKit_MMFF94_3D,NBD_DA_1208
CSc1ccc(C2=C(C(C)=O)C3C=CC2C3)cc1,353.0,34.99,75.0,0.0001,NBD_QC_Functionalized,NBD_Combinatorial_M08_Aligned,RDKit_MMFF94_3D,NBD_DA_1209
CSc1ccc(C2=C(C(C)=O)C3C=CC2C3(C)C)cc1,353.0,69.17,75.0,0.0001,NBD_QC_Functionalized,NBD_Combinatorial_M08_Aligned,RDKit_MMFF94_3D,NBD_DA_1210
CSc1ccc(C2=C(C(C)=O)C3CC2(C)C=C3C)cc1,353.0,40.75,75.0,0.0001,NBD_QC_Functionalized,NBD_Combinatorial_M08_Aligned,RDKit_MMFF94_3D,NBD_DA_1211
CSc1ccc(C2=C(C(F)(F)F)C3C=CC2C3)cc1,338.0,133.69,75.0,0.0001,NBD_QC_Functionalized,NBD_Combinatorial_M08_Aligned,RDKit_MMFF94_3D,NBD_DA_1212
CSc1ccc(C2=C(C(F)(F)F)C3C=CC2C3(C)C)cc1,338.0,70.21,75.0,0.0001,NBD_QC_Functionalized,NBD_Combinatorial_M08_Aligned,RDKit_MMFF94_3D,NBD_DA_1213
CSc1ccc(C2=C(C(F)(F)F)C3CC2(C)C=C3C)cc1,338.0,126.86,75.0,0.0001,NBD_QC_Functionalized,NBD_Combinatorial_M08_Aligned,RDKit_MMFF94_3D,NBD_DA_1214
CSc1ccc(C2=C(S(C)(=O)=O)C3C=CC2C3)cc1,343.0,66.5,75.0,0.0001,NBD_QC_Functionalized,NBD_Combinatorial_M08_Aligned,RDKit_MMFF94_3D,NBD_DA_1215
CSc1ccc(C2=C(S(C)(=O)=O)C3C=CC2C3(C)C)cc1,343.0,70.68,75.0,0.0001,NBD_QC_Functionalized,NBD_Combinatorial_M08_Aligned,RDKit_MMFF94_3D,NBD_DA_1216
CSc1ccc(C2=C(S(C)(=O)=O)C3CC2(C)C=C3C)cc1,343.0,82.5,75.0,0.0001,NBD_QC_Functionalized,NBD_Combinatorial_M08_Aligned,RDKit_MMFF94_3D,NBD_DA_1217
CSc1ccc(C2=C(C(N)=O)C3C=CC2C3)cc1,347.0,58.2,75.0,0.0001,NBD_QC_Functionalized,NBD_Combinatorial_M08_Aligned,RDKit_MMFF94_3D,NBD_DA_1218
CSc1ccc(C2=C(C(N)=O)C3C=CC2C3(C)C)cc1,347.0,67.5,75.0,0.0001,NBD_QC_Functionalized,NBD_Combinatorial_M08_Aligned,RDKit_MMFF94_3D,NBD_DA_1219
CSc1ccc(C2=C(C(N)=O)C3CC2(C)C=C3C)cc1,347.0,67.79,75.0,0.0001,NBD_QC_Functionalized,NBD_Combinatorial_M08_Aligned,RDKit_MMFF94_3D,NBD_DA_1220
CSc1ccc(C2=C(c3ccc(C#N)cc3)C3C=CC2C3)cc1,378.0,71.5,75.0,0.0001,NBD_QC_Functionalized,NBD_Combinatorial_M08_Aligned,RDKit_MMFF94_3D,NBD_DA_1221
CSc1ccc(C2=C(c3ccc(C#N)cc3)C3C=CC2C3(C)C)cc1,378.0,68.42,75.0,0.0001,NBD_QC_Functionalized,NBD_Combinatorial_M08_Aligned,RDKit_MMFF94_3D,NBD_DA_1222
CSc1ccc(C2=C(c3ccc(C#N)cc3)C3CC2(C)C=C3C)cc1,378.0,68.42,75.0,0.0001,NBD_QC_Functionalized,NBD_Combinatorial_M08_Aligned,RDKit_MMFF94_3D,NBD_DA_1223
CSc1ccc(C2=C(c3ccc([N+](=O)[O-])cc3)C3C=CC2C3)cc1,383.0,68.27,75.0,0.0001,NBD_QC_Functionalized,NBD_Combinatorial_M08_Aligned,RDKit_MMFF94_3D,NBD_DA_1224
CSc1ccc(C2=C(c3ccc([N+](=O)[O-])cc3)C3C=CC2C3(C)C)cc1,383.0,76.5,75.0,0.0001,NBD_QC_Functionalized,NBD_Combinatorial_M08_Aligned,RDKit_MMFF94_3D,NBD_DA_1225
CSc1ccc(C2=C(c3ccc([N+](=O)[O-])cc3)C3CC2(C)C=C3C)cc1,383.0,68.27,75.0,0.0001,NBD_QC_Functionalized,NBD_Combinatorial_M08_Aligned,RDKit_MMFF94_3D,NBD_DA_1226
CSc1ccc(C2=C(c3ccc(C(F)(F)F)cc3)C3C=CC2C3)cc1,371.0,68.63,75.0,0.0001,NBD_QC_Functionalized,NBD_Combinatorial_M08_Aligned,RDKit_MMFF94_3D,NBD_DA_1227
CSc1ccc(C2=C(c3ccc(C(F)(F)F)cc3)C3C=CC2C3(C)C)cc1,371.0,60.5,75.0,0.0001,NBD_QC_Functionalized,NBD_Combinatorial_M08_Aligned,RDKit_MMFF94_3D,NBD_DA_1228
CSc1ccc(C2=C(c3ccc(C(F)(F)F)cc3)C3CC2(C)C=C3C)cc1,371.0,68.63,75.0,0.0001,NBD_QC_Functionalized,NBD_Combinatorial_M08_Aligned,RDKit_MMFF94_3D,NBD_DA_1229
CSc1ccc(C2=C(C(=O)c3ccccc3)C3C=CC2C3)cc1,368.0,60.5,75.0,0.0001,NBD_QC_Functionalized,NBD_Combinatorial_M08_Aligned,RDKit_MMFF94_3D,NBD_DA_1230
CSc1ccc(C2=C(C(=O)c3ccccc3)C3C=CC2C3(C)C)cc1,368.0,75.5,75.0,0.0001,NBD_QC_Functionalized,NBD_Combinatorial_M08_Aligned,RDKit_MMFF94_3D,NBD_DA_1231
CSc1ccc(C2=C(C(=O)c3ccccc3)C3CC2(C)C=C3C)cc1,368.0,68.5,75.0,0.0001,NBD_QC_Functionalized,NBD_Combinatorial_M08_Aligned,RDKit_MMFF94_3D,NBD_DA_1232
CSc1ccc(C2=C(c3ccccn3)C3C=CC2C3)cc1,361.0,35.53,75.0,0.0001,NBD_QC_Functionalized,NBD_Combinatorial_M08_Aligned,RDKit_MMFF94_3D,NBD_DA_1233
CSc1ccc(C2=C(c3ccccn3)C3C=CC2C3(C)C)cc1,361.0,59.5,75.0,0.0001,NBD_QC_Functionalized,NBD_Combinatorial_M08_Aligned,RDKit_MMFF94_3D,NBD_DA_1234
CSc1ccc(C2=C(c3ccccn3)C3CC2(C)C=C3C)cc1,361.0,70.5,75.0,0.0001,NBD_QC_Functionalized,NBD_Combinatorial_M08_Aligned,RDKit_MMFF94_3D,NBD_DA_1235
CSc1ccc(C2=C(c3ccncc3)C3C=CC2C3)cc1,363.0,68.87,75.0,0.0001,NBD_QC_Functionalized,NBD_Combinatorial_M08_Aligned,RDKit_MMFF94_3D,NBD_DA_1236
CSc1ccc(C2=C(c3ccncc3)C3C=CC2C3(C)C)cc1,363.0,77.5,75.0,0.0001,NBD_QC_Functionalized,NBD_Combinatorial_M08_Aligned,RDKit_MMFF94_3D,NBD_DA_1237
CSc1ccc(C2=C(c3ccncc3)C3CC2(C)C=C3C)cc1,363.0,68.87,75.0,0.0001,NBD_QC_Functionalized,NBD_Combinatorial_M08_Aligned,RDKit_MMFF94_3D,NBD_DA_1238
CSc1ccc(C2=C(C(=O)O)C3C=CC2C3)cc1,348.0,77.5,75.0,0.0001,NBD_QC_Functionalized,NBD_Combinatorial_M08_Aligned,RDKit_MMFF94_3D,NBD_DA_1239
CSc1ccc(C2=C(C(=O)O)C3C=CC2C3(C)C)cc1,348.0,70.5,75.0,0.0001,NBD_QC_Functionalized,NBD_Combinatorial_M08_Aligned,RDKit_MMFF94_3D,NBD_DA_1240
CSc1ccc(C2=C(C(=O)O)C3CC2(C)C=C3C)cc1,348.0,65.57,75.0,0.0001,NBD_QC_Functionalized,NBD_Combinatorial_M08_Aligned,RDKit_MMFF94_3D,NBD_DA_1241
CCCCC(CC)COC(=O)C1=C(c2ccc(SC)cc2)C2C=CC1C2,353.0,70.85,75.0,0.0001,NBD_QC_Functionalized,NBD_Combinatorial_M08_Aligned,RDKit_MMFF94_3D,NBD_DA_1242
CCCCC(CC)COC(=O)C1=C(c2ccc(SC)cc2)C2C=CC1C2(C)C,353.0,69.17,75.0,0.0001,NBD_QC_Functionalized,NBD_Combinatorial_M08_Aligned,RDKit_MMFF94_3D,NBD_DA_1243
CCCCC(CC)COC(=O)C1=C(c2ccc(SC)cc2)C2(C)C=C(C)C1C2,353.0,75.5,75.0,0.0001,NBD_QC_Functionalized,NBD_Combinatorial_M08_Aligned,RDKit_MMFF94_3D,NBD_DA_1244
CSc1ccc(C2=C(c3cccc(C#N)c3)C3C=CC2C3)cc1,375.0,68.51,75.0,0.0001,NBD_QC_Functionalized,NBD_Combinatorial_M08_Aligned,RDKit_MMFF94_3D,NBD_DA_1245
CSc1ccc(C2=C(c3cccc(C#N)c3)C3C=CC2C3(C)C)cc1,375.0,65.5,75.0,0.0001,NBD_QC_Functionalized,NBD_Combinatorial_M08_Aligned,RDKit_MMFF94_3D,NBD_DA_1246
CSc1ccc(C2=C(c3cccc(C#N)c3)C3CC2(C)C=C3C)cc1,375.0,68.51,75.0,0.0001,NBD_QC_Functionalized,NBD_Combinatorial_M08_Aligned,RDKit_MMFF94_3D,NBD_DA_1247
CSc1ccc(C2=C(C(=O)OC(C)C)C3C=CC2C3)cc1,351.0,65.17,75.0,0.0001,NBD_QC_Functionalized,NBD_Combinatorial_M08_Aligned,RDKit_MMFF94_3D,NBD_DA_1248
CSc1ccc(C2=C(C(=O)OC(C)C)C3C=CC2C3(C)C)cc1,351.0,69.23,75.0,0.0001,NBD_QC_Functionalized,NBD_Combinatorial_M08_Aligned,RDKit_MMFF94_3D,NBD_DA_1249
CSc1ccc(C2=C(C(=O)OC(C)C)C3CC2(C)C=C3C)cc1,351.0,56.78,75.0,0.0001,NBD_QC_Functionalized,NBD_Combinatorial_M08_Aligned,RDKit_MMFF94_3D,NBD_DA_1250
CSc1ccc(C2=C(S(=O)(=O)c3ccccc3)C3C=CC2C3)cc1,365.0,66.5,75.0,0.0001,NBD_QC_Functionalized,NBD_Combinatorial_M08_Aligned,RDKit_MMFF94_3D,NBD_DA_1251
CSc1ccc(C2=C(S(=O)(=O)c3ccccc3)C3C=CC2C3(C)C)cc1,365.0,81.5,75.0,0.0001,NBD_QC_Functionalized,NBD_Combinatorial_M08_Aligned,RDKit_MMFF94_3D,NBD_DA_1252
CSc1ccc(C2=C(S(=O)(=O)c3ccccc3)C3CC2(C)C=C3C)cc1,365.0,59.5,75.0,0.0001,NBD_QC_Functionalized,NBD_Combinatorial_M08_Aligned,RDKit_MMFF94_3D,NBD_DA_1253
CSc1ccc(C2=C(c3nccs3)C3C=CC2C3)cc1,359.0,82.5,75.0,0.0001,NBD_QC_Functionalized,NBD_Combinatorial_M08_Aligned,RDKit_MMFF94_3D,NBD_DA_1254
CSc1ccc(C2=C(c3nccs3)C3C=CC2C3(C)C)cc1,359.0,68.99,75.0,0.0001,NBD_QC_Functionalized,NBD_Combinatorial_M08_Aligned,RDKit_MMFF94_3D,NBD_DA_1255
CSc1ccc(C2=C(c3nccs3)C3CC2(C)C=C3C)cc1,359.0,69.5,75.0,0.0001,NBD_QC_Functionalized,NBD_Combinatorial_M08_Aligned,RDKit_MMFF94_3D,NBD_DA_1256
CCNC(=O)C1=C(c2ccc(SC)cc2)C2C=CC1C2,349.0,72.94,75.0,0.0001,NBD_QC_Functionalized,NBD_Combinatorial_M08_Aligned,RDKit_MMFF94_3D,NBD_DA_1257
CCNC(=O)C1=C(c2ccc(SC)cc2)C2C=CC1C2(C)C,349.0,77.5,75.0,0.0001,NBD_QC_Functionalized,NBD_Combinatorial_M08_Aligned,RDKit_MMFF94_3D,NBD_DA_1258
CCNC(=O)C1=C(c2ccc(SC)cc2)C2(C)C=C(C)C1C2,349.0,45.3,75.0,0.0001,NBD_QC_Functionalized,NBD_Combinatorial_M08_Aligned,RDKit_MMFF94_3D,NBD_DA_1259
N#CC1=C(c2cc3ccccc3s2)C2C=CC1C2,358.0,77.49,75.0,0.0001,NBD_QC_Functionalized,NBD_Combinatorial_M08_Aligned,RDKit_MMFF94_3D,NBD_DA_1260
CC1(C)C2C=CC1C(c1cc3ccccc3s1)=C2C#N,358.0,64.5,75.0,0.0001,NBD_QC_Functionalized,NBD_Combinatorial_M08_Aligned,RDKit_MMFF94_3D,NBD_DA_1261
CC1=CC2(C)CC1C(C#N)=C2c1cc2ccccc2s1,358.0,71.5,75.0,0.0001,NBD_QC_Functionalized,NBD_Combinatorial_M08_Aligned,RDKit_MMFF94_3D,NBD_DA_1262
COC(=O)C1=C(c2cc3ccccc3s2)C2C=CC1C2,361.0,77.16,75.0,0.0001,NBD_QC_Functionalized,NBD_Combinatorial_M08_Aligned,RDKit_MMFF94_3D,NBD_DA_1263
COC(=O)C1=C(c2cc3ccccc3s2)C2C=CC1C2(C)C,361.0,79.5,75.0,0.0001,NBD_QC_Functionalized,NBD_Combinatorial_M08_Aligned,RDKit_MMFF94_3D,NBD_DA_1264
COC(=O)C1=C(c2cc3ccccc3s2)C2(C)C=C(C)C1C2,361.0,72.4,75.0,0.0001,NBD_QC_Functionalized,NBD_Combinatorial_M08_Aligned,RDKit_MMFF94_3D,NBD_DA_1265
CCOC(=O)C1=C(c2cc3ccccc3s2)C2C=CC1C2,361.0,76.25,75.0,0.0001,NBD_QC_Functionalized,NBD_Combinatorial_M08_Aligned,RDKit_MMFF94_3D,NBD_DA_1266
CCOC(=O)C1=C(c2cc3ccccc3s2)C2C=CC1C2(C)C,361.0,69.5,75.0,0.0001,NBD_QC_Functionalized,NBD_Combinatorial_M08_Aligned,RDKit_MMFF94_3D,NBD_DA_1267
CCOC(=O)C1=C(c2cc3ccccc3s2)C2(C)C=C(C)C1C2,361.0,77.36,75.0,0.0001,NBD_QC_Functionalized,NBD_Combinatorial_M08_Aligned,RDKit_MMFF94_3D,NBD_DA_1268
CC(=O)C1=C(c2cc3ccccc3s2)C2C=CC1C2,363.0,58.5,75.0,0.0001,NBD_QC_Functionalized,NBD_Combinatorial_M08_Aligned,RDKit_MMFF94_3D,NBD_DA_1269
CC(=O)C1=C(c2cc3ccccc3s2)C2C=CC1C2(C)C,363.0,69.67,75.0,0.0001,NBD_QC_Functionalized,NBD_Combinatorial_M08_Aligned,RDKit_MMFF94_3D,NBD_DA_1270
CC(=O)C1=C(c2cc3ccccc3s2)C2(C)C=C(C)C1C2,363.0,68.5,75.0,0.0001,NBD_QC_Functionalized,NBD_Combinatorial_M08_Aligned,RDKit_MMFF94_3D,NBD_DA_1271
FC(F)(F)C1=C(c2cc3ccccc3s2)C2C=CC1C2,348.0,148.48,75.0,0.0001,NBD_QC_Functionalized,NBD_Combinatorial_M08_Aligned,RDKit_MMFF94_3D,NBD_DA_1272
CC1(C)C2C=CC1C(C(F)(F)F)=C2c1cc2ccccc2s1,348.0,78.09,75.0,0.0001,NBD_QC_Functionalized,NBD_Combinatorial_M08_Aligned,RDKit_MMFF94_3D,NBD_DA_1273
CC1=CC2(C)CC1C(C(F)(F)F)=C2c1cc2ccccc2s1,348.0,142.31,75.0,0.0001,NBD_QC_Functionalized,NBD_Combinatorial_M08_Aligned,RDKit_MMFF94_3D,NBD_DA_1274
CS(=O)(=O)C1=C(c2cc3ccccc3s2)C2C=CC1C2,353.0,145.01,75.0,0.0001,NBD_QC_Functionalized,NBD_Combinatorial_M08_Aligned,RDKit_MMFF94_3D,NBD_DA_1275
CC1(C)C2C=CC1C(S(C)(=O)=O)=C2c1cc2ccccc2s1,353.0,112.99,75.0,0.0001,NBD_QC_Functionalized,NBD_Combinatorial_M08_Aligned,RDKit_MMFF94_3D,NBD_DA_1276
CC1=CC2(C)CC1C(S(C)(=O)=O)=C2c1cc2ccccc2s1,353.0,69.5,75.0,0.0001,NBD_QC_Functionalized,NBD_Combinatorial_M08_Aligned,RDKit_MMFF94_3D,NBD_DA_1277
NC(=O)C1=C(c2cc3ccccc3s2)C2C=CC1C2,357.0,79.09,75.0,0.0001,NBD_QC_Functionalized,NBD_Combinatorial_M08_Aligned,RDKit_MMFF94_3D,NBD_DA_1278
CC1(C)C2C=CC1C(c1cc3ccccc3s1)=C2C(N)=O,357.0,73.5,75.0,0.0001,NBD_QC_Functionalized,NBD_Combinatorial_M08_Aligned,RDKit_MMFF94_3D,NBD_DA_1279
CC1=CC2(C)CC1C(C(N)=O)=C2c1cc2ccccc2s1,357.0,81.73,75.0,0.0001,NBD_QC_Functionalized,NBD_Combinatorial_M08_Aligned,RDKit_MMFF94_3D,NBD_DA_1280
N#Cc1ccc(C2=C(c3cc4ccccc4s3)C3C=CC2C3)cc1,388.0,68.92,75.0,0.0001,NBD_QC_Functionalized,NBD_Combinatorial_M08_Aligned,RDKit_MMFF94_3D,NBD_DA_1281
CC1(C)C2C=CC1C(c1cc3ccccc3s1)=C2c1ccc(C#N)cc1,388.0,68.92,75.0,0.0001,NBD_QC_Functionalized,NBD_Combinatorial_M08_Aligned,RDKit_MMFF94_3D,NBD_DA_1282
CC1=CC2(C)CC1C(c1ccc(C#N)cc1)=C2c1cc2ccccc2s1,388.0,68.92,75.0,0.0001,NBD_QC_Functionalized,NBD_Combinatorial_M08_Aligned,RDKit_MMFF94_3D,NBD_DA_1283
O=[N+]([O-])c1ccc(C2=C(c3cc4ccccc4s3)C3C=CC2C3)cc1,393.0,80.5,75.0,0.0001,NBD_QC_Functionalized,NBD_Combinatorial_M08_Aligned,RDKit_MMFF94_3D,NBD_DA_1284
CC1(C)C2C=CC1C(c1cc3ccccc3s1)=C2c1ccc([N+](=O)[O-])cc1,393.0,68.77,75.0,0.0001,NBD_QC_Functionalized,NBD_Combinatorial_M08_Aligned,RDKit_MMFF94_3D,NBD_DA_1285
CC1=CC2(C)CC1C(c1ccc([N+](=O)[O-])cc1)=C2c1cc2ccccc2s1,393.0,68.77,75.0,0.0001,NBD_QC_Functionalized,NBD_Combinatorial_M08_Aligned,RDKit_MMFF94_3D,NBD_DA_1286
FC(F)(F)c1ccc(C2=C(c3cc4ccccc4s3)C3C=CC2C3)cc1,381.0,69.13,75.0,0.0001,NBD_QC_Functionalized,NBD_Combinatorial_M08_Aligned,RDKit_MMFF94_3D,NBD_DA_1287
CC1(C)C2C=CC1C(c1cc3ccccc3s1)=C2c1ccc(C(F)(F)F)cc1,381.0,61.5,75.0,0.0001,NBD_QC_Functionalized,NBD_Combinatorial_M08_Aligned,RDKit_MMFF94_3D,NBD_DA_1288
CC1=CC2(C)CC1C(c1ccc(C(F)(F)F)cc1)=C2c1cc2ccccc2s1,381.0,69.13,75.0,0.0001,NBD_QC_Functionalized,NBD_Combinatorial_M08_Aligned,RDKit_MMFF94_3D,NBD_DA_1289
O=C(C1=C(c2cc3ccccc3s2)C2C=CC1C2)c1ccccc1,378.0,40.55,75.0,0.0001,NBD_QC_Functionalized,NBD_Combinatorial_M08_Aligned,RDKit_MMFF94_3D,NBD_DA_1290
CC1(C)C2C=CC1C(c1cc3ccccc3s1)=C2C(=O)c1ccccc1,378.0,69.22,75.0,0.0001,NBD_QC_Functionalized,NBD_Combinatorial_M08_Aligned,RDKit_MMFF94_3D,NBD_DA_1291
CC1=CC2(C)CC1C(C(=O)c1ccccc1)=C2c1cc2ccccc2s1,378.0,68.5,75.0,0.0001,NBD_QC_Functionalized,NBD_Combinatorial_M08_Aligned,RDKit_MMFF94_3D,NBD_DA_1292
C1=CC2CC1C(c1ccccn1)=C2c1cc2ccccc2s1,371.0,32.24,75.0,0.0001,NBD_QC_Functionalized,NBD_Combinatorial_M08_Aligned,RDKit_MMFF94_3D,NBD_DA_1293
CC1(C)C2C=CC1C(c1cc3ccccc3s1)=C2c1ccccn1,371.0,69.43,75.0,0.0001,NBD_QC_Functionalized,NBD_Combinatorial_M08_Aligned,RDKit_MMFF94_3D,NBD_DA_1294
CC1=CC2(C)CC1C(c1ccccn1)=C2c1cc2ccccc2s1,371.0,77.5,75.0,0.0001,NBD_QC_Functionalized,NBD_Combinatorial_M08_Aligned,RDKit_MMFF94_3D,NBD_DA_1295
C1=CC2CC1C(c1ccncc1)=C2c1cc2ccccc2s1,373.0,64.5,75.0,0.0001,NBD_QC_Functionalized,NBD_Combinatorial_M08_Aligned,RDKit_MMFF94_3D,NBD_DA_1296
CC1(C)C2C=CC1C(c1cc3ccccc3s1)=C2c1ccncc1,373.0,69.37,75.0,0.0001,NBD_QC_Functionalized,NBD_Combinatorial_M08_Aligned,RDKit_MMFF94_3D,NBD_DA_1297
CC1=CC2(C)CC1C(c1ccncc1)=C2c1cc2ccccc2s1,373.0,75.5,75.0,0.0001,NBD_QC_Functionalized,NBD_Combinatorial_M08_Aligned,RDKit_MMFF94_3D,NBD_DA_1298
O=C(O)C1=C(c2cc3ccccc3s2)C2C=CC1C2,358.0,79.77,75.0,0.0001,NBD_QC_Functionalized,NBD_Combinatorial_M08_Aligned,RDKit_MMFF94_3D,NBD_DA_1299
CC1(C)C2C=CC1C(c1cc3ccccc3s1)=C2C(=O)O,358.0,59.5,75.0,0.0001,NBD_QC_Functionalized,NBD_Combinatorial_M08_Aligned,RDKit_MMFF94_3D,NBD_DA_1300
CC1=CC2(C)CC1C(C(=O)O)=C2c1cc2ccccc2s1,358.0,78.47,75.0,0.0001,NBD_QC_Functionalized,NBD_Combinatorial_M08_Aligned,RDKit_MMFF94_3D,NBD_DA_1301
CCCCC(CC)COC(=O)C1=C(c2cc3ccccc3s2)C2C=CC1C2,363.0,89.43,75.0,0.0001,NBD_QC_Functionalized,NBD_Combinatorial_M08_Aligned,RDKit_MMFF94_3D,NBD_DA_1302
CCCCC(CC)COC(=O)C1=C(c2cc3ccccc3s2)C2C=CC1C2(C)C,363.0,79.5,75.0,0.0001,NBD_QC_Functionalized,NBD_Combinatorial_M08_Aligned,RDKit_MMFF94_3D,NBD_DA_1303
CCCCC(CC)COC(=O)C1=C(c2cc3ccccc3s2)C2(C)C=C(C)C1C2,363.0,84.48,75.0,0.0001,NBD_QC_Functionalized,NBD_Combinatorial_M08_Aligned,RDKit_MMFF94_3D,NBD_DA_1304
N#Cc1cccc(C2=C(c3cc4ccccc4s3)C3C=CC2C3)c1,385.0,69.01,75.0,0.0001,NBD_QC_Functionalized,NBD_Combinatorial_M08_Aligned,RDKit_MMFF94_3D,NBD_DA_1305
CC1(C)C2C=CC1C(c1cc3ccccc3s1)=C2c1cccc(C#N)c1,385.0,69.01,75.0,0.0001,NBD_QC_Functionalized,NBD_Combinatorial_M08_Aligned,RDKit_MMFF94_3D,NBD_DA_1306
CC1=CC2(C)CC1C(c1cccc(C#N)c1)=C2c1cc2ccccc2s1,385.0,69.01,75.0,0.0001,NBD_QC_Functionalized,NBD_Combinatorial_M08_Aligned,RDKit_MMFF94_3D,NBD_DA_1307
CC(C)OC(=O)C1=C(c2cc3ccccc3s2)C2C=CC1C2,361.0,73.93,75.0,0.0001,NBD_QC_Functionalized,NBD_Combinatorial_M08_Aligned,RDKit_MMFF94_3D,NBD_DA_1308
CC(C)OC(=O)C1=C(c2cc3ccccc3s2)C2C=CC1C2(C)C,361.0,70.5,75.0,0.0001,NBD_QC_Functionalized,NBD_Combinatorial_M08_Aligned,RDKit_MMFF94_3D,NBD_DA_1309
CC1=CC2(C)CC1C(C(=O)OC(C)C)=C2c1cc2ccccc2s1,361.0,68.06,75.0,0.0001,NBD_QC_Functionalized,NBD_Combinatorial_M08_Aligned,RDKit_MMFF94_3D,NBD_DA_1310
O=S(=O)(C1=C(c2cc3ccccc3s2)C2C=CC1C2)c1ccccc1,375.0,65.5,75.0,0.0001,NBD_QC_Functionalized,NBD_Combinatorial_M08_Aligned,RDKit_MMFF94_3D,NBD_DA_1311
CC1(C)C2C=CC1C(S(=O)(=O)c1ccccc1)=C2c1cc2ccccc2s1,375.0,68.5,75.0,0.0001,NBD_QC_Functionalized,NBD_Combinatorial_M08_Aligned,RDKit_MMFF94_3D,NBD_DA_1312
CC1=CC2(C)CC1C(S(=O)(=O)c1ccccc1)=C2c1cc2ccccc2s1,375.0,71.5,75.0,0.0001,NBD_QC_Functionalized,NBD_Combinatorial_M08_Aligned,RDKit_MMFF94_3D,NBD_DA_1313
C1=CC2CC1C(c1cc3ccccc3s1)=C2c1nccs1,369.0,78.5,75.0,0.0001,NBD_QC_Functionalized,NBD_Combinatorial_M08_Aligned,RDKit_MMFF94_3D,NBD_DA_1314
CC1(C)C2C=CC1C(c1nccs1)=C2c1cc2ccccc2s1,369.0,69.49,75.0,0.0001,NBD_QC_Functionalized,NBD_Combinatorial_M08_Aligned,RDKit_MMFF94_3D,NBD_DA_1315
CC1=CC2(C)CC1C(c1nccs1)=C2c1cc2ccccc2s1,369.0,61.5,75.0,0.0001,NBD_QC_Functionalized,NBD_Combinatorial_M08_Aligned,RDKit_MMFF94_3D,NBD_DA_1316
CCNC(=O)C1=C(c2cc3ccccc3s2)C2C=CC1C2,359.0,59.5,75.0,0.0001,NBD_QC_Functionalized,NBD_Combinatorial_M08_Aligned,RDKit_MMFF94_3D,NBD_DA_1317
CCNC(=O)C1=C(c2cc3ccccc3s2)C2C=CC1C2(C)C,359.0,69.79,75.0,0.0001,NBD_QC_Functionalized,NBD_Combinatorial_M08_Aligned,RDKit_MMFF94_3D,NBD_DA_1318
CCNC(=O)C1=C(c2cc3ccccc3s2)C2(C)C=C(C)C1C2,359.0,45.35,75.0,0.0001,NBD_QC_Functionalized,NBD_Combinatorial_M08_Aligned,RDKit_MMFF94_3D,NBD_DA_1319
N#CC1=C(c2cc3ccccc3o2)C2C=CC1C2,352.0,98.73,75.0,0.0001,NBD_QC_Functionalized,NBD_Combinatorial_M08_Aligned,RDKit_MMFF94_3D,NBD_DA_1320
CC1(C)C2C=CC1C(c1cc3ccccc3o1)=C2C#N,352.0,62.5,75.0,0.0001,NBD_QC_Functionalized,NBD_Combinatorial_M08_Aligned,RDKit_MMFF94_3D,NBD_DA_1321
CC1=CC2(C)CC1C(C#N)=C2c1cc2ccccc2o1,352.0,95.41,75.0,0.0001,NBD_QC_Functionalized,NBD_Combinatorial_M08_Aligned,RDKit_MMFF94_3D,NBD_DA_1322
COC(=O)C1=C(c2cc3ccccc3o2)C2C=CC1C2,355.0,95.3,75.0,0.0001,NBD_QC_Functionalized,NBD_Combinatorial_M08_Aligned,RDKit_MMFF94_3D,NBD_DA_1323
COC(=O)C1=C(c2cc3ccccc3o2)C2C=CC1C2(C)C,355.0,40.43,75.0,0.0001,NBD_QC_Functionalized,NBD_Combinatorial_M08_Aligned,RDKit_MMFF94_3D,NBD_DA_1324
COC(=O)C1=C(c2cc3ccccc3o2)C2(C)C=C(C)C1C2,355.0,85.78,75.0,0.0001,NBD_QC_Functionalized,NBD_Combinatorial_M08_Aligned,RDKit_MMFF94_3D,NBD_DA_1325
CCOC(=O)C1=C(c2cc3ccccc3o2)C2C=CC1C2,355.0,99.76,75.0,0.0001,NBD_QC_Functionalized,NBD_Combinatorial_M08_Aligned,RDKit_MMFF94_3D,NBD_DA_1326
CCOC(=O)C1=C(c2cc3ccccc3o2)C2C=CC1C2(C)C,355.0,77.5,75.0,0.0001,NBD_QC_Functionalized,NBD_Combinatorial_M08_Aligned,RDKit_MMFF94_3D,NBD_DA_1327
CCOC(=O)C1=C(c2cc3ccccc3o2)C2(C)C=C(C)C1C2,355.0,85.56,75.0,0.0001,NBD_QC_Functionalized,NBD_Combinatorial_M08_Aligned,RDKit_MMFF94_3D,NBD_DA_1328
CC(=O)C1=C(c2cc3ccccc3o2)C2C=CC1C2,357.0,76.53,75.0,0.0001,NBD_QC_Functionalized,NBD_Combinatorial_M08_Aligned,RDKit_MMFF94_3D,NBD_DA_1329
CC(=O)C1=C(c2cc3ccccc3o2)C2C=CC1C2(C)C,357.0,75.5,75.0,0.0001,NBD_QC_Functionalized,NBD_Combinatorial_M08_Aligned,RDKit_MMFF94_3D,NBD_DA_1330
CC(=O)C1=C(c2cc3ccccc3o2)C2(C)C=C(C)C1C2,357.0,70.84,75.0,0.0001,NBD_QC_Functionalized,NBD_Combinatorial_M08_Aligned,RDKit_MMFF94_3D,NBD_DA_1331
FC(F)(F)C1=C(c2cc3ccccc3o2)C2C=CC1C2,342.0,63.5,75.0,0.0001,NBD_QC_Functionalized,NBD_Combinatorial_M08_Aligned,RDKit_MMFF94_3D,NBD_DA_1332
CC1(C)C2C=CC1C(C(F)(F)F)=C2c1cc2ccccc2o1,342.0,101.33,75.0,0.0001,NBD_QC_Functionalized,NBD_Combinatorial_M08_Aligned,RDKit_MMFF94_3D,NBD_DA_1333
CC1=CC2(C)CC1C(C(F)(F)F)=C2c1cc2ccccc2o1,342.0,82.5,75.0,0.0001,NBD_QC_Functionalized,NBD_Combinatorial_M08_Aligned,RDKit_MMFF94_3D,NBD_DA_1334
CS(=O)(=O)C1=C(c2cc3ccccc3o2)C2C=CC1C2,347.0,70.5,75.0,0.0001,NBD_QC_Functionalized,NBD_Combinatorial_M08_Aligned,RDKit_MMFF94_3D,NBD_DA_1335
CC1(C)C2C=CC1C(S(C)(=O)=O)=C2c1cc2ccccc2o1,347.0,128.51,75.0,0.0001,NBD_QC_Functionalized,NBD_Combinatorial_M08_Aligned,RDKit_MMFF94_3D,NBD_DA_1336
CC1=CC2(C)CC1C(S(C)(=O)=O)=C2c1cc2ccccc2o1,347.0,62.5,75.0,0.0001,NBD_QC_Functionalized,NBD_Combinatorial_M08_Aligned,RDKit_MMFF94_3D,NBD_DA_1337
NC(=O)C1=C(c2cc3ccccc3o2)C2C=CC1C2,351.0,84.45,75.0,0.0001,NBD_QC_Functionalized,NBD_Combinatorial_M08_Aligned,RDKit_MMFF94_3D,NBD_DA_1338
CC1(C)C2C=CC1C(c1cc3ccccc3o1)=C2C(N)=O,351.0,32.98,75.0,0.0001,NBD_QC_Functionalized,NBD_Combinatorial_M08_Aligned,RDKit_MMFF94_3D,NBD_DA_1339
CC1=CC2(C)CC1C(C(N)=O)=C2c1cc2ccccc2o1,351.0,82.17,75.0,0.0001,NBD_QC_Functionalized,NBD_Combinatorial_M08_Aligned,RDKit_MMFF94_3D,NBD_DA_1340
N#Cc1ccc(C2=C(c3cc4ccccc4o3)C3C=CC2C3)cc1,382.0,68.62,75.0,0.0001,NBD_QC_Functionalized,NBD_Combinatorial_M08_Aligned,RDKit_MMFF94_3D,NBD_DA_1341
CC1(C)C2C=CC1C(c1cc3ccccc3o1)=C2c1ccc(C#N)cc1,382.0,68.62,75.0,0.0001,NBD_QC_Functionalized,NBD_Combinatorial_M08_Aligned,RDKit_MMFF94_3D,NBD_DA_1342
CC1=CC2(C)CC1C(c1ccc(C#N)cc1)=C2c1cc2ccccc2o1,382.0,68.62,75.0,0.0001,NBD_QC_Functionalized,NBD_Combinatorial_M08_Aligned,RDKit_MMFF94_3D,NBD_DA_1343
O=[N+]([O-])c1ccc(C2=C(c3cc4ccccc4o3)C3C=CC2C3)cc1,387.0,79.5,75.0,0.0001,NBD_QC_Functionalized,NBD_Combinatorial_M08_Aligned,RDKit_MMFF94_3D,NBD_DA_1344
CC1(C)C2C=CC1C(c1cc3ccccc3o1)=C2c1ccc([N+](=O)[O-])cc1,387.0,68.47,75.0,0.0001,NBD_QC_Functionalized,NBD_Combinatorial_M08_Aligned,RDKit_MMFF94_3D,NBD_DA_1345
CC1=CC2(C)CC1C(c1ccc([N+](=O)[O-])cc1)=C2c1cc2ccccc2o1,387.0,80.5,75.0,0.0001,NBD_QC_Functionalized,NBD_Combinatorial_M08_Aligned,RDKit_MMFF94_3D,NBD_DA_1346
FC(F)(F)c1ccc(C2=C(c3cc4ccccc4o3)C3C=CC2C3)cc1,375.0,60.5,75.0,0.0001,NBD_QC_Functionalized,NBD_Combinatorial_M08_Aligned,RDKit_MMFF94_3D,NBD_DA_1347
CC1(C)C2C=CC1C(c1cc3ccccc3o1)=C2c1ccc(C(F)(F)F)cc1,375.0,68.83,75.0,0.0001,NBD_QC_Functionalized,NBD_Combinatorial_M08_Aligned,RDKit_MMFF94_3D,NBD_DA_1348
CC1=CC2(C)CC1C(c1ccc(C(F)(F)F)cc1)=C2c1cc2ccccc2o1,375.0,68.83,75.0,0.0001,NBD_QC_Functionalized,NBD_Combinatorial_M08_Aligned,RDKit_MMFF94_3D,NBD_DA_1349
O=C(C1=C(c2cc3ccccc3o2)C2C=CC1C2)c1ccccc1,372.0,72.39,75.0,0.0001,NBD_QC_Functionalized,NBD_Combinatorial_M08_Aligned,RDKit_MMFF94_3D,NBD_DA_1350
CC1(C)C2C=CC1C(c1cc3ccccc3o1)=C2C(=O)c1ccccc1,372.0,67.5,75.0,0.0001,NBD_QC_Functionalized,NBD_Combinatorial_M08_Aligned,RDKit_MMFF94_3D,NBD_DA_1351
CC1=CC2(C)CC1C(C(=O)c1ccccc1)=C2c1cc2ccccc2o1,372.0,62.5,75.0,0.0001,NBD_QC_Functionalized,NBD_Combinatorial_M08_Aligned,RDKit_MMFF94_3D,NBD_DA_1352
C1=CC2CC1C(c1ccccn1)=C2c1cc2ccccc2o1,365.0,61.37,75.0,0.0001,NBD_QC_Functionalized,NBD_Combinatorial_M08_Aligned,RDKit_MMFF94_3D,NBD_DA_1353
CC1(C)C2C=CC1C(c1cc3ccccc3o1)=C2c1ccccn1,365.0,69.13,75.0,0.0001,NBD_QC_Functionalized,NBD_Combinatorial_M08_Aligned,RDKit_MMFF94_3D,NBD_DA_1354
CC1=CC2(C)CC1C(c1ccccn1)=C2c1cc2ccccc2o1,365.0,65.5,75.0,0.0001,NBD_QC_Functionalized,NBD_Combinatorial_M08_Aligned,RDKit_MMFF94_3D,NBD_DA_1355
C1=CC2CC1C(c1ccncc1)=C2c1cc2ccccc2o1,367.0,67.5,75.0,0.0001,NBD_QC_Functionalized,NBD_Combinatorial_M08_Aligned,RDKit_MMFF94_3D,NBD_DA_1356
CC1(C)C2C=CC1C(c1cc3ccccc3o1)=C2c1ccncc1,367.0,69.07,75.0,0.0001,NBD_QC_Functionalized,NBD_Combinatorial_M08_Aligned,RDKit_MMFF94_3D,NBD_DA_1357
CC1=CC2(C)CC1C(c1ccncc1)=C2c1cc2ccccc2o1,367.0,74.5,75.0,0.0001,NBD_QC_Functionalized,NBD_Combinatorial_M08_Aligned,RDKit_MMFF94_3D,NBD_DA_1358
O=C(O)C1=C(c2cc3ccccc3o2)C2C=CC1C2,352.0,97.33,75.0,0.0001,NBD_QC_Functionalized,NBD_Combinatorial_M08_Aligned,RDKit_MMFF94_3D,NBD_DA_1359
CC1(C)C2C=CC1C(c1cc3ccccc3o1)=C2C(=O)O,352.0,31.48,75.0,0.0001,NBD_QC_Functionalized,NBD_Combinatorial_M08_Aligned,RDKit_MMFF94_3D,NBD_DA_1360
CC1=CC2(C)CC1C(C(=O)O)=C2c1cc2ccccc2o1,352.0,94.78,75.0,0.0001,NBD_QC_Functionalized,NBD_Combinatorial_M08_Aligned,RDKit_MMFF94_3D,NBD_DA_1361
CCCCC(CC)COC(=O)C1=C(c2cc3ccccc3o2)C2C=CC1C2,357.0,97.63,75.0,0.0001,NBD_QC_Functionalized,NBD_Combinatorial_M08_Aligned,RDKit_MMFF94_3D,NBD_DA_1362
CCCCC(CC)COC(=O)C1=C(c2cc3ccccc3o2)C2C=CC1C2(C)C,357.0,36.71,75.0,0.0001,NBD_QC_Functionalized,NBD_Combinatorial_M08_Aligned,RDKit_MMFF94_3D,NBD_DA_1363
CCCCC(CC)COC(=O)C1=C(c2cc3ccccc3o2)C2(C)C=C(C)C1C2,357.0,106.26,75.0,0.0001,NBD_QC_Functionalized,NBD_Combinatorial_M08_Aligned,RDKit_MMFF94_3D,NBD_DA_1364
N#Cc1cccc(C2=C(c3cc4ccccc4o3)C3C=CC2C3)c1,379.0,66.5,75.0,0.0001,NBD_QC_Functionalized,NBD_Combinatorial_M08_Aligned,RDKit_MMFF94_3D,NBD_DA_1365
CC1(C)C2C=CC1C(c1cc3ccccc3o1)=C2c1cccc(C#N)c1,379.0,68.71,75.0,0.0001,NBD_QC_Functionalized,NBD_Combinatorial_M08_Aligned,RDKit_MMFF94_3D,NBD_DA_1366
CC1=CC2(C)CC1C(c1cccc(C#N)c1)=C2c1cc2ccccc2o1,379.0,63.5,75.0,0.0001,NBD_QC_Functionalized,NBD_Combinatorial_M08_Aligned,RDKit_MMFF94_3D,NBD_DA_1367
CC(C)OC(=O)C1=C(c2cc3ccccc3o2)C2C=CC1C2,355.0,98.1,75.0,0.0001,NBD_QC_Functionalized,NBD_Combinatorial_M08_Aligned,RDKit_MMFF94_3D,NBD_DA_1368
CC(C)OC(=O)C1=C(c2cc3ccccc3o2)C2C=CC1C2(C)C,355.0,38.16,75.0,0.0001,NBD_QC_Functionalized,NBD_Combinatorial_M08_Aligned,RDKit_MMFF94_3D,NBD_DA_1369
CC1=CC2(C)CC1C(C(=O)OC(C)C)=C2c1cc2ccccc2o1,355.0,88.67,75.0,0.0001,NBD_QC_Functionalized,NBD_Combinatorial_M08_Aligned,RDKit_MMFF94_3D,NBD_DA_1370
O=S(=O)(C1=C(c2cc3ccccc3o2)C2C=CC1C2)c1ccccc1,369.0,81.5,75.0,0.0001,NBD_QC_Functionalized,NBD_Combinatorial_M08_Aligned,RDKit_MMFF94_3D,NBD_DA_1371
CC1(C)C2C=CC1C(S(=O)(=O)c1ccccc1)=C2c1cc2ccccc2o1,369.0,65.5,75.0,0.0001,NBD_QC_Functionalized,NBD_Combinatorial_M08_Aligned,RDKit_MMFF94_3D,NBD_DA_1372
CC1=CC2(C)CC1C(S(=O)(=O)c1ccccc1)=C2c1cc2ccccc2o1,369.0,70.5,75.0,0.0001,NBD_QC_Functionalized,NBD_Combinatorial_M08_Aligned,RDKit_MMFF94_3D,NBD_DA_1373
C1=CC2CC1C(c1cc3ccccc3o1)=C2c1nccs1,363.0,38.51,75.0,0.0001,NBD_QC_Functionalized,NBD_Combinatorial_M08_Aligned,RDKit_MMFF94_3D,NBD_DA_1374
CC1(C)C2C=CC1C(c1nccs1)=C2c1cc2ccccc2o1,363.0,69.19,75.0,0.0001,NBD_QC_Functionalized,NBD_Combinatorial_M08_Aligned,RDKit_MMFF94_3D,NBD_DA_1375
CC1=CC2(C)CC1C(c1nccs1)=C2c1cc2ccccc2o1,363.0,36.77,75.0,0.0001,NBD_QC_Functionalized,NBD_Combinatorial_M08_Aligned,RDKit_MMFF94_3D,NBD_DA_1376
CCNC(=O)C1=C(c2cc3ccccc3o2)C2C=CC1C2,353.0,74.5,75.0,0.0001,NBD_QC_Functionalized,NBD_Combinatorial_M08_Aligned,RDKit_MMFF94_3D,NBD_DA_1377
CCNC(=O)C1=C(c2cc3ccccc3o2)C2C=CC1C2(C)C,353.0,75.5,75.0,0.0001,NBD_QC_Functionalized,NBD_Combinatorial_M08_Aligned,RDKit_MMFF94_3D,NBD_DA_1378
CCNC(=O)C1=C(c2cc3ccccc3o2)C2(C)C=C(C)C1C2,353.0,69.13,75.0,0.0001,NBD_QC_Functionalized,NBD_Combinatorial_M08_Aligned,RDKit_MMFF94_3D,NBD_DA_1379
N#CC1=C(c2cc(F)cc(F)c2)C2C=CC1C2,325.0,68.55,75.0,0.0001,NBD_QC_Functionalized,NBD_Combinatorial_M08_Aligned,RDKit_MMFF94_3D,NBD_DA_1380
CC1(C)C2C=CC1C(c1cc(F)cc(F)c1)=C2C#N,325.0,62.5,75.0,0.0001,NBD_QC_Functionalized,NBD_Combinatorial_M08_Aligned,RDKit_MMFF94_3D,NBD_DA_1381
CC1=CC2(C)CC1C(C#N)=C2c1cc(F)cc(F)c1,325.0,61.2,75.0,0.0001,NBD_QC_Functionalized,NBD_Combinatorial_M08_Aligned,RDKit_MMFF94_3D,NBD_DA_1382
COC(=O)C1=C(c2cc(F)cc(F)c2)C2C=CC1C2,328.0,71.12,75.0,0.0001,NBD_QC_Functionalized,NBD_Combinatorial_M08_Aligned,RDKit_MMFF94_3D,NBD_DA_1383
COC(=O)C1=C(c2cc(F)cc(F)c2)C2C=CC1C2(C)C,328.0,66.5,75.0,0.0001,NBD_QC_Functionalized,NBD_Combinatorial_M08_Aligned,RDKit_MMFF94_3D,NBD_DA_1384
COC(=O)C1=C(c2cc(F)cc(F)c2)C2(C)C=C(C)C1C2,328.0,65.61,75.0,0.0001,NBD_QC_Functionalized,NBD_Combinatorial_M08_Aligned,RDKit_MMFF94_3D,NBD_DA_1385
CCOC(=O)C1=C(c2cc(F)cc(F)c2)C2C=CC1C2,328.0,70.56,75.0,0.0001,NBD_QC_Functionalized,NBD_Combinatorial_M08_Aligned,RDKit_MMFF94_3D,NBD_DA_1386
CCOC(=O)C1=C(c2cc(F)cc(F)c2)C2C=CC1C2(C)C,328.0,78.5,75.0,0.0001,NBD_QC_Functionalized,NBD_Combinatorial_M08_Aligned,RDKit_MMFF94_3D,NBD_DA_1387
CCOC(=O)C1=C(c2cc(F)cc(F)c2)C2(C)C=C(C)C1C2,328.0,60.71,75.0,0.0001,NBD_QC_Functionalized,NBD_Combinatorial_M08_Aligned,RDKit_MMFF94_3D,NBD_DA_1388
CC(=O)C1=C(c2cc(F)cc(F)c2)C2C=CC1C2,330.0,42.2,75.0,0.0001,NBD_QC_Functionalized,NBD_Combinatorial_M08_Aligned,RDKit_MMFF94_3D,NBD_DA_1389
CC(=O)C1=C(c2cc(F)cc(F)c2)C2C=CC1C2(C)C,330.0,61.5,75.0,0.0001,NBD_QC_Functionalized,NBD_Combinatorial_M08_Aligned,RDKit_MMFF94_3D,NBD_DA_1390
CC(=O)C1=C(c2cc(F)cc(F)c2)C2(C)C=C(C)C1C2,330.0,70.5,75.0,0.0001,NBD_QC_Functionalized,NBD_Combinatorial_M08_Aligned,RDKit_MMFF94_3D,NBD_DA_1391
Fc1cc(F)cc(C2=C(C(F)(F)F)C3C=CC2C3)c1,315.0,138.74,75.0,0.0001,NBD_QC_Functionalized,NBD_Combinatorial_M08_Aligned,RDKit_MMFF94_3D,NBD_DA_1392
CC1(C)C2C=CC1C(C(F)(F)F)=C2c1cc(F)cc(F)c1,315.0,71.5,75.0,0.0001,NBD_QC_Functionalized,NBD_Combinatorial_M08_Aligned,RDKit_MMFF94_3D,NBD_DA_1393
CC1=CC2(C)CC1C(C(F)(F)F)=C2c1cc(F)cc(F)c1,315.0,130.07,75.0,0.0001,NBD_QC_Functionalized,NBD_Combinatorial_M08_Aligned,RDKit_MMFF94_3D,NBD_DA_1394
CS(=O)(=O)C1=C(c2cc(F)cc(F)c2)C2C=CC1C2,320.0,149.96,75.0,0.0001,NBD_QC_Functionalized,NBD_Combinatorial_M08_Aligned,RDKit_MMFF94_3D,NBD_DA_1395
CC1(C)C2C=CC1C(S(C)(=O)=O)=C2c1cc(F)cc(F)c1,320.0,101.02,75.0,0.0001,NBD_QC_Functionalized,NBD_Combinatorial_M08_Aligned,RDKit_MMFF94_3D,NBD_DA_1396
CC1=CC2(C)CC1C(S(C)(=O)=O)=C2c1cc(F)cc(F)c1,320.0,78.5,75.0,0.0001,NBD_QC_Functionalized,NBD_Combinatorial_M08_Aligned,RDKit_MMFF94_3D,NBD_DA_1397
NC(=O)C1=C(c2cc(F)cc(F)c2)C2C=CC1C2,324.0,63.09,75.0,0.0001,NBD_QC_Functionalized,NBD_Combinatorial_M08_Aligned,RDKit_MMFF94_3D,NBD_DA_1398
CC1(C)C2C=CC1C(c1cc(F)cc(F)c1)=C2C(N)=O,324.0,68.2,75.0,0.0001,NBD_QC_Functionalized,NBD_Combinatorial_M08_Aligned,RDKit_MMFF94_3D,NBD_DA_1399
CC1=CC2(C)CC1C(C(N)=O)=C2c1cc(F)cc(F)c1,324.0,50.86,75.0,0.0001,NBD_QC_Functionalized,NBD_Combinatorial_M08_Aligned,RDKit_MMFF94_3D,NBD_DA_1400
N#Cc1ccc(C2=C(c3cc(F)cc(F)c3)C3C=CC2C3)cc1,355.0,67.27,75.0,0.0001,NBD_QC_Functionalized,NBD_Combinatorial_M08_Aligned,RDKit_MMFF94_3D,NBD_DA_1401
CC1(C)C2C=CC1C(c1cc(F)cc(F)c1)=C2c1ccc(C#N)cc1,355.0,67.27,75.0,0.0001,NBD_QC_Functionalized,NBD_Combinatorial_M08_Aligned,RDKit_MMFF94_3D,NBD_DA_1402
CC1=CC2(C)CC1C(c1ccc(C#N)cc1)=C2c1cc(F)cc(F)c1,355.0,67.27,75.0,0.0001,NBD_QC_Functionalized,NBD_Combinatorial_M08_Aligned,RDKit_MMFF94_3D,NBD_DA_1403
O=[N+]([O-])c1ccc(C2=C(c3cc(F)cc(F)c3)C3C=CC2C3)cc1,360.0,67.12,75.0,0.0001,NBD_QC_Functionalized,NBD_Combinatorial_M08_Aligned,RDKit_MMFF94_3D,NBD_DA_1404
CC1(C)C2C=CC1C(c1cc(F)cc(F)c1)=C2c1ccc([N+](=O)[O-])cc1,360.0,67.12,75.0,0.0001,NBD_QC_Functionalized,NBD_Combinatorial_M08_Aligned,RDKit_MMFF94_3D,NBD_DA_1405
CC1=CC2(C)CC1C(c1ccc([N+](=O)[O-])cc1)=C2c1cc(F)cc(F)c1,360.0,79.5,75.0,0.0001,NBD_QC_Functionalized,NBD_Combinatorial_M08_Aligned,RDKit_MMFF94_3D,NBD_DA_1406
Fc1cc(F)cc(C2=C(c3ccc(C(F)(F)F)cc3)C3C=CC2C3)c1,348.0,67.48,75.0,0.0001,NBD_QC_Functionalized,NBD_Combinatorial_M08_Aligned,RDKit_MMFF94_3D,NBD_DA_1407
CC1(C)C2C=CC1C(c1cc(F)cc(F)c1)=C2c1ccc(C(F)(F)F)cc1,348.0,67.48,75.0,0.0001,NBD_QC_Functionalized,NBD_Combinatorial_M08_Aligned,RDKit_MMFF94_3D,NBD_DA_1408
CC1=CC2(C)CC1C(c1ccc(C(F)(F)F)cc1)=C2c1cc(F)cc(F)c1,348.0,59.5,75.0,0.0001,NBD_QC_Functionalized,NBD_Combinatorial_M08_Aligned,RDKit_MMFF94_3D,NBD_DA_1409
O=C(C1=C(c2cc(F)cc(F)c2)C2C=CC1C2)c1ccccc1,345.0,51.83,75.0,0.0001,NBD_QC_Functionalized,NBD_Combinatorial_M08_Aligned,RDKit_MMFF94_3D,NBD_DA_1410
CC1(C)C2C=CC1C(c1cc(F)cc(F)c1)=C2C(=O)c1ccccc1,345.0,75.5,75.0,0.0001,NBD_QC_Functionalized,NBD_Combinatorial_M08_Aligned,RDKit_MMFF94_3D,NBD_DA_1411
CC1=CC2(C)CC1C(C(=O)c1ccccc1)=C2c1cc(F)cc(F)c1,345.0,34.27,75.0,0.0001,NBD_QC_Functionalized,NBD_Combinatorial_M08_Aligned,RDKit_MMFF94_3D,NBD_DA_1412
Fc1cc(F)cc(C2=C(c3ccccn3)C3C=CC2C3)c1,338.0,77.5,75.0,0.0001,NBD_QC_Functionalized,NBD_Combinatorial_M08_Aligned,RDKit_MMFF94_3D,NBD_DA_1413
CC1(C)C2C=CC1C(c1ccccn1)=C2c1cc(F)cc(F)c1,338.0,74.5,75.0,0.0001,NBD_QC_Functionalized,NBD_Combinatorial_M08_Aligned,RDKit_MMFF94_3D,NBD_DA_1414
CC1=CC2(C)CC1C(c1ccccn1)=C2c1cc(F)cc(F)c1,338.0,58.5,75.0,0.0001,NBD_QC_Functionalized,NBD_Combinatorial_M08_Aligned,RDKit_MMFF94_3D,NBD_DA_1415
Fc1cc(F)cc(C2=C(c3ccncc3)C3C=CC2C3)c1,340.0,67.72,75.0,0.0001,NBD_QC_Functionalized,NBD_Combinatorial_M08_Aligned,RDKit_MMFF94_3D,NBD_DA_1416
CC1(C)C2C=CC1C(c1cc(F)cc(F)c1)=C2c1ccncc1,340.0,67.72,75.0,0.0001,NBD_QC_Functionalized,NBD_Combinatorial_M08_Aligned,RDKit_MMFF94_3D,NBD_DA_1417
CC1=CC2(C)CC1C(c1ccncc1)=C2c1cc(F)cc(F)c1,340.0,67.72,75.0,0.0001,NBD_QC_Functionalized,NBD_Combinatorial_M08_Aligned,RDKit_MMFF94_3D,NBD_DA_1418
O=C(O)C1=C(c2cc(F)cc(F)c2)C2C=CC1C2,325.0,73.78,75.0,0.0001,NBD_QC_Functionalized,NBD_Combinatorial_M08_Aligned,RDKit_MMFF94_3D,NBD_DA_1419
CC1(C)C2C=CC1C(c1cc(F)cc(F)c1)=C2C(=O)O,325.0,64.5,75.0,0.0001,NBD_QC_Functionalized,NBD_Combinatorial_M08_Aligned,RDKit_MMFF94_3D,NBD_DA_1420
CC1=CC2(C)CC1C(C(=O)O)=C2c1cc(F)cc(F)c1,325.0,68.69,75.0,0.0001,NBD_QC_Functionalized,NBD_Combinatorial_M08_Aligned,RDKit_MMFF94_3D,NBD_DA_1421
CCCCC(CC)COC(=O)C1=C(c2cc(F)cc(F)c2)C2C=CC1C2,330.0,75.49,75.0,0.0001,NBD_QC_Functionalized,NBD_Combinatorial_M08_Aligned,RDKit_MMFF94_3D,NBD_DA_1422
CCCCC(CC)COC(=O)C1=C(c2cc(F)cc(F)c2)C2C=CC1C2(C)C,330.0,78.5,75.0,0.0001,NBD_QC_Functionalized,NBD_Combinatorial_M08_Aligned,RDKit_MMFF94_3D,NBD_DA_1423
CCCCC(CC)COC(=O)C1=C(c2cc(F)cc(F)c2)C2(C)C=C(C)C1C2,330.0,66.72,75.0,0.0001,NBD_QC_Functionalized,NBD_Combinatorial_M08_Aligned,RDKit_MMFF94_3D,NBD_DA_1424
N#Cc1cccc(C2=C(c3cc(F)cc(F)c3)C3C=CC2C3)c1,352.0,67.36,75.0,0.0001,NBD_QC_Functionalized,NBD_Combinatorial_M08_Aligned,RDKit_MMFF94_3D,NBD_DA_1425
CC1(C)C2C=CC1C(c1cccc(C#N)c1)=C2c1cc(F)cc(F)c1,352.0,67.36,75.0,0.0001,NBD_QC_Functionalized,NBD_Combinatorial_M08_Aligned,RDKit_MMFF94_3D,NBD_DA_1426
CC1=CC2(C)CC1C(c1cccc(C#N)c1)=C2c1cc(F)cc(F)c1,352.0,67.36,75.0,0.0001,NBD_QC_Functionalized,NBD_Combinatorial_M08_Aligned,RDKit_MMFF94_3D,NBD_DA_1427
CC(C)OC(=O)C1=C(c2cc(F)cc(F)c2)C2C=CC1C2,328.0,75.24,75.0,0.0001,NBD_QC_Functionalized,NBD_Combinatorial_M08_Aligned,RDKit_MMFF94_3D,NBD_DA_1428
CC(C)OC(=O)C1=C(c2cc(F)cc(F)c2)C2C=CC1C2(C)C,328.0,65.5,75.0,0.0001,NBD_QC_Functionalized,NBD_Combinatorial_M08_Aligned,RDKit_MMFF94_3D,NBD_DA_1429
CC1=CC2(C)CC1C(C(=O)OC(C)C)=C2c1cc(F)cc(F)c1,328.0,59.61,75.0,0.0001,NBD_QC_Functionalized,NBD_Combinatorial_M08_Aligned,RDKit_MMFF94_3D,NBD_DA_1430
O=S(=O)(C1=C(c2cc(F)cc(F)c2)C2C=CC1C2)c1ccccc1,342.0,61.5,75.0,0.0001,NBD_QC_Functionalized,NBD_Combinatorial_M08_Aligned,RDKit_MMFF94_3D,NBD_DA_1431
CC1(C)C2C=CC1C(S(=O)(=O)c1ccccc1)=C2c1cc(F)cc(F)c1,342.0,100.17,75.0,0.0001,NBD_QC_Functionalized,NBD_Combinatorial_M08_Aligned,RDKit_MMFF94_3D,NBD_DA_1432
CC1=CC2(C)CC1C(S(=O)(=O)c1ccccc1)=C2c1cc(F)cc(F)c1,342.0,58.5,75.0,0.0001,NBD_QC_Functionalized,NBD_Combinatorial_M08_Aligned,RDKit_MMFF94_3D,NBD_DA_1433
Fc1cc(F)cc(C2=C(c3nccs3)C3C=CC2C3)c1,336.0,79.5,75.0,0.0001,NBD_QC_Functionalized,NBD_Combinatorial_M08_Aligned,RDKit_MMFF94_3D,NBD_DA_1434
CC1(C)C2C=CC1C(c1nccs1)=C2c1cc(F)cc(F)c1,336.0,75.5,75.0,0.0001,NBD_QC_Functionalized,NBD_Combinatorial_M08_Aligned,RDKit_MMFF94_3D,NBD_DA_1435
CC1=CC2(C)CC1C(c1nccs1)=C2c1cc(F)cc(F)c1,336.0,61.5,75.0,0.0001,NBD_QC_Functionalized,NBD_Combinatorial_M08_Aligned,RDKit_MMFF94_3D,NBD_DA_1436
CCNC(=O)C1=C(c2cc(F)cc(F)c2)C2C=CC1C2,326.0,73.47,75.0,0.0001,NBD_QC_Functionalized,NBD_Combinatorial_M08_Aligned,RDKit_MMFF94_3D,NBD_DA_1437
CCNC(=O)C1=C(c2cc(F)cc(F)c2)C2C=CC1C2(C)C,326.0,73.5,75.0,0.0001,NBD_QC_Functionalized,NBD_Combinatorial_M08_Aligned,RDKit_MMFF94_3D,NBD_DA_1438
CCNC(=O)C1=C(c2cc(F)cc(F)c2)C2(C)C=C(C)C1C2,326.0,51.25,75.0,0.0001,NBD_QC_Functionalized,NBD_Combinatorial_M08_Aligned,RDKit_MMFF94_3D,NBD_DA_1439
CC(=O)Nc1ccc(C2=C(C#N)C3C=CC2C3)cc1,345.0,62.4,75.0,0.0001,NBD_QC_Functionalized,NBD_Combinatorial_M08_Aligned,RDKit_MMFF94_3D,NBD_DA_1440
CC(=O)Nc1ccc(C2=C(C#N)C3C=CC2C3(C)C)cc1,345.0,76.5,75.0,0.0001,NBD_QC_Functionalized,NBD_Combinatorial_M08_Aligned,RDKit_MMFF94_3D,NBD_DA_1441
CC(=O)Nc1ccc(C2=C(C#N)C3CC2(C)C=C3C)cc1,345.0,60.72,75.0,0.0001,NBD_QC_Functionalized,NBD_Combinatorial_M08_Aligned,RDKit_MMFF94_3D,NBD_DA_1442
COC(=O)C1=C(c2ccc(NC(C)=O)cc2)C2C=CC1C2,348.0,61.92,75.0,0.0001,NBD_QC_Functionalized,NBD_Combinatorial_M08_Aligned,RDKit_MMFF94_3D,NBD_DA_1443
COC(=O)C1=C(c2ccc(NC(C)=O)cc2)C2C=CC1C2(C)C,348.0,72.5,75.0,0.0001,NBD_QC_Functionalized,NBD_Combinatorial_M08_Aligned,RDKit_MMFF94_3D,NBD_DA_1444
COC(=O)C1=C(c2ccc(NC(C)=O)cc2)C2(C)C=C(C)C1C2,348.0,58.53,75.0,0.0001,NBD_QC_Functionalized,NBD_Combinatorial_M08_Aligned,RDKit_MMFF94_3D,NBD_DA_1445
CCOC(=O)C1=C(c2ccc(NC(C)=O)cc2)C2C=CC1C2,348.0,59.4,75.0,0.0001,NBD_QC_Functionalized,NBD_Combinatorial_M08_Aligned,RDKit_MMFF94_3D,NBD_DA_1446
CCOC(=O)C1=C(c2ccc(NC(C)=O)cc2)C2C=CC1C2(C)C,348.0,59.5,75.0,0.0001,NBD_QC_Functionalized,NBD_Combinatorial_M08_Aligned,RDKit_MMFF94_3D,NBD_DA_1447
CCOC(=O)C1=C(c2ccc(NC(C)=O)cc2)C2(C)C=C(C)C1C2,348.0,55.76,75.0,0.0001,NBD_QC_Functionalized,NBD_Combinatorial_M08_Aligned,RDKit_MMFF94_3D,NBD_DA_1448
CC(=O)Nc1ccc(C2=C(C(C)=O)C3C=CC2C3)cc1,350.0,51.29,75.0,0.0001,NBD_QC_Functionalized,NBD_Combinatorial_M08_Aligned,RDKit_MMFF94_3D,NBD_DA_1449
CC(=O)Nc1ccc(C2=C(C(C)=O)C3C=CC2C3(C)C)cc1,350.0,69.02,75.0,0.0001,NBD_QC_Functionalized,NBD_Combinatorial_M08_Aligned,RDKit_MMFF94_3D,NBD_DA_1450
CC(=O)Nc1ccc(C2=C(C(C)=O)C3CC2(C)C=C3C)cc1,350.0,39.34,75.0,0.0001,NBD_QC_Functionalized,NBD_Combinatorial_M08_Aligned,RDKit_MMFF94_3D,NBD_DA_1451
CC(=O)Nc1ccc(C2=C(C(F)(F)F)C3C=CC2C3)cc1,335.0,132.17,75.0,0.0001,NBD_QC_Functionalized,NBD_Combinatorial_M08_Aligned,RDKit_MMFF94_3D,NBD_DA_1452
CC(=O)Nc1ccc(C2=C(C(F)(F)F)C3C=CC2C3(C)C)cc1,335.0,70.93,75.0,0.0001,NBD_QC_Functionalized,NBD_Combinatorial_M08_Aligned,RDKit_MMFF94_3D,NBD_DA_1453
CC(=O)Nc1ccc(C2=C(C(F)(F)F)C3CC2(C)C=C3C)cc1,335.0,82.5,75.0,0.0001,NBD_QC_Functionalized,NBD_Combinatorial_M08_Aligned,RDKit_MMFF94_3D,NBD_DA_1454
CC(=O)Nc1ccc(C2=C(S(C)(=O)=O)C3C=CC2C3)cc1,340.0,74.5,75.0,0.0001,NBD_QC_Functionalized,NBD_Combinatorial_M08_Aligned,RDKit_MMFF94_3D,NBD_DA_1455
CC(=O)Nc1ccc(C2=C(S(C)(=O)=O)C3C=CC2C3(C)C)cc1,340.0,77.5,75.0,0.0001,NBD_QC_Functionalized,NBD_Combinatorial_M08_Aligned,RDKit_MMFF94_3D,NBD_DA_1456
CC(=O)Nc1ccc(C2=C(S(C)(=O)=O)C3CC2(C)C=C3C)cc1,340.0,74.5,75.0,0.0001,NBD_QC_Functionalized,NBD_Combinatorial_M08_Aligned,RDKit_MMFF94_3D,NBD_DA_1457
CC(=O)Nc1ccc(C2=C(C(N)=O)C3C=CC2C3)cc1,344.0,54.84,75.0,0.0001,NBD_QC_Functionalized,NBD_Combinatorial_M08_Aligned,RDKit_MMFF94_3D,NBD_DA_1458
CC(=O)Nc1ccc(C2=C(C(N)=O)C3C=CC2C3(C)C)cc1,344.0,72.5,75.0,0.0001,NBD_QC_Functionalized,NBD_Combinatorial_M08_Aligned,RDKit_MMFF94_3D,NBD_DA_1459
CC(=O)Nc1ccc(C2=C(C(N)=O)C3CC2(C)C=C3C)cc1,344.0,46.43,75.0,0.0001,NBD_QC_Functionalized,NBD_Combinatorial_M08_Aligned,RDKit_MMFF94_3D,NBD_DA_1460
CC(=O)Nc1ccc(C2=C(c3ccc(C#N)cc3)C3C=CC2C3)cc1,375.0,68.27,75.0,0.0001,NBD_QC_Functionalized,NBD_Combinatorial_M08_Aligned,RDKit_MMFF94_3D,NBD_DA_1461
CC(=O)Nc1ccc(C2=C(c3ccc(C#N)cc3)C3C=CC2C3(C)C)cc1,375.0,68.27,75.0,0.0001,NBD_QC_Functionalized,NBD_Combinatorial_M08_Aligned,RDKit_MMFF94_3D,NBD_DA_1462
CC(=O)Nc1ccc(C2=C(c3ccc(C#N)cc3)C3CC2(C)C=C3C)cc1,375.0,68.27,75.0,0.0001,NBD_QC_Functionalized,NBD_Combinatorial_M08_Aligned,RDKit_MMFF94_3D,NBD_DA_1463
CC(=O)Nc1ccc(C2=C(c3ccc([N+](=O)[O-])cc3)C3C=CC2C3)cc1,380.0,62.5,75.0,0.0001,NBD_QC_Functionalized,NBD_Combinatorial_M08_Aligned,RDKit_MMFF94_3D,NBD_DA_1464
CC(=O)Nc1ccc(C2=C(c3ccc([N+](=O)[O-])cc3)C3C=CC2C3(C)C)cc1,380.0,75.5,75.0,0.0001,NBD_QC_Functionalized,NBD_Combinatorial_M08_Aligned,RDKit_MMFF94_3D,NBD_DA_1465
CC(=O)Nc1ccc(C2=C(c3ccc([N+](=O)[O-])cc3)C3CC2(C)C=C3C)cc1,380.0,68.12,75.0,0.0001,NBD_QC_Functionalized,NBD_Combinatorial_M08_Aligned,RDKit_MMFF94_3D,NBD_DA_1466
CC(=O)Nc1ccc(C2=C(c3ccc(C(F)(F)F)cc3)C3C=CC2C3)cc1,368.0,68.48,75.0,0.0001,NBD_QC_Functionalized,NBD_Combinatorial_M08_Aligned,RDKit_MMFF94_3D,NBD_DA_1467
CC(=O)Nc1ccc(C2=C(c3ccc(C(F)(F)F)cc3)C3C=CC2C3(C)C)cc1,368.0,68.48,75.0,0.0001,NBD_QC_Functionalized,NBD_Combinatorial_M08_Aligned,RDKit_MMFF94_3D,NBD_DA_1468
CC(=O)Nc1ccc(C2=C(c3ccc(C(F)(F)F)cc3)C3CC2(C)C=C3C)cc1,368.0,68.48,75.0,0.0001,NBD_QC_Functionalized,NBD_Combinatorial_M08_Aligned,RDKit_MMFF94_3D,NBD_DA_1469
CC(=O)Nc1ccc(C2=C(C(=O)c3ccccc3)C3C=CC2C3)cc1,365.0,76.5,75.0,0.0001,NBD_QC_Functionalized,NBD_Combinatorial_M08_Aligned,RDKit_MMFF94_3D,NBD_DA_1470
CC(=O)Nc1ccc(C2=C(C(=O)c3ccccc3)C3C=CC2C3(C)C)cc1,365.0,77.5,75.0,0.0001,NBD_QC_Functionalized,NBD_Combinatorial_M08_Aligned,RDKit_MMFF94_3D,NBD_DA_1471
CC(=O)Nc1ccc(C2=C(C(=O)c3ccccc3)C3CC2(C)C=C3C)cc1,365.0,81.5,75.0,0.0001,NBD_QC_Functionalized,NBD_Combinatorial_M08_Aligned,RDKit_MMFF94_3D,NBD_DA_1472
CC(=O)Nc1ccc(C2=C(c3ccccn3)C3C=CC2C3)cc1,358.0,64.5,75.0,0.0001,NBD_QC_Functionalized,NBD_Combinatorial_M08_Aligned,RDKit_MMFF94_3D,NBD_DA_1473
CC(=O)Nc1ccc(C2=C(c3ccccn3)C3C=CC2C3(C)C)cc1,358.0,68.78,75.0,0.0001,NBD_QC_Functionalized,NBD_Combinatorial_M08_Aligned,RDKit_MMFF94_3D,NBD_DA_1474
CC(=O)Nc1ccc(C2=C(c3ccccn3)C3CC2(C)C=C3C)cc1,358.0,60.5,75.0,0.0001,NBD_QC_Functionalized,NBD_Combinatorial_M08_Aligned,RDKit_MMFF94_3D,NBD_DA_1475
CC(=O)Nc1ccc(C2=C(c3ccncc3)C3C=CC2C3)cc1,360.0,60.5,75.0,0.0001,NBD_QC_Functionalized,NBD_Combinatorial_M08_Aligned,RDKit_MMFF94_3D,NBD_DA_1476
CC(=O)Nc1ccc(C2=C(c3ccncc3)C3C=CC2C3(C)C)cc1,360.0,68.72,75.0,0.0001,NBD_QC_Functionalized,NBD_Combinatorial_M08_Aligned,RDKit_MMFF94_3D,NBD_DA_1477
CC(=O)Nc1ccc(C2=C(c3ccncc3)C3CC2(C)C=C3C)cc1,360.0,68.72,75.0,0.0001,NBD_QC_Functionalized,NBD_Combinatorial_M08_Aligned,RDKit_MMFF94_3D,NBD_DA_1478
CC(=O)Nc1ccc(C2=C(C(=O)O)C3C=CC2C3)cc1,345.0,72.31,75.0,0.0001,NBD_QC_Functionalized,NBD_Combinatorial_M08_Aligned,RDKit_MMFF94_3D,NBD_DA_1479
CC(=O)Nc1ccc(C2=C(C(=O)O)C3C=CC2C3(C)C)cc1,345.0,77.5,75.0,0.0001,NBD_QC_Functionalized,NBD_Combinatorial_M08_Aligned,RDKit_MMFF94_3D,NBD_DA_1480
CC(=O)Nc1ccc(C2=C(C(=O)O)C3CC2(C)C=C3C)cc1,345.0,64.68,75.0,0.0001,NBD_QC_Functionalized,NBD_Combinatorial_M08_Aligned,RDKit_MMFF94_3D,NBD_DA_1481
CCCCC(CC)COC(=O)C1=C(c2ccc(NC(C)=O)cc2)C2C=CC1C2,350.0,70.07,75.0,0.0001,NBD_QC_Functionalized,NBD_Combinatorial_M08_Aligned,RDKit_MMFF94_3D,NBD_DA_1482
CCCCC(CC)COC(=O)C1=C(c2ccc(NC(C)=O)cc2)C2C=CC1C2(C)C,350.0,69.02,75.0,0.0001,NBD_QC_Functionalized,NBD_Combinatorial_M08_Aligned,RDKit_MMFF94_3D,NBD_DA_1483
CCCCC(CC)COC(=O)C1=C(c2ccc(NC(C)=O)cc2)C2(C)C=C(C)C1C2,350.0,86.39,75.0,0.0001,NBD_QC_Functionalized,NBD_Combinatorial_M08_Aligned,RDKit_MMFF94_3D,NBD_DA_1484
CC(=O)Nc1ccc(C2=C(c3cccc(C#N)c3)C3C=CC2C3)cc1,372.0,68.36,75.0,0.0001,NBD_QC_Functionalized,NBD_Combinatorial_M08_Aligned,RDKit_MMFF94_3D,NBD_DA_1485
CC(=O)Nc1ccc(C2=C(c3cccc(C#N)c3)C3C=CC2C3(C)C)cc1,372.0,68.36,75.0,0.0001,NBD_QC_Functionalized,NBD_Combinatorial_M08_Aligned,RDKit_MMFF94_3D,NBD_DA_1486
CC(=O)Nc1ccc(C2=C(c3cccc(C#N)c3)C3CC2(C)C=C3C)cc1,372.0,63.5,75.0,0.0001,NBD_QC_Functionalized,NBD_Combinatorial_M08_Aligned,RDKit_MMFF94_3D,NBD_DA_1487
CC(=O)Nc1ccc(C2=C(C(=O)OC(C)C)C3C=CC2C3)cc1,348.0,66.21,75.0,0.0001,NBD_QC_Functionalized,NBD_Combinatorial_M08_Aligned,RDKit_MMFF94_3D,NBD_DA_1488
CC(=O)Nc1ccc(C2=C(C(=O)OC(C)C)C3C=CC2C3(C)C)cc1,348.0,81.5,75.0,0.0001,NBD_QC_Functionalized,NBD_Combinatorial_M08_Aligned,RDKit_MMFF94_3D,NBD_DA_1489
CC(=O)Nc1ccc(C2=C(C(=O)OC(C)C)C3CC2(C)C=C3C)cc1,348.0,76.5,75.0,0.0001,NBD_QC_Functionalized,NBD_Combinatorial_M08_Aligned,RDKit_MMFF94_3D,NBD_DA_1490
CC(=O)Nc1ccc(C2=C(S(=O)(=O)c3ccccc3)C3C=CC2C3)cc1,362.0,60.5,75.0,0.0001,NBD_QC_Functionalized,NBD_Combinatorial_M08_Aligned,RDKit_MMFF94_3D,NBD_DA_1491
CC(=O)Nc1ccc(C2=C(S(=O)(=O)c3ccccc3)C3C=CC2C3(C)C)cc1,362.0,111.2,75.0,0.0001,NBD_QC_Functionalized,NBD_Combinatorial_M08_Aligned,RDKit_MMFF94_3D,NBD_DA_1492
CC(=O)Nc1ccc(C2=C(S(=O)(=O)c3ccccc3)C3CC2(C)C=C3C)cc1,362.0,67.5,75.0,0.0001,NBD_QC_Functionalized,NBD_Combinatorial_M08_Aligned,RDKit_MMFF94_3D,NBD_DA_1493
CC(=O)Nc1ccc(C2=C(c3nccs3)C3C=CC2C3)cc1,356.0,70.5,75.0,0.0001,NBD_QC_Functionalized,NBD_Combinatorial_M08_Aligned,RDKit_MMFF94_3D,NBD_DA_1494
CC(=O)Nc1ccc(C2=C(c3nccs3)C3C=CC2C3(C)C)cc1,356.0,68.84,75.0,0.0001,NBD_QC_Functionalized,NBD_Combinatorial_M08_Aligned,RDKit_MMFF94_3D,NBD_DA_1495
CC(=O)Nc1ccc(C2=C(c3nccs3)C3CC2(C)C=C3C)cc1,356.0,81.5,75.0,0.0001,NBD_QC_Functionalized,NBD_Combinatorial_M08_Aligned,RDKit_MMFF94_3D,NBD_DA_1496
CCNC(=O)C1=C(c2ccc(NC(C)=O)cc2)C2C=CC1C2,346.0,52.2,75.0,0.0001,NBD_QC_Functionalized,NBD_Combinatorial_M08_Aligned,RDKit_MMFF94_3D,NBD_DA_1497
CCNC(=O)C1=C(c2ccc(NC(C)=O)cc2)C2C=CC1C2(C)C,346.0,69.5,75.0,0.0001,NBD_QC_Functionalized,NBD_Combinatorial_M08_Aligned,RDKit_MMFF94_3D,NBD_DA_1498
CCNC(=O)C1=C(c2ccc(NC(C)=O)cc2)C2(C)C=C(C)C1C2,346.0,74.7,75.0,0.0001,NBD_QC_Functionalized,NBD_Combinatorial_M08_Aligned,RDKit_MMFF94_3D,NBD_DA_1499
