"Compound name","Smiles","logkp (cm/s)","skin donor type","skin source site","used layer","skin preparation","storage temperature (°C)","storage duration (days)","neat","donor/skin surface temperature (°C)","donor pH","donor type","acceptor temperature (°C)","acceptor pH","acceptor type","cell type","flux","notes","reference","DOI"
"1,1,1-Trichloropropanone","CC(=O)C(Cl)(Cl)Cl","-5.176","Mammaplasty","breast","epidermis, dermis","dermatomed 250-280um","-20","","0","40","7","Water","37","7.4","PBS","Glass diffusion cell","","","Xu, 2002","10.1006/taap.2002.9494"
"1,1-Dichloropropanone","ClC(C(=O)C)Cl","-4.923","Mammaplasty","breast","epidermis, dermis","dermatomed 250-280um","-20","","0","40","7","Water","37","7.4","PBS","Glass diffusion cell","","","Xu, 2002","10.1006/taap.2002.9494"
"1,2,4-Benzenetriol","Oc1ccc(c(c1)O)O","-7.456","Abdominoplasty","abdomen","epidermis","heat separation","-17","","0","37","","Water","37","7.4","PBS","Franz cell","","","du Plessis, 2002","10.1016/S0928-0987(02)00085-4"
"1,6-hexanediol diglycidyl ether","C(CCOCC1OC1)CCCOCC1OC1","-7.423","Mammaplasty","breast","epidermis, dermis","dermatomed","","0.125","0","32","","","","7.4","Hanks balanced salt solution","Flow through cell","","receptor- Hanks balanced salt solution, no phenol red and sodium bicarbonate, contains HEPES, BSA and gentamicin","Boogaard, 2000","10.1080/004982500237488"
"1-Butanol","CCCCO","-6.079","Cadaver","abdomen","epidermis","heat separation","","","0","","","","","","","Glass diffusion cell","","kp value given as a range (2-4*10^-3 cm/h); mean value used","Blank, 1967","10.1038/jid.1967.184"
"1-Butanol","CCCCO","-5.481","Abdominoplasty","abdomen","epidermis","heat separation","-20","","0","","","","37","","","Glass diffusion cell","","","Chantasart, 2010","10.1007/s11095-010-0181-z"
"1-Butanol","CCCCO","-5.659","Abdominoplasty","abdomen","epidermis","heat separation","","","0","35","7.4","PBS","35","7.4","PBS with bovine serum albumin","Franz cell","","","Cross, 2003","10.1046/j.1523-1747.2003.12131.x"
"1-Butanol","CCCCO","-6.214","Cadaver","abdomen, back","epidermis","heat separation","4","7","0","25","","PBS","25","","PBS","Glass diffusion cell","","","Mitragotri, 1995","10.1002/jps.2600840607"
"1-Butanol","CCCCO","-6.214","Cadaver","","epidermis","heat separation","4","14","0","","","PBS","","","PBS","Franz cell","","","Mitragotri, 1996","10.1023/A:1016096626810"
"1-Butanol","CCCCO","-6.158","Cadaver","abdomen","epidermis","heat separation","","","0","","","","","","","Pyrex cell","","","Scheuplein, 1965","10.1038/jid.1965.140"
"1-Butanol","CCCCO","-6.079","","","epidermis","","","","0","30","","","30","","","","","kp value given as 2-4*10^-3 (cm/h); mean value used","Scheuplein, 1967","10.1038/jid.1967.11"
"1-Butanol","CCCCO","-7.778","Cadaver","abdomen","epidermis","heat separation","4","","1","25","","","","","Water","Pyrex cell","","","Scheuplein, 1973","10.1111/1523-1747.ep12723090"
"1-Butanol","CCCCO","-6.158","Cadaver","abdomen","epidermis","heat separation","4","","0","25","","","","","Water","Pyrex cell","","","Scheuplein, 1973","10.1111/1523-1747.ep12723090"
"1-Butanol","CCCCO","-5.816","Abdominoplasty","abdomen","epidermis, dermis","fat removed","","","0","35","7.4","PBS","35","7.4","PBS with bovine serum albumin","Franz cell","","","Cross, 2003","10.1046/j.1523-1747.2003.12131.x"
"1-Butanol","CCCCO","-5.193","Abdominoplasty","abdomen","dermis","heat separation","","","0","35","7.4","PBS","35","7.4","PBS with bovine serum albumin","Franz cell","","","Cross, 2003","10.1046/j.1523-1747.2003.12131.x"
"1-Butanol","CCCCO","-4.703","Abdominoplasty","abdomen","epidermis without stratum corneum","tape-stripped","-20","","0","","","","37","","","Glass diffusion cell","","","Chantasart, 2010","10.1007/s11095-010-0181-z"
"1-Butanol","CCCCO","-6.556","Cadaver","abdomen","dermis","heat separation","4","","1","25","","","","","Water","Pyrex cell","","","Scheuplein, 1973","10.1111/1523-1747.ep12723090"
"1-Butanol","CCCCO","-5.079","Cadaver","abdomen","dermis","heat separation","4","","0","25","","","","","Water","Pyrex cell","","","Scheuplein, 1973","10.1111/1523-1747.ep12723090"
"1-Decanol","CCCCCCCCCCO","-5.515","","abdomen","epidermis","prepared with NaBr solution","-80","","0","","","NaCl, sodium azide","","","","","","","Buist, 2010","10.1016/j.yrtph.2010.02.008"
"1-Decanol","CCCCCCCCCCO","-4.701","Abdominoplasty","abdomen","epidermis","heat separation","","","0","35","7.4","PBS","35","7.4","PBS with bovine serum albumin","Franz cell","","","Cross, 2003","10.1046/j.1523-1747.2003.12131.x"
"1-Decanol","CCCCCCCCCCO","-4.602","","","epidermis","heat separation","","","0","","7.4","PBS","","7.4","PBS","Glass diffusion cell","","","Mitragotri, 2000","10.1023/A:1007547809430"
"1-Decanol","CCCCCCCCCCO","-9.653","Cadaver","abdomen","epidermis","heat separation","4","","1","25","","","","","Water","Pyrex cell","","","Scheuplein, 1973","10.1111/1523-1747.ep12723090"
"1-Decanol","CCCCCCCCCCO","-4.653","Cadaver","abdomen","epidermis","heat separation","4","","0","25","","","","","Water","Pyrex cell","","","Scheuplein, 1973","10.1111/1523-1747.ep12723090"
"1-Decanol","CCCCCCCCCCO","-6.41","Abdominoplasty","abdomen","epidermis, dermis","fat removed","","","0","35","7.4","PBS","35","7.4","PBS with bovine serum albumin","Franz cell","","","Cross, 2003","10.1046/j.1523-1747.2003.12131.x"
"1-Decanol","CCCCCCCCCCO","-5.832","Abdominoplasty","abdomen","dermis","heat separation","","","0","35","7.4","PBS","35","7.4","PBS with bovine serum albumin","Franz cell","","","Cross, 2003","10.1046/j.1523-1747.2003.12131.x"
"1-Dodecyl glycidyl ether","CCCCCCCCCCCCOCC1OC1","-9.036","Mammaplasty","breast","epidermis, dermis","dermatomed","","0.125","0","32","","","","7.4","Hanks balanced salt solution","Flow through cell","","receptor- Hanks balanced salt solution, no phenol red and sodium bicarbonate, contains HEPES, BSA and gentamicin","Boogaard, 2000","10.1080/004982500237488"
"1-Heptanol","CCCCCCCO","-5.051","Cadaver","abdomen","epidermis","heat separation","","","0","","","","","","","Pyrex cell","","","Scheuplein, 1965","10.1038/jid.1965.140"
"1-Heptanol","CCCCCCCO","-4.981","","","epidermis","","","","0","30","","","30","","","","","","Scheuplein, 1967","10.1038/jid.1967.11"
"1-Heptanol","CCCCCCCO","-2.051","","","","","","","0","","","","","","","","","","Scheuplein, 1971","10.1152/physrev.1971.51.4.702"
"1-Heptanol","CCCCCCCO","-5.051","Cadaver","abdomen","epidermis","heat separation","4","","0","25","","","","","Water","Pyrex cell","","","Scheuplein, 1973","10.1111/1523-1747.ep12723090"
"1-Heptanol","CCCCCCCO","-8.158","Cadaver","abdomen","epidermis","heat separation","4","","1","25","","","","","Water","Pyrex cell","","","Scheuplein, 1973","10.1111/1523-1747.ep12723090"
"1-Heptanol","CCCCCCCO","-5.158","Cadaver","abdomen","dermis","heat separation","4","","0","25","","","","","Water","Pyrex cell","","","Scheuplein, 1973","10.1111/1523-1747.ep12723090"
"1-Heptanol","CCCCCCCO","-7.711","Cadaver","abdomen","dermis","heat separation","4","","1","25","","","","","Water","Pyrex cell","","","Scheuplein, 1973","10.1111/1523-1747.ep12723090"
"1-Hexanol","CCCCCCO","-5.284","Abdominoplasty","abdomen","epidermis","heat separation","-20","","0","","","","37","","","Glass diffusion cell","","","Chantasart, 2010","10.1007/s11095-010-0181-z"
"1-Hexanol","CCCCCCO","-5.051","Abdominoplasty","abdomen","epidermis","heat separation","","","0","35","7.4","PBS","35","7.4","PBS with bovine serum albumin","Franz cell","","","Cross, 2003","10.1046/j.1523-1747.2003.12131.x"
"1-Hexanol","CCCCCCO","-5.442","Cadaver","abdomen","epidermis","heat separation","","","0","","","","","","","Pyrex cell","","","Scheuplein, 1965","10.1038/jid.1965.140"
"1-Hexanol","CCCCCCO","-2.442","","","","","","","0","","","","","","","","","","Scheuplein, 1971","10.1152/physrev.1971.51.4.702"
"1-Hexanol","CCCCCCO","-5.442","Cadaver","abdomen","epidermis","heat separation","4","","0","25","","","","","Water","Pyrex cell","","","Scheuplein, 1973","10.1111/1523-1747.ep12723090"
"1-Hexanol","CCCCCCO","-7.84","Cadaver","abdomen","epidermis","heat separation","4","","1","25","","","","","Water","Pyrex cell","","","Scheuplein, 1973","10.1111/1523-1747.ep12723090"
"1-Hexanol","CCCCCCO","-4.859","Surgery","scalp","epidermis, dermis","dermatomed 420um, hydrated 10d","-20","210","0","31","","","31","","Sodium azide","","","10 day experiment","Bond, 1988","10.1111/1523-1747.ep12460958"
"1-Hexanol","CCCCCCO","-5.114","Cadaver","abdomen","epidermis, dermis","dermatomed 420um","-20","210","0","31","","","31","","Sodium azide","","","initial permeability study result","Bond, 1988","10.1111/1523-1747.ep12460958"
"1-Hexanol","CCCCCCO","-4.888","Surgery","scalp","epidermis, dermis","dermatomed 420um, hydrated 0.25d","-20","210","0","31","","","31","","Sodium azide","","","0.25 day day experiment","Bond, 1988","10.1111/1523-1747.ep12460958"
"1-Hexanol","CCCCCCO","-5.778","Abdominoplasty","abdomen","epidermis, dermis","fat removed","","","0","35","7.4","PBS","35","7.4","PBS with bovine serum albumin","Franz cell","","","Cross, 2003","10.1046/j.1523-1747.2003.12131.x"
"1-Hexanol","CCCCCCO","-5.637","Abdominoplasty","abdomen","dermis","heat separation","","","0","35","7.4","PBS","35","7.4","PBS with bovine serum albumin","Franz cell","","","Cross, 2003","10.1046/j.1523-1747.2003.12131.x"
"1-Hexanol","CCCCCCO","-5.255","Cadaver","abdomen","dermis","heat separation","4","","0","25","","","","","Water","Pyrex cell","","","Scheuplein, 1973","10.1111/1523-1747.ep12723090"
"1-Hexanol","CCCCCCO","-7.012","Cadaver","abdomen","dermis","heat separation","4","","1","25","","","","","Water","Pyrex cell","","","Scheuplein, 1973","10.1111/1523-1747.ep12723090"
"1-Hexyl-2-Pyrrolidone","CCCCCCN1CCCC1=O","-5.208","Abdominoplasty","abdomen","epidermis","heat separation","-20","","0","","","","37","","","Glass diffusion cell","","","Chantasart, 2010","10.1007/s11095-010-0181-z"
"1-Methoxy-2-Propanol","COCC(O)C","-6.397","Mammaplasty","breast","epidermis, dermis","dermatomed 330um","-70","","0","","7.4","","32","7.4","Eagle’s Minimal Essential Medium, sodium hydrogen carbonate, gentamicin","Glass diffusion cell","Jss= 48±6 nmol/(cm ^2*h); c=3mg/ml","","Wilkinson, 2002","10.1007/s00420-002-0367-8"
"1-Methoxy-2-Propanol","COCC(O)C","-6.459","Cadaver","abdomen","epidermis","heat separation","","","1","30","","","30","","Water","Glass diffusion cell","","","Dugard, 1984","10.1289/ehp.8457193"
"1-Nonanol","CCCCCCCCCO","-1.778","","","","","","","0","","","","","","","","","","Scheuplein, 1971","10.1152/physrev.1971.51.4.702"
"1-Nonanol","CCCCCCCCCO","-4.778","Cadaver","abdomen","epidermis","heat separation","4","","0","25","","","","","Water","Pyrex cell","","","Scheuplein, 1973","10.1111/1523-1747.ep12723090"
"1-Nonanol","CCCCCCCCCO","-9.079","Cadaver","abdomen","epidermis","heat separation","4","","1","25","","","","","Water","Pyrex cell","","","Scheuplein, 1973","10.1111/1523-1747.ep12723090"
"1-Octanol","CCCCCCCCO","-4.84","Cadaver","abdomen","epidermis, dermis","fat removed","","","0","22","","NaCl solution","22","","NaCl solution","","","","Blank, 1964","10.1038/jid.1964.174"
"1-Octanol","CCCCCCCCO","-4.87","Abdominoplasty","abdomen","epidermis","heat separation","-20","","0","","","","37","","","Glass diffusion cell","","","Chantasart, 2010","10.1007/s11095-010-0181-z"
"1-Octanol","CCCCCCCCO","-4.586","Abdominoplasty","abdomen","epidermis","heat separation","","","0","35","7.4","PBS","35","7.4","PBS with bovine serum albumin","Franz cell","","","Cross, 2003","10.1046/j.1523-1747.2003.12131.x"
"1-Octanol","CCCCCCCCO","-4.711","","","epidermis","heat separation","","","0","","7.4","PBS","","7.4","PBS","Glass diffusion cell","","","Mitragotri, 2000","10.1023/A:1007547809430"
"1-Octanol","CCCCCCCCO","-4.84","Cadaver","abdomen","epidermis","heat separation","","","0","","","","","","","Pyrex cell","","","Scheuplein, 1965","10.1038/jid.1965.140"
"1-Octanol","CCCCCCCCO","-1.84","","","","","","","0","","","","","","","","","","Scheuplein, 1971","10.1152/physrev.1971.51.4.702"
"1-Octanol","CCCCCCCCO","-4.84","Cadaver","abdomen","epidermis","heat separation","4","","0","25","","","","","Water","Pyrex cell","","","Scheuplein, 1973","10.1111/1523-1747.ep12723090"
"1-Octanol","CCCCCCCCO","-8.556","Cadaver","abdomen","epidermis","heat separation","4","","1","25","","","","","Water","Pyrex cell","","","Scheuplein, 1973","10.1111/1523-1747.ep12723090"
"1-Octanol","CCCCCCCCO","-5.642","Abdominoplasty","abdomen","epidermis, dermis","fat removed","","","0","35","7.4","PBS","35","7.4","PBS with bovine serum albumin","Franz cell","","","Cross, 2003","10.1046/j.1523-1747.2003.12131.x"
"1-Octanol","CCCCCCCCO","-5.764","Abdominoplasty","abdomen","dermis","heat separation","","","0","35","7.4","PBS","35","7.4","PBS with bovine serum albumin","Franz cell","","","Cross, 2003","10.1046/j.1523-1747.2003.12131.x"
"1-Octanol","CCCCCCCCO","-4.833","Abdominoplasty","abdomen","epidermis without stratum corneum","tape-stripped","-20","","0","","","","37","","","Glass diffusion cell","","","Chantasart, 2010","10.1007/s11095-010-0181-z"
"1-Octanol","CCCCCCCCO","-5.141","Cadaver","abdomen","dermis","heat separation","4","","0","25","","","","","Water","Pyrex cell","","","Scheuplein, 1973","10.1111/1523-1747.ep12723090"
"1-Octanol","CCCCCCCCO","-8.255","Cadaver","abdomen","dermis","heat separation","4","","1","25","","","","","Water","Pyrex cell","","","Scheuplein, 1973","10.1111/1523-1747.ep12723090"
"1-Octanol","CCCCCCCCO","-4.771","Cadaver","abdomen","stratum corneum","heat separation, hydrated","","","0","30","","","","","","Glass diffusion cell","","","Southwell, 1984","10.1016/0378-5173(84)90145-5"
"1-Octyl-2-Azacycloheptanone","CCCCCCCCN1CCCCCC1=O","-4.836","Abdominoplasty","abdomen","epidermis","heat separation","-20","","0","","","","37","","","Glass diffusion cell","","","Chantasart, 2010","10.1007/s11095-010-0181-z"
"1-Octyl-2-Azacycloheptanone","CCCCCCCCN1CCCCCC1=O","-4.674","Abdominoplasty","abdomen","epidermis without stratum corneum","tape-stripped","-20","","0","","","","37","","","Glass diffusion cell","","","Chantasart, 2010","10.1007/s11095-010-0181-z"
"1-Octyl-2-Pyrrolidone","CCCCCCCCN1CCCC1=O","-4.827","Abdominoplasty","abdomen","epidermis","heat separation","-20","","0","","","","37","","","Glass diffusion cell","","","Chantasart, 2010","10.1007/s11095-010-0181-z"
"1-Octyl-2-Pyrrolidone","CCCCCCCCN1CCCC1=O","-4.81","Abdominoplasty","abdomen","epidermis without stratum corneum","tape-stripped","-20","","0","","","","37","","","Glass diffusion cell","","","Chantasart, 2010","10.1007/s11095-010-0181-z"
"1-Pentanol","CCCCCO","-5.778","Cadaver","abdomen","epidermis, dermis","fat removed","","","0","22","","NaCl solution","22","","NaCl solution","","","","Blank, 1964","10.1038/jid.1964.174"
"1-Pentanol","CCCCCO","-5.125","Abdominoplasty","abdomen","epidermis","heat separation","-20","","0","","","","37","","","Glass diffusion cell","","","Chantasart, 2010","10.1007/s11095-010-0181-z"
"1-Pentanol","CCCCCO","-5.778","Cadaver","abdomen","epidermis","heat separation","","","0","","","","","","","Pyrex cell","","","Scheuplein, 1965","10.1038/jid.1965.140"
"1-Pentanol","CCCCCO","-5.778","Cadaver","abdomen","epidermis","heat separation","4","","0","25","","","","","Water","Pyrex cell","","","Scheuplein, 1973","10.1111/1523-1747.ep12723090"
"1-Pentanol","CCCCCO","-7.849","Cadaver","abdomen","epidermis","heat separation","4","","1","25","","","","","Water","Pyrex cell","","","Scheuplein, 1973","10.1111/1523-1747.ep12723090"
"1-Pentanol","CCCCCO","-2.778","Cadaver","abdomen","dermis","heat separation","4","","0","25","","","","","Water","Pyrex cell","","","Scheuplein, 1971","10.1152/physrev.1971.51.4.702"
"1-Pentanol","CCCCCO","-5.176","Cadaver","abdomen","dermis","heat separation","4","","0","25","","","","","Water","Pyrex cell","","","Scheuplein, 1973","10.1111/1523-1747.ep12723090"
"1-Pentanol","CCCCCO","-6.653","Cadaver","abdomen","dermis","heat separation","4","","1","25","","","","","Water","Pyrex cell","","","Scheuplein, 1973","10.1111/1523-1747.ep12723090"
"1-Propanol","CCCO","-6.556","Cadaver","abdomen","epidermis, dermis","fat removed","","","0","22","","NaCl solution","22","","NaCl solution","","","","Blank, 1964","10.1038/jid.1964.174"
"1-Propanol","CCCO","-6.41","Cadaver","abdomen","epidermis","heat separation","","","0","","","","","","","Pyrex cell","","","Scheuplein, 1965","10.1038/jid.1965.140"
"1-Propanol","CCCO","-6.326","","","epidermis","","","","0","30","","","30","","","","","","Scheuplein, 1967","10.1038/jid.1967.11"
"1-Propanol","CCCO","-3.41","","","","","","","0","","","","","","","","","","Scheuplein, 1971","10.1152/physrev.1971.51.4.702"
"1-Propanol","CCCO","-6.477","Cadaver","abdomen","epidermis","heat separation","4","","0","25","","","","","Water","Pyrex cell","","","Scheuplein, 1973","10.1111/1523-1747.ep12723090"
"1-Propanol","CCCO","-7.352","Cadaver","abdomen","epidermis","heat separation","4","","1","25","","","","","Water","Pyrex cell","","","Scheuplein, 1973","10.1111/1523-1747.ep12723090"
"1-Propanol","CCCO","-5.065","Cadaver","abdomen","dermis","heat separation","4","","0","25","","","","","Water","Pyrex cell","","","Scheuplein, 1973","10.1111/1523-1747.ep12723090"
"1-Propanol","CCCO","-6.301","Cadaver","abdomen","dermis","heat separation","4","","1","25","","","","","Water","Pyrex cell","","","Scheuplein, 1973","10.1111/1523-1747.ep12723090"
"17-Hydroxyprogesterone","O=C1CC[C@]2(C(=C1)CC[C@@H]1[C@@H]2CC[C@]2([C@H]1CC[C@]2(O)C(=O)C)C)C","-6.778","","","epidermis","","","","0","26","","","26","","","","","","Scheuplein, 1969","10.1038/jid.1969.9"
"2,3-Butanediol","CC(C(O)C)O","-7.857","Cadaver","abdomen","epidermis","heat separation","","","0","","","","","","","Glass diffusion cell","","kp value given as <0.05*10^-3 cm/h","Blank, 1967","10.1038/jid.1967.184"
"2,3-Butanediol","CC(C(O)C)O","-7.857","","","epidermis","","","","0","30","","","30","","","","","kp value given as <0.05*10^-3 (cm/h); minimum value used","Scheuplein, 1967","10.1038/jid.1967.11"
"2,4,6-Trichlorophenol","Clc1cc(Cl)c(c(c1)Cl)O","-4.783","Cadaver","abdomen","epidermis","exposure to ammonia fumes","","","0","25","","","25","","","Pyrex cell","","","Roberts, 1977","10.1111/j.2042-7158.1977.tb11434.x"
"2,4-Dichlorophenol","Clc1ccc(c(c1)Cl)O","-5.065","","abdomen","epidermis","prepared with NaBr solution","-80","","0","","","NaCl, sodium azide","","","","","","","Buist, 2010","10.1016/j.yrtph.2010.02.008"
"2,4-Dichlorophenol","Clc1ccc(c(c1)Cl)O","-4.778","Cadaver","abdomen","epidermis","exposure to ammonia fumes","","","0","25","","","25","","","Pyrex cell","","","Roberts, 1977","10.1111/j.2042-7158.1977.tb11434.x"
"2-(2-Ethoxyethoxy)ethanol","OCCOCCOCC","-7.436","Cadaver","abdomen","epidermis","heat separation","","","1","30","","","30","","Water","Glass diffusion cell","","","Dugard, 1984","10.1289/ehp.8457193"
"2-(2-Methoxyethoxy)ethanol","COCCOCCO","-7.242","Cadaver","abdomen","epidermis","heat separation","","","1","30","","","30","","Water","Glass diffusion cell","","","Dugard, 1984","10.1289/ehp.8457193"
"2-Amino-4-Nitrophenol","[O-][N+](=O)c1ccc(c(c1)N)O","-8.079","Cadaver","abdomen","epidermis","heat separation","4","28","0","32","9.7","Borate buffer","32","","NaCl solution","Glass diffusion cell","","kp value given as <3.0*10^-5 cm/h","Bronaugh, 1984","10.1111/1523-1747.ep12263302"
"2-Amino-4-Nitrophenol","[O-][N+](=O)c1ccc(c(c1)N)O","-6.737","Cadaver","abdomen","epidermis","heat separation","4","28","0","32","","Water","32","","NaCl solution","Glass diffusion cell","","","Bronaugh, 1984","10.1111/1523-1747.ep12263302"
"2-Butoxyethanol","CCCCOCCO","-5.34","Mammaplasty","breast","epidermis, dermis","dermatomed 330um","-70","","0","","7.4","","32","7.4","Eagle’s Minimal Essential Medium, sodium hydrogen carbonate, gentamicin","Glass diffusion cell","Jss= 544±64 nmol/(cm^2*h) c= 3mg/ml; Jss= 261±23 nmol/(cm^2*h) c=3mg/ml; Jss= 894±217 nmol/(cm^2*h) c= 6mg/ml","","Wilkinson, 2002","10.1007/s00420-002-0367-8"
"2-Butoxyethanol","CCCCOCCO","-7.226","Cadaver","abdomen","epidermis","heat separation","","","1","30","","","30","","Water","Glass diffusion cell","","","Dugard, 1984","10.1289/ehp.8457193"
"2-Ethoxyethanol","OCCOCC","-7.158","Cadaver","abdomen","epidermis","heat separation","","","0","","","","","","","Glass diffusion cell","","kp value given as a range (0.2-0.3*10^-3 cm/h); mean value used","Blank, 1967","10.1038/jid.1967.184"
"2-Ethoxyethanol","OCCOCC","-7.158","","","epidermis","","","","0","30","","","30","","","","","kp value given as 0.2-0.3*10^-3 (cm/h); mean value used","Scheuplein, 1967","10.1038/jid.1967.11"
"2-Ethoxyethanol","OCCOCC","-5.544","Mammaplasty","breast","epidermis, dermis","dermatomed 330um","-70","","0","","7.4","","32","7.4","Eagle’s Minimal Essential Medium, sodium hydrogen carbonate, gentamicin","Glass diffusion cell","Jss= 143±19 nmol/(cm^2*h) c=3mg/ml; Jss= 1084±74 nmol/(cm^2*h) c= 6mg/ml","","Wilkinson, 2002","10.1007/s00420-002-0367-8"
"2-Ethoxyethanol","OCCOCC","-7.785","Mammaplasty","breast","epidermis, dermis","dermatomed 330um","","","0","","","Methanol","32","7.3","Cell culture medium","Flow through cell","","","Lockley, 2002","10.1006/taap.2002.9373"
"2-Ethoxyethanol","OCCOCC","-7.687","Mammaplasty","breast","epidermis, dermis","dermatomed 330um","","","1","","","","32","7.3","Cell culture medium","Flow through cell","","","Lockley, 2002","10.1006/taap.2002.9373"
"2-Ethoxyethanol","OCCOCC","-6.631","Cadaver","abdomen","epidermis","heat separation","","","1","30","","","30","","Water","Glass diffusion cell","","","Dugard, 1984","10.1289/ehp.8457193"
"2-Ethoxyethanol","OCCOCC","-5.647","Mammaplasty","breast","epidermis, dermis","dermatomed 330um","-70","","0","","7.4","","32","7.4","Eagle’s Minimal Essential Medium, sodium hydrogen carbonate, gentamicin, 2% (w/v) bovine serum albumin fraction V","Glass diffusion cell","Jss= 270±28 nmol/(cm^2*h); c=3mg/ml","","Wilkinson, 2002","10.1007/s00420-002-0367-8"
"2-Ethoxyethanol","OCCOCC","-5.63","Mammaplasty","breast","epidermis, dermis","dermatomed 330um","-70","","0","","7.4","","32","7.4","Eagle’s Minimal Essential Medium, sodium hydrogen carbonate, gentamicin, 2% PEG 20","Glass diffusion cell","Jss= 281±19 nmol/(cm^2*h); c=3mg/ml","","Wilkinson, 2002","10.1007/s00420-002-0367-8"
"2-Ethoxyethanol","OCCOCC","-5.545","Mammaplasty","breast","epidermis, dermis","dermatomed 330um","-70","","0","","7.4","","32","7.4","","Glass diffusion cell","Jss= 342±18 nmol/(cm^2*h); c=3mg/ml","","Wilkinson, 2002","10.1007/s00420-002-0367-8"
"2-Ethoxyethyl acetate","CCOCCOC(=O)C","-6.395","Cadaver","","stratum corneum","heat separation","4","2","1","","","","37","7.1","Dulbecco PBS","Franz cell","","also stored at -70 deg. C","Barber, 1992","10.1016/0272-0590(92)90086-W"
"2-Ethoxyethyl acetate","CCOCCOC(=O)C","-6.649","Cadaver","abdomen","epidermis","heat separation","","","1","30","","","30","","Water","Glass diffusion cell","","","Dugard, 1984","10.1289/ehp.8457193"
"2-Ethylhexanol","CCCCC(CO)CC","-7.899","Cadaver","","stratum corneum","heat separation","4","2","1","","","","30","7.1","Dulbecco PBS","Franz cell","","acceptor medium contained polyethoxyoleate; also stored at -70 deg. C","Barber, 1992","10.1016/0272-0590(92)90086-W"
"2-Hydroxypropyl Nicotinate","CC(COC(=O)c1cccnc1)O","-8.025","Abdominoplasty or mammaplasty","abdomen, breast","epidermis","heat separation","4","","0","37","7.4","","37","","PBS","Franz cell","Jss= 3.4 ug/(cm^2*h); c=100mg/ml","","Dalpozzo, 1991","10.1002/jps.2600800114"
"2-Methoxyethanol","COCCO","-6.095","Cadaver","abdomen","epidermis","heat separation","","","1","30","","","30","","Water","Glass diffusion cell","","","Dugard, 1984","10.1289/ehp.8457193"
"2-Naphthol","Oc1ccc2c(c1)cccc2","-5.111","Cadaver","abdomen","epidermis","exposure to ammonia fumes","","","0","25","","","25","","","Pyrex cell","","","Roberts, 1977","10.1111/j.2042-7158.1977.tb11434.x"
"2-Naphthol","Oc1ccc2c(c1)cccc2","-4.757","Abdominoplasty","abdomen","epidermis","heat separation","-20","90","0","32","7.4","PBS","32","","PBS with ethanol","Franz cell","","","Zhang, 2009","10.1007/s11095-009-9912-4"
"2-Nitro-p-Phenylenediamine","Nc1ccc(c(c1)[N+](=O)[O-])N","-6.857","Cadaver","abdomen","epidermis","heat separation","4","28","0","32","9.7","Borate buffer","32","","NaCl solution","Glass diffusion cell","","","Bronaugh, 1984","10.1111/1523-1747.ep12263302"
"2-phenoxyethanol","OCCOc1ccccc1","-6.43","Surgery","abdomen, leg, breast","epidermis, dermis","dermatomed 330um","","","0","37","","Methanol","37","","Cell culture medium","Flow through cell","","","Roper, 1997","10.1016/s0278-6915(97)00109-9"
"2-Phenylethanol","OCCc1ccccc1","-5.276","Abdominoplasty","abdomen","epidermis","heat separation","-20","","0","","","","37","","","Glass diffusion cell","","","Chantasart, 2010","10.1007/s11095-010-0181-z"
"2-Phenylphenol","Oc1ccccc1c1ccccc1","-6.355","Abdominoplasty","abdomen","epidermis, dermis","","-20","","0","","","Ethanol 60%","32","","Dulbecco’s MEM, Hepes, Ham F-12+glutamax-I, BSA,L-glutamine, hydrocortisone, EGF, gentamycin","Static diffusion cell","","","Cnubben, 2002","10.1006/rtph.2001.1530"
"2-Phenylphenol","Oc1ccccc1c1ccccc1","-5.294","Abdominoplasty","abdomen","epidermis","prepared with NaBr solution","-20","","0","","","Ethanol 60%","32","","0.9% NaCl, 0.01% sodium azide, 3% BSA","Static diffusion cell","","","Cnubben, 2002","10.1006/rtph.2001.1530"
"2-Propoxyethanol","CCCOCCO","-6.748","Cadaver","","stratum corneum","heat separation","4","2","1","","","","30","7.1","Dulbecco PBS","Franz cell","","acceptor medium contained polyethoxyoleate; also stored at -70 deg. C","Barber, 1992","10.1016/0272-0590(92)90086-W"
"2-Propoxyethanol","CCCOCCO","-6.543","Surgery","abdomen","epidermis, dermis","fat removed","-25","120","0","","","","32","","NaCl solution","Franz cell","","","Venier, 2004","10.1016/j.tiv.2004.03.004"
"2-Propoxyethanol","CCCOCCO","-6.923","Surgery","abdomen","epidermis, dermis","fat removed","-25","120","1","","","","32","","NaCl solution","Franz cell","","","Venier, 2004","10.1016/j.tiv.2004.03.004"
"3,4-Xylenol","Oc1ccc(c(c1)C)C","-5","Cadaver","abdomen","epidermis","exposure to ammonia fumes","","","0","25","","","25","","","Pyrex cell","","","Roberts, 1977","10.1111/j.2042-7158.1977.tb11434.x"
"4,4'-Methylenedianiline","Nc1ccc(cc1)Cc1ccc(cc1)N","-6.219","","abdomen","epidermis, dermis","fat removed","-20","","0","32","","Ethanol","","","NaCl solution","Flow through cell","","","Kenyon, 2004","10.1016/j.tox.2003.11.004"
"4-Amino-2-Nitrophenol","Nc1ccc(c(c1)[N+](=O)[O-])O","-7.622","Cadaver","abdomen","epidermis","heat separation","4","28","0","32","9.7","Borate buffer","32","","NaCl solution","Glass diffusion cell","","","Bronaugh, 1984","10.1111/1523-1747.ep12263302"
"4-Amino-2-Nitrophenol","Nc1ccc(c(c1)[N+](=O)[O-])O","-6.109","Cadaver","abdomen","epidermis","heat separation","4","28","0","32","","Water","32","","NaCl solution","Glass diffusion cell","","","Bronaugh, 1984","10.1111/1523-1747.ep12263302"
"4-Chloro-m-Phenylenediamine","Nc1ccc(c(c1)N)Cl","-6.234","Cadaver","abdomen","epidermis","heat separation","4","28","0","32","9.7","Borate buffer","32","","NaCl solution","Glass diffusion cell","","","Bronaugh, 1984","10.1111/1523-1747.ep12263302"
"4-Cyanophenol","N#Cc1ccc(cc1)O","-5.731","Cadaver","back, leg","epidermis","heat separation","-70","","0","32","7.4","PBS","32","7.4","PBS with sodium azide","","Jss= 123±11% ug/(cm^2*h); c=18.4±5.4% mg/ml","","Romonchuk, 2010","10.1159/000272121"
"4-Hydroxybenzyl alcohol","OCc1ccc(cc1)O","-6.255","Abdominoplasty","abdomen","stratum corneum","trypsinisation","","","0","","4","Succinate solution","","","","Flow through cell","","","Anderson, 1989","10.1111/1523-1747.ep12277592"
"4-Hydroxyphenylacetamide","NC(=O)Cc1ccc(cc1)O","-6.903","Abdominoplasty","abdomen","stratum corneum","trypsinisation","","","0","","4","Succinate solution","","","","Flow through cell","","","Anderson, 1989","10.1111/1523-1747.ep12277592"
"4-Hydroxyphenylacetic acid","OC(=O)Cc1ccc(cc1)O","-6.158","Abdominoplasty","abdomen","stratum corneum","trypsinisation","","","0","","4","Succinate solution","","","","Flow through cell","","","Anderson, 1989","10.1111/1523-1747.ep12277592"
"4-Propoxyphenol","CCCOc1ccc(cc1)O","-5.38","Abdominoplasty","abdomen","epidermis","heat separation","-20","90","0","32","7.4","PBS","32","","PBS with ethanol","Franz cell","","","Zhang, 2009","10.1007/s11095-009-9912-4"
"5-Aminolevulinic acid","NCC(=O)CCC(=O)O","-7.711","Abdominoplasty","abdomen","epidermis","heat separation","-20","60","0","35","7.4","HEPES","35","","","Glass diffusion cell","","","Krishnan, 2011","10.1002/bip.21520"
"5-Fluorouracil","Fc1c[nH]c(=O)[nH]c1=O","-7.297","Amputated limb","thigh","epidermis","heat separation","4","7","0","32","7.2","PBS","","","","","","","Hirvonen, 1991","10.1023/a:1015824100788"
"5-Fluorouracil","Fc1c[nH]c(=O)[nH]c1=O","-7.574","Cadaver","abdomen","stratum corneum","heat separation, hydrated","-20","","0","32","","","32","","Sodium azide","","","arithmetic mean of kp values reported in publication used","Williams, 1992","10.1016/0378-5173(92)90032-W"
"5-Fluorouracil","Fc1c[nH]c(=O)[nH]c1=O","-8.015","Cadaver","abdomen","epidermis, dermis","dermatomed 420um","-24","","0","31","","NaCl solution","31","","Sodium azide","Flow through cell","","","Rigg, 1990","10.1111/1523-1747.ep12874561"
"Acetic acid","CC(=O)O","-6.079","","abdomen","epidermis","prepared with NaBr solution","-80","","0","","","NaCl, sodium azide","","","","","","","Buist, 2010","10.1016/j.yrtph.2010.02.008"
"Acetylsalicylic Acid","CC(=O)Oc1ccccc1C(=O)O","-5.696","Abdominoplasty","abdomen","epidermis, dermis","","","","0","","","Water","37","7.4","PBS","Franz cell","","","Degim, 1998","10.1016/S0378-5173(98)00113-6"
"Acyclovir","Nc1nc(=O)c2c([nH]1)n(COCCO)cn2","-7.079","Abdominoplasty","abdomen","epidermis, dermis","fat removed","","","0","","7.4","PBS","","7.4","PBS","Franz cell","","","Volpato, 1998","10.1016/S0168-3659(97)00152-1"
"Acyclovir","Nc1nc(=O)c2c([nH]1)n(COCCO)cn2","-7.778","Abdominoplasty","abdomen","epidermis, dermis","fat removed","","","0","","3","Citro-phosphate-buffer","","7.4","PBS","Franz cell","","","Volpato, 1998","10.1016/S0168-3659(97)00152-1"
"Aldosterone","OCC(=O)[C@H]1CC[C@@H]2[C@]1(C=O)C[C@H](O)[C@H]1[C@H]2CCC2=CC(=O)CC[C@]12C","-7.793","Cadaver","abdomen, chest, back","epidermis","heat separation","5","7","0","","","","","","","Glass diffusion cell","","","Johnson, 1995","10.1002/jps.2600840922"
"Aldosterone","OCC(=O)[C@H]1CC[C@@H]2[C@]1(C=O)C[C@H](O)[C@H]1[C@H]2CCC2=CC(=O)CC[C@]12C","-7.857","Cadaver","","epidermis","heat separation","4","14","0","","","PBS","","","PBS","Franz cell","","","Mitragotri, 1996","10.1023/A:1016096626810"
"Aldosterone","OCC(=O)[C@H]1CC[C@@H]2[C@]1(C=O)C[C@H](O)[C@H]1[C@H]2CCC2=CC(=O)CC[C@]12C","-8.079","","","epidermis","heat separation","","","0","","7.4","PBS","","7.4","PBS","Glass diffusion cell","","","Mitragotri, 2000","10.1023/A:1007547809430"
"Aldosterone","OCC(=O)[C@H]1CC[C@@H]2[C@]1(C=O)C[C@H](O)[C@H]1[C@H]2CCC2=CC(=O)CC[C@]12C","-9.079","","","epidermis","","","","0","26","","","26","","","","","","Scheuplein, 1969","10.1038/jid.1969.9"
"Amobarbital","CCC1(CCC(C)C)C(=O)NC(=O)NC1=O","-6.201","Cadaver","abdomen","epidermis, dermis","fat removed","4","0.5","0","30","5.0","NaOH","37","7.4","PBS","Franz cell","","","Hadgraft, 1987","10.1016/0378-5173(87)90210-9"
"Amphetamine","CC(Cc1ccccc1)N","-8.409","Cadaver","thigh","epidermis, dermis","dermatomed 750um, hydrated","4","","0","","","","","7","Ringer solution","Glass diffusion cell","","","Galey, 1976","10.1111/1523-1747.ep12598596"
"Amphetamine","CC(Cc1ccccc1)N","-4.577","Cadaver","thigh","dermis","heat separation, hydrated","4","","0","","","","","7","Ringer solution","Glass diffusion cell","","","Galey, 1976","10.1111/1523-1747.ep12598596"
"Aspartic acid","OC(=O)CC(C(=O)O)N","-7.432","Cadaver","thigh","epidermis, dermis","dermatomed 500um","-20","","0","","3.4","NaCl solution","37","7.3","NaCl solution","Glass diffusion cell","","","Sznitowska, 1993","10.1016/0378-5173(93)90321-6"
"Aspartic acid","OC(=O)CC(C(=O)O)N","-7.585","Cadaver","thigh","epidermis, dermis","dermatomed 500um","-20","","0","","7.3","NaCl solution","37","7.3","NaCl solution","Glass diffusion cell","","","Sznitowska, 1993","10.1016/0378-5173(93)90321-6"
"Atenolol","OC(COc1ccc(cc1)CC(=O)N)CNC(C)C","-7.857","Abdominoplasty","abdomen","epidermis, dermis","dermatomed 1200um, hydrated","-20","","0","32","7.4","Sorensen buffer","32","7.6","Sorensen buffer","Franz cell","","","Modamio, 2000","10.1016/S0378-5173(99)00380-4"
"Atenolol","OC(COc1ccc(cc1)CC(=O)N)CNC(C)C","-4.764","Cadaver","abdomen","epidermis","heat separation","","","0","37","","","37","","NaCl solution with gentamicin (0.016%)","Vertical flow diffusion cell","","PubMed: pubmed.ncbi.nlm.nih.gov/11233083/","Ghosh, 2000","null"
"Atropine","OCC(c1ccccc1)C(=O)OC1CC2CCC(C1)N2C","-7.676","Abdominoplasty","abdomen","epidermis, dermis","","","","0","","","Water","37","7.4","PBS","Franz cell","","","Degim, 1998","10.1016/S0378-5173(98)00113-6"
"Atropine","OCC(c1ccccc1)C(=O)OC1CC2CCC(C1)N2C","-8.635","Cadaver","thigh","epidermis, dermis","","4","14","0","30","8","","30","6.5","Ringer solution","Glass diffusion cell","Jss_max= 0.02 (0.01-0.05) ug/(cm^2*h); c=2.4mg/ml","maximum flux value used for kp calculation","Michaels A. S., 1975","10.1002/aic.690210522"
"Barbital","CCC1(CC)C(=O)NC(=O)NC1=O","-7.509","Cadaver","abdomen","epidermis, dermis","fat removed","4","0.5","0","30","5.0","NaOH","37","7.4","PBS","Franz cell","","","Hadgraft, 1987","10.1016/0378-5173(87)90210-9"
"Benzene","c1ccccc1","-4.511","Cadaver","abdomen","epidermis","heat separation","4","","0","31","","NaCl solution","","","NaCl solution","Glass diffusion cell","","","Blank, 1985","10.1111/1523-1747.ep12277325"
"Benzene","c1ccccc1","-4.352","Cadaver","abdomen, back","epidermis","heat separation","4","7","0","25","","PBS","25","","PBS","Glass diffusion cell","","","Mitragotri, 1995","10.1002/jps.2600840607"
"Benzoic acid","OC(=O)c1ccccc1","-5.675","","abdomen","epidermis","prepared with NaBr solution","-80","","0","","","NaCl, sodium azide","","","","","","","Buist, 2010","10.1016/j.yrtph.2010.02.008"
"Benzoic acid","OC(=O)c1ccccc1","-5.156","Abdominoplasty","abdomen","epidermis, dermis","","","","0","","","Water","37","7.4","PBS","Franz cell","","","Degim, 1998","10.1016/S0378-5173(98)00113-6"
"Benzyl nicotinate","O=C(c1cccnc1)OCc1ccccc1","-5.348","Abdominoplasty or mammaplasty","abdomen, breast","epidermis","heat separation","4","","0","37","7.4","","37","","PBS","Franz cell","Jss= 13.9 ug/(cm^2*h); c=0.86mg/ml","","Dalpozzo, 1991","10.1002/jps.2600800114"
"Betamethasone","OCC(=O)[C@@]1(O)[C@@H](C)C[C@@H]2[C@]1(C)C[C@H](O)[C@]1([C@H]2CCC2=CC(=O)C=C[C@]12C)F","-7.153","Mammaplasty or cadaver","abdomen, thigh, breast","epidermis, dermis","dermatomed 500um","4","4","0","37","4.5","Acetate solution","37","4.5","Acetate solution","Glass diffusion cell","Jss= 15.2±3.4 ng/(cm^2*h); c=60.1ug/ml","","Kubota, 1993","10.1002/jps.2600821017"
"Betamethasone-17-valerate","CCCCC(=O)OC1(C(C)CC2C1(C)CC(O)C1(C2CCC2=CC(=O)C=CC12C)F)C(=O)CO","-6.496","","abdomen","dermis","heat separation","-20","","0","25","","","25","","","Glass diffusion cell","","kp value obtained using steady-state model I reported in publication","Siddiqui, 1989","10.1007/bf01061455"
"Betamethasone-17-valerate","CCCCC(=O)OC1(C(C)CC2C1(C)CC(O)C1(C2CCC2=CC(=O)C=CC12C)F)C(=O)CO","-5.525","Mammaplasty or cadaver","abdomen, thigh, breast","epidermis, dermis","dermatomed 500um","4","4","0","37","4.5","Acetate solution","37","4.5","Acetate solution","Glass diffusion cell","Jss= 57.6±22.4 ng/(cm^2*h); c=5.36ug/ml","","Kubota, 1993","10.1002/jps.2600821017"
"Bis(2-ethylhexyl)phthalate","CCCCC(COC(=O)c1ccccc1C(=O)OCC(CCCC)CC)CC","-10.535","Cadaver","","stratum corneum","heat separation","4","2","1","","","","30","7.1","Dulbecco PBS","Franz cell","","acceptor medium contained polyethoxyoleate; also stored at -70 deg. C","Barber, 1992","10.1016/0272-0590(92)90086-W"
"Bis(2-ethylhexyl)phthalate","CCCCC(COC(=O)c1ccccc1C(=O)OCC(CCCC)CC)CC","-7.653","","abdomen","epidermis","prepared with NaBr solution","-80","","0","","","NaCl, sodium azide","","","","","","","Buist, 2010","10.1016/j.yrtph.2010.02.008"
"Bis(2-ethylhexyl)phthalate","CCCCC(COC(=O)c1ccccc1C(=O)OCC(CCCC)CC)CC","-8.8","Cadaver","abdomen","epidermis, dermis","heat separation","-4","","1","30","","","30","","Ethanol 50%","Glass diffusion cell","","","Scott, 1987","10.1289/ehp.8774223"
"Bisoprolol Fumarate","OC(COc1ccc(cc1)COCCOC(C)C)CNC(C)C.OC(=O)/C=C/C(=O)O","-7.125","Abdominoplasty","abdomen","epidermis, dermis","dermatomed 1200um, hydrated","-20","","0","32","","","32","7.4","Sorensen buffer","Franz cell","","","Modamio, 1998","10.1016/S0378-5173(98)00214-2"
"Bisphenol A diglycidyl ether","CC(c1ccc(cc1)OCC1OC1)(c1ccc(cc1)OCC1OC1)C","-9.875","Mammaplasty","breast","epidermis, dermis","dermatomed","","0.125","0","32","","","","7.4","Hanks balanced salt solution","Flow through cell","","receptor- Hanks balanced salt solution, no phenol red and sodium bicarbonate, contains HEPES, BSA and gentamicin","Boogaard, 2000","10.1080/004982500237488"
"Borax","[O-]B1OB2OB(OB(O1)O2)[O-].[Na+].[Na+]","-7.326","Cadaver","thigh","epidermis, dermis","dermatomed 500um","1","5","0","32","","Water","","","PBS","Flow through cell","","","Wester, 1998","10.1006/toxs.1998.2490"
"Boric acid","OB(O)O","-7.199","Cadaver","thigh","epidermis, dermis","dermatomed 500um","1","5","0","32","","Water","","","PBS","Flow through cell","","","Wester, 1998","10.1006/toxs.1998.2490"
"Bromoacetic acid","OC(=O)CBr","-6.41","Mammaplasty","breast","epidermis, dermis","dermatomed 250-280um","-20","","1","40","7","Water","37","7.4","","Glass diffusion cell","","","Xu, 2002","10.1006/taap.2002.9494"
"Bromochloroacetic acid","OC(=O)C(Br)Cl","-6.352","Mammaplasty","breast","epidermis, dermis","dermatomed 250-280um","-20","","1","40","7","Water","37","7.4","","Glass diffusion cell","","","Xu, 2002","10.1006/taap.2002.9494"
"Bromochloroacetonitrile","ClC(C#N)Br","-4.352","Cadaver","torso","epidermis, dermis","dermatomed 250-280um","-20","","0","37","","Water","37","7.4","PBS","Glass diffusion cell","","","Trabaris, 2012","10.1002/jat.1657"
"Bromodichloromethane","ClC(Br)Cl","-4.301","Mammaplasty","breast","epidermis, dermis","dermatomed 250-280um","-20","","0","25","7","Water","37","7.4","PBS","Glass diffusion cell","","","Xu, 2002","10.1006/taap.2002.9494"
"Bromoform","BrC(Br)Br","-4.234","Mammaplasty","breast","epidermis, dermis","dermatomed 250-280um","-20","","0","25","7","Water","37","7.4","PBS","Glass diffusion cell","","","Xu, 2002","10.1006/taap.2002.9494"
"Butan-2-one","CCC(=O)C","-5.903","Cadaver","abdomen","epidermis","heat separation","","","0","","","","","","","Glass diffusion cell","","kp value given as a range (4-5*10^-3 cm/h); mean value used","Blank, 1967","10.1038/jid.1967.184"
"Butan-2-one","CCC(=O)C","-5.903","","","epidermis","","","","0","30","","","30","","","","","kp value given as 4-5*10^-3 (cm/h); mean value used","Scheuplein, 1967","10.1038/jid.1967.11"
"Butobarbital","CCCCC1(CC)C(=O)NC(=O)NC1=O","-7.268","Cadaver","abdomen","epidermis, dermis","fat removed","4","0.5","0","30","5.0","NaOH","37","7.4","PBS","Franz cell","","","Hadgraft, 1987","10.1016/0378-5173(87)90210-9"
"Butoxyethanol","CCCCOC(O)C","-6","","abdomen","epidermis","prepared with NaBr solution","-80","","0","","","NaCl, sodium azide","","","","","","","Buist, 2010","10.1016/j.yrtph.2010.02.008"
"Butoxyethanol","CCCCOC(O)C","-5.982","Mammaplasty","breast","epidermis, dermis","dermatomed 330um, hydrated","","","0","32","","Water","37","7.4","Saline, HCl","","Jss= 1695±179 ug/(cm^2*h); c=452mg/ml","","Wilkinson, 2006","10.1007/s00420-005-0056-5"
"Butoxyethanol","CCCCOC(O)C","-6.364","Mammaplasty","breast","epidermis, dermis","","","","0","32","","Water","37","7.4","Saline, HCl","","Jss= 703±114 ug/(cm^2*h); c=452mg/ml","","Wilkinson, 2006","10.1007/s00420-005-0056-5"
"Butyl 4-hydroxybenzoat","CCCCOC(=O)c1ccc(cc1)O","-4.538","Abdominoplasty","abdomen","epidermis","heat separation","","","0","32","7.4","PBS","37","","PBS","Franz cell","","","Akomeah, 2007","10.1002/jps.20773"
"Butyl nicotinate","CCCCOC(=O)c1cccnc1","-5.335","Abdominoplasty or mammaplasty","abdomen, breast","epidermis","heat separation","4","","0","37","7.4","","37","","PBS","Franz cell","Jss= 62.1 ug/(cm^2*h); c=3.73mg/ml","","Dalpozzo, 1991","10.1002/jps.2600800114"
"Butyl p-aminobenzoate","CCCCOC(=O)c1ccc(cc1)N","-4.607","Cadaver","thigh","epidermis, dermis","dermatomed 300um","4","","0","25","","","25","","","Flow through cell","","","Roy, 1993","10.1002/jps.2600821217"
"Butyl p-aminobenzoate","CCCCOC(=O)c1ccc(cc1)N","-4.41","Cadaver","thigh","epidermis, dermis without stratum corneum","dermatomed, tape-stripped","4","","0","25","","","25","","","Flow through cell","","","Roy, 1993","10.1002/jps.2600821217"
"Caffeine","Cn1cnc2c1c(=O)n(C)c(=O)n2C","-7.053","Abdominoplasty","abdomen","epidermis","heat separation","","","0","32","7.4","PBS","37","","PBS","Franz cell","","","Akomeah, 2007","10.1002/jps.20773"
"Caffeine","Cn1cnc2c1c(=O)n(C)c(=O)n2C","-7.556","Cadaver","abdomen, back","epidermis","heat separation","4","7","0","25","","PBS","25","","PBS","Glass diffusion cell","","","Mitragotri, 1995","10.1002/jps.2600840607"
"Caffeine","Cn1cnc2c1c(=O)n(C)c(=O)n2C","-6.828","Cadaver","abdomen","epidermis, dermis","dermatomed 350um","","60","0","32","","","","","","Flow through cell","","donor applied as gel","Bronaugh, 1986","10.1111/j.1365-2133.1986.tb06214.x"
"Caffeine","Cn1cnc2c1c(=O)n(C)c(=O)n2C","-7.145","","leg","epidermis","heat separation","","","0","32","","","37","7.4","PBS","Franz cell","","","Dias, 1999","10.1016/S0378-5173(99)00067-8"
"Caffeine","Cn1cnc2c1c(=O)n(C)c(=O)n2C","-6.352","Cadaver","abdomen","stratum corneum","heat separation, hydrated","","","0","30","","","","","","Glass diffusion cell","","","Southwell, 1984","10.1016/0378-5173(84)90145-5"
"Caffeine","Cn1cnc2c1c(=O)n(C)c(=O)n2C","-6.541","Mammaplasty","breast","epidermis, dermis","dermatomed 330um, hydrated","","","0","32","","Ethanol/water (1:1 v/v)","37","7.4","Saline, HCl","","Jss= 4.14±1.18 ug/(cm^2*h); c=4mg/ml","","Wilkinson, 2006","10.1007/s00420-005-0056-5"
"Caffeine","Cn1cnc2c1c(=O)n(C)c(=O)n2C","-6.915","Mammaplasty","breast","epidermis, dermis","","","","0","32","","Ethanol/water (1:1 v/v)","37","7.4","Saline, HCl","","Jss= 1.75±0.15 ug/(cm^2*h); c=4mg/ml","","Wilkinson, 2006","10.1007/s00420-005-0056-5"
"Carvacrol","CC(c1ccc(c(c1)O)C)C","-4.842","Abdominoplasty","abdomen","epidermis","heat separation","-20","","0","","","","37","","","Glass diffusion cell","","","Chantasart, 2010","10.1007/s11095-010-0181-z"
"Carvacrol","CC(c1ccc(c(c1)O)C)C","-4.81","Abdominoplasty","abdomen","epidermis","heat separation","-20","90","0","32","7.4","PBS","32","","PBS with ethanol","Franz cell","","","Zhang, 2009","10.1007/s11095-009-9912-4"
"Catechol","Oc1ccccc1O","-6.066","Abdominoplasty","abdomen","epidermis","heat separation","-17","","0","37","","Water","37","7.4","PBS","Franz cell","","","du Plessis, 2002","10.1016/S0928-0987(02)00085-4"
"Celiprolol Hydrochloride","CCN(C(=O)Nc1ccc(c(c1)C(=O)C)OCC(CNC(C)(C)C)O)CC.Cl","-6.785","Abdominoplasty","abdomen","epidermis, dermis","dermatomed 1200um, hydrated","-20","","0","32","","","32","7.4","Sorensen buffer","Franz cell","","","Modamio, 1998","10.1016/S0378-5173(98)00214-2"
"Chloral hydrate","OC(C(Cl)(Cl)Cl)O","-5.965","Cadaver","torso","epidermis, dermis","dermatomed 250-280um","-20","","0","37","","Water","37","7.4","PBS","Glass diffusion cell","","","Trabaris, 2012","10.1002/jat.1657"
"Chloroacetic acid","OC(=O)CCl","-6.515","Mammaplasty","breast","epidermis, dermis","dermatomed 250-280um","-20","","1","40","7","Water","37","7.4","","Glass diffusion cell","","","Xu, 2002","10.1006/taap.2002.9494"
"Chloroacetonitrile","ClCC#N","-4.561","Cadaver","torso","epidermis, dermis","dermatomed 250-280um","-20","","0","37","","Water","37","7.4","PBS","Glass diffusion cell","","","Trabaris, 2012","10.1002/jat.1657"
"Chlorocresol","Cc1c(O)cccc1Cl","-4.816","Cadaver","abdomen","epidermis","exposure to ammonia fumes","","","0","25","","","25","","","Pyrex cell","","","Roberts, 1977","10.1111/j.2042-7158.1977.tb11434.x"
"Chlorocresol","Cc1c(O)cccc1Cl","-5","Abdominoplasty","abdomen","epidermis","heat separation","-20","90","0","32","7.4","PBS","32","","PBS with ethanol","Franz cell","","","Zhang, 2009","10.1007/s11095-009-9912-4"
"Chlorodibromomethane","ClC(Br)Br","-4.255","Mammaplasty","breast","epidermis, dermis","dermatomed 250-280um","-20","","0","25","7","Water","37","7.4","PBS","Glass diffusion cell","","","Xu, 2002","10.1006/taap.2002.9494"
"Chloroform","ClC(Cl)Cl","-4.352","Mammaplasty","breast","epidermis, dermis","dermatomed 250-280um","-20","","0","25","7","Water","37","7.4","PBS","Glass diffusion cell","","","Xu, 2002","10.1006/taap.2002.9494"
"Chloroxylenol","Cc1ccc(c(c1C)O)Cl","-4.785","Cadaver","abdomen","epidermis","exposure to ammonia fumes","","","0","25","","","25","","","Pyrex cell","","","Roberts, 1977","10.1111/j.2042-7158.1977.tb11434.x"
"Chloroxylenol","Cc1ccc(c(c1C)O)Cl","-4.651","Abdominoplasty","abdomen","epidermis","heat separation","-20","90","0","32","7.4","PBS","32","","PBS with ethanol","Franz cell","","","Zhang, 2009","10.1007/s11095-009-9912-4"
"Chlorpheniramine","CN(CCC(c1ccccn1)c1ccc(cc1)Cl)C","-6.216","Cadaver","thigh","epidermis, dermis","","4","14","0","30","10.3","","30","6.5","Ringer solution","Glass diffusion cell","Jss_max= 3.5 (2.9-3.9) ug/(cm^2*h); c= 1.6mg/ml","maximum flux value used for kp calculation","Michaels A. S., 1975","10.1002/aic.690210522"
"Chlorpheniramine","CN(CCC(c1ccccn1)c1ccc(cc1)Cl)C","-6.491","Cadaver","thigh","epidermis, dermis","","4","14","0","30","10","","30","6.5","Ringer solution","Glass diffusion cell","Jss= 2.9 ug/(cm^2*h) c= 2.1mg/ml; Jss= 1.5 ug/(cm^2*h) c= 1.1mg/ml; Jss= 0.5 ug/(cm^2*h) c=0.6mg/ml","","Michaels A. S., 1975","10.1002/aic.690210522"
"Chlorpyrifos","CCOP(=S)(Oc1nc(Cl)c(cc1Cl)Cl)OCC","-7.158","Mammaplasty","breast","","","4","1","0","32","","","","","","Flow through cell","","compound applied concentrate, which formed a emulsion","Griffin, 2000","10.1191/096032700678815684"
"Clotrimazole","Clc1ccccc1C(n1cncc1)(c1ccccc1)c1ccccc1","-9.255","Cadaver","abdomen","epidermis, dermis","dermatomed 600um","-80","60","0","32","","Propylene glycol","","","PBS with ethanol","Franz cell","Jss= 0.02±0.01 ug/(cm^2*h); c=1%","","Schmook, 2001","10.1016/S0378-5173(00)00665-7"
"Codeine","COc1ccc2c3c1OC1C43CCN(C(C2)C4C=CC1O)C","-7.866","Cadaver","abdomen","epidermis","heat separation","-20","","0","37","7.4","Citrate-phosphate buffer","37","7.4","","Glass diffusion cell","","","Roy, 1989","10.1023/A:1015944018555"
"Cortexolone","OCC(=O)C1(O)CCC2C1(C)CCC1C2CCC2=CC(=O)CCC12C","-7.681","","","epidermis","","","","0","26","","","26","","","","","","Scheuplein, 1969","10.1038/jid.1969.9"
"Cortexone","OCC(=O)[C@H]1CC[C@@H]2[C@]1(C)CC[C@H]1[C@H]2CCC2=CC(=O)CC[C@]12C","-6.903","","","epidermis","","","","0","26","","","26","","","","","","Scheuplein, 1969","10.1038/jid.1969.9"
"Corticosterone","OCC(=O)[C@H]1CC[C@@H]2[C@]1(C)C[C@H](O)[C@H]1[C@H]2CCC2=CC(=O)CC[C@]12C","-7.556","Cadaver","abdomen, chest, back","epidermis","heat separation","5","7","0","","","PBS","","7.4","PBS","Glass diffusion cell","","","Johnson, 1996","10.1021/js960079z"
"Corticosterone","OCC(=O)[C@H]1CC[C@@H]2[C@]1(C)C[C@H](O)[C@H]1[C@H]2CCC2=CC(=O)CC[C@]12C","-7.079","Cadaver","abdomen, back","epidermis","heat separation","4","7","0","25","","PBS","25","","PBS","Glass diffusion cell","","","Mitragotri, 1995","10.1002/jps.2600840607"
"Corticosterone","OCC(=O)[C@H]1CC[C@@H]2[C@]1(C)C[C@H](O)[C@H]1[C@H]2CCC2=CC(=O)CC[C@]12C","-7.079","Cadaver","","epidermis","heat separation","4","14","0","","","PBS","","","PBS","Franz cell","","","Mitragotri, 1996","10.1023/A:1016096626810"
"Corticosterone","OCC(=O)[C@H]1CC[C@@H]2[C@]1(C)C[C@H](O)[C@H]1[C@H]2CCC2=CC(=O)CC[C@]12C","-7.556","","","epidermis","heat separation","","","0","","7.4","PBS","","7.4","PBS","Glass diffusion cell","","","Mitragotri, 2000","10.1023/A:1007547809430"
"Corticosterone","OCC(=O)[C@H]1CC[C@@H]2[C@]1(C)C[C@H](O)[C@H]1[C@H]2CCC2=CC(=O)CC[C@]12C","-7.778","","","epidermis","","","","0","26","","","26","","","","","","Scheuplein, 1969","10.1038/jid.1969.9"
"Corticosterone","OCC(=O)[C@H]1CC[C@@H]2[C@]1(C)C[C@H](O)[C@H]1[C@H]2CCC2=CC(=O)CC[C@]12C","-8.206","","abdomen","dermis","heat separation","-20","","0","25","","","25","","","Glass diffusion cell","","kp value obtained using steady-state model I reported in publication","Siddiqui, 1989","10.1007/bf01061455"
"Cortisone","OCC(=O)[C@@]1(O)CC[C@@H]2[C@]1(C)CC(=O)[C@H]1[C@H]2CCC2=CC(=O)CC[C@]12C","-7.38","","abdomen","epidermis","prepared with NaBr solution","-80","","0","","","NaCl, sodium azide","","","","","","","Buist, 2010","10.1016/j.yrtph.2010.02.008"
"Cortisone","OCC(=O)[C@@]1(O)CC[C@@H]2[C@]1(C)CC(=O)[C@H]1[C@H]2CCC2=CC(=O)CC[C@]12C","-8.556","","","epidermis","","","","0","26","","","26","","","","","","Scheuplein, 1969","10.1038/jid.1969.9"
"Cytarabine","OC[C@H]1O[C@H]([C@H]([C@@H]1O)O)n1ccc(nc1=O)N","-8.856","Abdominoplasty","abdomen","epidermis","heat separation","-20","","0","32","7.4","PBS","32","7.4","PBS","Franz cell","Jss= 3.70 nmol/(cm^2*h) SD=1.37; c=738.18(umol/ml)","","Legoabe, 2010","10.1211/jpp.62.06.0012"
"Dexamethasone","OCC(=O)[C@@]1(O)[C@H](C)C[C@@H]2[C@]1(C)C[C@H](O)[C@]1([C@H]2CCC2=CC(=O)C=C[C@]12C)F","-7.75","Cadaver","abdomen, chest, back","epidermis","heat separation","5","7","0","","","PBS","","7.4","PBS","Glass diffusion cell","","","Johnson, 1996","10.1021/js960079z"
"Diazinon","CCOP(=S)(Oc1cc(C)nc(n1)C(C)C)OCC","-5.617","","abdomen","epidermis","prepared with NaBr solution","-80","","0","","","NaCl, sodium azide","","","","","","","Buist, 2010","10.1016/j.yrtph.2010.02.008"
"Dibromoacetic acid","BrC(C(=O)O)Br","-6.141","Mammaplasty","breast","epidermis, dermis","dermatomed 250-280um","-20","","1","40","7","Water","37","7.4","","Glass diffusion cell","","","Xu, 2002","10.1006/taap.2002.9494"
"Dibromoacetonitrile","BrC(C#N)Br","-4.326","Cadaver","torso","epidermis, dermis","dermatomed 250-280um","-20","","0","37","","Water","37","7.4","PBS","Glass diffusion cell","","","Trabaris, 2012","10.1002/jat.1657"
"Dibutyl Phthalate","CCCCOC(=O)c1ccccc1C(=O)OCCCC","-9.195","Cadaver","abdomen","epidermis, dermis","heat separation","-4","","1","30","","","30","","Ethanol 50%","Glass diffusion cell","","","Scott, 1987","10.1289/ehp.8774223"
"Dichloroacetic acid","ClC(C(=O)O)Cl","-6.278","Mammaplasty","breast","epidermis, dermis","dermatomed 250-280um","-20","","1","40","7","Water","37","7.4","","Glass diffusion cell","","","Xu, 2002","10.1006/taap.2002.9494"
"Dichloroacetonitrile","ClC(C#N)Cl","-4.38","Cadaver","torso","epidermis, dermis","dermatomed 250-280um","-20","","0","37","","Water","37","7.4","PBS","Glass diffusion cell","","","Trabaris, 2012","10.1002/jat.1657"
"Diclofenac","OC(=O)Cc1ccccc1Nc1c(Cl)cccc1Cl","-6.556","Abdominoplasty","abdomen","epidermis, dermis","","","","0","","","Water","37","7.4","PBS","Franz cell","","","Degim, 1998","10.1016/S0378-5173(98)00113-6"
"Diethyl ether","CCOCC","-5.352","Cadaver","abdomen","epidermis","heat separation","","","0","","","","","","","Glass diffusion cell","","kp value given as a range (15-17*10^-3 cm/h); mean value used","Blank, 1967","10.1038/jid.1967.184"
"Diethyl ether","CCOCC","-5.352","","","epidermis","","","","0","30","","","30","","","","","kp value given as 16-17*10^-3 (cm/h); mean value used","Scheuplein, 1967","10.1038/jid.1967.11"
"Diethyl Phthalate","CCOC(=O)c1ccccc1C(=O)OCC","-8.499","Cadaver","abdomen","epidermis, dermis","heat separation","-4","","1","30","","","30","","Ethanol 50%","Glass diffusion cell","","","Scott, 1987","10.1289/ehp.8774223"
"Diethylcarbamazine","CCN(C(=O)N1CCN(CC1)C)CC","-7.459","Cadaver","thigh","epidermis, dermis","","4","14","0","30","10","","30","6.5","Ringer solution","Glass diffusion cell","Jss_max= 100 (83-120) ug/(cm^2*h); c= 800mg/ml","maximum flux value used for kp calculation","Michaels A. S., 1975","10.1002/aic.690210522"
"Diethylene glycol mono n-butyl ether acetate","CCCCOCCOCCOC(=O)C","-7.051","Surgery","abdomen","epidermis, dermis","fat removed","-25","120","0","","","","32","","NaCl solution","Franz cell","","","Venier, 2004","10.1016/j.tiv.2004.03.004"
"Diethylene glycol mono n-butyl ether acetate","CCCCOCCOCCOC(=O)C","-7.778","Surgery","abdomen","epidermis, dermis","fat removed","-25","120","1","","","","32","","NaCl solution","Franz cell","","","Venier, 2004","10.1016/j.tiv.2004.03.004"
"Diethylene glycol monobutyl ether","CCCCOCCOCCO","-7.071","Cadaver","","stratum corneum","heat separation","4","2","1","","","","37","7.1","Dulbecco PBS","Franz cell","","also stored at -70 deg. C","Barber, 1992","10.1016/0272-0590(92)90086-W"
"Diethylene glycol monobutyl ether","CCCCOCCOCCO","-8.004","Cadaver","abdomen","epidermis","heat separation","","","1","30","","","30","","Water","Glass diffusion cell","","","Dugard, 1984","10.1289/ehp.8457193"
"Digitoxin","O=C1OCC(=C1)[C@@H]1CC[C@]2([C@]1(C)CC[C@H]1[C@H]2CC[C@H]2[C@]1(C)CC[C@@H](C2)O[C@H]1C[C@H](O)[C@@H]([C@H](O1)C)O[C@H]1C[C@H](O)[C@@H]([C@H](O1)C)O[C@H]1C[C@H](O)[C@@H]([C@H](O1)C)O)O","-8.442","Cadaver","thigh","epidermis, dermis","","4","14","0","30","7","","30","6.5","Ringer solution","Glass diffusion cell","Jss_max= 0.00013 (0.00012-0.00014) ug/(cm^2*h); c= 0.01mg/ml","maximum flux value used for kp calculation","Michaels A. S., 1975","10.1002/aic.690210522"
"Dimethyl Phthalate","COC(=O)c1ccccc1C(=O)OC","-8.035","Cadaver","abdomen","epidermis, dermis","heat separation","-4","","1","30","","","30","","Ethanol 50%","Glass diffusion cell","","","Scott, 1987","10.1289/ehp.8774223"
"Dimethylethylamine","CCN(C)C","-6.079","Surgery","","epidermis, dermis","","4","1","0","","","","","","Hanks balanced salt solution","Teflon cell","","","Lundh, 1997","10.1007/s004200050223"
"Dipropylene glycol mono methyl ether","OCC(OCC(OC)C)C","-7.653","Surgery","abdomen","epidermis, dermis","fat removed","-25","120","0","","","","32","","NaCl solution","Franz cell","","","Venier, 2004","10.1016/j.tiv.2004.03.004"
"Dipropylene glycol mono methyl ether","OCC(OCC(OC)C)C","-7.515","Surgery","abdomen","epidermis, dermis","fat removed","-25","120","1","","","","32","","NaCl solution","Franz cell","","","Venier, 2004","10.1016/j.tiv.2004.03.004"
"Disodium octaborate tetrahydrate","[O-]B([O-])[O-].[O-]B([O-])[O-].[O-]B([O-])[O-].[O-]B([O-])[O-].[O-]B([O-])[O-].[O-]B([O-])[O-].[O-]B([O-])[O-].[O-]B([O-])[O-].O.O.O.O.[Na+].[Na+]","-7.653","Cadaver","thigh","epidermis, dermis","dermatomed 500um","1","5","0","32","","Water","","","PBS","Flow through cell","","","Wester, 1998","10.1006/toxs.1998.2490"
"Ephedrine","CN[C@H]([C@@H](c1ccccc1)O)C","-5.778","Cadaver","thigh","epidermis, dermis","","4","14","0","30","10.8","","30","6.5","Ringer solution","Glass diffusion cell","Jss_max= 300 (250-400) ug/(cm^2*h); c= 50mg/ml","maximum flux value used for kp calculation","Michaels A. S., 1975","10.1002/aic.690210522"
"Ephedrine","CN[C@H]([C@@H](c1ccccc1)O)C","-5.778","Cadaver","thigh","epidermis, dermis","","4","14","0","30","10.85","","30","6.5","Ringer solution","Glass diffusion cell","Jss= 300 ug/(cm^2*h); c=50mg/ml","","Michaels A. S., 1975","10.1002/aic.690210522"
"Ephedrine","CN[C@H]([C@@H](c1ccccc1)O)C","-5.778","Cadaver","thigh","epidermis, dermis","","4","14","0","30","10.45","","30","6.5","Ringer solution","Glass diffusion cell","Jss= 60 ug/(cm^2*h); c=10mg/ml","","Michaels A. S., 1975","10.1002/aic.690210522"
"Ephedrine","CN[C@H]([C@@H](c1ccccc1)O)C","-6.326","Cadaver","thigh","epidermis, dermis","","4","14","0","30","8.85","","30","6.5","Ringer solution","Glass diffusion cell","Jss= 1.7 ug/(cm^2*h) c=1mg/ml","","Michaels A. S., 1975","10.1002/aic.690210522"
"Epikote YX4000","Cc1cc(cc(c1OCC1OC1)C)c1cc(C)c(c(c1)C)OCC1OC1","-10.884","Mammaplasty","breast","epidermis, dermis","dermatomed","","0.125","0","32","","","","7.4","Hanks balanced salt solution","Flow through cell","","receptor- Hanks balanced salt solution, no phenol red and sodium bicarbonate, contains HEPES, BSA and gentamicin","Boogaard, 2000","10.1080/004982500237488"
"Estradiol","Oc1ccc2c(c1)CC[C@@H]1[C@@H]2CC[C@]2([C@H]1CC[C@@H]2O)C","-5.967","Cadaver","thigh","epidermis, dermis","dermatomed 750um, hydrated","4","","0","","","","","7","Ringer solution","Glass diffusion cell","","","Galey, 1976","10.1111/1523-1747.ep12598596"
"Estradiol","Oc1ccc2c(c1)CC[C@@H]1[C@@H]2CC[C@]2([C@H]1CC[C@@H]2O)C","-6.684","Cadaver","abdomen","epidermis","heat separation, hydrated","-24","","0","30","","Ethanol","32","","Ethanol","Semi-automated apparatus","","","Goodman, 1988","10.1111/1523-1747.ep12475655"
"Estradiol","Oc1ccc2c(c1)CC[C@@H]1[C@@H]2CC[C@]2([C@H]1CC[C@@H]2O)C","-6.018","Cadaver","abdomen","epidermis","heat separation, hydrated","-24","","0","30","","Water","32","","Water","Semi-automated apparatus","","","Goodman, 1988","10.1111/1523-1747.ep12475655"
"Estradiol","Oc1ccc2c(c1)CC[C@@H]1[C@@H]2CC[C@]2([C@H]1CC[C@@H]2O)C","-5.944","Cadaver","abdomen, chest, back","epidermis","heat separation","5","7","0","","","","","","","Glass diffusion cell","","","Johnson, 1995","10.1002/jps.2600840922"
"Estradiol","Oc1ccc2c(c1)CC[C@@H]1[C@@H]2CC[C@]2([C@H]1CC[C@@H]2O)C","-5.937","Cadaver","abdomen, chest, back","epidermis","heat separation","5","7","0","","","PBS","","7.4","PBS","Glass diffusion cell","","","Johnson, 1996","10.1021/js960079z"
"Estradiol","Oc1ccc2c(c1)CC[C@@H]1[C@@H]2CC[C@]2([C@H]1CC[C@@H]2O)C","-5.77","Abdominoplasty","abdomen","epidermis","heat separation","4","1","0","37","7.4","PBS","37","7.4","PBS","Glass diffusion cell","","","Knutson, 1993","10.1016/0168-3659(93)90170-A"
"Estradiol","Oc1ccc2c(c1)CC[C@@H]1[C@@H]2CC[C@]2([C@H]1CC[C@@H]2O)C","-5.829","Cadaver","thigh","epidermis, dermis","","4","14","0","30","7","","30","6.5","Ringer solution","Glass diffusion cell","Jss_max= 0.016 (0.01-0.03) ug/(cm^2*h); c= 0.003mg/ml","maximum flux value used for kp calculation","Michaels A. S., 1975","10.1002/aic.690210522"
"Estradiol","Oc1ccc2c(c1)CC[C@@H]1[C@@H]2CC[C@]2([C@H]1CC[C@@H]2O)C","-6.051","Cadaver","abdomen, back","epidermis","heat separation","4","7","0","25","","PBS","25","","PBS","Glass diffusion cell","","","Mitragotri, 1995","10.1002/jps.2600840607"
"Estradiol","Oc1ccc2c(c1)CC[C@@H]1[C@@H]2CC[C@]2([C@H]1CC[C@@H]2O)C","-6.079","Cadaver","","epidermis","heat separation","4","14","0","","","PBS","","","PBS","Franz cell","","","Mitragotri, 1996","10.1023/A:1016096626810"
"Estradiol","Oc1ccc2c(c1)CC[C@@H]1[C@@H]2CC[C@]2([C@H]1CC[C@@H]2O)C","-6.079","","","epidermis","heat separation","","","0","","7.4","PBS","","7.4","PBS","Glass diffusion cell","","","Mitragotri, 2000","10.1023/A:1007547809430"
"Estradiol","Oc1ccc2c(c1)CC[C@@H]1[C@@H]2CC[C@]2([C@H]1CC[C@@H]2O)C","-7.079","","","epidermis","","","","0","26","","","26","","","","","","Scheuplein, 1969","10.1038/jid.1969.9"
"Estradiol","Oc1ccc2c(c1)CC[C@@H]1[C@@H]2CC[C@]2([C@H]1CC[C@@H]2O)C","-5.488","Cadaver","abdomen","stratum corneum","heat separation, hydrated","-20","","0","32","","","32","","Sodium azide","","","arithmetic mean of kp values reported in publication used","Williams, 1992","10.1016/0378-5173(92)90032-W"
"Estradiol","Oc1ccc2c(c1)CC[C@@H]1[C@@H]2CC[C@]2([C@H]1CC[C@@H]2O)C","-4.815","Cadaver","thigh","dermis","heat separation, hydrated","4","","0","","","","","7","Ringer solution","Glass diffusion cell","","","Galey, 1976","10.1111/1523-1747.ep12598596"
"Estradiol","Oc1ccc2c(c1)CC[C@@H]1[C@@H]2CC[C@]2([C@H]1CC[C@@H]2O)C","-6.556","Abdominoplasty","abdomen","epidermis, dermis","dermatomed 500um","4","14","0","32","","Ethanol/PBS (3:1, v/v)","32","","","","","","Pershing, 1993","10.1023/A:1018974131236"
"Estradiol","Oc1ccc2c(c1)CC[C@@H]1[C@@H]2CC[C@]2([C@H]1CC[C@@H]2O)C","-5.556","Abdominoplasty","abdomen","epidermis, dermis","dermatomed 500um","4","14","0","32","","Ethanol/PBS (3:1, v/v), 5% Oleic acid in Ethanol","32","","","","","","Pershing, 1993","10.1023/A:1018974131236"
"Estriol","Oc1ccc2c(c1)CC[C@@H]1[C@@H]2CC[C@]2([C@H]1C[C@H]([C@@H]2O)O)C","-7.954","","","epidermis","","","","0","26","","","26","","","","","","Scheuplein, 1969","10.1038/jid.1969.9"
"Estrone","Oc1ccc2c(c1)CC[C@@H]1[C@@H]2CC[C@]2([C@H]1CCC2=O)C","-6","","","epidermis","","","","0","26","","","26","","","","","","Scheuplein, 1969","10.1038/jid.1969.9"
"Ethacrynic acid","CCC(=C)C(=O)c1ccc(c(c1Cl)Cl)OCC(=O)O","-7.38","","abdomen","epidermis","prepared with NaBr solution","-80","","0","","","NaCl, sodium azide","","","","","","","Buist, 2010","10.1016/j.yrtph.2010.02.008"
"Ethanol","CCO","-7.079","Cadaver","abdomen","epidermis, dermis","fat removed","","","0","22","","NaCl solution","22","","NaCl solution","","","","Blank, 1964","10.1038/jid.1964.174"
"Ethanol","CCO","-6.278","Abdominoplasty","abdomen","epidermis","heat separation","","","0","35","7.4","PBS","35","7.4","PBS with bovine serum albumin","Franz cell","","","Cross, 2003","10.1046/j.1523-1747.2003.12131.x"
"Ethanol","CCO","-6.556","Cadaver","abdomen","epidermis","heat separation","","","0","","","","","","","Pyrex cell","","","Scheuplein, 1965","10.1038/jid.1965.140"
"Ethanol","CCO","-3.653","","","","","","","0","","","","","","","","","","Scheuplein, 1971","10.1152/physrev.1971.51.4.702"
"Ethanol","CCO","-6.699","Cadaver","abdomen","epidermis","heat separation","4","","1","25","","","","","Water","Pyrex cell","","","Scheuplein, 1973","10.1111/1523-1747.ep12723090"
"Ethanol","CCO","-6.653","Cadaver","abdomen","epidermis","heat separation","4","","0","25","","","","","Water","Pyrex cell","","","Scheuplein, 1973","10.1111/1523-1747.ep12723090"
"Ethanol","CCO","-6.352","Abdominoplasty","abdomen","epidermis, dermis","fat removed","","","0","35","7.4","PBS","35","7.4","PBS with bovine serum albumin","Franz cell","","","Cross, 2003","10.1046/j.1523-1747.2003.12131.x"
"Ethanol","CCO","-5.214","Abdominoplasty","abdomen","dermis","heat separation","","","0","35","7.4","PBS","35","7.4","PBS with bovine serum albumin","Franz cell","","","Cross, 2003","10.1046/j.1523-1747.2003.12131.x"
"Ethanol","CCO","-5.711","Cadaver","abdomen","dermis","heat separation","4","","1","25","","","","","Water","Pyrex cell","","","Scheuplein, 1973","10.1111/1523-1747.ep12723090"
"Ethanol","CCO","-5.012","Cadaver","abdomen","dermis","heat separation","4","","0","25","","","","","Water","Pyrex cell","","","Scheuplein, 1973","10.1111/1523-1747.ep12723090"
"Ethanol","CCO","-7.055","Cadaver","abdomen","","","7","4","0","30","","","30","","","","","","Scott, 1990","10.1111/1523-1747.ep12475447"
"Ethyl 3-ethoxypropionate","CCOCCC(=O)OCC","-6.669","Cadaver","","stratum corneum","heat separation","4","2","1","","","","30","7.1","Dulbecco PBS","Franz cell","","acceptor medium contained polyethoxyoleate; also stored at -70 deg. C","Barber, 1992","10.1016/0272-0590(92)90086-W"
"Ethyl nicotinate","CCOC(=O)c1cccnc1","-5.755","Abdominoplasty or mammaplasty","abdomen, breast","epidermis","heat separation","4","","0","37","7.4","","37","","PBS","Franz cell","Jss= 304 ug/(cm^2*h) at c=50mg/ml; Jss=3.30ug/(cm^2*h) at c=0.5mg/ml","","Dalpozzo, 1991","10.1002/jps.2600800114"
"Ethyl p-aminobenzoate","CCOC(=O)c1ccc(cc1)N","-5.255","Cadaver","thigh","epidermis, dermis","dermatomed 300um","4","","0","25","","","25","","","Flow through cell","","","Roy, 1993","10.1002/jps.2600821217"
"Ethylene glycol mono isopropyl ether","OCCOC(C)C","-6.913","Surgery","abdomen","epidermis, dermis","fat removed","-25","120","0","","","","32","","NaCl solution","Franz cell","","","Venier, 2004","10.1016/j.tiv.2004.03.004"
"Ethylene glycol mono isopropyl ether","OCCOC(C)C","-7.125","Surgery","abdomen","epidermis, dermis","fat removed","-25","120","1","","","","32","","NaCl solution","Franz cell","","","Venier, 2004","10.1016/j.tiv.2004.03.004"
"Ethylene glycol mono methyl ether acetate","COCCOC(=O)C","-6.299","Surgery","abdomen","epidermis, dermis","fat removed","-25","120","0","","","","32","","NaCl solution","Franz cell","","","Venier, 2004","10.1016/j.tiv.2004.03.004"
"Ethylene glycol mono methyl ether acetate","COCCOC(=O)C","-6.637","Surgery","abdomen","epidermis, dermis","fat removed","-25","120","1","","","","32","","NaCl solution","Franz cell","","","Venier, 2004","10.1016/j.tiv.2004.03.004"
"Etodolac","CCC1(OCCc2c1[nH]c1c2cccc1CC)CC(=O)O","-5.683","Abdominoplasty","abdomen","epidermis, dermis","","-70","21","0","32","","","37","7.4","PBS","Franz cell","","","Degim, 2003","10.1002/jps.10312"
"Etorphine","CCCC(C1CC23C=CC1(OC)C1C43CCN(C2Cc2c4c(O1)c(O)cc2)C)(O)C","-6","Cadaver","abdomen","","","-20","","0","37","7.3","TRIS buffer","37","7.4","TRIS buffer","","","","Jolicoeur, 1992","10.1023/A:1015877621976"
"Famotidine","NC(=Nc1scc(n1)CSCCC(=NS(=O)(=O)N)N)N","-8.345","Abdominoplasty","abdomen","epidermis, dermis","","-70","21","0","32","","","37","7.4","PBS","Franz cell","","","Degim, 2003","10.1002/jps.10312"
"Fentanyl","CCC(=O)N(c1ccccc1)C1CCN(CC1)CCc1ccccc1","-5.556","Cadaver","thigh","epidermis, dermis","","4","14","0","30","8","","30","6.5","Ringer solution","Glass diffusion cell","Jss_max= 2.0 (0.8-3.8) ug/(cm^2*h); c= 0.2mg/ml","maximum flux value used for kp calculation","Michaels A. S., 1975","10.1002/aic.690210522"
"Fentanyl","CCC(=O)N(c1ccccc1)C1CCN(CC1)CCc1ccccc1","-5.808","Cadaver","abdomen","epidermis","heat separation","-20","","0","37","7.4","Citrate-phosphate buffer","37","7.4","","Glass diffusion cell","","","Roy, 1989","10.1023/A:1015944018555"
"Fentanyl","CCC(=O)N(c1ccccc1)C1CCN(CC1)CCc1ccccc1","-5.503","Cadaver","abdomen, thigh","epidermis","heat separation","-20","","0","37","7.4","Potassium phosphate buffer","37","7.4","","","","","Roy, 1990","10.1023/A:1015912932416"
"Fentanyl","CCC(=O)N(c1ccccc1)C1CCN(CC1)CCc1ccccc1","-7.079","Cadaver","thigh","epidermis, dermis","dermatomed","-20","","0","37","2.88","Citrate-phosphate buffer","37","7.4","","","","","Roy, 1990","10.1023/A:1015912932416"
"Fentanyl","CCC(=O)N(c1ccccc1)C1CCN(CC1)CCc1ccccc1","-6.442","Cadaver","thigh","epidermis, dermis","dermatomed","-20","","0","37","5.08","Citrate-phosphate buffer","37","7.4","","","","","Roy, 1990","10.1023/A:1015912932416"
"Fentanyl","CCC(=O)N(c1ccccc1)C1CCN(CC1)CCc1ccccc1","-5.849","Cadaver","thigh","epidermis, dermis","dermatomed","-20","","0","37","6.02","Citrate-phosphate buffer","37","7.4","","","","","Roy, 1990","10.1023/A:1015912932416"
"Fentanyl","CCC(=O)N(c1ccccc1)C1CCN(CC1)CCc1ccccc1","-5.705","Cadaver","thigh","epidermis, dermis","dermatomed","-20","","0","37","6.95","Citrate-phosphate buffer","37","7.4","","","","","Roy, 1990","10.1023/A:1015912932416"
"Fentanyl","CCC(=O)N(c1ccccc1)C1CCN(CC1)CCc1ccccc1","-5.452","Cadaver","thigh","epidermis, dermis","dermatomed","-20","","0","37","7.43","Potassium phosphate buffer","37","7.4","","","","","Roy, 1990","10.1023/A:1015912932416"
"Fentanyl","CCC(=O)N(c1ccccc1)C1CCN(CC1)CCc1ccccc1","-5.206","Cadaver","thigh","epidermis, dermis","dermatomed","-20","","0","37","7.95","Potassium phosphate buffer","37","7.4","","","","","Roy, 1990","10.1023/A:1015912932416"
"Fentanyl","CCC(=O)N(c1ccccc1)C1CCN(CC1)CCc1ccccc1","-5.115","Cadaver","thigh","epidermis, dermis","dermatomed","-20","","0","37","8.52","Potassium phosphate buffer","37","7.4","","","","","Roy, 1990","10.1023/A:1015912932416"
"Fentanyl","CCC(=O)N(c1ccccc1)C1CCN(CC1)CCc1ccccc1","-5.013","Cadaver","thigh","epidermis, dermis","dermatomed","-20","","0","37","9.04","Potassium phosphate buffer","37","7.4","","","","","Roy, 1990","10.1023/A:1015912932416"
"Fentanyl","CCC(=O)N(c1ccccc1)C1CCN(CC1)CCc1ccccc1","-5.039","Cadaver","thigh","epidermis, dermis","dermatomed","-20","","0","37","9.37","Potassium phosphate buffer","37","7.4","","","","","Roy, 1990","10.1023/A:1015912932416"
"Flufenamic acid","OC(=O)c1ccccc1Nc1cccc(c1)C(F)(F)F","-6.194","Abdominoplasty","abdomen","epidermis","heat separation","-26","180","0","32","7.4","Sorensen buffer","32","7.4","PBS","Franz cell","","","Henning, 2008","10.1159/000112958"
"Flufenamic acid","OC(=O)c1ccccc1Nc1cccc(c1)C(F)(F)F","-6.201","Abdominoplasty","abdomen","stratum corneum","trypsinisation","-26","180","0","32","7.4","Sorensen buffer","32","7.4","PBS","Franz cell","","","Henning, 2008","10.1159/000112958"
"Flufenamic acid","OC(=O)c1ccccc1Nc1cccc(c1)C(F)(F)F","-6.094","Abdominoplasty","abdomen","dermis","heat separation","-26","180","0","32","7.4","Sorensen buffer","32","7.4","PBS","Franz cell","","","Henning, 2008","10.1159/000112958"
"Flufenamic acid","OC(=O)c1ccccc1Nc1cccc(c1)C(F)(F)F","-6.111","Abdominoplasty","abdomen","epidermis, dermis","dermatomed 500um","-26","180","0","32","7.4","Sorensen buffer","32","7.4","PBS","Franz cell","","","Henning, 2008","10.1159/000112958"
"Fluocinonide","CC(=O)OCC(=O)[C@@]12OC(O[C@@H]1C[C@@H]1[C@]2(C)C[C@H](O)[C@]2([C@H]1C[C@@H](C1=CC(=O)C=C[C@]21C)F)F)(C)C","-6.326","Abdominoplasty or cadaver","","stratum corneum","trypsinisation","4","8.5 (7-10)","0","37","4","Succinate solution","37","4","Succinate solution","Flow through cell","","","Anderson, 1988","10.1023/a:1015989929342"
"Fluocinonide","CC(=O)OCC(=O)[C@@]12OC(O[C@@H]1C[C@@H]1[C@]2(C)C[C@H](O)[C@]2([C@H]1C[C@@H](C1=CC(=O)C=C[C@]21C)F)F)(C)C","-6.326","Abdominoplasty or cadaver","","epidermis, dermis","dry heat separation","4","8.5 (7-10)","0","37","4","Succinate solution","37","4","Succinate solution","Flow through cell","","","Anderson, 1988","10.1023/a:1015989929342"
"Flurbiprofen","OC(=O)C(c1ccc(c(c1)F)c1ccccc1)C","-5.331","Abdominoplasty","abdomen","epidermis","heat separation","-20","","0","37","7","PBS","37","7.4","PBS","Franz cell","Jss= 28.337±7.56 ug/(cm^2*h) kp 1.68*10^-2(cm/h) 1","","Swart, 2005","10.1016/j.ijpharm.2005.05.030"
"Flurbiprofen glucoside","OC1O[C@H](COC(=O)C(c2ccc(c(c2)F)c2ccccc2)C)[C@H]([C@@H]([C@H]1O)O)O","-6.477","Abdominoplasty","abdomen","epidermis","heat separation","-20","","0","37","7","PBS","37","7.4","PBS","Franz cell","Jss= 1.225±1.04 ug/(cm^2*h) kp 1.20*10^-3(cm/h) 5","","Swart, 2005","10.1016/j.ijpharm.2005.05.030"
"Flurbiprofen mannoside","OC1O[C@H](COC(=O)C(c2ccc(c(c2)F)c2ccccc2)C)[C@H]([C@@H]([C@@H]1O)O)O","-6.935","Abdominoplasty","abdomen","epidermis","heat separation","-20","","0","37","7","PBS","37","7.4","PBS","Franz cell","Jss= 0.479±0.52 ug/(cm^2*h) kp4.18*10^-4(cm/h) 6","","Swart, 2005","10.1016/j.ijpharm.2005.05.030"
"Glyphosate","OC(=O)CNCP(=O)(O)O","-6.894","Cadaver","","epidermis, dermis","dermatomed 1000um","","","0","37","","Water","37","7.4","PBS","Flow through cell","","","Wester, 1996","10.1016/0278-6915(96)00030-0"
"Haloperidol","Fc1ccc(cc1)C(=O)CCCN1CCC(CC1)(O)c1ccc(cc1)Cl","-7.03","Cadaver","abdomen","epidermis","heat separation","-80","","0","37","","","37","","","Franz cell","","","Vaddi, 2001","10.1248/cpb.49.1395"
"Histidine","N[C@H](C(=O)O)Cc1c[nH]cn1","-7.907","Cadaver","thigh","epidermis, dermis","dermatomed 500um","-20","","0","","5","NaCl solution","37","7.3","NaCl solution","Glass diffusion cell","","","Sznitowska, 1993","10.1016/0378-5173(93)90321-6"
"Histidine","N[C@H](C(=O)O)Cc1c[nH]cn1","-7.812","Cadaver","thigh","epidermis, dermis","dermatomed 500um","-20","","0","","7.3","NaCl solution","37","7.3","NaCl solution","Glass diffusion cell","","","Sznitowska, 1993","10.1016/0378-5173(93)90321-6"
"Histidine","N[C@H](C(=O)O)Cc1c[nH]cn1","-7.903","Cadaver","thigh","epidermis, dermis","dermatomed 500um","-20","","0","","8.5","NaCl solution","37","7.3","NaCl solution","Glass diffusion cell","","","Sznitowska, 1993","10.1016/0378-5173(93)90321-6"
"Hydrocortisone","OCC(=O)[C@@]1(O)CC[C@@H]2[C@]1(C)C[C@H](O)[C@H]1[C@H]2CCC2=CC(=O)CC[C@]12C","-7.481","Cadaver","abdomen","epidermis, dermis","fat removed","4","0.5","0","30","","Ethanol","37","","Ethanol","Franz cell","","","Hadgraft, 1987","10.1016/0378-5173(87)90210-9"
"Hydrocortisone","OCC(=O)[C@@]1(O)CC[C@@H]2[C@]1(C)C[C@H](O)[C@H]1[C@H]2CCC2=CC(=O)CC[C@]12C","-7.195","Cadaver","abdomen, chest, back","epidermis","heat separation","5","7","0","","","","","","","Glass diffusion cell","","","Johnson, 1995","10.1002/jps.2600840922"
"Hydrocortisone","OCC(=O)[C@@]1(O)CC[C@@H]2[C@]1(C)C[C@H](O)[C@H]1[C@H]2CCC2=CC(=O)CC[C@]12C","-9.079","","","epidermis","","","","0","26","","","26","","","","","","Scheuplein, 1969","10.1038/jid.1969.9"
"Hydrocortisone","OCC(=O)[C@@]1(O)CC[C@@H]2[C@]1(C)C[C@H](O)[C@H]1[C@H]2CCC2=CC(=O)CC[C@]12C","-9.106","","abdomen","dermis","heat separation","-20","","0","25","","","25","","","Glass diffusion cell","","kp value obtained using steady-state model I reported in publication","Siddiqui, 1989","10.1007/bf01061455"
"Hydrocortisone","OCC(=O)[C@@]1(O)CC[C@@H]2[C@]1(C)C[C@H](O)[C@H]1[C@H]2CCC2=CC(=O)CC[C@]12C","-7.357","Cadaver","abdomen","epidermis, dermis","","-30","","0","37","1","","37","","NaCl, Sodium azide","Flow through cell","Jss= 0.19+-0.09 ug/(cm^2*h); c=1.2 mg/ml","donor medium applied as suspention","Sznitowska, 2001","10.1016/s0168-3659(01)00443-6"
"Hydrocortisone","OCC(=O)[C@@]1(O)CC[C@@H]2[C@]1(C)C[C@H](O)[C@H]1[C@H]2CCC2=CC(=O)CC[C@]12C","-7.357","Cadaver","abdomen","epidermis, dermis","","-30","","0","37","2","Ethanol, Britton-Robinson buffer","37","","NaCl, Sodium azide","Flow through cell","Jss= 0.19+-0.10 ug/(cm^2*h); c=1.2 mg/ml","donor medium applied as suspention","Sznitowska, 2001","10.1016/s0168-3659(01)00443-6"
"Hydrocortisone","OCC(=O)[C@@]1(O)CC[C@@H]2[C@]1(C)C[C@H](O)[C@H]1[C@H]2CCC2=CC(=O)CC[C@]12C","-7.431","Cadaver","abdomen","epidermis, dermis","","-30","","0","37","3.5","Ethanol, Britton-Robinson buffer","37","","NaCl, Sodium azide","Flow through cell","Jss= 0.16+-0.08 ug/(cm^2*h); c=1.2 mg/ml","donor medium applied as suspention","Sznitowska, 2001","10.1016/s0168-3659(01)00443-6"
"Hydrocortisone","OCC(=O)[C@@]1(O)CC[C@@H]2[C@]1(C)C[C@H](O)[C@H]1[C@H]2CCC2=CC(=O)CC[C@]12C","-7.681","Cadaver","abdomen","epidermis, dermis","","-30","","0","37","6","Ethanol, Britton-Robinson buffer","37","","NaCl, Sodium azide","Flow through cell","Jss= 0.09+-0.05 ug/(cm^2*h); c=1.2 mg/ml","donor medium applied as suspention","Sznitowska, 2001","10.1016/s0168-3659(01)00443-6"
"Hydrocortisone","OCC(=O)[C@@]1(O)CC[C@@H]2[C@]1(C)C[C@H](O)[C@H]1[C@H]2CCC2=CC(=O)CC[C@]12C","-7.577","Cadaver","abdomen","epidermis, dermis","","-30","","0","37","10","Ethanol, Britton-Robinson buffer","37","","NaCl, Sodium azide","Flow through cell","Jss= 0.10+-0.03 ug/(cm^2*h); c=1.05mg/ml","donor medium applied as suspention","Sznitowska, 2001","10.1016/s0168-3659(01)00443-6"
"Hydrocortisone","OCC(=O)[C@@]1(O)CC[C@@H]2[C@]1(C)C[C@H](O)[C@H]1[C@H]2CCC2=CC(=O)CC[C@]12C","-9.195","Cadaver","abdomen","epidermis, dermis","dermatomed 600um","-80","60","0","32","","Propylene glycol","","","PBS with ethanol","Franz cell","Jss= 0.023±0.007 ug/(cm^2*h); c=1%","","Schmook, 2001","10.1016/S0378-5173(00)00665-7"
"Hydrocortisone 21-(6-hydroxyhexanoate)","OCCCCCC(=O)OCC(=O)[C@@]1(O)CC[C@@H]2[C@]1(C)C[C@H](O)[C@H]1[C@H]2CCC2=CC(=O)CC[C@]12C","-6.597","Abdominoplasty or cadaver","","stratum corneum","trypsinisation","4","8.5 (7-10)","0","37","4","Succinate solution","37","4","Succinate solution","Flow through cell","","","Anderson, 1988","10.1023/a:1015989929342"
"Hydrocortisone 21-(N,N-dimethylsuccinamate)","O=C(CCC(=O)N(C)C)OCC(=O)[C@@]1(O)CC[C@@H]2[C@]1(C)C[C@H](O)[C@H]1[C@H]2CCC2=CC(=O)CC[C@]12C","-7.73","Abdominoplasty or cadaver","","stratum corneum","trypsinisation","4","8.5 (7-10)","0","37","4","Succinate solution","37","4","Succinate solution","Flow through cell","","","Anderson, 1988","10.1023/a:1015989929342"
"Hydrocortisone 21-Hemipimelate","OC(=O)CCCCCC(=O)OCC(=O)[C@@]1(O)CC[C@@H]2[C@]1(C)C[C@H](O)[C@H]1[C@H]2CCC2=CC(=O)CC[C@]12C","-6.301","Abdominoplasty or cadaver","","stratum corneum","trypsinisation","4","8.5 (7-10)","0","37","4","Succinate solution","37","4","Succinate solution","Flow through cell","","","Anderson, 1988","10.1023/a:1015989929342"
"Hydrocortisone 21-Hemisuccinate","OC(=O)CCC(=O)OCC(=O)[C@@]1(O)CC[C@@H]2[C@]1(C)C[C@H](O)[C@H]1[C@H]2CCC2=CC(=O)CC[C@]12C","-6.757","Abdominoplasty or cadaver","","stratum corneum","trypsinisation","4","8.5 (7-10)","0","37","4","Succinate solution","37","4","Succinate solution","Flow through cell","","","Anderson, 1988","10.1023/a:1015989929342"
"Hydrocortisone 21-Hexanoate","CCCCCC(=O)OCC(=O)[C@@]1(O)CC[C@@H]2[C@]1(C)C[C@H](O)[C@H]1[C@H]2CCC2=CC(=O)CC[C@]12C","-5.301","Abdominoplasty or cadaver","","stratum corneum","trypsinisation","4","8.5 (7-10)","0","37","4","Succinate solution","37","4","Succinate solution","Flow through cell","","","Anderson, 1988","10.1023/a:1015989929342"
"Hydrocortisone 21-methylpimelate","COC(=O)CCCCCC(=O)OCC(=O)[C@@]1(O)CC[C@@H]2[C@]1(C)C[C@H](O)[C@H]1[C@H]2CCC2=CC(=O)CC[C@]12C","-5.824","Abdominoplasty or cadaver","","stratum corneum","trypsinisation","4","8.5 (7-10)","0","37","4","Succinate solution","37","4","Succinate solution","Flow through cell","","","Anderson, 1988","10.1023/a:1015989929342"
"Hydrocortisone 21-methylsuccinate","COC(=O)CCC(=O)OCC(=O)[C@@]1(O)CC[C@@H]2[C@]1(C)C[C@H](O)[C@H]1[C@H]2CCC2=CC(=O)CC[C@]12C","-7.234","Abdominoplasty or cadaver","","stratum corneum","trypsinisation","4","8.5 (7-10)","0","37","4","Succinate solution","37","4","Succinate solution","Flow through cell","","","Anderson, 1988","10.1023/a:1015989929342"
"Hydrocortisone 21-octanoate","CCCCCCCC(=O)OCC(=O)[C@@]1(O)CC[C@@H]2[C@]1(C)C[C@H](O)[C@H]1[C@H]2CCC2=CC(=O)CC[C@]12C","-4.764","Abdominoplasty or cadaver","","stratum corneum","trypsinisation","4","8.5 (7-10)","0","37","4","Succinate solution","37","4","Succinate solution","Flow through cell","","","Anderson, 1988","10.1023/a:1015989929342"
"Hydrocortisone 21-pimelamate","NC(=O)CCCCCC(=O)OCC(=O)[C@@]1(O)CC[C@@H]2[C@]1(C)C[C@H](O)[C@H]1[C@H]2CCC2=CC(=O)CC[C@]12C","-6.607","Abdominoplasty or cadaver","","stratum corneum","trypsinisation","4","8.5 (7-10)","0","37","4","Succinate solution","37","4","Succinate solution","Flow through cell","","","Anderson, 1988","10.1023/a:1015989929342"
"Hydrocortisone 21-propionate","CCC(=O)OCC(=O)[C@@]1(O)CC[C@@H]2[C@]1(C)C[C@H](O)[C@H]1[C@H]2CCC2=CC(=O)CC[C@]12C","-6.038","Abdominoplasty or cadaver","","epidermis, dermis","dry heat separation","4","8.5 (7-10)","0","37","4","Succinate solution","37","4","Succinate solution","Flow through cell","","","Anderson, 1988","10.1023/a:1015989929342"
"Hydrocortisone 21-propionate","CCC(=O)OCC(=O)[C@@]1(O)CC[C@@H]2[C@]1(C)C[C@H](O)[C@H]1[C@H]2CCC2=CC(=O)CC[C@]12C","-6.025","Abdominoplasty or cadaver","","stratum corneum","trypsinisation","4","8.5 (7-10)","0","37","4","Succinate solution","37","4","Succinate solution","Flow through cell","","","Anderson, 1988","10.1023/a:1015989929342"
"Hydrocortisone 21-succinamate","NC(=O)CCC(=O)OCC(=O)[C@@]1(O)CC[C@@H]2[C@]1(C)C[C@H](O)[C@H]1[C@H]2CCC2=CC(=O)CC[C@]12C","-8.141","Abdominoplasty or cadaver","","stratum corneum","trypsinisation","4","8.5 (7-10)","0","37","4","Succinate solution","37","4","Succinate solution","Flow through cell","","","Anderson, 1988","10.1023/a:1015989929342"
"Hydromorphone","O=C1CC[C@@H]2[C@@]34[C@H]1Oc1c4c(C[C@H]2N(CC3)C)ccc1O","-8.38","Cadaver","abdomen","epidermis","heat separation","-20","","0","37","7.4","Citrate-phosphate buffer","37","7.4","","Glass diffusion cell","","","Roy, 1989","10.1023/A:1015944018555"
"Hydroquinone","Oc1ccc(cc1)O","-6.506","Abdominoplasty","abdomen","epidermis","heat separation","-17","","0","37","","Water","37","7.4","PBS","Franz cell","","","du Plessis, 2002","10.1016/S0928-0987(02)00085-4"
"Hydroquinone","Oc1ccc(cc1)O","-8.586","","abdomen","stratum corneum","heat separation","-70","","0","","","","30","7.1","Dulbecco PBS with penicillin, streptomycin and amphotericin","Franz cell","","","Barber, 1995","10.1016/0378-4274(95)03393-Y"
"Hydroxypregnenolone","CC(=O)[C@H]1CC[C@@H]2[C@]1(C)CC[C@H]1[C@H]2CC=C2[C@]1(C)CCC(C2)(O)O","-6.778","","","epidermis","","","","0","26","","","26","","","","","","Scheuplein, 1969","10.1038/jid.1969.9"
"Ibuprofen","CC(Cc1ccc(cc1)C(C(=O)O)C)C","-4.996","Abdominoplasty","abdomen","epidermis, dermis","","","","0","","","Water","37","7.4","PBS","Franz cell","","","Degim, 1998","10.1016/S0378-5173(98)00113-6"
"Ibuprofen","CC(Cc1ccc(cc1)C(C(=O)O)C)C","-5.503","Abdominoplasty","abdomen","epidermis","heat separation","-20","","0","37","7","PBS","37","7.4","PBS","Franz cell","Jss= 29.890±8.95ug/(cm^2*h) kp 1.13*10^-2(cm/h) 2","","Swart, 2005","10.1016/j.ijpharm.2005.05.030"
"Ibuprofen glucoside","CC(Cc1ccc(cc1)C(C(=O)OC[C@H]1OC(O)[C@@H]([C@H]([C@@H]1O)O)O)C)C","-6.945","Abdominoplasty","abdomen","epidermis","heat separation","-20","","0","37","7","PBS","37","7.4","PBS","Franz cell","Jss= 1.840±0.49 ug/(cm^2*h) kp 4.09*10^-4(cm/h) 7","","Swart, 2005","10.1016/j.ijpharm.2005.05.030"
"Ibuprofen mannoside","CC(Cc1ccc(cc1)C(C(=O)OC[C@H]1OC(O)[C@H]([C@H]([C@@H]1O)O)O)C)C","-6.548","Abdominoplasty","abdomen","epidermis","heat separation","-20","","0","37","7","PBS","37","7.4","PBS","Franz cell","Jss= 2.900±1.23 ug/(cm^2*h) kp 1.02*10^-3(cm/h) 8","","Swart, 2005","10.1016/j.ijpharm.2005.05.030"
"Indomethacin","COc1ccc2c(c1)c(CC(=O)O)c(n2C(=O)c1ccc(cc1)Cl)C","-6.997","Amputated limb","thigh","epidermis","heat separation","4","7","0","32","7.2","PBS","","","","","","","Hirvonen, 1991","10.1023/a:1015824100788"
"Isonicotinic acid","OC(=O)c1ccncc1","-8.173","Abdominoplasty or mammaplasty","abdomen, breast","epidermis","heat separation","4","","0","37","7.4","","37","","PBS","Franz cell","Jss= 0.5 ug/(cm^2*h); c=20.7mg/m","","Dalpozzo, 1991","10.1002/jps.2600800114"
"Isoquinoline","c1ccc2c(c1)cncc2","-5.332","Cadaver","abdomen","epidermis, dermis","fat removed","4","0.5","0","30","7.4","NaOH","37","7.4","NaOH","Franz cell","","","Hadgraft, 1987","10.1016/0378-5173(87)90210-9"
"Ketoprofen","OC(=O)C(c1cccc(c1)C(=O)c1ccccc1)C","-6.768","Abdominoplasty","abdomen","epidermis, dermis","","-70","21","0","32","","","37","7.4","PBS","Franz cell","","","Degim, 2003","10.1002/jps.10312"
"Ketoprofen","OC(=O)C(c1cccc(c1)C(=O)c1ccccc1)C","-6.151","Abdominoplasty","abdomen","epidermis","heat separation","-20","","0","37","7","PBS","37","7.4","PBS","Franz cell","Jss= 8.951±2.32 ug/(cm^2*h) kp 2.54*10^-3(cm/h) 3","","Swart, 2005","10.1016/j.ijpharm.2005.05.030"
"Ketoprofen glucoside","OC1O[C@H](COC(=O)C(c2cccc(c2)C(=O)c2ccccc2)C)[C@H]([C@@H]([C@H]1O)O)O","-7.731","Abdominoplasty","abdomen","epidermis","heat separation","-20","","0","37","7","PBS","37","7.4","PBS","Franz cell","Jss= 0.342±0.15 ug/(cm^2*h) kp 6.69*10^-5(cm/h) 9","","Swart, 2005","10.1016/j.ijpharm.2005.05.030"
"Ketoprofen mannoside","OC1O[C@H](COC(=O)C(c2cccc(c2)C(=O)c2ccccc2)C)[C@H]([C@@H]([C@@H]1O)O)O","-7.594","Abdominoplasty","abdomen","epidermis","heat separation","-20","","0","37","7","PBS","37","7.4","PBS","Franz cell","Jss= 0.329±0.38 ug/(cm^2*h) kp 9.17*10^-5(cm/h) 10","","Swart, 2005","10.1016/j.ijpharm.2005.05.030"
"Ketorolac","OC(=O)C1CCn2c1ccc2C(=O)c1ccccc1","-5.799","Cadaver","","epidermis, dermis","","","","0","32","7.4","","32","7.4","PBS with gentamycine","Franz cell","Jss= 0.8±0.4 ug/(cm^2*h); c=0.14mg/ml","","Roy, 1995","10.1002/jps.2600841010"
"L-alanyl-L-tryptophan","OC(=O)[C@H](Cc1c[nH]c2c1cccc2)NC(=O)[C@@H](N)C","-8.38","Abdominoplasty","abdomen","epidermis","heat separation","-20","60","0","35","7.4","HEPES","35","","","Glass diffusion cell","","","Krishnan, 2011","10.1002/bip.21520"
"L-alanyl-L-tryptophan","OC(=O)[C@H](Cc1c[nH]c2c1cccc2)NC(=O)[C@@H](N)C","-8.637","Abdominoplasty","abdomen","epidermis","heat separation","-20","60","0","35","5.5","HEPES","35","","","Glass diffusion cell","","","Krishnan, 2011","10.1002/bip.21520"
"Levosimendan","N#CC(=NNc1ccc(cc1)C1=NNC(=O)C[C@H]1C)C#N","-6.484","Cadaver","abdomen","epidermis","heat separation","","","0","25","5","Acetate solution","25","","","Glass diffusion cell","Jss= 0.024 ug/(cm^2*h)±0.009; c=20(ug/ml)","","Valjakka-Koskela, 2000","10.1016/S0928-0987(00)00120-2"
"Levosimendan","N#CC(=NNc1ccc(cc1)C1=NNC(=O)C[C@H]1C)C#N","-7.954","Cadaver","abdomen","epidermis","heat separation","","","0","","7.4","PBS","","","","Glass diffusion cell","Jss= 0.016 ug/(cm^2*h); c=0.4mg/ml","","Valjakka-Koskela, 2000","10.1016/S0928-0987(00)00120-2"
"Lidocaine","CCN(CC(=O)Nc1c(C)cccc1C)CC","-5.958","Cadaver","abdomen, chest, back","epidermis","heat separation","5","7","0","","","PBS","","7.4","PBS","Glass diffusion cell","","","Johnson, 1996","10.1021/js960079z"
"Lidocaine","CCN(CC(=O)Nc1c(C)cccc1C)CC","-6.079","","","epidermis","heat separation","","","0","","7.4","PBS","","7.4","PBS","Glass diffusion cell","","","Mitragotri, 2000","10.1023/A:1007547809430"
"Lidocaine","CCN(CC(=O)Nc1c(C)cccc1C)CC","-7.021","Amputated limb","leg","epidermis, dermis","dermatomed 150um","-14.5","","0","","4.0","Hydroxypropyl cellulose, chlorbutanol","","","","Flow through cell","Jss= 150(SD=34) ug/(cm^2*h); c=437.3+-86.8 mg/ml","donor medium applied as suspention","Kushla, 1991","10.1016/0378-5173(91)90387-4"
"Lidocaine","CCN(CC(=O)Nc1c(C)cccc1C)CC","-6.967","Amputated limb","leg","epidermis, dermis","dermatomed 150um","-14.5","","0","","6.0","Hydroxypropyl cellulose, chlorbutanol","","","","Flow through cell","Jss= 158(SD=4) ug/(cm^2*h); c=406.5+-62.0 mg/ml","donor medium applied as suspention","Kushla, 1991","10.1016/0378-5173(91)90387-4"
"Lidocaine","CCN(CC(=O)Nc1c(C)cccc1C)CC","-5.707","Amputated limb","leg","epidermis, dermis","dermatomed 150um","-14.5","","0","","7.8","Hydroxypropyl cellulose, chlorbutanol","","","","Flow through cell","Jss= 238(SD=56) ug/(cm^2*h); c=33.71+-0.86 mg/ml","donor medium applied as suspention","Kushla, 1991","10.1016/0378-5173(91)90387-4"
"Lidocaine","CCN(CC(=O)Nc1c(C)cccc1C)CC","-5.53","Amputated limb","leg","epidermis, dermis","dermatomed 150um","-14.5","","0","","10.0","Hydroxypropyl cellulose, chlorbutanol","","","","Flow through cell","Jss= 208(SD=29) ug/(cm^2*h); c=19.58+-1.04 mg/ml","donor medium applied as suspention","Kushla, 1991","10.1016/0378-5173(91)90387-4"
"Lindane","ClC1C(Cl)C(Cl)C(C(C1Cl)Cl)Cl","-8.784","Abdominoplasty or mammaplasty","abdomen, breast","epidermis, dermis","dermatomed 230um","-70","","0","32","","Acetate solution","","","Ethanol 50%","Static diffusion cell","Jss= 710±70 ng/(cm^2*h); c=120mg/ml","","Dick, 1997","10.1177/096032719701601104"
"Lindane","ClC1C(Cl)C(Cl)C(C(C1Cl)Cl)Cl","-6.691","Abdominoplasty or mammaplasty","abdomen, breast","epidermis, dermis","dermatomed 230um","-70","","0","32","","White spirit","","","Ethanol 50%","Static diffusion cell","Jss= 2200±280 ng/(cm^2*h); c=3mg/ml","","Dick, 1997","10.1177/096032719701601104"
"Lindane","ClC1C(Cl)C(Cl)C(C(C1Cl)Cl)Cl","-7.109","Abdominoplasty or mammaplasty","abdomen, breast","epidermis, dermis","dermatomed 230um","-70","","0","32","","White spirit, pentachlorophenyl laurate, other ingredients","","","Ethanol 50%","Static diffusion cell","Jss= 1400±270 ng/(cm^2*h); c=5mg/ml","","Dick, 1997","10.1177/096032719701601104"
"Lindane","ClC1C(Cl)C(Cl)C(C(C1Cl)Cl)Cl","-7.887","Abdominoplasty or mammaplasty","abdomen, breast","epidermis, dermis","dermatomed 230um","-70","","0","32","","Spray dilution. Water, pentachlorophenyl laurate, surfactants","","","Ethanol 50%","Static diffusion cell","Jss= 280±53 ng/(cm^2*h); c=6mg/ml","","Dick, 1997","10.1177/096032719701601104"
"Linolenic acid","CC/C=C/C/C=C/C/C=C/CCCCCCCC(=O)O","-5.988","","abdomen","epidermis","prepared with NaBr solution","-80","","0","","","NaCl, sodium azide","","","","","","","Buist, 2010","10.1016/j.yrtph.2010.02.008"
"Lysine","NCCCC[C@@H](C(=O)O)N","-7.328","Cadaver","thigh","epidermis, dermis","dermatomed 500um","-20","","0","","7.3","NaCl solution","37","7.3","NaCl solution","Glass diffusion cell","","","Sznitowska, 1993","10.1016/0378-5173(93)90321-6"
"Lysine","NCCCC[C@@H](C(=O)O)N","-6.86","Cadaver","thigh","epidermis, dermis","dermatomed 500um","-20","","0","","8.9","NaCl solution","37","7.3","NaCl solution","Glass diffusion cell","","","Sznitowska, 1993","10.1016/0378-5173(93)90321-6"
"m-Cresol","Cc1cccc(c1)O","-5.373","Cadaver","abdomen","epidermis","exposure to ammonia fumes","","","0","25","","","25","","","Pyrex cell","","","Roberts, 1977","10.1111/j.2042-7158.1977.tb11434.x"
"m-Nitrophenol","Oc1cccc(c1)[N+](=O)[O-]","-5.805","Cadaver","abdomen","epidermis","exposure to ammonia fumes","","","0","25","","","25","","","Pyrex cell","","","Roberts, 1977","10.1111/j.2042-7158.1977.tb11434.x"
"Malathion","CCOC(=O)CC(C(=O)OCC)SP(=S)(OC)OC","-4.249","Cadaver","","epidermis, dermis","dermatomed 1000um","","","0","37","","Ethanol","37","7.4","PBS","Flow through cell","","","Wester, 1996","10.1016/0278-6915(96)00030-0"
"Mannitol","OC[C@H]([C@H]([C@@H]([C@@H](CO)O)O)O)O","-7.81","","","epidermis","heat separation","","","0","37","7.5","PBS with sodium azide","37","7.5","PBS with sodium azide","Glass diffusion cell","","dual permeation study: urea and mannitol","Peck, 1994","10.1023/A:1018998529283"
"Mannitol","OC[C@H]([C@H]([C@@H]([C@@H](CO)O)O)O)O","-8.158","Cadaver","abdomen","epidermis","heat separation","","","0","32","","NaCl solution","32","","NaCl solution","Flow through cell","","","Clowes, 1994","10.1016/0887-2333(94)90078-7"
"Mannitol","OC[C@H]([C@H]([C@@H]([C@@H](CO)O)O)O)O","-7.923","Cadaver","abdomen","epidermis, dermis","dermatomed 130um","","4","0","32","","NaCl solution","33","","NaCl solution","Flow through cell","","","Clowes, 1994","10.1016/0887-2333(94)90078-7"
"Mannitol","OC[C@H]([C@H]([C@@H]([C@@H](CO)O)O)O)O","-7.771","Cadaver","abdomen","","","7","4","0","30","","","30","","","","","","Scott, 1990","10.1111/1523-1747.ep12475447"
"Meperidine","CCOC(=O)C1(CCN(CC1)C)c1ccccc1","-5.988","Cadaver","abdomen","epidermis","heat separation","-20","","0","37","7.4","Citrate-phosphate buffer","37","7.4","","Glass diffusion cell","","","Roy, 1989","10.1023/A:1015944018555"
"Methanol","CO","-6.556","Cadaver","abdomen","epidermis","heat separation","","","0","","","","","","","Pyrex cell","","","Scheuplein, 1965","10.1038/jid.1965.140"
"Methanol","CO","-3.857","","","","","","","0","","","","","","","","","","Scheuplein, 1971","10.1152/physrev.1971.51.4.702"
"Methanol","CO","-5.539","Cadaver","abdomen","epidermis","heat separation","4","","1","25","","","","","Water","Pyrex cell","","","Scheuplein, 1973","10.1111/1523-1747.ep12723090"
"Methanol","CO","-6.857","Cadaver","abdomen","epidermis","heat separation","4","","0","25","","","","","Water","Pyrex cell","","","Scheuplein, 1973","10.1111/1523-1747.ep12723090"
"Methanol","CO","-5.195","Cadaver","abdomen","dermis","heat separation","4","","1","25","","","","","Water","Pyrex cell","","","Scheuplein, 1973","10.1111/1523-1747.ep12723090"
"Methanol","CO","-4.832","Cadaver","abdomen","dermis","heat separation","4","","0","25","","","","","Water","Pyrex cell","","","Scheuplein, 1973","10.1111/1523-1747.ep12723090"
"Methanol","CO","-6.352","Cadaver","abdomen","stratum corneum","heat separation, hydrated","","","0","30","","","","","","Glass diffusion cell","","","Southwell, 1984","10.1016/0378-5173(84)90145-5"
"Methotrexate","OC(=O)CC[C@@H](C(=O)O)NC(=O)c1ccc(cc1)N(Cc1cnc2c(n1)c(N)nc(n2)N)C","-7.007","Cadaver","abdomen","epidermis, dermis","","","","0","","","Propylene glycol/water (50%)","37","","NaCl solution","","","","Vaidyanathan, 1985","10.1016/0378-5173(85)90106-1"
"Methotrexate","OC(=O)CC[C@@H](C(=O)O)NC(=O)c1ccc(cc1)N(Cc1cnc2c(n1)c(N)nc(n2)N)C","-7.503","Cadaver","abdomen","epidermis, dermis","","","","0","","1.98","Propylene glycol/water (50%)","37","","NaCl solution","","Jss= 0.1588 ug/(cm^2*h); c=1405.9ug/ml","","Vaidyanathan, 1985","10.1016/0378-5173(85)90106-1"
"Methotrexate","OC(=O)CC[C@@H](C(=O)O)NC(=O)c1ccc(cc1)N(Cc1cnc2c(n1)c(N)nc(n2)N)C","-7.209","Cadaver","abdomen","epidermis, dermis","","","","0","","2.98","Propylene glycol/water (50%)","37","","NaCl solution","","Jss= 0.1995 ug/(cm^2*h); c=897.6ug/ml","","Vaidyanathan, 1985","10.1016/0378-5173(85)90106-1"
"Methotrexate","OC(=O)CC[C@@H](C(=O)O)NC(=O)c1ccc(cc1)N(Cc1cnc2c(n1)c(N)nc(n2)N)C","-6.613","Cadaver","abdomen","epidermis, dermis","","","","0","","3.87","Propylene glycol/water (50%)","37","","NaCl solution","","Jss= 0.4064 ug/(cm^2*h); c=463.3ug/ml","","Vaidyanathan, 1985","10.1016/0378-5173(85)90106-1"
"Methotrexate","OC(=O)CC[C@@H](C(=O)O)NC(=O)c1ccc(cc1)N(Cc1cnc2c(n1)c(N)nc(n2)N)C","-6.807","Cadaver","abdomen","epidermis, dermis","","","","0","","4.12","Propylene glycol/water (50%)","37","","NaCl solution","","Jss= 0.3182 ug/(cm^2*h); c=566.5ug/ml","","Vaidyanathan, 1985","10.1016/0378-5173(85)90106-1"
"Methotrexate","OC(=O)CC[C@@H](C(=O)O)NC(=O)c1ccc(cc1)N(Cc1cnc2c(n1)c(N)nc(n2)N)C","-6.503","Cadaver","abdomen","epidermis, dermis","","","","0","","5.29","Propylene glycol/water (50%)","37","","NaCl solution","","Jss= 1.6687 ug/(cm^2*h); c=1476.5ug/ml","","Vaidyanathan, 1985","10.1016/0378-5173(85)90106-1"
"Methotrexate","OC(=O)CC[C@@H](C(=O)O)NC(=O)c1ccc(cc1)N(Cc1cnc2c(n1)c(N)nc(n2)N)C","-6.84","Cadaver","abdomen","epidermis, dermis","","","","0","","6.34","Propylene glycol/water (50%)","37","","NaCl solution","","Jss= 2.5819 ug/(cm^2*h); c=4963.6ug/ml","","Vaidyanathan, 1985","10.1016/0378-5173(85)90106-1"
"Methyl 4-hydroxybenzoate","COC(=O)c1ccc(cc1)O","-5.23","Abdominoplasty","abdomen","epidermis","heat separation","","","0","32","7.4","PBS","37","","PBS","Franz cell","","","Akomeah, 2007","10.1002/jps.20773"
"Methyl 4-hydroxybenzoate","COC(=O)c1ccc(cc1)O","-5.596","Cadaver","abdomen","epidermis","exposure to ammonia fumes","","","0","25","","","25","","","Pyrex cell","","","Roberts, 1977","10.1111/j.2042-7158.1977.tb11434.x"
"Methyl 4-hydroxybenzoate","COC(=O)c1ccc(cc1)O","-5.634","Cadaver","back, leg","epidermis","heat separation","-70","","0","32","7.4","PBS","32","7.4","PBS with sodium azide","","Jss= 26.0±7.8% ug/(cm^2*h); c=3.11±49% mg/ml","","Romonchuk, 2010","10.1159/000272121"
"Methyl 4-hydroxybenzoate","COC(=O)c1ccc(cc1)O","-5.632","Abdominoplasty","abdomen","epidermis","heat separation","-20","90","0","32","7.4","PBS","32","","PBS with ethanol","Franz cell","","","Zhang, 2009","10.1007/s11095-009-9912-4"
"Methyl 4-hydroxyphenylacetate","COC(=O)Cc1ccc(cc1)O","-5.255","Abdominoplasty","abdomen","stratum corneum","trypsinisation","","","0","","4","Succinate solution","","","","Flow through cell","","","Anderson, 1989","10.1111/1523-1747.ep12277592"
"Methyl nicotinate","COC(=O)c1cccnc1","-6.046","Abdominoplasty or mammaplasty","abdomen, breast","epidermis","heat separation","4","","0","37","7.4","","37","","PBS","Franz cell","Jss= 309 ug/(cm^2*h) at c=100mg/ml; Jss=170ug/(cm^2*h) at c=50mg/ml","","Dalpozzo, 1991","10.1002/jps.2600800114"
"Methyl nicotinate","COC(=O)c1cccnc1","-5.966","Abdominoplasty","abdomen","epidermis, dermis","","","","0","","","Water","37","7.4","PBS","Franz cell","","","Degim, 1998","10.1016/S0378-5173(98)00113-6"
"Methyl p-aminobenzoate","COC(=O)c1ccc(cc1)N","-5.195","Cadaver","thigh","epidermis, dermis","dermatomed 300um","4","","0","25","","","25","","","Flow through cell","","","Roy, 1993","10.1002/jps.2600821217"
"Methyl p-aminobenzoate","COC(=O)c1ccc(cc1)N","-5.012","Cadaver","thigh","epidermis, dermis without stratum corneum","dermatomed, tape-stripped","4","","0","25","","","25","","","Flow through cell","","","Roy, 1993","10.1002/jps.2600821217"
"Methyl salicylate","COC(=O)c1ccccc1O","-5","Abdominoplasty","abdomen","epidermis","heat separation","-20","90","0","32","7.4","PBS","32","","PBS with ethanol","Franz cell","","","Zhang, 2009","10.1007/s11095-009-9912-4"
"Methyltriglycol nicotinate","COCCOCCOCCOC(=O)c1cccnc1","-7.308","Abdominoplasty or mammaplasty","abdomen, breast","epidermis","heat separation","4","","0","37","7.4","","37","","PBS","Franz cell","Jss= 17.7 ug/(cm^2*h); c=100mg/ml","","Dalpozzo, 1991","10.1002/jps.2600800114"
"Metoprolol","COCCc1ccc(cc1)OCC(CNC(C)C)O","-6.637","Abdominoplasty","abdomen","epidermis, dermis","dermatomed 1200um, hydrated","-20","","0","32","7.4","Sorensen buffer","32","7.6","Sorensen buffer","Franz cell","","","Modamio, 2000","10.1016/S0378-5173(99)00380-4"
"Minoxidil","Nc1cc(nc(=N)n1O)N1CCCCC1","-5.477","Cadaver","abdomen","epidermis","heat separation","","","0","37","","","37","","NaCl solution with gentamicin (0.016%)","Vertical flow diffusion cell","","PubMed: pubmed.ncbi.nlm.nih.gov/11233083/","Ghosh, 2000","null"
"Morphine","O[C@H]1C=C[C@@H]2[C@@]34[C@H]1Oc1c4c(C[C@H]2N(CC3)C)ccc1O","-8.588","Cadaver","abdomen","epidermis","heat separation","-20","","0","37","7.4","Citrate-phosphate buffer","37","7.4","","Glass diffusion cell","","","Roy, 1989","10.1023/A:1015944018555"
"Morphine","O[C@H]1C=C[C@@H]2[C@@]34[C@H]1Oc1c4c(C[C@H]2N(CC3)C)ccc1O","-9.352","Cadaver","abdomen, thigh","epidermis","heat separation","-20","","0","37","7.5","","37","7.4","","Glass diffusion cell","","","Roy, 1994","10.1002/jps.2600831215"
"N,N-Diethyl-m-toluamide","CCN(C(=O)c1cccc(c1)C)CC","-6.792","Surgery","","epidermis, dermis","","-20","","0","37","","45% Propylene glycol in water (10% DEET solution)","37","7.4","PBS","Franz cell","","","Ross, 2000","10.1016/S0168-3659(00)00210-8"
"N,N-Diethyl-m-toluamide","CCN(C(=O)c1cccc(c1)C)CC","-6.78","Surgery","","epidermis, dermis","","-20","","0","37","","60% Propylene glycol in water  (10% DEET solution)","37","7.4","PBS","Franz cell","","","Ross, 2000","10.1016/S0168-3659(00)00210-8"
"N,N-Diethyl-m-toluamide","CCN(C(=O)c1cccc(c1)C)CC","-7.392","Surgery","","epidermis, dermis","","-20","","0","37","","75% Propylene glycol in water  (10% DEET solution)","37","7.4","PBS","Franz cell","","","Ross, 2000","10.1016/S0168-3659(00)00210-8"
"N,N-Diethyl-m-toluamide","CCN(C(=O)c1cccc(c1)C)CC","-7.561","Surgery","","epidermis, dermis","","-20","","0","37","","90% Propylene glycol in water  (10% DEET solution)","37","7.4","PBS","Franz cell","","","Ross, 2000","10.1016/S0168-3659(00)00210-8"
"N,N-Diethyl-m-toluamide","CCN(C(=O)c1cccc(c1)C)CC","-7.477","Surgery","","epidermis, dermis","","-20","","0","37","","60% PEG 400 in water (10% DEET solution)","37","7.4","PBS","Franz cell","","","Ross, 2000","10.1016/S0168-3659(00)00210-8"
"N,N-Diethyl-m-toluamide","CCN(C(=O)c1cccc(c1)C)CC","-7.535","Surgery","","epidermis, dermis","","-20","","0","37","","75% PEG 400 in water (10% DEET solution)","37","7.4","PBS","Franz cell","","","Ross, 2000","10.1016/S0168-3659(00)00210-8"
"N,N-Diethyl-m-toluamide","CCN(C(=O)c1cccc(c1)C)CC","-7.699","Surgery","","epidermis, dermis","","-20","","0","37","","30% Propylene glycol, 60% PEG 400 (10% DEET solution)","37","7.4","PBS","Franz cell","","","Ross, 2000","10.1016/S0168-3659(00)00210-8"
"N,N-Diethyl-m-toluamide","CCN(C(=O)c1cccc(c1)C)CC","-7.474","Surgery","","epidermis, dermis","","-20","","0","37","","30 % Ethanol in water","37","7.4","PBS","Franz cell","","","Stinecipher, 1997","10.1080/00984109708984056"
"N,N-Diethyl-m-toluamide","CCN(C(=O)c1cccc(c1)C)CC","-6.446","Surgery","","epidermis, dermis","","-20","","0","37","","45 % Ethanol in water","37","7.4","PBS","Franz cell","","","Stinecipher, 1997","10.1080/00984109708984056"
"N,N-Diethyl-m-toluamide","CCN(C(=O)c1cccc(c1)C)CC","-6.954","Surgery","","epidermis, dermis","","-20","","0","37","","60 % Ethanol in water","37","7.4","PBS","Franz cell","","","Stinecipher, 1997","10.1080/00984109708984056"
"N,N-Diethyl-m-toluamide","CCN(C(=O)c1cccc(c1)C)CC","-7.158","Surgery","","epidermis, dermis","","-20","","0","37","","75 % Ethanol in water","37","7.4","PBS","Franz cell","","","Stinecipher, 1997","10.1080/00984109708984056"
"N,N-Diethyl-m-toluamide","CCN(C(=O)c1cccc(c1)C)CC","-8.352","Surgery","","epidermis, dermis","","-20","","0","37","","90 % Ethanol in water","37","7.4","PBS","Franz cell","","","Stinecipher, 1997","10.1080/00984109708984056"
"n-Hexyl nicotinate","CCCCCCOC(=O)c1cccnc1","-5.303","Abdominoplasty or mammaplasty","abdomen, breast","epidermis","heat separation","4","","0","37","7.4","","37","","PBS","Franz cell","Jss= 3.58 ug/(cm^2*h); c=0.2mg/m","","Dalpozzo, 1991","10.1002/jps.2600800114"
"n-Nitrosodiethanolamine","OCCN(N=O)CCO","-5.944","Cadaver","abdomen","epidermis, dermis","heat separation","-20","","0","32","","Isopropyl myristate containing sucrose","37","7.4","PBS","Franz cell","","","Brain, 1995","10.1016/0278-6915(94)00146-F"
"N4-acetyl-4-amino-1-[(2R,3S,4R,5R)-3,4-dihydroxy-5 (hydroxymethyl)oxolan-2-yl] pyrimidin-2-one","OC[C@H]1O[C@H]([C@H]([C@H]1O)O)n1ccc(nc1=O)NC(=O)C","-6.889","Abdominoplasty","abdomen","epidermis","heat separation","-20","","0","32","7.4","PBS","32","7.4","PBS","Franz cell","Jss= 19.72 nmol/(cm^2*h) SD=10.79; c=42.43(umol/ml)","","Legoabe, 2010","10.1211/jpp.62.06.0012"
"N4-hexanoyl-4-amino-1-[(2R,3S,4R,5R)-3,4-dihydroxy-5 (hydroxymethyl)oxolan-2-yl] pyrimidin-2-one","CCCCCC(=O)Nc1ccn(c(=O)n1)[C@@H]1O[C@@H]([C@@H]([C@@H]1O)O)CO","-5.737","Abdominoplasty","abdomen","epidermis","heat separation","-20","","0","32","7.4","PBS","32","7.4","PBS","Franz cell","Jss= 95.93 nmol/(cm^2*h) SD=55.87; c=14.53(umol/ml)","","Legoabe, 2010","10.1211/jpp.62.06.0012"
"Naphthol","Oc1cccc2c1cccc2","-5.141","","","epidermis","heat separation","","","0","","7.4","PBS","","7.4","PBS","Glass diffusion cell","","","Mitragotri, 2000","10.1023/A:1007547809430"
"Naproxen","COc1ccc2c(c1)ccc(c2)C(C(=O)O)C","-6.096","Abdominoplasty","abdomen","epidermis, dermis","","","","0","","","Water","37","7.4","PBS","Franz cell","","","Degim, 1998","10.1016/S0378-5173(98)00113-6"
"Naproxen","COc1ccc2c(c1)ccc(c2)C(C(=O)O)C","-7.218","Abdominoplasty","abdomen","epidermis","heat separation","-20","","0","37","7","PBS","37","7.4","PBS","Franz cell","Jss= 4.076±0.77 ug/(cm^2*h) kp 2.18*10^-4(cm/h) 4","","Swart, 2005","10.1016/j.ijpharm.2005.05.030"
"Naproxen glucoside","COc1ccc2c(c1)ccc(c2)[C@@H](C(=O)OC[C@H]1OC(O)[C@@H]([C@H]([C@@H]1O)O)O)C","-7.886","Abdominoplasty","abdomen","epidermis","heat separation","-20","","0","37","7","PBS","37","7.4","PBS","Franz cell","Jss= 0.134±0.08 ug/(cm^2*h) kp 4.68*10^-5(cm/h) 11","","Swart, 2005","10.1016/j.ijpharm.2005.05.030"
"Naproxen mannoside","COc1ccc2c(c1)ccc(c2)[C@@H](C(=O)OC[C@H]1OC(O)[C@H]([C@H]([C@@H]1O)O)O)C","-7.7","Abdominoplasty","abdomen","epidermis","heat separation","-20","","0","37","7","PBS","37","7.4","PBS","Franz cell","Jss= 0.183±0.12 ug/(cm^2*h) kp 7.18*10^-5(cm/h) 12","","Swart, 2005","10.1016/j.ijpharm.2005.05.030"
"Nicorandil","[O-][N+](=O)OCCNC(=O)c1cccnc1","-7.131","Surgery","breast","","","-20","30","0","","","Water","","","","","","donor medium applied as suspention","Sato, 1991","10.1002/jps.2600800203"
"Nicotine","CN1CCCC1c1cccnc1","-6.036","Abdominoplasty","abdomen","epidermis, dermis","","","","0","","","Water","37","7.4","PBS","Franz cell","","","Degim, 1998","10.1016/S0378-5173(98)00113-6"
"Nicotine","CN1CCCC1c1cccnc1","-5.27","Cadaver","abdomen","epidermis, dermis","fat removed","4","0.5","0","30","9.2","NaOH","37","9.2","NaOH","Franz cell","","","Hadgraft, 1987","10.1016/0378-5173(87)90210-9"
"Nicotine","CN1CCCC1c1cccnc1","-5.546","Abdominoplasty or mammaplasty","abdomen, breast","epidermis, dermis","dermatomed 408um","-18","180","0","32","7.4","PBS","37","7.4","PBS","Franz cell","","","Qvist, 2000","10.1016/S0928-0987(00)00091-9"
"Nimesulide","[O-][N+](=O)c1ccc(c(c1)Oc1ccccc1)NS(=O)(=O)C","-6.551","Abdominoplasty","abdomen","epidermis, dermis","","-70","21","0","32","","","37","7.4","PBS","Franz cell","","","Degim, 2003","10.1002/jps.10312"
"Nitroglycerin","[O-][N+](=O)OC(CO[N+](=O)[O-])CO[N+](=O)[O-]","-5.556","Cadaver","thigh","epidermis, dermis","","4","14","0","30","","","30","6.5","Ringer solution","Glass diffusion cell","Jss_max= 13 (10-25) ug/(cm^2*h); c= 1.3mg/ml","maximum flux value used for kp calculation","Michaels A. S., 1975","10.1002/aic.690210522"
"Nizatidine","CN/C(=C[N+](=O)[O-])/NCCSCc1csc(n1)CN(C)C","-7.981","Abdominoplasty","abdomen","epidermis, dermis","","-70","21","0","32","","","37","7.4","PBS","Franz cell","","","Degim, 2003","10.1002/jps.10312"
"Nortriptyline hydrocloride","CNCCC=C1c2ccccc2CCc2c1cccc2.Cl","-7.959","Abdominoplasty","abdomen","epidermis","heat separation","-26","90","0","","5.5","PBS","","5.5","PBS","Franz cell","","","Melero, 2008","10.1016/j.ejpb.2007.11.012"
"Nortriptyline hydrocloride","CNCCC=C1c2ccccc2CCc2c1cccc2.Cl","-6.444","Abdominoplasty","abdomen","epidermis","heat separation","-26","90","0","","7.4","PBS","","7.4","PBS","Franz cell","","","Melero, 2008","10.1016/j.ejpb.2007.11.012"
"o-Chlorophenol","Oc1ccccc1Cl","-5.037","Cadaver","abdomen","epidermis","exposure to ammonia fumes","","","0","25","","","25","","","Pyrex cell","","","Roberts, 1977","10.1111/j.2042-7158.1977.tb11434.x"
"o-Cresol","Cc1ccccc1O","-5.36","Cadaver","abdomen","epidermis","exposure to ammonia fumes","","","0","25","","","25","","","Pyrex cell","","","Roberts, 1977","10.1111/j.2042-7158.1977.tb11434.x"
"o-Cresyl glycidyl ether","Cc1ccccc1OCC1CO1","-7.588","Mammaplasty","breast","epidermis, dermis","dermatomed","","0.125","0","32","","","","7.4","Hanks balanced salt solution","Flow through cell","","receptor- Hanks balanced salt solution, no phenol red and sodium bicarbonate, contains HEPES, BSA and gentamicin","Boogaard, 2000","10.1080/004982500237488"
"o-Phenylenediamine","Nc1ccccc1N","-6.903","Cadaver","abdomen","epidermis","heat separation","4","28","0","32","9.7","Borate buffer","32","","NaCl solution","Glass diffusion cell","","","Bronaugh, 1984","10.1111/1523-1747.ep12263302"
"o-t-Butylphenol","Oc1ccccc1C(C)(C)C","-4.685","Abdominoplasty","abdomen","epidermis","heat separation","-20","90","0","32","7.4","PBS","32","","PBS with ethanol","Franz cell","","","Zhang, 2009","10.1007/s11095-009-9912-4"
"Octylparaben","CCCCCCCCOC(=O)c1ccc(cc1)O","-5.588","","abdomen","epidermis","prepared with NaBr solution","-80","","0","","","NaCl, sodium azide","","","","","","","Buist, 2010","10.1016/j.yrtph.2010.02.008"
"Oleic acid","CCCCCCCC/C=CCCCCCCCC(=O)O","-6.442","","abdomen","epidermis","prepared with NaBr solution","-80","","0","","","NaCl, sodium azide","","","","","","","Buist, 2010","10.1016/j.yrtph.2010.02.008"
"Ouabain","OC[C@@]12[C@H](O)C[C@@H](C[C@@]2(O)CCC2C1[C@H](O)C[C@]1([C@]2(O)CC[C@@H]1C1=CC(=O)OC1)C)O[C@@H]1O[C@@H](C)[C@@H]([C@H]([C@H]1O)O)O","-8.959","Cadaver","thigh","epidermis, dermis","dermatomed 750um, hydrated","4","","0","","","","","7","Ringer solution","Glass diffusion cell","","","Galey, 1976","10.1111/1523-1747.ep12598596"
"Ouabain","OC[C@@]12[C@H](O)C[C@@H](C[C@@]2(O)CCC2C1[C@H](O)C[C@]1([C@]2(O)CC[C@@H]1C1=CC(=O)OC1)C)O[C@@H]1O[C@@H](C)[C@@H]([C@H]([C@H]1O)O)O","-9.653","Cadaver","thigh","epidermis, dermis","","4","14","0","30","7","","30","6.5","Ringer solution","Glass diffusion cell","Jss_max= 0.008 (0.005-0.02) ug/(cm^2*h); c= 10mg/ml","maximum flux value used for kp calculation","Michaels A. S., 1975","10.1002/aic.690210522"
"Ouabain","OC[C@@]12[C@H](O)C[C@@H](C[C@@]2(O)CCC2C1[C@H](O)C[C@]1([C@]2(O)CC[C@@H]1C1=CC(=O)OC1)C)O[C@@H]1O[C@@H](C)[C@@H]([C@H]([C@H]1O)O)O","-4.83","Cadaver","thigh","dermis","heat separation, hydrated","4","","0","","","","","7","Ringer solution","Glass diffusion cell","","","Galey, 1976","10.1111/1523-1747.ep12598596"
"Oxprenolol","C=CCOc1ccccc1OCC(CNC(C)C)O","-6.369","Abdominoplasty","abdomen","epidermis, dermis","dermatomed 1200um, hydrated","-20","","0","32","7.4","Sorensen buffer","32","7.6","Sorensen buffer","Franz cell","","","Modamio, 2000","10.1016/S0378-5173(99)00380-4"
"p-Bromophenol","Oc1ccc(cc1)Br","-4.999","Cadaver","abdomen","epidermis","exposure to ammonia fumes","","","0","25","","","25","","","Pyrex cell","","","Roberts, 1977","10.1111/j.2042-7158.1977.tb11434.x"
"p-Chlorophenol","Oc1ccc(cc1)Cl","-4.996","Cadaver","abdomen","epidermis","exposure to ammonia fumes","","","0","25","","","25","","","Pyrex cell","","","Roberts, 1977","10.1111/j.2042-7158.1977.tb11434.x"
"p-Cresol","Cc1ccc(cc1)O","-4.477","Abdominoplasty","abdomen","stratum corneum","trypsinisation","","","0","","4","Succinate solution","","","","Flow through cell","","","Anderson, 1989","10.1111/1523-1747.ep12277592"
"p-Cresol","Cc1ccc(cc1)O","-5.313","Cadaver","abdomen","epidermis","exposure to ammonia fumes","","","0","25","","","25","","","Pyrex cell","","","Roberts, 1977","10.1111/j.2042-7158.1977.tb11434.x"
"p-Ethylphenol","CCc1ccc(cc1)O","-5.014","Cadaver","abdomen","epidermis","exposure to ammonia fumes","","","0","25","","","25","","","Pyrex cell","","","Roberts, 1977","10.1111/j.2042-7158.1977.tb11434.x"
"p-n-Butylphenol","CCCCc1ccc(cc1)O","-4.671","Abdominoplasty","abdomen","epidermis","heat separation","-20","90","0","32","7.4","PBS","32","","PBS with ethanol","Franz cell","","","Zhang, 2009","10.1007/s11095-009-9912-4"
"p-Nitrophenol","Oc1ccc(cc1)[N+](=O)[O-]","-5.81","Cadaver","abdomen","epidermis","exposure to ammonia fumes","","","0","25","","","25","","","Pyrex cell","","","Roberts, 1977","10.1111/j.2042-7158.1977.tb11434.x"
"p-Phenylenediamine","Nc1ccc(cc1)N","-7.176","Cadaver","abdomen","epidermis","heat separation","4","28","0","32","9.7","Borate buffer","32","","NaCl solution","Glass diffusion cell","","","Bronaugh, 1984","10.1111/1523-1747.ep12263302"
"Paraquat","C[n+]1ccc(cc1)c1cc[n+](cc1)C","-8.617","Cadaver","abdomen","","","7","4","0","30","","","30","","","","","","Scott, 1990","10.1111/1523-1747.ep12475447"
"Parathion","CCOP(=S)(Oc1ccc(cc1)[N+](=O)[O-])OCC","-7.28","Cadaver","back","epidermis, dermis","dermatomed 500um","","","1","37","","","37","","Cell culture medium","Flow through cell","","","Wester, 2000","10.1006/taap.2000.9028"
"Phenobarbital","CCC1(C(=O)NC(=O)NC1=O)c1ccccc1","-6.9","Cadaver","abdomen","epidermis, dermis","fat removed","4","0.5","0","30","5.0","NaOH","37","7.4","PBS","Franz cell","","","Hadgraft, 1987","10.1016/0378-5173(87)90210-9"
"Phenol","Oc1ccccc1","-5.586","Abdominoplasty","abdomen","epidermis","heat separation","-17","","0","37","","Water","37","7.4","PBS","Franz cell","","","du Plessis, 2002","10.1016/S0928-0987(02)00085-4"
"Phenol","Oc1ccccc1","-5.614","Cadaver","abdomen","epidermis","exposure to ammonia fumes","","","0","25","","","25","","","Pyrex cell","","","Roberts, 1977","10.1111/j.2042-7158.1977.tb11434.x"
"Phloroglucinol","Oc1cc(O)cc(c1)O","-6.066","Abdominoplasty","abdomen","epidermis","heat separation","-17","","0","37","","Water","37","7.4","PBS","Franz cell","","","du Plessis, 2002","10.1016/S0928-0987(02)00085-4"
"Prazosin hydrochloride","COc1cc2nc(nc(c2cc1OC)N)N1CCN(CC1)C(=O)c1ccco1.Cl","-5.711","Cadaver","abdomen","epidermis","heat separation","","","0","37","","","37","","NaCl solution with gentamicin (0.016%)","Vertical flow diffusion cell","","reported as average permeation rate; PubMed: pubmed.ncbi.nlm.nih.gov/11233083/","Ghosh, 2000","null"
"Prednisolone","OCC(=O)[C@@]1(O)CC[C@@H]2[C@]1(C)C[C@H](O)[C@H]1[C@H]2CCC2=CC(=O)C=C[C@]12C","-7.906","","abdomen","dermis","heat separation","-20","","0","25","","","25","","","Glass diffusion cell","","kp value obtained using steady-state model I reported in publication","Siddiqui, 1989","10.1007/bf01061455"
"Pregnenolone","O[C@H]1CC[C@]2(C(=CC[C@@H]3[C@@H]2CC[C@]2([C@H]3CC[C@@H]2C(=O)C)C)C1)C","-6.38","","","epidermis","","","","0","26","","","26","","","","","","Scheuplein, 1969","10.1038/jid.1969.9"
"Progesterone","O=C1CC[C@]2(C(=C1)CC[C@@H]1[C@@H]2CC[C@]2([C@H]1CC[C@@H]2C(=O)C)C)C","-5.079","Cadaver","abdomen, chest, back","epidermis","heat separation","5","7","0","","","","","","","Glass diffusion cell","","","Johnson, 1995","10.1002/jps.2600840922"
"Progesterone","O=C1CC[C@]2(C(=C1)CC[C@@H]1[C@@H]2CC[C@]2([C@H]1CC[C@@H]2C(=O)C)C)C","-5.442","Cadaver","abdomen, back","epidermis","heat separation","4","7","0","25","","PBS","25","","PBS","Glass diffusion cell","","","Mitragotri, 1995","10.1002/jps.2600840607"
"Progesterone","O=C1CC[C@]2(C(=C1)CC[C@@H]1[C@@H]2CC[C@]2([C@H]1CC[C@@H]2C(=O)C)C)C","-5.255","","","epidermis","heat separation","","","0","","7.4","PBS","","7.4","PBS","Glass diffusion cell","","","Mitragotri, 2000","10.1023/A:1007547809430"
"Progesterone","O=C1CC[C@]2(C(=C1)CC[C@@H]1[C@@H]2CC[C@]2([C@H]1CC[C@@H]2C(=O)C)C)C","-6.38","","","epidermis","","","","0","26","","","26","","","","","","Scheuplein, 1969","10.1038/jid.1969.9"
"Propoxur","CNC(=O)Oc1ccccc1OC(C)C","-6.324","Abdominoplasty","abdomen","epidermis, dermis","","","","0","32","","60 % Ethanol in water","36","7.4","0.9% NaCl, 0.01% sodium azide, 3% BSA","","Jss= 4.7±0.4 ug/(cm^2*h); c=2.75mg/ml","","Wilkinson, 2006","10.1007/s00420-005-0056-5"
"Propoxur","CNC(=O)Oc1ccccc1OC(C)C","-5.878","Abdominoplasty","abdomen","epidermis, dermis","","","","0","32","","60 % Ethanol in water","36","7.4","0.9% NaCl, 0.01% sodium azide, 3% BSA","","Jss= 13.1±1.5 ug/(cm^2*h); c=2.75mg/ml","","Wilkinson, 2006","10.1007/s00420-005-0056-5"
"Propoxur","CNC(=O)Oc1ccccc1OC(C)C","-5.797","Mammaplasty","breast","epidermis, dermis","","","","0","32","","60 % Ethanol in water","36","7.4","0.9% NaCl, 0.01% sodium azide, 3% BSA","","Jss= 15.8±0.6 ug/(cm^2*h); c=2.75mg/ml","","Wilkinson, 2006","10.1007/s00420-005-0056-5"
"Propoxur","CNC(=O)Oc1ccccc1OC(C)C","-5.912","Mammaplasty","breast","epidermis, dermis","","","","0","32","","10 % Ethanol in water","36","7.4","0.9% NaCl, 0.01% sodium azide, 3% BSA","","Jss= 11.5±0.8 ug/(cm^2*h); c=2.61mg/ml","","Wilkinson, 2006","10.1007/s00420-005-0056-5"
"Propranolol","OC(COc1cccc2c1cccc2)CNC(C)C","-6.306","Abdominoplasty","abdomen","epidermis, dermis","dermatomed 1200um, hydrated","-20","","0","32","7.4","Sorensen buffer","32","7.6","Sorensen buffer","Franz cell","","","Modamio, 2000","10.1016/S0378-5173(99)00380-4"
"Propranolol-HCl","OC(COc1cccc2c1cccc2)CNC(C)C.Cl","-7.879","Amputated limb","thigh","epidermis","heat separation","4","7","0","32","7.4","PBS","","","","","","","Hirvonen, 1991","10.1023/a:1015824100788"
"Propranolol-HCl","OC(COc1cccc2c1cccc2)CNC(C)C.Cl","-4.705","Cadaver","abdomen","epidermis","heat separation","","","0","37","","","37","","NaCl solution with gentamicin (0.016%)","Vertical flow diffusion cell","","reported as average permeation rate; PubMed: pubmed.ncbi.nlm.nih.gov/11233083/","Ghosh, 2000","null"
"Propylparaben","CCCOC(=O)c1ccc(cc1)O","-5.41","","abdomen","epidermis","prepared with NaBr solution","-80","","0","","","NaCl, sodium azide","","","","","","","Buist, 2010","10.1016/j.yrtph.2010.02.008"
"Pyrogallol","Oc1c(O)cccc1O","-6.366","Abdominoplasty","abdomen","epidermis","heat separation","-17","","0","37","","Water","37","7.4","PBS","Franz cell","","","du Plessis, 2002","10.1016/S0928-0987(02)00085-4"
"Raffinose","OC[C@H]1O[C@@]([C@H]([C@@H]1O)O)(CO)O[C@H]1O[C@H](CO[C@H]2O[C@H](CO)[C@@H]([C@@H]([C@H]2O)O)O)[C@H]([C@@H]([C@H]1O)O)O","-8.208","","","epidermis","heat separation","","","0","37","7.5","PBS with sodium azide","37","7.5","PBS with sodium azide","Glass diffusion cell","","dual permeation study: sucrose and raffinose","Peck, 1994","10.1023/A:1018998529283"
"Ranitidine","CN/C(=C[N+](=O)[O-])/NCCSCc1ccc(o1)CN(C)C","-7.608","Abdominoplasty","abdomen","epidermis, dermis","","-70","21","0","32","","","37","7.4","PBS","Franz cell","","","Degim, 2003","10.1002/jps.10312"
"Resorcinol","Oc1cccc(c1)O","-6.626","Abdominoplasty","abdomen","epidermis","heat separation","-17","","0","37","","Water","37","7.4","PBS","Franz cell","","","du Plessis, 2002","10.1016/S0928-0987(02)00085-4"
"Resorcinol","Oc1cccc(c1)O","-7.176","Cadaver","abdomen","epidermis","exposure to ammonia fumes","","","0","25","","","25","","","Pyrex cell","","","Roberts, 1977","10.1111/j.2042-7158.1977.tb11434.x"
"Salicylic acid","OC(=O)c1ccccc1O","-6.588","","abdomen","epidermis","prepared with NaBr solution","-80","","0","","","NaCl, sodium azide","","","","","","","Buist, 2010","10.1016/j.yrtph.2010.02.008"
"Salicylic acid","OC(=O)c1ccccc1O","-5.416","Abdominoplasty","abdomen","epidermis, dermis","","","","0","","","Water","37","7.4","PBS","Franz cell","","","Degim, 1998","10.1016/S0378-5173(98)00113-6"
"Salicylic acid","OC(=O)c1ccccc1O","-5.76","Cadaver","abdomen","epidermis, dermis","fat removed","4","0.5","0","30","3.0","HCl","37","3.0","HCl","Franz cell","","","Hadgraft, 1987","10.1016/0378-5173(87)90210-9"
"Salicylic acid","OC(=O)c1ccccc1O","-7.556","Cadaver","","epidermis","heat separation","4","14","0","","","PBS","","","PBS","Franz cell","","","Mitragotri, 1996","10.1023/A:1016096626810"
"Salicylic acid","OC(=O)c1ccccc1O","-5.136","Abdominoplasty or mammaplasty","abdomen, breast","epidermis, dermis","dermatomed 408um","-18","180","0","32","2.5","PBS","37","7.4","PBS","Franz cell","","","Qvist, 2000","10.1016/S0928-0987(00)00091-9"
"Salicylic acid","OC(=O)c1ccccc1O","-6.216","Cadaver","abdomen","epidermis, dermis","dermatomed 600um","-80","60","0","32","","Propylene glycol/Water (9:1)","","","PBS with ethanol","Franz cell","Jss= 21.9±1.8 ug/(cm^2*h); c=1%","","Schmook, 2001","10.1016/S0378-5173(00)00665-7"
"Scopolamine","OC[C@H](c1ccccc1)C(=O)OC1C[C@@H]2N([C@H](C1)[C@@H]1[C@H]2O1)C","-7.852","Cadaver","thigh","epidermis, dermis","","4","14","0","30","9.6","","30","6.5","Ringer solution","Glass diffusion cell","Jss_max= 3.8 (2.0-8.0) ug/(cm^2*h); c= 75mg/ml","maximum flux value used for kp calculation","Michaels A. S., 1975","10.1002/aic.690210522"
"Scopolamine","OC[C@H](c1ccccc1)C(=O)OC1C[C@@H]2N([C@H](C1)[C@@H]1[C@H]2O1)C","-9.128","Cadaver","thigh","epidermis, dermis","","4","14","0","30","4","","30","6.5","Ringer solution","Glass diffusion cell","Jss= 1.3 ug/(cm^2*h); c=520mg/ml, Jss= 0.13 ug/(cm^2*h); c=52mg/ml, Jss= 0.016 ug/(cm^2*h); c=5.2mg/ml","","Michaels A. S., 1975","10.1002/aic.690210522"
"Scopolamine","OC[C@H](c1ccccc1)C(=O)OC1C[C@@H]2N([C@H](C1)[C@@H]1[C@H]2O1)C","-8.862","Cadaver","thigh","epidermis, dermis","","4","14","0","30","6.6","","30","6.5","Ringer solution","Glass diffusion cell","Jss= 2.2 ug/(cm^2*h); c=470mg/ml, Jss= 0.19 ug/(cm^2*h); c=47mg/ml, Jss= 0.03 ug/(cm^2*h); c=4.7mg/ml","","Michaels A. S., 1975","10.1002/aic.690210522"
"Scopolamine","OC[C@H](c1ccccc1)C(=O)OC1C[C@@H]2N([C@H](C1)[C@@H]1[C@H]2O1)C","-8.221","Cadaver","thigh","epidermis, dermis","","4","14","0","30","9.6","","30","6.5","Ringer solution","Glass diffusion cell","Jss= 3.6 ug/(cm^2*h); c=110mg/ml, Jss= 0.15 ug/(cm^2*h); c=11mg/ml, Jss= 0.025 ug/(cm^2*h); c=1.1mg/ml","","Michaels A. S., 1975","10.1002/aic.690210522"
"Sucrose","OC[C@H]1O[C@@]([C@H]([C@@H]1O)O)(CO)O[C@H]1O[C@H](CO)[C@H]([C@@H]([C@H]1O)O)O","-8.583","Abdominoplasty or cadaver","","stratum corneum","trypsinisation","4","8.5 (7-10)","0","37","4","Succinate solution","37","4","Succinate solution","Flow through cell","","","Anderson, 1988","10.1023/a:1015989929342"
"Sucrose","OC[C@H]1O[C@@]([C@H]([C@@H]1O)O)(CO)O[C@H]1O[C@H](CO)[C@H]([C@@H]([C@H]1O)O)O","-8.84","Abdominoplasty or cadaver","","epidermis, dermis","dry heat separation","4","8.5 (7-10)","0","37","4","Succinate solution","37","4","Succinate solution","Flow through cell","","","Anderson, 1988","10.1023/a:1015989929342"
"Sucrose","OC[C@H]1O[C@@]([C@H]([C@@H]1O)O)(CO)O[C@H]1O[C@H](CO)[C@H]([C@@H]([C@H]1O)O)O","-8.84","Cadaver","","epidermis","heat separation","4","14","0","","","PBS","","","PBS","Franz cell","","","Mitragotri, 1996","10.1023/A:1016096626810"
"Sucrose","OC[C@H]1O[C@@]([C@H]([C@@H]1O)O)(CO)O[C@H]1O[C@H](CO)[C@H]([C@@H]([C@H]1O)O)O","-8.075","","","epidermis","heat separation","","","0","37","7.5","PBS with sodium azide","37","7.5","PBS with sodium azide","Glass diffusion cell","","dual permeation study: sucrose and raffinose","Peck, 1994","10.1023/A:1018998529283"
"Sufentanil","COCC1(CCN(CC1)CCc1cccs1)N(c1ccccc1)C(=O)CC","-5.477","Cadaver","abdomen","epidermis","heat separation","-20","","0","37","7.4","Citrate-phosphate buffer","37","7.4","","Glass diffusion cell","","","Roy, 1989","10.1023/A:1015944018555"
"Sufentanil","COCC1(CCN(CC1)CCc1cccs1)N(c1ccccc1)C(=O)CC","-5.374","Cadaver","abdomen, thigh","epidermis","heat separation","-20","","0","37","7.4","Potassium phosphate buffer","37","7.4","","","","","Roy, 1990","10.1023/A:1015912932416"
"Sufentanil","COCC1(CCN(CC1)CCc1cccs1)N(c1ccccc1)C(=O)CC","-6.894","Cadaver","thigh","epidermis, dermis","dermatomed","-20","","0","37","2.88","Citrate-phosphate buffer","37","7.4","","","","","Roy, 1990","10.1023/A:1015912932416"
"Sufentanil","COCC1(CCN(CC1)CCc1cccs1)N(c1ccccc1)C(=O)CC","-6.158","Cadaver","thigh","epidermis, dermis","dermatomed","-20","","0","37","5.08","Citrate-phosphate buffer","37","7.4","","","","","Roy, 1990","10.1023/A:1015912932416"
"Sufentanil","COCC1(CCN(CC1)CCc1cccs1)N(c1ccccc1)C(=O)CC","-5.764","Cadaver","thigh","epidermis, dermis","dermatomed","-20","","0","37","6.02","Citrate-phosphate buffer","37","7.4","","","","","Roy, 1990","10.1023/A:1015912932416"
"Sufentanil","COCC1(CCN(CC1)CCc1cccs1)N(c1ccccc1)C(=O)CC","-5.552","Cadaver","thigh","epidermis, dermis","dermatomed","-20","","0","37","6.95","Citrate-phosphate buffer","37","7.4","","","","","Roy, 1990","10.1023/A:1015912932416"
"Sufentanil","COCC1(CCN(CC1)CCc1cccs1)N(c1ccccc1)C(=O)CC","-5.36","Cadaver","thigh","epidermis, dermis","dermatomed","-20","","0","37","7.43","Potassium phosphate buffer","37","7.4","","","","","Roy, 1990","10.1023/A:1015912932416"
"Sufentanil","COCC1(CCN(CC1)CCc1cccs1)N(c1ccccc1)C(=O)CC","-5.193","Cadaver","thigh","epidermis, dermis","dermatomed","-20","","0","37","7.95","Potassium phosphate buffer","37","7.4","","","","","Roy, 1990","10.1023/A:1015912932416"
"Sufentanil","COCC1(CCN(CC1)CCc1cccs1)N(c1ccccc1)C(=O)CC","-5.082","Cadaver","thigh","epidermis, dermis","dermatomed","-20","","0","37","8.52","Potassium phosphate buffer","37","7.4","","","","","Roy, 1990","10.1023/A:1015912932416"
"Sufentanil","COCC1(CCN(CC1)CCc1cccs1)N(c1ccccc1)C(=O)CC","-5.018","Cadaver","thigh","epidermis, dermis","dermatomed","-20","","0","37","9.04","Potassium phosphate buffer","37","7.4","","","","","Roy, 1990","10.1023/A:1015912932416"
"Sufentanil","COCC1(CCN(CC1)CCc1cccs1)N(c1ccccc1)C(=O)CC","-5.029","Cadaver","thigh","epidermis, dermis","dermatomed","-20","","0","37","9.37","Potassium phosphate buffer","37","7.4","","","","","Roy, 1990","10.1023/A:1015912932416"
"Terbinafine","CN(Cc1cccc2c1cccc2)CC=CC#CC(C)(C)C","-9.556","Cadaver","abdomen","epidermis, dermis","dermatomed 600um","-80","60","0","32","","Propylene glycol","","","PBS with ethanol","Franz cell","Jss=<0.01ug/(cm^2*h); c=1%","kp value givena as ""less than -9.572""; assuming that ""1% propylene glycol solution"" is 1% (w/v) solution (1g/100ml)","Schmook, 2001","10.1016/S0378-5173(00)00665-7"
"Testosterone","O=C1CC[C@]2(C(=C1)CC[C@@H]1[C@@H]2CC[C@]2([C@H]1CC[C@@H]2O)C)C","-5.67","","abdomen","epidermis","prepared with NaBr solution","-80","","0","","","NaCl, sodium azide","","","","","","","Buist, 2010","10.1016/j.yrtph.2010.02.008"
"Testosterone","O=C1CC[C@]2(C(=C1)CC[C@@H]1[C@@H]2CC[C@]2([C@H]1CC[C@@H]2O)C)C","-5.827","Cadaver","abdomen, chest, back","epidermis","heat separation","5","7","0","","","PBS","","7.4","PBS","Glass diffusion cell","","","Johnson, 1996","10.1021/js960079z"
"Testosterone","O=C1CC[C@]2(C(=C1)CC[C@@H]1[C@@H]2CC[C@]2([C@H]1CC[C@@H]2O)C)C","-6.214","Cadaver","abdomen, back","epidermis","heat separation","4","7","0","25","","PBS","25","","PBS","Glass diffusion cell","","","Mitragotri, 1995","10.1002/jps.2600840607"
"Testosterone","O=C1CC[C@]2(C(=C1)CC[C@@H]1[C@@H]2CC[C@]2([C@H]1CC[C@@H]2O)C)C","-6.214","","","epidermis","heat separation","","","0","","7.4","PBS","","7.4","PBS","Glass diffusion cell","","","Mitragotri, 2000","10.1023/A:1007547809430"
"Testosterone","O=C1CC[C@]2(C(=C1)CC[C@@H]1[C@@H]2CC[C@]2([C@H]1CC[C@@H]2O)C)C","-5.856","Abdominoplasty or mammaplasty","abdomen, breast","epidermis, dermis","dermatomed 408um","-18","180","0","32","","PBS with ethanol","37","7.4","PBS","Franz cell","","","Qvist, 2000","10.1016/S0928-0987(00)00091-9"
"Testosterone","O=C1CC[C@]2(C(=C1)CC[C@@H]1[C@@H]2CC[C@]2([C@H]1CC[C@@H]2O)C)C","-6.954","","","epidermis","","","","0","26","","","26","","","","","","Scheuplein, 1969","10.1038/jid.1969.9"
"Testosterone","O=C1CC[C@]2(C(=C1)CC[C@@H]1[C@@H]2CC[C@]2([C@H]1CC[C@@H]2O)C)C","-6.626","","abdomen","dermis","heat separation","-20","","0","25","","","25","","","Glass diffusion cell","","kp value obtained using steady-state model I reported in publication","Siddiqui, 1989","10.1007/bf01061455"
"Testosterone","O=C1CC[C@]2(C(=C1)CC[C@@H]1[C@@H]2CC[C@]2([C@H]1CC[C@@H]2O)C)C","-5.73","Cadaver","abdomen","epidermis, dermis","dermatomed 350um","","60","0","32","","","","","","Flow through cell","","donor applied as gel","Bronaugh, 1986","10.1111/j.1365-2133.1986.tb06214.x"
"Testosterone","O=C1CC[C@]2(C(=C1)CC[C@@H]1[C@@H]2CC[C@]2([C@H]1CC[C@@H]2O)C)C","-5.489","Cadaver","abdomen","epidermis, dermis","","-30","","0","37","2","PBS","37","","NaCl, sodium azide, acetone","Flow through cell","Jss= 0.32+-0.09 ug/(cm^2*h); c=27.4 +-0.4 ug/ml","donor medium applied as suspention","Sznitowska, 2001","10.1016/s0168-3659(01)00443-6"
"Testosterone","O=C1CC[C@]2(C(=C1)CC[C@@H]1[C@@H]2CC[C@]2([C@H]1CC[C@@H]2O)C)C","-5.476","Cadaver","abdomen","epidermis, dermis","","-30","","0","37","6","PBS","37","","NaCl, sodium azide, acetone","Flow through cell","Jss= 0.33+-0.10 ug/(cm^2*h); c=27.4 +-0.4 ug/ml","donor medium applied as suspention","Sznitowska, 2001","10.1016/s0168-3659(01)00443-6"
"Testosterone","O=C1CC[C@]2(C(=C1)CC[C@@H]1[C@@H]2CC[C@]2([C@H]1CC[C@@H]2O)C)C","-5.489","Cadaver","abdomen","epidermis, dermis","","-30","","0","37","11","PBS","37","","NaCl, sodium azide, acetone","Flow through cell","Jss= 0.32+-0.11ug/(cm^2*h); c=27.4 +-0.4 ug/ml","donor medium applied as suspention","Sznitowska, 2001","10.1016/s0168-3659(01)00443-6"
"Testosterone","O=C1CC[C@]2(C(=C1)CC[C@@H]1[C@@H]2CC[C@]2([C@H]1CC[C@@H]2O)C)C","-5.476","Cadaver","abdomen","epidermis, dermis","","-30","","0","37","1","HCl/NaOH, KCl","37","","NaCl, sodium azide, acetone","Flow through cell","Jss= 0.33+-0.15 ug/(cm^2*h); c=27.4 +-0.4 ug/ml","donor medium applied as suspention","Sznitowska, 2001","10.1016/s0168-3659(01)00443-6"
"Testosterone","O=C1CC[C@]2(C(=C1)CC[C@@H]1[C@@H]2CC[C@]2([C@H]1CC[C@@H]2O)C)C","-5.596","Cadaver","abdomen","epidermis, dermis","","-30","","0","37","2","HCl/NaOH, KCl","37","","NaCl, sodium azide, acetone","Flow through cell","Jss= 0.25+-0.06 ug/(cm^2*h); c=27.4 +-0.4 ug/ml","donor medium applied as suspention","Sznitowska, 2001","10.1016/s0168-3659(01)00443-6"
"Testosterone","O=C1CC[C@]2(C(=C1)CC[C@@H]1[C@@H]2CC[C@]2([C@H]1CC[C@@H]2O)C)C","-4.945","Cadaver","abdomen","epidermis, dermis","","-30","","0","37","12","HCl/NaOH, KCl","37","","NaCl, sodium azide, acetone","Flow through cell","Jss= 1.12+-0.40 ug/(cm^2*h); c=27.4 +-0.4 ug/ml","donor medium applied as suspention","Sznitowska, 2001","10.1016/s0168-3659(01)00443-6"
"Testosterone","O=C1CC[C@]2(C(=C1)CC[C@@H]1[C@@H]2CC[C@]2([C@H]1CC[C@@H]2O)C)C","-6.898","Mammaplasty","breast","epidermis, dermis","dermatomed 330um, hydrated","","","0","32","","Ethanol/water (1:1 v/v)","37","7.4","Saline, 5% (w/v) bovine serum albumin, HCl","","Jss= 1.82±0.37ug/(cm^2*h); c=4mg/ml","","Wilkinson, 2006","10.1007/s00420-005-0056-5"
"Testosterone","O=C1CC[C@]2(C(=C1)CC[C@@H]1[C@@H]2CC[C@]2([C@H]1CC[C@@H]2O)C)C","-7.903","Mammaplasty","breast","epidermis, dermis","","","","0","32","","Ethanol/water (1:1 v/v)","37","7.4","Saline, 5% (w/v) bovine serum albumin, HCl","","Jss= 0.18±0.04 ug/(cm^2*h); c=4mg/ml","","Wilkinson, 2006","10.1007/s00420-005-0056-5"
"Theophylline","Cn1c(=O)n(C)c2c(c1=O)[nH]cn2","-7.125","Cadaver","thigh","epidermis, dermis","dermatomed 300um","4","28","0","37","7.35","Water","37","7.4","PBS with sodium azide","Franz cell","","","Dolezal, 1993","10.1023/A:1018914806761"
"Thymol","Cc1ccc(c(c1)O)C(C)C","-4.86","Abdominoplasty","abdomen","epidermis","heat separation","-20","","0","","","","37","","","Glass diffusion cell","","","Chantasart, 2010","10.1007/s11095-010-0181-z"
"Thymol","Cc1ccc(c(c1)O)C(C)C","-4.834","Cadaver","abdomen","epidermis","exposure to ammonia fumes","","","0","25","","","25","","","Pyrex cell","","","Roberts, 1977","10.1111/j.2042-7158.1977.tb11434.x"
"Thymol","Cc1ccc(c(c1)O)C(C)C","-4.77","Abdominoplasty","abdomen","epidermis","heat separation","-20","90","0","32","7.4","PBS","32","","PBS with ethanol","Franz cell","","","Zhang, 2009","10.1007/s11095-009-9912-4"
"Toluene","Cc1ccccc1","-3.637","Abdominoplasty","abdomen","stratum corneum","trypsinisation","","","0","","4","Succinate solution","","","","Flow through cell","","","Anderson, 1989","10.1111/1523-1747.ep12277592"
"Triamcinolone","OCC(=O)[C@@]1(O)[C@H](O)C[C@@H]2[C@]1(C)C[C@H](O)[C@]1([C@H]2CCC2=CC(=O)C=C[C@]12C)F","-8.956","","abdomen","dermis","heat separation","-20","","0","25","","","25","","","Glass diffusion cell","","kp value obtained using steady-state model I reported in publication","Siddiqui, 1989","10.1007/bf01061455"
"Triamcinolone acetonide","OCC(=O)[C@@]12OC(O[C@@H]1C[C@@H]1[C@]2(C)C[C@H](O)[C@]2([C@H]1CCC1=CC(=O)C=C[C@]21C)F)(C)C","-8.251","","abdomen","dermis","heat separation","-20","","0","25","","","25","","","Glass diffusion cell","","kp value obtained using steady-state model I reported in publication","Siddiqui, 1989","10.1007/bf01061455"
"Trichloroacetic acid","OC(=O)C(Cl)(Cl)Cl","-6.278","Mammaplasty","breast","epidermis, dermis","dermatomed 250-280um","-20","","1","40","7","Water","37","7.4","","Glass diffusion cell","","","Xu, 2002","10.1006/taap.2002.9494"
"Trichloroacetonitrile","N#CC(Cl)(Cl)Cl","-4.604","Cadaver","torso","epidermis, dermis","dermatomed 250-280um","-20","","0","37","","Water","37","7.4","PBS","Glass diffusion cell","","","Trabaris, 2012","10.1002/jat.1657"
"Triclosan","Clc1ccc(c(c1)O)Oc1ccc(cc1Cl)Cl","-7.269","Abdominoplasty or mammaplasty","abdomen, breast","epidermis, dermis","dermatomed 230um","","","0","","","Ethanol/Water (9:1, v/v)","32","7.3","Eagle Minimal Essential Medium with Earle's salt, sodium bicarbonate and gentamicin","Flow through cell","Jss= 12.5 umol/(cm^2*h); c=64.5mM","","Moss, 2000","10.1016/S0278-6915(99)00164-7"
"Triglycol nicotinate","OCCOCCOCCOC(=O)c1cccnc1","-8.561","Abdominoplasty or mammaplasty","abdomen, breast","epidermis","heat separation","4","","0","37","7.4","","37","","PBS","Franz cell","Jss= 0.99 ug/(cm^2*h); c=100mg/m","","Dalpozzo, 1991","10.1002/jps.2600800114"
"Trimethylamine","CN(C)C","-7.284","Abdominoplasty","abdomen","epidermis, dermis","fat removed","-20","","0","32","","","32","7.3","Hanks balanced salt solution","Flow through cell","","","Kenyon, 2004","10.1016/j.fct.2004.05.007"
"Urea","NC(=O)N","-7.386","Cadaver","","stratum corneum","heat separation","4","2","0","","","","37","7.1","Dulbecco PBS","Franz cell","","also stored at -70 deg. C","Barber, 1992","10.1016/0272-0590(92)90086-W"
"Urea","NC(=O)N","-7.317","","","epidermis","heat separation","","","0","37","7.5","PBS with sodium azide","37","7.5","PBS with sodium azide","Glass diffusion cell","","dual permeation study: urea and mannitol","Peck, 1994","10.1023/A:1018998529283"
"Water","O","-6.438","Amputated limb","thigh, leg","epidermis, dermis","dermatomed 380um","-20","1","0","","7","PBS","","7","PBS","Glass diffusion cell","","kp as mean of 4 values","Astley, 1976","10.1002/jps.2600650210"
"Water","O","-6.606","Amputated limb","thigh, leg","epidermis, dermis","dermatomed 380um","-20","30","0","","7","PBS","","7","PBS","Glass diffusion cell","","kp as mean of 4 values","Astley, 1976","10.1002/jps.2600650210"
"Water","O","-6.323","Amputated limb","thigh, leg","epidermis, dermis","dermatomed 380um","-20","90","0","","7","PBS","","7","PBS","Glass diffusion cell","","kp as mean of 4 values","Astley, 1976","10.1002/jps.2600650210"
"Water","O","-6.502","Amputated limb","thigh, leg","epidermis, dermis","dermatomed 380um","-20","180","0","","7","PBS","","7","PBS","Glass diffusion cell","","kp as mean of 4 values","Astley, 1976","10.1002/jps.2600650210"
"Water","O","-6.363","Cadaver","","stratum corneum","heat separation","4","2","0","","","","","7.1","Dulbecco PBS","Franz cell","","also stored at -70 deg. C","Barber, 1992","10.1016/0272-0590(92)90086-W"
"Water","O","-7.079","Cadaver","","epidermis","heat separation","4","14","0","","","PBS","","","PBS","Franz cell","","","Mitragotri, 1996","10.1023/A:1016096626810"
"Water","O","-5.41","Surgery","scalp","epidermis, dermis","dermatomed 420um, hydrated 0.25d","-20","210","0","31","","","31","","Sodium azide","","","0.25 day experiment","Bond, 1988","10.1111/1523-1747.ep12460958"
"Water","O","-6.41","Cadaver","abdomen","epidermis, dermis","dermatomed 420um","-20","210","0","31","","","31","","Sodium azide","","","initial permeability study result","Bond, 1988","10.1111/1523-1747.ep12460958"
"Water","O","-6.597","Cadaver","abdomen","epidermis","heat separation","","","0","32","","NaCl solution","32","","NaCl solution","Flow through cell","","","Clowes, 1994","10.1016/0887-2333(94)90078-7"
"Water","O","-6.707","Cadaver","abdomen","epidermis, dermis","dermatomed 130um","","4","0","32","","NaCl solution","33","","NaCl solution","Flow through cell","","","Clowes, 1994","10.1016/0887-2333(94)90078-7"
"Water","O","-6.429","Cadaver","abdomen","epidermis, dermis","dermatomed 420um","-24","","0","31","","Water","31","","Sodium azide","Flow through cell","","","Rigg, 1990","10.1111/1523-1747.ep12874561"
"Water","O","-5.24","Surgery","scalp","epidermis, dermis","dermatomed 420um, hydrated 10d","-20","210","0","31","","","31","","Sodium azide","","","10 day experiment","Bond, 1988","10.1111/1523-1747.ep12460958"
"Water","O","-6.426","Cadaver","abdomen","epidermis, dermis","dermatomed 420um, hydrated 1.75d","-20","210","0","31","","","31","","Sodium azide","","","1.74 day experiment","Bond, 1988","10.1111/1523-1747.ep12460958"
"Water","O","-6.751","Cadaver","abdomen","","","7","4","0","30","","","30","","","","","","Scott, 1990","10.1111/1523-1747.ep12475447"
"Water","O","-6.588","","abdomen","stratum corneum","heat separation","-70","","0","","","","30","7.1","Dulbecco PBS with penicillin, streptomycin and amphotericin","Franz cell","","","Barber, 1995","10.1016/0378-4274(95)03393-Y"